INFO: You are running LIKWID in a cpuset with 128 CPUs. Taking given IDs as logical ID in cpuset
--------------------------------------------------------------------------------
CPU name:	AMD EPYC 9A14 96-Core Processor                
CPU type:	AMD K19 (Zen4) architecture
CPU clock:	2.60 GHz
--------------------------------------------------------------------------------
Sys.CPU_THREADS       192
SLURM_CPUS_PER_TASK   128
OMP_NUM_THREADS       128
OMP_PROC_BIND         close
OMP_PLACES            cores
BLAS_NUM_THREADS      1
Threads.nthreads()    1

Successfully read data from: /public/home/halili/jld2file/6-31g/o2-1.0-6-31g.jld2
  name: o2
  ratio: 1.0
  basis: 6-31g
  nα: 8, nβ: 8, ne: 16, norb: 18, nq: 36

  ngs: 4266
  ncs: 22543

Warming up JIT and Hardware...
Warm-up completed.
  Step 001:  residual: 9.5235e-01,  e: -149.45320229675212
  Step 002:  residual: 7.0900e-01,  e: -149.59391697072707
  Step 003:  residual: 3.4390e-01,  e: -149.71881382605224
  Step 004:  residual: 1.3670e-01,  e: -149.74155494323844
  Step 005:  residual: 5.6781e-02,  e: -149.74486722652478
  Step 006:  residual: 3.0719e-02,  e: -149.74550118255146
  Step 007:  residual: 2.2745e-02,  e: -149.74573279555491
  Step 008:  residual: 2.6203e-02,  e: -149.74592799688406
  Step 009:  residual: 3.4719e-02,  e: -149.74623194412700
  Step 010:  residual: 2.6370e-02,  e: -149.74654741412672
  Step 011:  residual: 1.1805e-02,  e: -149.74665437187463
  Step 012:  residual: 4.6480e-03,  e: -149.74667295626980
  Step 013:  residual: 1.7886e-03,  e: -149.74667552118319
  Step 014:  residual: 6.8126e-04,  e: -149.74667587808605
  Step 015:  residual: 2.5621e-04,  e: -149.74667592692632
  Step 016:  residual: 9.5094e-05,  e: -149.74667593407426
  Step 017:  residual: 3.6656e-05,  e: -149.74667593511344
  Step 018:  residual: 1.4803e-05,  e: -149.74667593526704
  Step 019:  residual: 6.2970e-06,  e: -149.74667593529333

Convergence reached!
175.772964 seconds (7.21 M allocations: 69.917 GiB, 0.19% gc time, 1.12% compilation time)
--------------------------------------------------------------------------------
Region hvec_direct_agg, Group 1: MEM
+-------------------+------------+------------+------------+------------+------------+------------+------------+------------+------------+------------+-------------+-------------+-------------+-------------+-------------+-------------+-------------+-------------+-------------+-------------+-------------+-------------+-------------+-------------+-------------+-------------+-------------+-------------+-------------+-------------+-------------+-------------+-------------+-------------+-------------+-------------+-------------+-------------+-------------+-------------+-------------+-------------+-------------+-------------+-------------+-------------+-------------+-------------+-------------+-------------+-------------+-------------+-------------+-------------+-------------+-------------+-------------+-------------+-------------+-------------+-------------+-------------+-------------+-------------+-------------+-------------+-------------+-------------+-------------+-------------+-------------+-------------+-------------+-------------+-------------+-------------+-------------+-------------+-------------+-------------+-------------+-------------+-------------+-------------+-------------+-------------+-------------+-------------+-------------+-------------+-------------+-------------+-------------+-------------+-------------+-------------+-------------+-------------+-------------+-------------+--------------+--------------+--------------+--------------+--------------+--------------+--------------+--------------+--------------+--------------+--------------+--------------+--------------+--------------+--------------+--------------+--------------+--------------+--------------+--------------+--------------+--------------+--------------+--------------+--------------+--------------+--------------+--------------+
|    Region Info    | HWThread 0 | HWThread 1 | HWThread 2 | HWThread 3 | HWThread 4 | HWThread 5 | HWThread 6 | HWThread 7 | HWThread 8 | HWThread 9 | HWThread 10 | HWThread 11 | HWThread 12 | HWThread 13 | HWThread 14 | HWThread 15 | HWThread 16 | HWThread 17 | HWThread 18 | HWThread 19 | HWThread 20 | HWThread 21 | HWThread 22 | HWThread 23 | HWThread 24 | HWThread 25 | HWThread 26 | HWThread 27 | HWThread 28 | HWThread 29 | HWThread 30 | HWThread 31 | HWThread 32 | HWThread 33 | HWThread 34 | HWThread 35 | HWThread 36 | HWThread 37 | HWThread 38 | HWThread 39 | HWThread 40 | HWThread 41 | HWThread 42 | HWThread 43 | HWThread 44 | HWThread 45 | HWThread 46 | HWThread 47 | HWThread 48 | HWThread 49 | HWThread 50 | HWThread 51 | HWThread 52 | HWThread 53 | HWThread 54 | HWThread 55 | HWThread 56 | HWThread 57 | HWThread 58 | HWThread 59 | HWThread 60 | HWThread 61 | HWThread 62 | HWThread 63 | HWThread 64 | HWThread 65 | HWThread 66 | HWThread 67 | HWThread 68 | HWThread 69 | HWThread 70 | HWThread 71 | HWThread 72 | HWThread 73 | HWThread 74 | HWThread 75 | HWThread 76 | HWThread 77 | HWThread 78 | HWThread 79 | HWThread 80 | HWThread 81 | HWThread 82 | HWThread 83 | HWThread 84 | HWThread 85 | HWThread 86 | HWThread 87 | HWThread 88 | HWThread 89 | HWThread 90 | HWThread 91 | HWThread 92 | HWThread 93 | HWThread 94 | HWThread 95 | HWThread 96 | HWThread 97 | HWThread 98 | HWThread 99 | HWThread 100 | HWThread 101 | HWThread 102 | HWThread 103 | HWThread 104 | HWThread 105 | HWThread 106 | HWThread 107 | HWThread 108 | HWThread 109 | HWThread 110 | HWThread 111 | HWThread 112 | HWThread 113 | HWThread 114 | HWThread 115 | HWThread 116 | HWThread 117 | HWThread 118 | HWThread 119 | HWThread 120 | HWThread 121 | HWThread 122 | HWThread 123 | HWThread 124 | HWThread 125 | HWThread 126 | HWThread 127 |
+-------------------+------------+------------+------------+------------+------------+------------+------------+------------+------------+------------+-------------+-------------+-------------+-------------+-------------+-------------+-------------+-------------+-------------+-------------+-------------+-------------+-------------+-------------+-------------+-------------+-------------+-------------+-------------+-------------+-------------+-------------+-------------+-------------+-------------+-------------+-------------+-------------+-------------+-------------+-------------+-------------+-------------+-------------+-------------+-------------+-------------+-------------+-------------+-------------+-------------+-------------+-------------+-------------+-------------+-------------+-------------+-------------+-------------+-------------+-------------+-------------+-------------+-------------+-------------+-------------+-------------+-------------+-------------+-------------+-------------+-------------+-------------+-------------+-------------+-------------+-------------+-------------+-------------+-------------+-------------+-------------+-------------+-------------+-------------+-------------+-------------+-------------+-------------+-------------+-------------+-------------+-------------+-------------+-------------+-------------+-------------+-------------+-------------+-------------+--------------+--------------+--------------+--------------+--------------+--------------+--------------+--------------+--------------+--------------+--------------+--------------+--------------+--------------+--------------+--------------+--------------+--------------+--------------+--------------+--------------+--------------+--------------+--------------+--------------+--------------+--------------+--------------+
| RDTSC Runtime [s] | 157.837800 | 151.657000 | 153.039400 | 151.258100 | 150.590700 | 148.132200 | 159.824400 | 157.625900 | 155.442600 | 155.444300 |  155.121400 |  153.324100 |  150.819300 |  155.335100 |  155.336000 |  148.653500 |  153.712800 |  154.285400 |  158.024100 |  154.283800 |  154.036100 |  159.419100 |  153.928200 |  153.927000 |  153.430900 |  155.229300 |  156.904100 |  157.120900 |  151.768200 |  155.764100 |  157.119900 |  153.431600 |  151.980400 |  151.979200 |  158.932700 |  149.514600 |  158.838400 |  158.249400 |  147.794200 |  152.085800 |  157.406300 |  153.608700 |  147.475400 |  159.527100 |  157.729400 |  156.155000 |  152.929100 |  159.529800 |  156.797500 |  154.918000 |  156.371900 |  156.263400 |  156.046100 |  156.263700 |  156.373300 |  148.761200 |  148.021700 |  152.544900 |  148.426700 |  151.874400 |  156.688600 |  159.100500 |  148.020800 |  151.556900 |  154.458300 |  154.740600 |  155.868300 |  155.020800 |  152.333500 |  154.738900 |  147.291300 |  155.869100 |  153.145000 |  153.144300 |  149.214600 |  159.316800 |  152.825200 |  154.174300 |  153.821800 |  152.224900 |  156.578800 |  157.843100 |  157.013300 |  157.841100 |  154.564600 |  155.652600 |  147.369200 |  154.567300 |  152.439400 |  159.208700 |  152.651000 |  152.650100 |  157.298700 |  158.136300 |  151.449900 |  157.517200 |  159.816800 |  147.793800 |  149.089400 |  148.998400 |   149.724400 |   149.513500 |   149.512800 |   158.491900 |   158.491700 |   148.868000 |   149.876100 |   149.875500 |   148.198700 |   149.876900 |   150.370000 |   148.425900 |   149.289400 |   150.368200 |   148.867500 |   151.132800 |   158.362300 |   151.133600 |   150.143400 |   150.587500 |   147.476400 |   150.924200 |   147.476200 |   159.635300 |   158.714500 |   158.715200 |   150.924900 |   150.144200 |
|     call count    |         19 |         19 |         19 |         19 |         19 |         19 |         19 |         19 |         19 |         19 |          19 |          19 |          19 |          19 |          19 |          19 |          19 |          19 |          19 |          19 |          19 |          19 |          19 |          19 |          19 |          19 |          19 |          19 |          19 |          19 |          19 |          19 |          19 |          19 |          19 |          19 |          19 |          19 |          19 |          19 |          19 |          19 |          19 |          19 |          19 |          19 |          19 |          19 |          19 |          19 |          19 |          19 |          19 |          19 |          19 |          19 |          19 |          19 |          19 |          19 |          19 |          19 |          19 |          19 |          19 |          19 |          19 |          19 |          19 |          19 |          19 |          19 |          19 |          19 |          19 |          19 |          19 |          19 |          19 |          19 |          19 |          19 |          19 |          19 |          19 |          19 |          19 |          19 |          19 |          19 |          19 |          19 |          19 |          19 |          19 |          19 |          19 |          19 |          19 |          19 |           19 |           19 |           19 |           19 |           19 |           19 |           19 |           19 |           19 |           19 |           19 |           19 |           19 |           19 |           19 |           19 |           19 |           19 |           19 |           19 |           19 |           19 |           19 |           19 |           19 |           19 |           19 |           19 |
+-------------------+------------+------------+------------+------------+------------+------------+------------+------------+------------+------------+-------------+-------------+-------------+-------------+-------------+-------------+-------------+-------------+-------------+-------------+-------------+-------------+-------------+-------------+-------------+-------------+-------------+-------------+-------------+-------------+-------------+-------------+-------------+-------------+-------------+-------------+-------------+-------------+-------------+-------------+-------------+-------------+-------------+-------------+-------------+-------------+-------------+-------------+-------------+-------------+-------------+-------------+-------------+-------------+-------------+-------------+-------------+-------------+-------------+-------------+-------------+-------------+-------------+-------------+-------------+-------------+-------------+-------------+-------------+-------------+-------------+-------------+-------------+-------------+-------------+-------------+-------------+-------------+-------------+-------------+-------------+-------------+-------------+-------------+-------------+-------------+-------------+-------------+-------------+-------------+-------------+-------------+-------------+-------------+-------------+-------------+-------------+-------------+-------------+-------------+--------------+--------------+--------------+--------------+--------------+--------------+--------------+--------------+--------------+--------------+--------------+--------------+--------------+--------------+--------------+--------------+--------------+--------------+--------------+--------------+--------------+--------------+--------------+--------------+--------------+--------------+--------------+--------------+

+----------------------+---------+--------------+--------------+--------------+--------------+--------------+--------------+--------------+--------------+--------------+--------------+--------------+--------------+--------------+--------------+--------------+--------------+--------------+--------------+--------------+--------------+--------------+--------------+--------------+--------------+--------------+--------------+--------------+--------------+--------------+--------------+--------------+--------------+--------------+--------------+--------------+--------------+--------------+--------------+--------------+--------------+--------------+--------------+--------------+--------------+--------------+--------------+--------------+--------------+--------------+--------------+--------------+--------------+--------------+--------------+--------------+--------------+--------------+--------------+--------------+--------------+--------------+--------------+--------------+--------------+--------------+--------------+--------------+--------------+--------------+--------------+--------------+--------------+--------------+--------------+--------------+--------------+--------------+--------------+--------------+--------------+--------------+--------------+--------------+--------------+--------------+--------------+--------------+--------------+--------------+--------------+--------------+--------------+--------------+--------------+--------------+--------------+--------------+--------------+--------------+--------------+--------------+--------------+--------------+--------------+--------------+--------------+--------------+--------------+--------------+--------------+--------------+--------------+--------------+--------------+--------------+--------------+--------------+--------------+--------------+--------------+--------------+--------------+--------------+--------------+--------------+--------------+--------------+--------------+
|         Event        | Counter |  HWThread 0  |  HWThread 1  |  HWThread 2  |  HWThread 3  |  HWThread 4  |  HWThread 5  |  HWThread 6  |  HWThread 7  |  HWThread 8  |  HWThread 9  |  HWThread 10 |  HWThread 11 |  HWThread 12 |  HWThread 13 |  HWThread 14 |  HWThread 15 |  HWThread 16 |  HWThread 17 |  HWThread 18 |  HWThread 19 |  HWThread 20 |  HWThread 21 |  HWThread 22 |  HWThread 23 |  HWThread 24 |  HWThread 25 |  HWThread 26 |  HWThread 27 |  HWThread 28 |  HWThread 29 |  HWThread 30 |  HWThread 31 |  HWThread 32 |  HWThread 33 |  HWThread 34 |  HWThread 35 |  HWThread 36 |  HWThread 37 |  HWThread 38 |  HWThread 39 |  HWThread 40 |  HWThread 41 |  HWThread 42 |  HWThread 43 |  HWThread 44 |  HWThread 45 |  HWThread 46 |  HWThread 47 |  HWThread 48 |  HWThread 49 |  HWThread 50 |  HWThread 51 |  HWThread 52 |  HWThread 53 |  HWThread 54 |  HWThread 55 |  HWThread 56 |  HWThread 57 |  HWThread 58 |  HWThread 59 |  HWThread 60 |  HWThread 61 |  HWThread 62 |  HWThread 63 |  HWThread 64 |  HWThread 65 |  HWThread 66 |  HWThread 67 |  HWThread 68 |  HWThread 69 |  HWThread 70 |  HWThread 71 |  HWThread 72 |  HWThread 73 |  HWThread 74 |  HWThread 75 |  HWThread 76 |  HWThread 77 |  HWThread 78 |  HWThread 79 |  HWThread 80 |  HWThread 81 |  HWThread 82 |  HWThread 83 |  HWThread 84 |  HWThread 85 |  HWThread 86 |  HWThread 87 |  HWThread 88 |  HWThread 89 |  HWThread 90 |  HWThread 91 |  HWThread 92 |  HWThread 93 |  HWThread 94 |  HWThread 95 |  HWThread 96 |  HWThread 97 |  HWThread 98 |  HWThread 99 | HWThread 100 | HWThread 101 | HWThread 102 | HWThread 103 | HWThread 104 | HWThread 105 | HWThread 106 | HWThread 107 | HWThread 108 | HWThread 109 | HWThread 110 | HWThread 111 | HWThread 112 | HWThread 113 | HWThread 114 | HWThread 115 | HWThread 116 | HWThread 117 | HWThread 118 | HWThread 119 | HWThread 120 | HWThread 121 | HWThread 122 | HWThread 123 | HWThread 124 | HWThread 125 | HWThread 126 | HWThread 127 |
+----------------------+---------+--------------+--------------+--------------+--------------+--------------+--------------+--------------+--------------+--------------+--------------+--------------+--------------+--------------+--------------+--------------+--------------+--------------+--------------+--------------+--------------+--------------+--------------+--------------+--------------+--------------+--------------+--------------+--------------+--------------+--------------+--------------+--------------+--------------+--------------+--------------+--------------+--------------+--------------+--------------+--------------+--------------+--------------+--------------+--------------+--------------+--------------+--------------+--------------+--------------+--------------+--------------+--------------+--------------+--------------+--------------+--------------+--------------+--------------+--------------+--------------+--------------+--------------+--------------+--------------+--------------+--------------+--------------+--------------+--------------+--------------+--------------+--------------+--------------+--------------+--------------+--------------+--------------+--------------+--------------+--------------+--------------+--------------+--------------+--------------+--------------+--------------+--------------+--------------+--------------+--------------+--------------+--------------+--------------+--------------+--------------+--------------+--------------+--------------+--------------+--------------+--------------+--------------+--------------+--------------+--------------+--------------+--------------+--------------+--------------+--------------+--------------+--------------+--------------+--------------+--------------+--------------+--------------+--------------+--------------+--------------+--------------+--------------+--------------+--------------+--------------+--------------+--------------+--------------+
|   ACTUAL_CPU_CLOCK   |  FIXC1  | 523887700000 | 520156000000 | 520777100000 | 520562600000 | 520653500000 | 520363100000 | 520628600000 | 520603100000 | 520667700000 | 520584700000 | 520444000000 | 520571400000 | 520568200000 | 520690900000 | 520760300000 | 520734600000 | 520650500000 | 520521800000 | 520672500000 | 520794400000 | 520583600000 | 520826200000 | 520729100000 | 520585800000 | 520410400000 | 520391700000 | 520409300000 | 520470100000 | 520544100000 | 520428800000 | 520528000000 | 520338100000 | 520611300000 | 520558400000 | 520714200000 | 520869600000 | 520631400000 | 520615200000 | 520838500000 | 520708900000 | 520255900000 | 520486200000 | 520297100000 | 520563200000 | 520341500000 | 520407200000 | 520605200000 | 520431100000 | 520513300000 | 520398800000 | 520438100000 | 520695100000 | 520446600000 | 520358700000 | 520579400000 | 520301900000 | 520769300000 | 520554700000 | 520600900000 | 520660500000 | 520617600000 | 520823500000 | 520639000000 | 520545800000 | 520442000000 | 520397700000 | 520679400000 | 520440600000 | 520351700000 | 520387300000 | 520563800000 | 520353900000 | 520422700000 | 520584800000 | 520466200000 | 520437800000 | 520407400000 | 520557500000 | 520514900000 | 520386100000 | 520821400000 | 520759600000 | 520753600000 | 520618300000 | 520618100000 | 520646200000 | 520603600000 | 520822000000 | 520800200000 | 520922300000 | 520860900000 | 520861600000 | 520713600000 | 520751500000 | 520694200000 | 520694300000 | 541509600000 | 541492300000 | 541460200000 | 541521200000 | 541473400000 | 541442000000 | 541422100000 | 541512500000 | 541314100000 | 541283200000 | 541423700000 | 541522000000 | 541332800000 | 541324800000 | 541329000000 | 541518600000 | 541455500000 | 541418100000 | 541445300000 | 541458900000 | 541561300000 | 541504300000 | 541682400000 | 541392200000 | 541427400000 | 541517800000 | 541459200000 | 541425600000 | 541306000000 | 541381500000 | 541392100000 | 541250800000 |
|     MAX_CPU_CLOCK    |  FIXC2  | 383430000000 | 382664700000 | 382752600000 | 382718200000 | 382782800000 | 382650600000 | 382751100000 | 382734800000 | 382789800000 | 382770800000 | 382702900000 | 382753800000 | 382773700000 | 382772200000 | 382801100000 | 382735700000 | 382771500000 | 382793000000 | 382745600000 | 382774800000 | 382696500000 | 382752800000 | 382718700000 | 382730100000 | 382633500000 | 382630200000 | 382624400000 | 382618000000 | 382636200000 | 382629700000 | 382655400000 | 382598100000 | 382791300000 | 382771200000 | 382868000000 | 382834800000 | 382781000000 | 382776200000 | 382801600000 | 382814900000 | 382563700000 | 382619600000 | 382555200000 | 382644900000 | 382548900000 | 382626700000 | 382638400000 | 382548100000 | 382607500000 | 382689200000 | 382691800000 | 382700700000 | 382668300000 | 382650600000 | 382696900000 | 382632200000 | 382767600000 | 382696000000 | 382782100000 | 382796100000 | 382800400000 | 382772100000 | 382822700000 | 382732500000 | 382565800000 | 382584400000 | 382697300000 | 382648000000 | 382602700000 | 382622800000 | 382606000000 | 382549800000 | 382625500000 | 382568900000 | 382597000000 | 382627200000 | 382661200000 | 382672500000 | 382735100000 | 382650200000 | 382778700000 | 382795200000 | 382851800000 | 382805000000 | 382842000000 | 382796500000 | 382813300000 | 382826000000 | 382741800000 | 382734800000 | 382767100000 | 382729400000 | 382756500000 | 382748200000 | 382766900000 | 382772500000 | 382681200000 | 382757200000 | 382693900000 | 382766500000 | 382683700000 | 382700000000 | 382708200000 | 382670100000 | 382696500000 | 382619700000 | 382709600000 | 382613600000 | 382669000000 | 382642200000 | 382627300000 | 382660300000 | 382705200000 | 382757200000 | 382746400000 | 382757200000 | 382879300000 | 382731800000 | 382767000000 | 382718400000 | 382646600000 | 382663100000 | 382614100000 | 382628700000 | 382658300000 | 382642400000 | 382684800000 | 382596200000 |
| RETIRED_INSTRUCTIONS |   PMC0  | 763342700000 | 755570000000 | 757686600000 | 756474900000 | 757187600000 | 756587600000 | 756428700000 | 756890500000 | 769511200000 | 769603700000 | 768220900000 | 768697500000 | 769065800000 | 768478200000 | 768587900000 | 768627400000 | 760324400000 | 760287700000 | 761274600000 | 760321600000 | 760731900000 | 761510600000 | 760764900000 | 760577900000 | 756823200000 | 756595200000 | 756051200000 | 757528600000 | 756759600000 | 756689500000 | 756794200000 | 756697700000 | 767596900000 | 766911300000 | 767749800000 | 767448500000 | 767315800000 | 768062900000 | 768201300000 | 767041500000 | 759673400000 | 758866400000 | 758853700000 | 758597600000 | 759151400000 | 759410800000 | 759136800000 | 759402700000 | 757215100000 | 758010600000 | 758254400000 | 757374100000 | 757190400000 | 756737700000 | 756870700000 | 756214200000 | 768568700000 | 767907700000 | 767065600000 | 767840400000 | 767261400000 | 768228400000 | 766569900000 | 766458000000 | 761565000000 | 761592100000 | 762024400000 | 759737900000 | 761680000000 | 761173100000 | 760802700000 | 761031200000 | 758296700000 | 760227600000 | 758232800000 | 756979000000 | 756918200000 | 758558600000 | 757599300000 | 757326700000 | 767086100000 | 770003600000 | 768404100000 | 769742800000 | 769246800000 | 769815400000 | 768762000000 | 769422100000 | 763813500000 | 764306900000 | 763096400000 | 763175900000 | 763134800000 | 763183900000 | 762091600000 | 761682500000 | 688602900000 | 686842500000 | 689122200000 | 688625100000 | 688660100000 | 689667700000 | 688611800000 | 688151700000 | 731812600000 | 732110300000 | 732441300000 | 732103900000 | 732304800000 | 730864300000 | 732152500000 | 731736600000 | 691449400000 | 690674500000 | 690319500000 | 689974700000 | 690951600000 | 691645600000 | 691421500000 | 690586200000 | 729901000000 | 729707100000 | 730371900000 | 728998400000 | 729589600000 | 727852100000 | 728355800000 | 728450300000 |
|  CPU_CLOCKS_UNHALTED |   PMC1  | 513149100000 | 512715800000 | 513101700000 | 512886000000 | 513320500000 | 512866500000 | 513348400000 | 513030600000 | 513586700000 | 513409900000 | 513181000000 | 513359000000 | 513365400000 | 513377400000 | 513806100000 | 513482800000 | 513187200000 | 513182300000 | 513427200000 | 513375600000 | 513066200000 | 513526000000 | 513404200000 | 513175000000 | 512943500000 | 512828600000 | 512738400000 | 512858500000 | 512990100000 | 512679800000 | 513052800000 | 512831200000 | 513355100000 | 513093500000 | 513559800000 | 513773900000 | 513574500000 | 513417100000 | 513505900000 | 513563100000 | 512526100000 | 512572200000 | 512664700000 | 512894800000 | 512731900000 | 512682300000 | 512860600000 | 512815700000 | 512966300000 | 512916000000 | 513200200000 | 513239500000 | 513341900000 | 512802200000 | 513150900000 | 512767200000 | 513252900000 | 513205000000 | 513216500000 | 513414100000 | 513392300000 | 513522800000 | 513409400000 | 513057700000 | 512764300000 | 512724500000 | 513366200000 | 512950100000 | 512945900000 | 512884600000 | 512758800000 | 512786400000 | 513052300000 | 513223500000 | 513062900000 | 513073300000 | 512775900000 | 513144400000 | 513263700000 | 512939700000 | 512885300000 | 513366000000 | 513397200000 | 513247900000 | 513383800000 | 513237300000 | 513333000000 | 513401000000 | 512979200000 | 513256000000 | 513316700000 | 513530300000 | 513160900000 | 513331100000 | 513146400000 | 513194200000 | 535399600000 | 535523000000 | 535592700000 | 535512500000 | 535484800000 | 535483300000 | 535544300000 | 535401900000 | 534822100000 | 534755000000 | 535092100000 | 535083900000 | 534991300000 | 535066700000 | 535085300000 | 535043300000 | 535446800000 | 535371500000 | 535540200000 | 535504400000 | 535755900000 | 535691000000 | 535888200000 | 535537700000 | 535133600000 | 535435800000 | 535365500000 | 535276300000 | 535180900000 | 535293500000 | 535451900000 | 535257000000 |
|      CAS_CMD_RD      |  UMC0C0 |  43220250000 |            0 |            0 |            0 |            0 |            0 |            0 |            0 |            0 |            0 |            0 |            0 |            0 |            0 |            0 |            0 |            0 |            0 |            0 |            0 |            0 |            0 |            0 |            0 |            0 |            0 |            0 |            0 |            0 |            0 |            0 |            0 |            0 |            0 |            0 |            0 |            0 |            0 |            0 |            0 |            0 |            0 |            0 |            0 |            0 |            0 |            0 |            0 |            0 |            0 |            0 |            0 |            0 |            0 |            0 |            0 |            0 |            0 |            0 |            0 |            0 |            0 |            0 |            0 |            0 |            0 |            0 |            0 |            0 |            0 |            0 |            0 |            0 |            0 |            0 |            0 |            0 |            0 |            0 |            0 |            0 |            0 |            0 |            0 |            0 |            0 |            0 |            0 |            0 |            0 |            0 |            0 |            0 |            0 |            0 |            0 |   9833114000 |            0 |            0 |            0 |            0 |            0 |            0 |            0 |            0 |            0 |            0 |            0 |            0 |            0 |            0 |            0 |            0 |            0 |            0 |            0 |            0 |            0 |            0 |            0 |            0 |            0 |            0 |            0 |            0 |            0 |            0 |            0 |
|      CAS_CMD_WR      |  UMC0C1 |    170820400 |            0 |            0 |            0 |            0 |            0 |            0 |            0 |            0 |            0 |            0 |            0 |            0 |            0 |            0 |            0 |            0 |            0 |            0 |            0 |            0 |            0 |            0 |            0 |            0 |            0 |            0 |            0 |            0 |            0 |            0 |            0 |            0 |            0 |            0 |            0 |            0 |            0 |            0 |            0 |            0 |            0 |            0 |            0 |            0 |            0 |            0 |            0 |            0 |            0 |            0 |            0 |            0 |            0 |            0 |            0 |            0 |            0 |            0 |            0 |            0 |            0 |            0 |            0 |            0 |            0 |            0 |            0 |            0 |            0 |            0 |            0 |            0 |            0 |            0 |            0 |            0 |            0 |            0 |            0 |            0 |            0 |            0 |            0 |            0 |            0 |            0 |            0 |            0 |            0 |            0 |            0 |            0 |            0 |            0 |            0 |     61319430 |            0 |            0 |            0 |            0 |            0 |            0 |            0 |            0 |            0 |            0 |            0 |            0 |            0 |            0 |            0 |            0 |            0 |            0 |            0 |            0 |            0 |            0 |            0 |            0 |            0 |            0 |            0 |            0 |            0 |            0 |            0 |
|      CAS_CMD_RD      |  UMC1C0 |  43169950000 |            0 |            0 |            0 |            0 |            0 |            0 |            0 |            0 |            0 |            0 |            0 |            0 |            0 |            0 |            0 |            0 |            0 |            0 |            0 |            0 |            0 |            0 |            0 |            0 |            0 |            0 |            0 |            0 |            0 |            0 |            0 |            0 |            0 |            0 |            0 |            0 |            0 |            0 |            0 |            0 |            0 |            0 |            0 |            0 |            0 |            0 |            0 |            0 |            0 |            0 |            0 |            0 |            0 |            0 |            0 |            0 |            0 |            0 |            0 |            0 |            0 |            0 |            0 |            0 |            0 |            0 |            0 |            0 |            0 |            0 |            0 |            0 |            0 |            0 |            0 |            0 |            0 |            0 |            0 |            0 |            0 |            0 |            0 |            0 |            0 |            0 |            0 |            0 |            0 |            0 |            0 |            0 |            0 |            0 |            0 |   9856023000 |            0 |            0 |            0 |            0 |            0 |            0 |            0 |            0 |            0 |            0 |            0 |            0 |            0 |            0 |            0 |            0 |            0 |            0 |            0 |            0 |            0 |            0 |            0 |            0 |            0 |            0 |            0 |            0 |            0 |            0 |            0 |
|      CAS_CMD_WR      |  UMC1C1 |    170979200 |            0 |            0 |            0 |            0 |            0 |            0 |            0 |            0 |            0 |            0 |            0 |            0 |            0 |            0 |            0 |            0 |            0 |            0 |            0 |            0 |            0 |            0 |            0 |            0 |            0 |            0 |            0 |            0 |            0 |            0 |            0 |            0 |            0 |            0 |            0 |            0 |            0 |            0 |            0 |            0 |            0 |            0 |            0 |            0 |            0 |            0 |            0 |            0 |            0 |            0 |            0 |            0 |            0 |            0 |            0 |            0 |            0 |            0 |            0 |            0 |            0 |            0 |            0 |            0 |            0 |            0 |            0 |            0 |            0 |            0 |            0 |            0 |            0 |            0 |            0 |            0 |            0 |            0 |            0 |            0 |            0 |            0 |            0 |            0 |            0 |            0 |            0 |            0 |            0 |            0 |            0 |            0 |            0 |            0 |            0 |     61896930 |            0 |            0 |            0 |            0 |            0 |            0 |            0 |            0 |            0 |            0 |            0 |            0 |            0 |            0 |            0 |            0 |            0 |            0 |            0 |            0 |            0 |            0 |            0 |            0 |            0 |            0 |            0 |            0 |            0 |            0 |            0 |
|      CAS_CMD_RD      |  UMC2C0 |  43200310000 |            0 |            0 |            0 |            0 |            0 |            0 |            0 |            0 |            0 |            0 |            0 |            0 |            0 |            0 |            0 |            0 |            0 |            0 |            0 |            0 |            0 |            0 |            0 |            0 |            0 |            0 |            0 |            0 |            0 |            0 |            0 |            0 |            0 |            0 |            0 |            0 |            0 |            0 |            0 |            0 |            0 |            0 |            0 |            0 |            0 |            0 |            0 |            0 |            0 |            0 |            0 |            0 |            0 |            0 |            0 |            0 |            0 |            0 |            0 |            0 |            0 |            0 |            0 |            0 |            0 |            0 |            0 |            0 |            0 |            0 |            0 |            0 |            0 |            0 |            0 |            0 |            0 |            0 |            0 |            0 |            0 |            0 |            0 |            0 |            0 |            0 |            0 |            0 |            0 |            0 |            0 |            0 |            0 |            0 |            0 |   9906761000 |            0 |            0 |            0 |            0 |            0 |            0 |            0 |            0 |            0 |            0 |            0 |            0 |            0 |            0 |            0 |            0 |            0 |            0 |            0 |            0 |            0 |            0 |            0 |            0 |            0 |            0 |            0 |            0 |            0 |            0 |            0 |
|      CAS_CMD_WR      |  UMC2C1 |    170732100 |            0 |            0 |            0 |            0 |            0 |            0 |            0 |            0 |            0 |            0 |            0 |            0 |            0 |            0 |            0 |            0 |            0 |            0 |            0 |            0 |            0 |            0 |            0 |            0 |            0 |            0 |            0 |            0 |            0 |            0 |            0 |            0 |            0 |            0 |            0 |            0 |            0 |            0 |            0 |            0 |            0 |            0 |            0 |            0 |            0 |            0 |            0 |            0 |            0 |            0 |            0 |            0 |            0 |            0 |            0 |            0 |            0 |            0 |            0 |            0 |            0 |            0 |            0 |            0 |            0 |            0 |            0 |            0 |            0 |            0 |            0 |            0 |            0 |            0 |            0 |            0 |            0 |            0 |            0 |            0 |            0 |            0 |            0 |            0 |            0 |            0 |            0 |            0 |            0 |            0 |            0 |            0 |            0 |            0 |            0 |     61695380 |            0 |            0 |            0 |            0 |            0 |            0 |            0 |            0 |            0 |            0 |            0 |            0 |            0 |            0 |            0 |            0 |            0 |            0 |            0 |            0 |            0 |            0 |            0 |            0 |            0 |            0 |            0 |            0 |            0 |            0 |            0 |
|      CAS_CMD_RD      |  UMC3C0 |  43287690000 |            0 |            0 |            0 |            0 |            0 |            0 |            0 |            0 |            0 |            0 |            0 |            0 |            0 |            0 |            0 |            0 |            0 |            0 |            0 |            0 |            0 |            0 |            0 |            0 |            0 |            0 |            0 |            0 |            0 |            0 |            0 |            0 |            0 |            0 |            0 |            0 |            0 |            0 |            0 |            0 |            0 |            0 |            0 |            0 |            0 |            0 |            0 |            0 |            0 |            0 |            0 |            0 |            0 |            0 |            0 |            0 |            0 |            0 |            0 |            0 |            0 |            0 |            0 |            0 |            0 |            0 |            0 |            0 |            0 |            0 |            0 |            0 |            0 |            0 |            0 |            0 |            0 |            0 |            0 |            0 |            0 |            0 |            0 |            0 |            0 |            0 |            0 |            0 |            0 |            0 |            0 |            0 |            0 |            0 |            0 |   9828112000 |            0 |            0 |            0 |            0 |            0 |            0 |            0 |            0 |            0 |            0 |            0 |            0 |            0 |            0 |            0 |            0 |            0 |            0 |            0 |            0 |            0 |            0 |            0 |            0 |            0 |            0 |            0 |            0 |            0 |            0 |            0 |
|      CAS_CMD_WR      |  UMC3C1 |    170971400 |            0 |            0 |            0 |            0 |            0 |            0 |            0 |            0 |            0 |            0 |            0 |            0 |            0 |            0 |            0 |            0 |            0 |            0 |            0 |            0 |            0 |            0 |            0 |            0 |            0 |            0 |            0 |            0 |            0 |            0 |            0 |            0 |            0 |            0 |            0 |            0 |            0 |            0 |            0 |            0 |            0 |            0 |            0 |            0 |            0 |            0 |            0 |            0 |            0 |            0 |            0 |            0 |            0 |            0 |            0 |            0 |            0 |            0 |            0 |            0 |            0 |            0 |            0 |            0 |            0 |            0 |            0 |            0 |            0 |            0 |            0 |            0 |            0 |            0 |            0 |            0 |            0 |            0 |            0 |            0 |            0 |            0 |            0 |            0 |            0 |            0 |            0 |            0 |            0 |            0 |            0 |            0 |            0 |            0 |            0 |     62332770 |            0 |            0 |            0 |            0 |            0 |            0 |            0 |            0 |            0 |            0 |            0 |            0 |            0 |            0 |            0 |            0 |            0 |            0 |            0 |            0 |            0 |            0 |            0 |            0 |            0 |            0 |            0 |            0 |            0 |            0 |            0 |
|      CAS_CMD_RD      |  UMC4C0 |  43179780000 |            0 |            0 |            0 |            0 |            0 |            0 |            0 |            0 |            0 |            0 |            0 |            0 |            0 |            0 |            0 |            0 |            0 |            0 |            0 |            0 |            0 |            0 |            0 |            0 |            0 |            0 |            0 |            0 |            0 |            0 |            0 |            0 |            0 |            0 |            0 |            0 |            0 |            0 |            0 |            0 |            0 |            0 |            0 |            0 |            0 |            0 |            0 |            0 |            0 |            0 |            0 |            0 |            0 |            0 |            0 |            0 |            0 |            0 |            0 |            0 |            0 |            0 |            0 |            0 |            0 |            0 |            0 |            0 |            0 |            0 |            0 |            0 |            0 |            0 |            0 |            0 |            0 |            0 |            0 |            0 |            0 |            0 |            0 |            0 |            0 |            0 |            0 |            0 |            0 |            0 |            0 |            0 |            0 |            0 |            0 |   9866659000 |            0 |            0 |            0 |            0 |            0 |            0 |            0 |            0 |            0 |            0 |            0 |            0 |            0 |            0 |            0 |            0 |            0 |            0 |            0 |            0 |            0 |            0 |            0 |            0 |            0 |            0 |            0 |            0 |            0 |            0 |            0 |
|      CAS_CMD_WR      |  UMC4C1 |    174501400 |            0 |            0 |            0 |            0 |            0 |            0 |            0 |            0 |            0 |            0 |            0 |            0 |            0 |            0 |            0 |            0 |            0 |            0 |            0 |            0 |            0 |            0 |            0 |            0 |            0 |            0 |            0 |            0 |            0 |            0 |            0 |            0 |            0 |            0 |            0 |            0 |            0 |            0 |            0 |            0 |            0 |            0 |            0 |            0 |            0 |            0 |            0 |            0 |            0 |            0 |            0 |            0 |            0 |            0 |            0 |            0 |            0 |            0 |            0 |            0 |            0 |            0 |            0 |            0 |            0 |            0 |            0 |            0 |            0 |            0 |            0 |            0 |            0 |            0 |            0 |            0 |            0 |            0 |            0 |            0 |            0 |            0 |            0 |            0 |            0 |            0 |            0 |            0 |            0 |            0 |            0 |            0 |            0 |            0 |            0 |     62960400 |            0 |            0 |            0 |            0 |            0 |            0 |            0 |            0 |            0 |            0 |            0 |            0 |            0 |            0 |            0 |            0 |            0 |            0 |            0 |            0 |            0 |            0 |            0 |            0 |            0 |            0 |            0 |            0 |            0 |            0 |            0 |
|      CAS_CMD_RD      |  UMC5C0 |  43213430000 |            0 |            0 |            0 |            0 |            0 |            0 |            0 |            0 |            0 |            0 |            0 |            0 |            0 |            0 |            0 |            0 |            0 |            0 |            0 |            0 |            0 |            0 |            0 |            0 |            0 |            0 |            0 |            0 |            0 |            0 |            0 |            0 |            0 |            0 |            0 |            0 |            0 |            0 |            0 |            0 |            0 |            0 |            0 |            0 |            0 |            0 |            0 |            0 |            0 |            0 |            0 |            0 |            0 |            0 |            0 |            0 |            0 |            0 |            0 |            0 |            0 |            0 |            0 |            0 |            0 |            0 |            0 |            0 |            0 |            0 |            0 |            0 |            0 |            0 |            0 |            0 |            0 |            0 |            0 |            0 |            0 |            0 |            0 |            0 |            0 |            0 |            0 |            0 |            0 |            0 |            0 |            0 |            0 |            0 |            0 |   9883678000 |            0 |            0 |            0 |            0 |            0 |            0 |            0 |            0 |            0 |            0 |            0 |            0 |            0 |            0 |            0 |            0 |            0 |            0 |            0 |            0 |            0 |            0 |            0 |            0 |            0 |            0 |            0 |            0 |            0 |            0 |            0 |
|      CAS_CMD_WR      |  UMC5C1 |    167570700 |            0 |            0 |            0 |            0 |            0 |            0 |            0 |            0 |            0 |            0 |            0 |            0 |            0 |            0 |            0 |            0 |            0 |            0 |            0 |            0 |            0 |            0 |            0 |            0 |            0 |            0 |            0 |            0 |            0 |            0 |            0 |            0 |            0 |            0 |            0 |            0 |            0 |            0 |            0 |            0 |            0 |            0 |            0 |            0 |            0 |            0 |            0 |            0 |            0 |            0 |            0 |            0 |            0 |            0 |            0 |            0 |            0 |            0 |            0 |            0 |            0 |            0 |            0 |            0 |            0 |            0 |            0 |            0 |            0 |            0 |            0 |            0 |            0 |            0 |            0 |            0 |            0 |            0 |            0 |            0 |            0 |            0 |            0 |            0 |            0 |            0 |            0 |            0 |            0 |            0 |            0 |            0 |            0 |            0 |            0 |     60817360 |            0 |            0 |            0 |            0 |            0 |            0 |            0 |            0 |            0 |            0 |            0 |            0 |            0 |            0 |            0 |            0 |            0 |            0 |            0 |            0 |            0 |            0 |            0 |            0 |            0 |            0 |            0 |            0 |            0 |            0 |            0 |
|      CAS_CMD_RD      |  UMC6C0 |  43269710000 |            0 |            0 |            0 |            0 |            0 |            0 |            0 |            0 |            0 |            0 |            0 |            0 |            0 |            0 |            0 |            0 |            0 |            0 |            0 |            0 |            0 |            0 |            0 |            0 |            0 |            0 |            0 |            0 |            0 |            0 |            0 |            0 |            0 |            0 |            0 |            0 |            0 |            0 |            0 |            0 |            0 |            0 |            0 |            0 |            0 |            0 |            0 |            0 |            0 |            0 |            0 |            0 |            0 |            0 |            0 |            0 |            0 |            0 |            0 |            0 |            0 |            0 |            0 |            0 |            0 |            0 |            0 |            0 |            0 |            0 |            0 |            0 |            0 |            0 |            0 |            0 |            0 |            0 |            0 |            0 |            0 |            0 |            0 |            0 |            0 |            0 |            0 |            0 |            0 |            0 |            0 |            0 |            0 |            0 |            0 |   9880402000 |            0 |            0 |            0 |            0 |            0 |            0 |            0 |            0 |            0 |            0 |            0 |            0 |            0 |            0 |            0 |            0 |            0 |            0 |            0 |            0 |            0 |            0 |            0 |            0 |            0 |            0 |            0 |            0 |            0 |            0 |            0 |
|      CAS_CMD_WR      |  UMC6C1 |    171855600 |            0 |            0 |            0 |            0 |            0 |            0 |            0 |            0 |            0 |            0 |            0 |            0 |            0 |            0 |            0 |            0 |            0 |            0 |            0 |            0 |            0 |            0 |            0 |            0 |            0 |            0 |            0 |            0 |            0 |            0 |            0 |            0 |            0 |            0 |            0 |            0 |            0 |            0 |            0 |            0 |            0 |            0 |            0 |            0 |            0 |            0 |            0 |            0 |            0 |            0 |            0 |            0 |            0 |            0 |            0 |            0 |            0 |            0 |            0 |            0 |            0 |            0 |            0 |            0 |            0 |            0 |            0 |            0 |            0 |            0 |            0 |            0 |            0 |            0 |            0 |            0 |            0 |            0 |            0 |            0 |            0 |            0 |            0 |            0 |            0 |            0 |            0 |            0 |            0 |            0 |            0 |            0 |            0 |            0 |            0 |     61768720 |            0 |            0 |            0 |            0 |            0 |            0 |            0 |            0 |            0 |            0 |            0 |            0 |            0 |            0 |            0 |            0 |            0 |            0 |            0 |            0 |            0 |            0 |            0 |            0 |            0 |            0 |            0 |            0 |            0 |            0 |            0 |
|      CAS_CMD_RD      |  UMC7C0 |  43251650000 |            0 |            0 |            0 |            0 |            0 |            0 |            0 |            0 |            0 |            0 |            0 |            0 |            0 |            0 |            0 |            0 |            0 |            0 |            0 |            0 |            0 |            0 |            0 |            0 |            0 |            0 |            0 |            0 |            0 |            0 |            0 |            0 |            0 |            0 |            0 |            0 |            0 |            0 |            0 |            0 |            0 |            0 |            0 |            0 |            0 |            0 |            0 |            0 |            0 |            0 |            0 |            0 |            0 |            0 |            0 |            0 |            0 |            0 |            0 |            0 |            0 |            0 |            0 |            0 |            0 |            0 |            0 |            0 |            0 |            0 |            0 |            0 |            0 |            0 |            0 |            0 |            0 |            0 |            0 |            0 |            0 |            0 |            0 |            0 |            0 |            0 |            0 |            0 |            0 |            0 |            0 |            0 |            0 |            0 |            0 |   9850821000 |            0 |            0 |            0 |            0 |            0 |            0 |            0 |            0 |            0 |            0 |            0 |            0 |            0 |            0 |            0 |            0 |            0 |            0 |            0 |            0 |            0 |            0 |            0 |            0 |            0 |            0 |            0 |            0 |            0 |            0 |            0 |
|      CAS_CMD_WR      |  UMC7C1 |    172301200 |            0 |            0 |            0 |            0 |            0 |            0 |            0 |            0 |            0 |            0 |            0 |            0 |            0 |            0 |            0 |            0 |            0 |            0 |            0 |            0 |            0 |            0 |            0 |            0 |            0 |            0 |            0 |            0 |            0 |            0 |            0 |            0 |            0 |            0 |            0 |            0 |            0 |            0 |            0 |            0 |            0 |            0 |            0 |            0 |            0 |            0 |            0 |            0 |            0 |            0 |            0 |            0 |            0 |            0 |            0 |            0 |            0 |            0 |            0 |            0 |            0 |            0 |            0 |            0 |            0 |            0 |            0 |            0 |            0 |            0 |            0 |            0 |            0 |            0 |            0 |            0 |            0 |            0 |            0 |            0 |            0 |            0 |            0 |            0 |            0 |            0 |            0 |            0 |            0 |            0 |            0 |            0 |            0 |            0 |            0 |     61502070 |            0 |            0 |            0 |            0 |            0 |            0 |            0 |            0 |            0 |            0 |            0 |            0 |            0 |            0 |            0 |            0 |            0 |            0 |            0 |            0 |            0 |            0 |            0 |            0 |            0 |            0 |            0 |            0 |            0 |            0 |            0 |
|      CAS_CMD_RD      |  UMC8C0 |  43232500000 |            0 |            0 |            0 |            0 |            0 |            0 |            0 |            0 |            0 |            0 |            0 |            0 |            0 |            0 |            0 |            0 |            0 |            0 |            0 |            0 |            0 |            0 |            0 |            0 |            0 |            0 |            0 |            0 |            0 |            0 |            0 |            0 |            0 |            0 |            0 |            0 |            0 |            0 |            0 |            0 |            0 |            0 |            0 |            0 |            0 |            0 |            0 |            0 |            0 |            0 |            0 |            0 |            0 |            0 |            0 |            0 |            0 |            0 |            0 |            0 |            0 |            0 |            0 |            0 |            0 |            0 |            0 |            0 |            0 |            0 |            0 |            0 |            0 |            0 |            0 |            0 |            0 |            0 |            0 |            0 |            0 |            0 |            0 |            0 |            0 |            0 |            0 |            0 |            0 |            0 |            0 |            0 |            0 |            0 |            0 |   9937838000 |            0 |            0 |            0 |            0 |            0 |            0 |            0 |            0 |            0 |            0 |            0 |            0 |            0 |            0 |            0 |            0 |            0 |            0 |            0 |            0 |            0 |            0 |            0 |            0 |            0 |            0 |            0 |            0 |            0 |            0 |            0 |
|      CAS_CMD_WR      |  UMC8C1 |    170330000 |            0 |            0 |            0 |            0 |            0 |            0 |            0 |            0 |            0 |            0 |            0 |            0 |            0 |            0 |            0 |            0 |            0 |            0 |            0 |            0 |            0 |            0 |            0 |            0 |            0 |            0 |            0 |            0 |            0 |            0 |            0 |            0 |            0 |            0 |            0 |            0 |            0 |            0 |            0 |            0 |            0 |            0 |            0 |            0 |            0 |            0 |            0 |            0 |            0 |            0 |            0 |            0 |            0 |            0 |            0 |            0 |            0 |            0 |            0 |            0 |            0 |            0 |            0 |            0 |            0 |            0 |            0 |            0 |            0 |            0 |            0 |            0 |            0 |            0 |            0 |            0 |            0 |            0 |            0 |            0 |            0 |            0 |            0 |            0 |            0 |            0 |            0 |            0 |            0 |            0 |            0 |            0 |            0 |            0 |            0 |     61565940 |            0 |            0 |            0 |            0 |            0 |            0 |            0 |            0 |            0 |            0 |            0 |            0 |            0 |            0 |            0 |            0 |            0 |            0 |            0 |            0 |            0 |            0 |            0 |            0 |            0 |            0 |            0 |            0 |            0 |            0 |            0 |
|      CAS_CMD_RD      |  UMC9C0 |  43248720000 |            0 |            0 |            0 |            0 |            0 |            0 |            0 |            0 |            0 |            0 |            0 |            0 |            0 |            0 |            0 |            0 |            0 |            0 |            0 |            0 |            0 |            0 |            0 |            0 |            0 |            0 |            0 |            0 |            0 |            0 |            0 |            0 |            0 |            0 |            0 |            0 |            0 |            0 |            0 |            0 |            0 |            0 |            0 |            0 |            0 |            0 |            0 |            0 |            0 |            0 |            0 |            0 |            0 |            0 |            0 |            0 |            0 |            0 |            0 |            0 |            0 |            0 |            0 |            0 |            0 |            0 |            0 |            0 |            0 |            0 |            0 |            0 |            0 |            0 |            0 |            0 |            0 |            0 |            0 |            0 |            0 |            0 |            0 |            0 |            0 |            0 |            0 |            0 |            0 |            0 |            0 |            0 |            0 |            0 |            0 |   9916637000 |            0 |            0 |            0 |            0 |            0 |            0 |            0 |            0 |            0 |            0 |            0 |            0 |            0 |            0 |            0 |            0 |            0 |            0 |            0 |            0 |            0 |            0 |            0 |            0 |            0 |            0 |            0 |            0 |            0 |            0 |            0 |
|      CAS_CMD_WR      |  UMC9C1 |    169262200 |            0 |            0 |            0 |            0 |            0 |            0 |            0 |            0 |            0 |            0 |            0 |            0 |            0 |            0 |            0 |            0 |            0 |            0 |            0 |            0 |            0 |            0 |            0 |            0 |            0 |            0 |            0 |            0 |            0 |            0 |            0 |            0 |            0 |            0 |            0 |            0 |            0 |            0 |            0 |            0 |            0 |            0 |            0 |            0 |            0 |            0 |            0 |            0 |            0 |            0 |            0 |            0 |            0 |            0 |            0 |            0 |            0 |            0 |            0 |            0 |            0 |            0 |            0 |            0 |            0 |            0 |            0 |            0 |            0 |            0 |            0 |            0 |            0 |            0 |            0 |            0 |            0 |            0 |            0 |            0 |            0 |            0 |            0 |            0 |            0 |            0 |            0 |            0 |            0 |            0 |            0 |            0 |            0 |            0 |            0 |     61036370 |            0 |            0 |            0 |            0 |            0 |            0 |            0 |            0 |            0 |            0 |            0 |            0 |            0 |            0 |            0 |            0 |            0 |            0 |            0 |            0 |            0 |            0 |            0 |            0 |            0 |            0 |            0 |            0 |            0 |            0 |            0 |
|      CAS_CMD_RD      | UMC10C0 |  43215090000 |            0 |            0 |            0 |            0 |            0 |            0 |            0 |            0 |            0 |            0 |            0 |            0 |            0 |            0 |            0 |            0 |            0 |            0 |            0 |            0 |            0 |            0 |            0 |            0 |            0 |            0 |            0 |            0 |            0 |            0 |            0 |            0 |            0 |            0 |            0 |            0 |            0 |            0 |            0 |            0 |            0 |            0 |            0 |            0 |            0 |            0 |            0 |            0 |            0 |            0 |            0 |            0 |            0 |            0 |            0 |            0 |            0 |            0 |            0 |            0 |            0 |            0 |            0 |            0 |            0 |            0 |            0 |            0 |            0 |            0 |            0 |            0 |            0 |            0 |            0 |            0 |            0 |            0 |            0 |            0 |            0 |            0 |            0 |            0 |            0 |            0 |            0 |            0 |            0 |            0 |            0 |            0 |            0 |            0 |            0 |   9844321000 |            0 |            0 |            0 |            0 |            0 |            0 |            0 |            0 |            0 |            0 |            0 |            0 |            0 |            0 |            0 |            0 |            0 |            0 |            0 |            0 |            0 |            0 |            0 |            0 |            0 |            0 |            0 |            0 |            0 |            0 |            0 |
|      CAS_CMD_WR      | UMC10C1 |    172624000 |            0 |            0 |            0 |            0 |            0 |            0 |            0 |            0 |            0 |            0 |            0 |            0 |            0 |            0 |            0 |            0 |            0 |            0 |            0 |            0 |            0 |            0 |            0 |            0 |            0 |            0 |            0 |            0 |            0 |            0 |            0 |            0 |            0 |            0 |            0 |            0 |            0 |            0 |            0 |            0 |            0 |            0 |            0 |            0 |            0 |            0 |            0 |            0 |            0 |            0 |            0 |            0 |            0 |            0 |            0 |            0 |            0 |            0 |            0 |            0 |            0 |            0 |            0 |            0 |            0 |            0 |            0 |            0 |            0 |            0 |            0 |            0 |            0 |            0 |            0 |            0 |            0 |            0 |            0 |            0 |            0 |            0 |            0 |            0 |            0 |            0 |            0 |            0 |            0 |            0 |            0 |            0 |            0 |            0 |            0 |     61109110 |            0 |            0 |            0 |            0 |            0 |            0 |            0 |            0 |            0 |            0 |            0 |            0 |            0 |            0 |            0 |            0 |            0 |            0 |            0 |            0 |            0 |            0 |            0 |            0 |            0 |            0 |            0 |            0 |            0 |            0 |            0 |
|      CAS_CMD_RD      | UMC11C0 |  43216860000 |            0 |            0 |            0 |            0 |            0 |            0 |            0 |            0 |            0 |            0 |            0 |            0 |            0 |            0 |            0 |            0 |            0 |            0 |            0 |            0 |            0 |            0 |            0 |            0 |            0 |            0 |            0 |            0 |            0 |            0 |            0 |            0 |            0 |            0 |            0 |            0 |            0 |            0 |            0 |            0 |            0 |            0 |            0 |            0 |            0 |            0 |            0 |            0 |            0 |            0 |            0 |            0 |            0 |            0 |            0 |            0 |            0 |            0 |            0 |            0 |            0 |            0 |            0 |            0 |            0 |            0 |            0 |            0 |            0 |            0 |            0 |            0 |            0 |            0 |            0 |            0 |            0 |            0 |            0 |            0 |            0 |            0 |            0 |            0 |            0 |            0 |            0 |            0 |            0 |            0 |            0 |            0 |            0 |            0 |            0 |   9863295000 |            0 |            0 |            0 |            0 |            0 |            0 |            0 |            0 |            0 |            0 |            0 |            0 |            0 |            0 |            0 |            0 |            0 |            0 |            0 |            0 |            0 |            0 |            0 |            0 |            0 |            0 |            0 |            0 |            0 |            0 |            0 |
|      CAS_CMD_WR      | UMC11C1 |    168820100 |            0 |            0 |            0 |            0 |            0 |            0 |            0 |            0 |            0 |            0 |            0 |            0 |            0 |            0 |            0 |            0 |            0 |            0 |            0 |            0 |            0 |            0 |            0 |            0 |            0 |            0 |            0 |            0 |            0 |            0 |            0 |            0 |            0 |            0 |            0 |            0 |            0 |            0 |            0 |            0 |            0 |            0 |            0 |            0 |            0 |            0 |            0 |            0 |            0 |            0 |            0 |            0 |            0 |            0 |            0 |            0 |            0 |            0 |            0 |            0 |            0 |            0 |            0 |            0 |            0 |            0 |            0 |            0 |            0 |            0 |            0 |            0 |            0 |            0 |            0 |            0 |            0 |            0 |            0 |            0 |            0 |            0 |            0 |            0 |            0 |            0 |            0 |            0 |            0 |            0 |            0 |            0 |            0 |            0 |            0 |     61395010 |            0 |            0 |            0 |            0 |            0 |            0 |            0 |            0 |            0 |            0 |            0 |            0 |            0 |            0 |            0 |            0 |            0 |            0 |            0 |            0 |            0 |            0 |            0 |            0 |            0 |            0 |            0 |            0 |            0 |            0 |            0 |
+----------------------+---------+--------------+--------------+--------------+--------------+--------------+--------------+--------------+--------------+--------------+--------------+--------------+--------------+--------------+--------------+--------------+--------------+--------------+--------------+--------------+--------------+--------------+--------------+--------------+--------------+--------------+--------------+--------------+--------------+--------------+--------------+--------------+--------------+--------------+--------------+--------------+--------------+--------------+--------------+--------------+--------------+--------------+--------------+--------------+--------------+--------------+--------------+--------------+--------------+--------------+--------------+--------------+--------------+--------------+--------------+--------------+--------------+--------------+--------------+--------------+--------------+--------------+--------------+--------------+--------------+--------------+--------------+--------------+--------------+--------------+--------------+--------------+--------------+--------------+--------------+--------------+--------------+--------------+--------------+--------------+--------------+--------------+--------------+--------------+--------------+--------------+--------------+--------------+--------------+--------------+--------------+--------------+--------------+--------------+--------------+--------------+--------------+--------------+--------------+--------------+--------------+--------------+--------------+--------------+--------------+--------------+--------------+--------------+--------------+--------------+--------------+--------------+--------------+--------------+--------------+--------------+--------------+--------------+--------------+--------------+--------------+--------------+--------------+--------------+--------------+--------------+--------------+--------------+--------------+

+---------------------------+---------+----------------+--------------+--------------+--------------+
|           Event           | Counter |       Sum      |      Min     |      Max     |      Avg     |
+---------------------------+---------+----------------+--------------+--------------+--------------+
|   ACTUAL_CPU_CLOCK STAT   |  FIXC1  | 67304711100000 | 520156000000 | 541682400000 | 5.258181e+11 |
|     MAX_CPU_CLOCK STAT    |  FIXC2  | 48986920300000 | 382548100000 | 383430000000 | 3.827103e+11 |
| RETIRED_INSTRUCTIONS STAT |   PMC0  | 95896655300000 | 686842500000 | 770003600000 | 7.491926e+11 |
|  CPU_CLOCKS_UNHALTED STAT |   PMC1  | 66392594400000 | 512526100000 | 535888200000 | 518692143750 |
|      CAS_CMD_RD STAT      |  UMC0C0 |    53053364000 |            0 |  43220250000 | 4.144794e+08 |
|      CAS_CMD_WR STAT      |  UMC0C1 |      232139830 |            0 |    170820400 | 1.813592e+06 |
|      CAS_CMD_RD STAT      |  UMC1C0 |    53025973000 |            0 |  43169950000 | 4.142654e+08 |
|      CAS_CMD_WR STAT      |  UMC1C1 |      232876130 |            0 |    170979200 | 1.819345e+06 |
|      CAS_CMD_RD STAT      |  UMC2C0 |    53107071000 |            0 |  43200310000 | 4.148990e+08 |
|      CAS_CMD_WR STAT      |  UMC2C1 |      232427480 |            0 |    170732100 | 1.815840e+06 |
|      CAS_CMD_RD STAT      |  UMC3C0 |    53115802000 |            0 |  43287690000 | 4.149672e+08 |
|      CAS_CMD_WR STAT      |  UMC3C1 |      233304170 |            0 |    170971400 | 1.822689e+06 |
|      CAS_CMD_RD STAT      |  UMC4C0 |    53046439000 |            0 |  43179780000 | 4.144253e+08 |
|      CAS_CMD_WR STAT      |  UMC4C1 |      237461800 |            0 |    174501400 | 1.855170e+06 |
|      CAS_CMD_RD STAT      |  UMC5C0 |    53097108000 |            0 |  43213430000 | 4.148212e+08 |
|      CAS_CMD_WR STAT      |  UMC5C1 |      228388060 |            0 |    167570700 | 1.784282e+06 |
|      CAS_CMD_RD STAT      |  UMC6C0 |    53150112000 |            0 |  43269710000 |    415235250 |
|      CAS_CMD_WR STAT      |  UMC6C1 |      233624320 |            0 |    171855600 |      1825190 |
|      CAS_CMD_RD STAT      |  UMC7C0 |    53102471000 |            0 |  43251650000 | 4.148631e+08 |
|      CAS_CMD_WR STAT      |  UMC7C1 |      233803270 |            0 |    172301200 | 1.826588e+06 |
|      CAS_CMD_RD STAT      |  UMC8C0 |    53170338000 |            0 |  43232500000 | 4.153933e+08 |
|      CAS_CMD_WR STAT      |  UMC8C1 |      231895940 |            0 |    170330000 | 1.811687e+06 |
|      CAS_CMD_RD STAT      |  UMC9C0 |    53165357000 |            0 |  43248720000 | 4.153544e+08 |
|      CAS_CMD_WR STAT      |  UMC9C1 |      230298570 |            0 |    169262200 | 1.799208e+06 |
|      CAS_CMD_RD STAT      | UMC10C0 |    53059411000 |            0 |  43215090000 | 4.145266e+08 |
|      CAS_CMD_WR STAT      | UMC10C1 |      233733110 |            0 |    172624000 | 1.826040e+06 |
|      CAS_CMD_RD STAT      | UMC11C0 |    53080155000 |            0 |  43216860000 | 4.146887e+08 |
|      CAS_CMD_WR STAT      | UMC11C1 |      230215110 |            0 |    168820100 | 1.798556e+06 |
+---------------------------+---------+----------------+--------------+--------------+--------------+

+-----------------------------------+-------------+------------+------------+------------+------------+------------+------------+------------+------------+------------+-------------+-------------+-------------+-------------+-------------+-------------+-------------+-------------+-------------+-------------+-------------+-------------+-------------+-------------+-------------+-------------+-------------+-------------+-------------+-------------+-------------+-------------+-------------+-------------+-------------+-------------+-------------+-------------+-------------+-------------+-------------+-------------+-------------+-------------+-------------+-------------+-------------+-------------+-------------+-------------+-------------+-------------+-------------+-------------+-------------+-------------+-------------+-------------+-------------+-------------+-------------+-------------+-------------+-------------+-------------+-------------+-------------+-------------+-------------+-------------+-------------+-------------+-------------+-------------+-------------+-------------+-------------+-------------+-------------+-------------+-------------+-------------+-------------+-------------+-------------+-------------+-------------+-------------+-------------+-------------+-------------+-------------+-------------+-------------+-------------+-------------+-------------+-------------+-------------+-------------+--------------+--------------+--------------+--------------+--------------+--------------+--------------+--------------+--------------+--------------+--------------+--------------+--------------+--------------+--------------+--------------+--------------+--------------+--------------+--------------+--------------+--------------+--------------+--------------+--------------+--------------+--------------+--------------+
|               Metric              |  HWThread 0 | HWThread 1 | HWThread 2 | HWThread 3 | HWThread 4 | HWThread 5 | HWThread 6 | HWThread 7 | HWThread 8 | HWThread 9 | HWThread 10 | HWThread 11 | HWThread 12 | HWThread 13 | HWThread 14 | HWThread 15 | HWThread 16 | HWThread 17 | HWThread 18 | HWThread 19 | HWThread 20 | HWThread 21 | HWThread 22 | HWThread 23 | HWThread 24 | HWThread 25 | HWThread 26 | HWThread 27 | HWThread 28 | HWThread 29 | HWThread 30 | HWThread 31 | HWThread 32 | HWThread 33 | HWThread 34 | HWThread 35 | HWThread 36 | HWThread 37 | HWThread 38 | HWThread 39 | HWThread 40 | HWThread 41 | HWThread 42 | HWThread 43 | HWThread 44 | HWThread 45 | HWThread 46 | HWThread 47 | HWThread 48 | HWThread 49 | HWThread 50 | HWThread 51 | HWThread 52 | HWThread 53 | HWThread 54 | HWThread 55 | HWThread 56 | HWThread 57 | HWThread 58 | HWThread 59 | HWThread 60 | HWThread 61 | HWThread 62 | HWThread 63 | HWThread 64 | HWThread 65 | HWThread 66 | HWThread 67 | HWThread 68 | HWThread 69 | HWThread 70 | HWThread 71 | HWThread 72 | HWThread 73 | HWThread 74 | HWThread 75 | HWThread 76 | HWThread 77 | HWThread 78 | HWThread 79 | HWThread 80 | HWThread 81 | HWThread 82 | HWThread 83 | HWThread 84 | HWThread 85 | HWThread 86 | HWThread 87 | HWThread 88 | HWThread 89 | HWThread 90 | HWThread 91 | HWThread 92 | HWThread 93 | HWThread 94 | HWThread 95 | HWThread 96 | HWThread 97 | HWThread 98 | HWThread 99 | HWThread 100 | HWThread 101 | HWThread 102 | HWThread 103 | HWThread 104 | HWThread 105 | HWThread 106 | HWThread 107 | HWThread 108 | HWThread 109 | HWThread 110 | HWThread 111 | HWThread 112 | HWThread 113 | HWThread 114 | HWThread 115 | HWThread 116 | HWThread 117 | HWThread 118 | HWThread 119 | HWThread 120 | HWThread 121 | HWThread 122 | HWThread 123 | HWThread 124 | HWThread 125 | HWThread 126 | HWThread 127 |
+-----------------------------------+-------------+------------+------------+------------+------------+------------+------------+------------+------------+------------+-------------+-------------+-------------+-------------+-------------+-------------+-------------+-------------+-------------+-------------+-------------+-------------+-------------+-------------+-------------+-------------+-------------+-------------+-------------+-------------+-------------+-------------+-------------+-------------+-------------+-------------+-------------+-------------+-------------+-------------+-------------+-------------+-------------+-------------+-------------+-------------+-------------+-------------+-------------+-------------+-------------+-------------+-------------+-------------+-------------+-------------+-------------+-------------+-------------+-------------+-------------+-------------+-------------+-------------+-------------+-------------+-------------+-------------+-------------+-------------+-------------+-------------+-------------+-------------+-------------+-------------+-------------+-------------+-------------+-------------+-------------+-------------+-------------+-------------+-------------+-------------+-------------+-------------+-------------+-------------+-------------+-------------+-------------+-------------+-------------+-------------+-------------+-------------+-------------+-------------+--------------+--------------+--------------+--------------+--------------+--------------+--------------+--------------+--------------+--------------+--------------+--------------+--------------+--------------+--------------+--------------+--------------+--------------+--------------+--------------+--------------+--------------+--------------+--------------+--------------+--------------+--------------+--------------+
|        Runtime (RDTSC) [s]        |    157.8378 |   151.6570 |   153.0394 |   151.2581 |   150.5907 |   148.1322 |   159.8244 |   157.6259 |   155.4426 |   155.4443 |    155.1214 |    153.3241 |    150.8193 |    155.3351 |    155.3360 |    148.6535 |    153.7128 |    154.2854 |    158.0241 |    154.2838 |    154.0361 |    159.4191 |    153.9282 |    153.9270 |    153.4309 |    155.2293 |    156.9041 |    157.1209 |    151.7682 |    155.7641 |    157.1199 |    153.4316 |    151.9804 |    151.9792 |    158.9327 |    149.5146 |    158.8384 |    158.2494 |    147.7942 |    152.0858 |    157.4063 |    153.6087 |    147.4754 |    159.5271 |    157.7294 |    156.1550 |    152.9291 |    159.5298 |    156.7975 |    154.9180 |    156.3719 |    156.2634 |    156.0461 |    156.2637 |    156.3733 |    148.7612 |    148.0217 |    152.5449 |    148.4267 |    151.8744 |    156.6886 |    159.1005 |    148.0208 |    151.5569 |    154.4583 |    154.7406 |    155.8683 |    155.0208 |    152.3335 |    154.7389 |    147.2913 |    155.8691 |    153.1450 |    153.1443 |    149.2146 |    159.3168 |    152.8252 |    154.1743 |    153.8218 |    152.2249 |    156.5788 |    157.8431 |    157.0133 |    157.8411 |    154.5646 |    155.6526 |    147.3692 |    154.5673 |    152.4394 |    159.2087 |    152.6510 |    152.6501 |    157.2987 |    158.1363 |    151.4499 |    157.5172 |    159.8168 |    147.7938 |    149.0894 |    148.9984 |     149.7244 |     149.5135 |     149.5128 |     158.4919 |     158.4917 |     148.8680 |     149.8761 |     149.8755 |     148.1987 |     149.8769 |     150.3700 |     148.4259 |     149.2894 |     150.3682 |     148.8675 |     151.1328 |     158.3623 |     151.1336 |     150.1434 |     150.5875 |     147.4764 |     150.9242 |     147.4762 |     159.6353 |     158.7145 |     158.7152 |     150.9249 |     150.1442 |
|        Runtime unhalted [s]       |    201.4957 |   200.0604 |   200.2993 |   200.2168 |   200.2517 |   200.1400 |   200.2422 |   200.2323 |   200.2572 |   200.2253 |    200.1712 |    200.2202 |    200.2189 |    200.2661 |    200.2928 |    200.2829 |    200.2506 |    200.2011 |    200.2590 |    200.3059 |    200.2248 |    200.3182 |    200.2808 |    200.2257 |    200.1582 |    200.1510 |    200.1578 |    200.1812 |    200.2097 |    200.1653 |    200.2035 |    200.1304 |    200.2355 |    200.2152 |    200.2751 |    200.3349 |    200.2432 |    200.2370 |    200.3229 |    200.2730 |    200.0988 |    200.1874 |    200.1147 |    200.2170 |    200.1317 |    200.1570 |    200.2332 |    200.1662 |    200.1978 |    200.1538 |    200.1689 |    200.2677 |    200.1722 |    200.1383 |    200.2232 |    200.1165 |    200.2963 |    200.2137 |    200.2315 |    200.2544 |    200.2379 |    200.3171 |    200.2462 |    200.2103 |    200.1704 |    200.1533 |    200.2617 |    200.1698 |    200.1357 |    200.1493 |    200.2172 |    200.1365 |    200.1630 |    200.2253 |    200.1797 |    200.1688 |    200.1571 |    200.2148 |    200.1984 |    200.1489 |    200.3163 |    200.2925 |    200.2902 |    200.2382 |    200.2381 |    200.2489 |    200.2325 |    200.3165 |    200.3082 |    200.3551 |    200.3315 |    200.3318 |    200.2749 |    200.2894 |    200.2674 |    200.2674 |    208.2733 |    208.2667 |    208.2543 |    208.2778 |     208.2594 |     208.2473 |     208.2397 |     208.2744 |     208.1981 |     208.1863 |     208.2403 |     208.2781 |     208.2053 |     208.2023 |     208.2039 |     208.2768 |     208.2525 |     208.2381 |     208.2486 |     208.2538 |     208.2932 |     208.2713 |     208.3398 |     208.2282 |     208.2417 |     208.2765 |     208.2539 |     208.2410 |     208.1950 |     208.2241 |     208.2281 |     208.1738 |
|            Clock [MHz]            |   3552.4225 |  3534.1723 |  3537.5797 |  3536.4405 |  3536.4611 |  3535.7097 |  3536.5848 |  3536.5622 |  3536.4929 |  3536.1046 |   3535.7761 |   3536.1713 |   3535.9658 |   3536.8131 |   3537.0174 |   3537.4472 |   3536.5451 |   3535.4723 |   3536.9339 |   3537.4921 |   3536.7837 |   3537.9114 |   3537.5670 |   3536.4881 |   3536.1891 |   3536.0925 |   3536.2657 |   3536.7380 |   3537.0726 |   3536.3493 |   3536.7858 |   3536.0250 |   3536.0959 |   3535.9223 |   3536.0863 |   3537.4484 |   3536.3276 |   3536.2619 |   3537.5439 |   3536.5408 |   3535.7843 |   3536.8327 |   3536.1429 |   3537.1220 |   3536.5029 |   3536.2302 |   3537.4675 |   3537.1192 |   3537.1287 |   3535.5956 |   3535.8386 |   3537.5024 |   3536.1135 |   3535.6798 |   3536.7514 |   3535.4639 |   3537.3881 |   3536.5920 |   3536.1103 |   3536.3858 |   3536.0546 |   3537.7147 |   3535.9940 |   3536.1942 |   3537.0296 |   3536.5566 |   3537.4271 |   3536.2603 |   3536.0749 |   3536.1310 |   3537.4857 |   3536.5788 |   3536.3466 |   3537.9715 |   3536.9057 |   3536.4335 |   3535.9127 |   3536.8282 |   3535.9603 |   3535.8697 |   3537.6394 |   3537.0672 |   3536.5035 |   3536.0169 |   3535.6738 |   3536.2849 |   3535.8404 |   3537.2064 |   3537.8365 |   3538.7306 |   3538.0149 |   3538.3682 |   3537.1123 |   3537.4465 |   3536.8844 |   3536.8334 |   3679.0995 |   3678.2515 |   3678.6418 |   3678.3584 |    3678.8296 |    3678.4595 |    3678.2455 |    3679.2260 |    3677.6243 |    3678.1525 |    3678.2430 |    3679.8338 |    3678.0156 |    3678.2188 |    3678.3906 |    3679.3616 |    3678.5013 |    3677.7475 |    3678.0360 |    3678.0246 |    3677.5471 |    3678.5771 |    3679.4486 |    3677.9444 |    3678.8737 |    3679.3293 |    3679.4023 |    3679.0336 |    3677.9363 |    3678.6022 |    3678.2666 |    3678.1582 |
|                CPI                |      0.6722 |     0.6786 |     0.6772 |     0.6780 |     0.6779 |     0.6779 |     0.6786 |     0.6778 |     0.6674 |     0.6671 |      0.6680 |      0.6678 |      0.6675 |      0.6680 |      0.6685 |      0.6681 |      0.6750 |      0.6750 |      0.6744 |      0.6752 |      0.6744 |      0.6744 |      0.6749 |      0.6747 |      0.6778 |      0.6778 |      0.6782 |      0.6770 |      0.6779 |      0.6775 |      0.6779 |      0.6777 |      0.6688 |      0.6690 |      0.6689 |      0.6695 |      0.6693 |      0.6685 |      0.6685 |      0.6695 |      0.6747 |      0.6754 |      0.6756 |      0.6761 |      0.6754 |      0.6751 |      0.6756 |      0.6753 |      0.6774 |      0.6767 |      0.6768 |      0.6777 |      0.6780 |      0.6776 |      0.6780 |      0.6781 |      0.6678 |      0.6683 |      0.6691 |      0.6686 |      0.6691 |      0.6685 |      0.6697 |      0.6694 |      0.6733 |      0.6732 |      0.6737 |      0.6752 |      0.6734 |      0.6738 |      0.6740 |      0.6738 |      0.6766 |      0.6751 |      0.6767 |      0.6778 |      0.6775 |      0.6765 |      0.6775 |      0.6773 |      0.6686 |      0.6667 |      0.6681 |      0.6668 |      0.6674 |      0.6667 |      0.6677 |      0.6673 |      0.6716 |      0.6715 |      0.6727 |      0.6729 |      0.6724 |      0.6726 |      0.6733 |      0.6738 |      0.7775 |      0.7797 |      0.7772 |      0.7777 |       0.7776 |       0.7764 |       0.7777 |       0.7780 |       0.7308 |       0.7304 |       0.7306 |       0.7309 |       0.7306 |       0.7321 |       0.7308 |       0.7312 |       0.7744 |       0.7751 |       0.7758 |       0.7761 |       0.7754 |       0.7745 |       0.7751 |       0.7755 |       0.7332 |       0.7338 |       0.7330 |       0.7343 |       0.7335 |       0.7354 |       0.7352 |       0.7348 |
|  Memory read bandwidth [MBytes/s] | 210324.6507 |          0 |          0 |          0 |          0 |          0 |          0 |          0 |          0 |          0 |           0 |           0 |           0 |           0 |           0 |           0 |           0 |           0 |           0 |           0 |           0 |           0 |           0 |           0 |           0 |           0 |           0 |           0 |           0 |           0 |           0 |           0 |           0 |           0 |           0 |           0 |           0 |           0 |           0 |           0 |           0 |           0 |           0 |           0 |           0 |           0 |           0 |           0 |           0 |           0 |           0 |           0 |           0 |           0 |           0 |           0 |           0 |           0 |           0 |           0 |           0 |           0 |           0 |           0 |           0 |           0 |           0 |           0 |           0 |           0 |           0 |           0 |           0 |           0 |           0 |           0 |           0 |           0 |           0 |           0 |           0 |           0 |           0 |           0 |           0 |           0 |           0 |           0 |           0 |           0 |           0 |           0 |           0 |           0 |           0 |           0 |  47441.3848 |           0 |           0 |           0 |            0 |            0 |            0 |            0 |            0 |            0 |            0 |            0 |            0 |            0 |            0 |            0 |            0 |            0 |            0 |            0 |            0 |            0 |            0 |            0 |            0 |            0 |            0 |            0 |            0 |            0 |            0 |            0 |
|  Memory read data volume [GBytes] |  33197.1802 |          0 |          0 |          0 |          0 |          0 |          0 |          0 |          0 |          0 |           0 |           0 |           0 |           0 |           0 |           0 |           0 |           0 |           0 |           0 |           0 |           0 |           0 |           0 |           0 |           0 |           0 |           0 |           0 |           0 |           0 |           0 |           0 |           0 |           0 |           0 |           0 |           0 |           0 |           0 |           0 |           0 |           0 |           0 |           0 |           0 |           0 |           0 |           0 |           0 |           0 |           0 |           0 |           0 |           0 |           0 |           0 |           0 |           0 |           0 |           0 |           0 |           0 |           0 |           0 |           0 |           0 |           0 |           0 |           0 |           0 |           0 |           0 |           0 |           0 |           0 |           0 |           0 |           0 |           0 |           0 |           0 |           0 |           0 |           0 |           0 |           0 |           0 |           0 |           0 |           0 |           0 |           0 |           0 |           0 |           0 |   7581.9303 |           0 |           0 |           0 |            0 |            0 |            0 |            0 |            0 |            0 |            0 |            0 |            0 |            0 |            0 |            0 |            0 |            0 |            0 |            0 |            0 |            0 |            0 |            0 |            0 |            0 |            0 |            0 |            0 |            0 |            0 |            0 |
| Memory write bandwidth [MBytes/s] |    831.5446 |          0 |          0 |          0 |          0 |          0 |          0 |          0 |          0 |          0 |           0 |           0 |           0 |           0 |           0 |           0 |           0 |           0 |           0 |           0 |           0 |           0 |           0 |           0 |           0 |           0 |           0 |           0 |           0 |           0 |           0 |           0 |           0 |           0 |           0 |           0 |           0 |           0 |           0 |           0 |           0 |           0 |           0 |           0 |           0 |           0 |           0 |           0 |           0 |           0 |           0 |           0 |           0 |           0 |           0 |           0 |           0 |           0 |           0 |           0 |           0 |           0 |           0 |           0 |           0 |           0 |           0 |           0 |           0 |           0 |           0 |           0 |           0 |           0 |           0 |           0 |           0 |           0 |           0 |           0 |           0 |           0 |           0 |           0 |           0 |           0 |           0 |           0 |           0 |           0 |           0 |           0 |           0 |           0 |           0 |           0 |    296.0988 |           0 |           0 |           0 |            0 |            0 |            0 |            0 |            0 |            0 |            0 |            0 |            0 |            0 |            0 |            0 |            0 |            0 |            0 |            0 |            0 |            0 |            0 |            0 |            0 |            0 |            0 |            0 |            0 |            0 |            0 |            0 |
| Memory write data volume [GBytes] |    131.2492 |          0 |          0 |          0 |          0 |          0 |          0 |          0 |          0 |          0 |           0 |           0 |           0 |           0 |           0 |           0 |           0 |           0 |           0 |           0 |           0 |           0 |           0 |           0 |           0 |           0 |           0 |           0 |           0 |           0 |           0 |           0 |           0 |           0 |           0 |           0 |           0 |           0 |           0 |           0 |           0 |           0 |           0 |           0 |           0 |           0 |           0 |           0 |           0 |           0 |           0 |           0 |           0 |           0 |           0 |           0 |           0 |           0 |           0 |           0 |           0 |           0 |           0 |           0 |           0 |           0 |           0 |           0 |           0 |           0 |           0 |           0 |           0 |           0 |           0 |           0 |           0 |           0 |           0 |           0 |           0 |           0 |           0 |           0 |           0 |           0 |           0 |           0 |           0 |           0 |           0 |           0 |           0 |           0 |           0 |           0 |     47.3216 |           0 |           0 |           0 |            0 |            0 |            0 |            0 |            0 |            0 |            0 |            0 |            0 |            0 |            0 |            0 |            0 |            0 |            0 |            0 |            0 |            0 |            0 |            0 |            0 |            0 |            0 |            0 |            0 |            0 |            0 |            0 |
|    Memory bandwidth [MBytes/s]    | 211156.1954 |          0 |          0 |          0 |          0 |          0 |          0 |          0 |          0 |          0 |           0 |           0 |           0 |           0 |           0 |           0 |           0 |           0 |           0 |           0 |           0 |           0 |           0 |           0 |           0 |           0 |           0 |           0 |           0 |           0 |           0 |           0 |           0 |           0 |           0 |           0 |           0 |           0 |           0 |           0 |           0 |           0 |           0 |           0 |           0 |           0 |           0 |           0 |           0 |           0 |           0 |           0 |           0 |           0 |           0 |           0 |           0 |           0 |           0 |           0 |           0 |           0 |           0 |           0 |           0 |           0 |           0 |           0 |           0 |           0 |           0 |           0 |           0 |           0 |           0 |           0 |           0 |           0 |           0 |           0 |           0 |           0 |           0 |           0 |           0 |           0 |           0 |           0 |           0 |           0 |           0 |           0 |           0 |           0 |           0 |           0 |  47737.4836 |           0 |           0 |           0 |            0 |            0 |            0 |            0 |            0 |            0 |            0 |            0 |            0 |            0 |            0 |            0 |            0 |            0 |            0 |            0 |            0 |            0 |            0 |            0 |            0 |            0 |            0 |            0 |            0 |            0 |            0 |            0 |
|    Memory data volume [GBytes]    |  33328.4293 |          0 |          0 |          0 |          0 |          0 |          0 |          0 |          0 |          0 |           0 |           0 |           0 |           0 |           0 |           0 |           0 |           0 |           0 |           0 |           0 |           0 |           0 |           0 |           0 |           0 |           0 |           0 |           0 |           0 |           0 |           0 |           0 |           0 |           0 |           0 |           0 |           0 |           0 |           0 |           0 |           0 |           0 |           0 |           0 |           0 |           0 |           0 |           0 |           0 |           0 |           0 |           0 |           0 |           0 |           0 |           0 |           0 |           0 |           0 |           0 |           0 |           0 |           0 |           0 |           0 |           0 |           0 |           0 |           0 |           0 |           0 |           0 |           0 |           0 |           0 |           0 |           0 |           0 |           0 |           0 |           0 |           0 |           0 |           0 |           0 |           0 |           0 |           0 |           0 |           0 |           0 |           0 |           0 |           0 |           0 |   7629.2519 |           0 |           0 |           0 |            0 |            0 |            0 |            0 |            0 |            0 |            0 |            0 |            0 |            0 |            0 |            0 |            0 |            0 |            0 |            0 |            0 |            0 |            0 |            0 |            0 |            0 |            0 |            0 |            0 |            0 |            0 |            0 |
+-----------------------------------+-------------+------------+------------+------------+------------+------------+------------+------------+------------+------------+-------------+-------------+-------------+-------------+-------------+-------------+-------------+-------------+-------------+-------------+-------------+-------------+-------------+-------------+-------------+-------------+-------------+-------------+-------------+-------------+-------------+-------------+-------------+-------------+-------------+-------------+-------------+-------------+-------------+-------------+-------------+-------------+-------------+-------------+-------------+-------------+-------------+-------------+-------------+-------------+-------------+-------------+-------------+-------------+-------------+-------------+-------------+-------------+-------------+-------------+-------------+-------------+-------------+-------------+-------------+-------------+-------------+-------------+-------------+-------------+-------------+-------------+-------------+-------------+-------------+-------------+-------------+-------------+-------------+-------------+-------------+-------------+-------------+-------------+-------------+-------------+-------------+-------------+-------------+-------------+-------------+-------------+-------------+-------------+-------------+-------------+-------------+-------------+-------------+-------------+--------------+--------------+--------------+--------------+--------------+--------------+--------------+--------------+--------------+--------------+--------------+--------------+--------------+--------------+--------------+--------------+--------------+--------------+--------------+--------------+--------------+--------------+--------------+--------------+--------------+--------------+--------------+--------------+

+----------------------------------------+-------------+-----------+-------------+-----------+
|                 Metric                 |     Sum     |    Min    |     Max     |    Avg    |
+----------------------------------------+-------------+-----------+-------------+-----------+
|        Runtime (RDTSC) [s] STAT        |  19665.3808 |  147.2913 |    159.8244 |  153.6358 |
|        Runtime unhalted [s] STAT       |  25886.4772 |  200.0604 |    208.3398 |  202.2381 |
|            Clock [MHz] STAT            | 457243.9815 | 3534.1723 |   3679.8338 | 3572.2186 |
|                CPI STAT                |     88.7762 |    0.6667 |      0.7797 |    0.6936 |
|  Memory read bandwidth [MBytes/s] STAT | 257766.0355 |         0 | 210324.6507 | 2013.7972 |
|  Memory read data volume [GBytes] STAT |  40779.1105 |         0 |  33197.1802 |  318.5868 |
| Memory write bandwidth [MBytes/s] STAT |   1127.6434 |         0 |    831.5446 |    8.8097 |
| Memory write data volume [GBytes] STAT |    178.5708 |         0 |    131.2492 |    1.3951 |
|    Memory bandwidth [MBytes/s] STAT    | 258893.6790 |         0 | 211156.1954 | 2022.6069 |
|    Memory data volume [GBytes] STAT    |  40957.6812 |         0 |  33328.4293 |  319.9819 |
+----------------------------------------+-------------+-----------+-------------+-----------+

