INFO: You are running LIKWID in a cpuset with 144 CPUs. Taking given IDs as logical ID in cpuset
--------------------------------------------------------------------------------
CPU name:	AMD EPYC 9A14 96-Core Processor                
CPU type:	AMD K19 (Zen4) architecture
CPU clock:	2.60 GHz
--------------------------------------------------------------------------------
Sys.CPU_THREADS       192
SLURM_CPUS_PER_TASK   144
OMP_NUM_THREADS       144
OMP_PROC_BIND         close
OMP_PLACES            cores
BLAS_NUM_THREADS      1
Threads.nthreads()    1

Successfully read data from: /public/home/halili/jld2file/6-31g/o2-1.0-6-31g.jld2
  name: o2
  ratio: 1.0
  basis: 6-31g
  nα: 8, nβ: 8, ne: 16, norb: 18, nq: 36

  ngs: 4266
  ncs: 22543

Warming up JIT and Hardware...
Warm-up completed.
  Step 001:  residual: 9.5235e-01,  e: -149.45320229675173
  Step 002:  residual: 7.0900e-01,  e: -149.59391697072670
  Step 003:  residual: 3.4390e-01,  e: -149.71881382605176
  Step 004:  residual: 1.3670e-01,  e: -149.74155494323807
  Step 005:  residual: 5.6781e-02,  e: -149.74486722652443
  Step 006:  residual: 3.0719e-02,  e: -149.74550118255115
  Step 007:  residual: 2.2745e-02,  e: -149.74573279555466
  Step 008:  residual: 2.6203e-02,  e: -149.74592799688372
  Step 009:  residual: 3.4719e-02,  e: -149.74623194412666
  Step 010:  residual: 2.6370e-02,  e: -149.74654741412652
  Step 011:  residual: 1.1805e-02,  e: -149.74665437187440
  Step 012:  residual: 4.6480e-03,  e: -149.74667295626958
  Step 013:  residual: 1.7886e-03,  e: -149.74667552118305
  Step 014:  residual: 6.8126e-04,  e: -149.74667587808594
  Step 015:  residual: 2.5621e-04,  e: -149.74667592692600
  Step 016:  residual: 9.5094e-05,  e: -149.74667593407395
  Step 017:  residual: 3.6656e-05,  e: -149.74667593511330
  Step 018:  residual: 1.4803e-05,  e: -149.74667593526681
  Step 019:  residual: 6.2970e-06,  e: -149.74667593529324

Convergence reached!
165.658412 seconds (7.21 M allocations: 69.917 GiB, 0.22% gc time, 1.18% compilation time)
--------------------------------------------------------------------------------
Region hvec_direct_agg, Group 1: MEM
+-------------------+------------+------------+------------+------------+------------+------------+------------+------------+------------+------------+-------------+-------------+-------------+-------------+-------------+-------------+-------------+-------------+-------------+-------------+-------------+-------------+-------------+-------------+-------------+-------------+-------------+-------------+-------------+-------------+-------------+-------------+-------------+-------------+-------------+-------------+-------------+-------------+-------------+-------------+-------------+-------------+-------------+-------------+-------------+-------------+-------------+-------------+-------------+-------------+-------------+-------------+-------------+-------------+-------------+-------------+-------------+-------------+-------------+-------------+-------------+-------------+-------------+-------------+-------------+-------------+-------------+-------------+-------------+-------------+-------------+-------------+-------------+-------------+-------------+-------------+-------------+-------------+-------------+-------------+-------------+-------------+-------------+-------------+-------------+-------------+-------------+-------------+-------------+-------------+-------------+-------------+-------------+-------------+-------------+-------------+-------------+-------------+-------------+-------------+--------------+--------------+--------------+--------------+--------------+--------------+--------------+--------------+--------------+--------------+--------------+--------------+--------------+--------------+--------------+--------------+--------------+--------------+--------------+--------------+--------------+--------------+--------------+--------------+--------------+--------------+--------------+--------------+--------------+--------------+--------------+--------------+--------------+--------------+--------------+--------------+--------------+--------------+--------------+--------------+--------------+--------------+--------------+--------------+
|    Region Info    | HWThread 0 | HWThread 1 | HWThread 2 | HWThread 3 | HWThread 4 | HWThread 5 | HWThread 6 | HWThread 7 | HWThread 8 | HWThread 9 | HWThread 10 | HWThread 11 | HWThread 12 | HWThread 13 | HWThread 14 | HWThread 15 | HWThread 16 | HWThread 17 | HWThread 18 | HWThread 19 | HWThread 20 | HWThread 21 | HWThread 22 | HWThread 23 | HWThread 24 | HWThread 25 | HWThread 26 | HWThread 27 | HWThread 28 | HWThread 29 | HWThread 30 | HWThread 31 | HWThread 32 | HWThread 33 | HWThread 34 | HWThread 35 | HWThread 36 | HWThread 37 | HWThread 38 | HWThread 39 | HWThread 40 | HWThread 41 | HWThread 42 | HWThread 43 | HWThread 44 | HWThread 45 | HWThread 46 | HWThread 47 | HWThread 48 | HWThread 49 | HWThread 50 | HWThread 51 | HWThread 52 | HWThread 53 | HWThread 54 | HWThread 55 | HWThread 56 | HWThread 57 | HWThread 58 | HWThread 59 | HWThread 60 | HWThread 61 | HWThread 62 | HWThread 63 | HWThread 64 | HWThread 65 | HWThread 66 | HWThread 67 | HWThread 68 | HWThread 69 | HWThread 70 | HWThread 71 | HWThread 72 | HWThread 73 | HWThread 74 | HWThread 75 | HWThread 76 | HWThread 77 | HWThread 78 | HWThread 79 | HWThread 80 | HWThread 81 | HWThread 82 | HWThread 83 | HWThread 84 | HWThread 85 | HWThread 86 | HWThread 87 | HWThread 88 | HWThread 89 | HWThread 90 | HWThread 91 | HWThread 92 | HWThread 93 | HWThread 94 | HWThread 95 | HWThread 96 | HWThread 97 | HWThread 98 | HWThread 99 | HWThread 100 | HWThread 101 | HWThread 102 | HWThread 103 | HWThread 104 | HWThread 105 | HWThread 106 | HWThread 107 | HWThread 108 | HWThread 109 | HWThread 110 | HWThread 111 | HWThread 112 | HWThread 113 | HWThread 114 | HWThread 115 | HWThread 116 | HWThread 117 | HWThread 118 | HWThread 119 | HWThread 120 | HWThread 121 | HWThread 122 | HWThread 123 | HWThread 124 | HWThread 125 | HWThread 126 | HWThread 127 | HWThread 128 | HWThread 129 | HWThread 130 | HWThread 131 | HWThread 132 | HWThread 133 | HWThread 134 | HWThread 135 | HWThread 136 | HWThread 137 | HWThread 138 | HWThread 139 | HWThread 140 | HWThread 141 | HWThread 142 | HWThread 143 |
+-------------------+------------+------------+------------+------------+------------+------------+------------+------------+------------+------------+-------------+-------------+-------------+-------------+-------------+-------------+-------------+-------------+-------------+-------------+-------------+-------------+-------------+-------------+-------------+-------------+-------------+-------------+-------------+-------------+-------------+-------------+-------------+-------------+-------------+-------------+-------------+-------------+-------------+-------------+-------------+-------------+-------------+-------------+-------------+-------------+-------------+-------------+-------------+-------------+-------------+-------------+-------------+-------------+-------------+-------------+-------------+-------------+-------------+-------------+-------------+-------------+-------------+-------------+-------------+-------------+-------------+-------------+-------------+-------------+-------------+-------------+-------------+-------------+-------------+-------------+-------------+-------------+-------------+-------------+-------------+-------------+-------------+-------------+-------------+-------------+-------------+-------------+-------------+-------------+-------------+-------------+-------------+-------------+-------------+-------------+-------------+-------------+-------------+-------------+--------------+--------------+--------------+--------------+--------------+--------------+--------------+--------------+--------------+--------------+--------------+--------------+--------------+--------------+--------------+--------------+--------------+--------------+--------------+--------------+--------------+--------------+--------------+--------------+--------------+--------------+--------------+--------------+--------------+--------------+--------------+--------------+--------------+--------------+--------------+--------------+--------------+--------------+--------------+--------------+--------------+--------------+--------------+--------------+
| RDTSC Runtime [s] | 148.320200 | 137.186100 | 137.936000 | 138.053100 | 144.353100 | 146.336200 | 137.301800 | 149.609200 | 138.762300 | 136.312000 |  139.925600 |  136.874600 |  138.659400 |  145.435900 |  138.763700 |  145.436200 |  145.723300 |  145.842700 |  146.522100 |  143.480300 |  143.192400 |  145.238400 |  146.090100 |  147.367100 |  149.823000 |  140.853500 |  137.534500 |  145.922000 |  147.367100 |  136.081600 |  137.533800 |  140.976300 |  137.936100 |  141.736600 |  141.524400 |  149.173200 |  139.925300 |  139.814300 |  141.736100 |  141.959400 |  139.700100 |  140.626900 |  135.813400 |  142.106500 |  148.856600 |  135.612600 |  137.646200 |  149.493000 |  139.111600 |  141.251800 |  135.691600 |  138.540600 |  143.480600 |  141.736800 |  136.524700 |  149.173300 |  138.199400 |  146.521700 |  145.436200 |  140.739300 |  146.204700 |  139.318800 |  146.522300 |  139.319200 |  148.680100 |  136.761200 |  143.080400 |  143.081400 |  144.667800 |  144.013900 |  148.322300 |  144.668300 |  147.654200 |  148.564600 |  144.988900 |  137.070800 |  147.654200 |  148.562700 |  145.725500 |  136.311700 |  139.585100 |  148.981100 |  146.818500 |  147.057900 |  140.275400 |  147.201900 |  142.219800 |  138.997600 |  142.432500 |  136.874800 |  140.514800 |  149.374700 |  144.874900 |  147.367900 |  142.847000 |  149.957100 |  136.520500 |  146.204800 |  147.059000 |  135.907700 |   135.689700 |   144.989600 |   145.102700 |   138.197500 |   142.430700 |   142.848100 |   144.016000 |   142.569500 |   143.480700 |   142.105500 |   143.192100 |   148.126200 |   141.526000 |   141.058800 |   141.059100 |   139.112900 |   141.251800 |   146.817600 |   142.570400 |   139.112300 |   147.968200 |   149.955900 |   150.082400 |   147.772200 |   148.051000 |   150.173900 |   147.771900 |   150.254900 |   137.300500 |   140.037600 |   140.853400 |   140.274100 |   137.647100 |   148.772900 |   138.198300 |   138.539200 |   136.081800 |   144.350400 |   144.015600 |   149.607700 |   143.800700 |   144.350700 |   148.323100 |   143.800100 |
|     call count    |         19 |         19 |         19 |         19 |         19 |         19 |         19 |         19 |         19 |         19 |          19 |          19 |          19 |          19 |          19 |          19 |          19 |          19 |          19 |          19 |          19 |          19 |          19 |          19 |          19 |          19 |          19 |          19 |          19 |          19 |          19 |          19 |          19 |          19 |          19 |          19 |          19 |          19 |          19 |          19 |          19 |          19 |          19 |          19 |          19 |          19 |          19 |          19 |          19 |          19 |          19 |          19 |          19 |          19 |          19 |          19 |          19 |          19 |          19 |          19 |          19 |          19 |          19 |          19 |          19 |          19 |          19 |          19 |          19 |          19 |          19 |          19 |          19 |          19 |          19 |          19 |          19 |          19 |          19 |          19 |          19 |          19 |          19 |          19 |          19 |          19 |          19 |          19 |          19 |          19 |          19 |          19 |          19 |          19 |          19 |          19 |          19 |          19 |          19 |          19 |           19 |           19 |           19 |           19 |           19 |           19 |           19 |           19 |           19 |           19 |           19 |           19 |           19 |           19 |           19 |           19 |           19 |           19 |           19 |           19 |           19 |           19 |           19 |           19 |           19 |           19 |           19 |           19 |           19 |           19 |           19 |           19 |           19 |           19 |           19 |           19 |           19 |           19 |           19 |           19 |           19 |           19 |           19 |           19 |
+-------------------+------------+------------+------------+------------+------------+------------+------------+------------+------------+------------+-------------+-------------+-------------+-------------+-------------+-------------+-------------+-------------+-------------+-------------+-------------+-------------+-------------+-------------+-------------+-------------+-------------+-------------+-------------+-------------+-------------+-------------+-------------+-------------+-------------+-------------+-------------+-------------+-------------+-------------+-------------+-------------+-------------+-------------+-------------+-------------+-------------+-------------+-------------+-------------+-------------+-------------+-------------+-------------+-------------+-------------+-------------+-------------+-------------+-------------+-------------+-------------+-------------+-------------+-------------+-------------+-------------+-------------+-------------+-------------+-------------+-------------+-------------+-------------+-------------+-------------+-------------+-------------+-------------+-------------+-------------+-------------+-------------+-------------+-------------+-------------+-------------+-------------+-------------+-------------+-------------+-------------+-------------+-------------+-------------+-------------+-------------+-------------+-------------+-------------+--------------+--------------+--------------+--------------+--------------+--------------+--------------+--------------+--------------+--------------+--------------+--------------+--------------+--------------+--------------+--------------+--------------+--------------+--------------+--------------+--------------+--------------+--------------+--------------+--------------+--------------+--------------+--------------+--------------+--------------+--------------+--------------+--------------+--------------+--------------+--------------+--------------+--------------+--------------+--------------+--------------+--------------+--------------+--------------+

+----------------------+---------+--------------+--------------+--------------+--------------+--------------+--------------+--------------+--------------+--------------+--------------+--------------+--------------+--------------+--------------+--------------+--------------+--------------+--------------+--------------+--------------+--------------+--------------+--------------+--------------+--------------+--------------+--------------+--------------+--------------+--------------+--------------+--------------+--------------+--------------+--------------+--------------+--------------+--------------+--------------+--------------+--------------+--------------+--------------+--------------+--------------+--------------+--------------+--------------+--------------+--------------+--------------+--------------+--------------+--------------+--------------+--------------+--------------+--------------+--------------+--------------+--------------+--------------+--------------+--------------+--------------+--------------+--------------+--------------+--------------+--------------+--------------+--------------+--------------+--------------+--------------+--------------+--------------+--------------+--------------+--------------+--------------+--------------+--------------+--------------+--------------+--------------+--------------+--------------+--------------+--------------+--------------+--------------+--------------+--------------+--------------+--------------+--------------+--------------+--------------+--------------+--------------+--------------+--------------+--------------+--------------+--------------+--------------+--------------+--------------+--------------+--------------+--------------+--------------+--------------+--------------+--------------+--------------+--------------+--------------+--------------+--------------+--------------+--------------+--------------+--------------+--------------+--------------+--------------+--------------+--------------+--------------+--------------+--------------+--------------+--------------+--------------+--------------+--------------+--------------+--------------+--------------+--------------+--------------+--------------+
|         Event        | Counter |  HWThread 0  |  HWThread 1  |  HWThread 2  |  HWThread 3  |  HWThread 4  |  HWThread 5  |  HWThread 6  |  HWThread 7  |  HWThread 8  |  HWThread 9  |  HWThread 10 |  HWThread 11 |  HWThread 12 |  HWThread 13 |  HWThread 14 |  HWThread 15 |  HWThread 16 |  HWThread 17 |  HWThread 18 |  HWThread 19 |  HWThread 20 |  HWThread 21 |  HWThread 22 |  HWThread 23 |  HWThread 24 |  HWThread 25 |  HWThread 26 |  HWThread 27 |  HWThread 28 |  HWThread 29 |  HWThread 30 |  HWThread 31 |  HWThread 32 |  HWThread 33 |  HWThread 34 |  HWThread 35 |  HWThread 36 |  HWThread 37 |  HWThread 38 |  HWThread 39 |  HWThread 40 |  HWThread 41 |  HWThread 42 |  HWThread 43 |  HWThread 44 |  HWThread 45 |  HWThread 46 |  HWThread 47 |  HWThread 48 |  HWThread 49 |  HWThread 50 |  HWThread 51 |  HWThread 52 |  HWThread 53 |  HWThread 54 |  HWThread 55 |  HWThread 56 |  HWThread 57 |  HWThread 58 |  HWThread 59 |  HWThread 60 |  HWThread 61 |  HWThread 62 |  HWThread 63 |  HWThread 64 |  HWThread 65 |  HWThread 66 |  HWThread 67 |  HWThread 68 |  HWThread 69 |  HWThread 70 |  HWThread 71 |  HWThread 72 |  HWThread 73 |  HWThread 74 |  HWThread 75 |  HWThread 76 |  HWThread 77 |  HWThread 78 |  HWThread 79 |  HWThread 80 |  HWThread 81 |  HWThread 82 |  HWThread 83 |  HWThread 84 |  HWThread 85 |  HWThread 86 |  HWThread 87 |  HWThread 88 |  HWThread 89 |  HWThread 90 |  HWThread 91 |  HWThread 92 |  HWThread 93 |  HWThread 94 |  HWThread 95 |  HWThread 96 |  HWThread 97 |  HWThread 98 |  HWThread 99 | HWThread 100 | HWThread 101 | HWThread 102 | HWThread 103 | HWThread 104 | HWThread 105 | HWThread 106 | HWThread 107 | HWThread 108 | HWThread 109 | HWThread 110 | HWThread 111 | HWThread 112 | HWThread 113 | HWThread 114 | HWThread 115 | HWThread 116 | HWThread 117 | HWThread 118 | HWThread 119 | HWThread 120 | HWThread 121 | HWThread 122 | HWThread 123 | HWThread 124 | HWThread 125 | HWThread 126 | HWThread 127 | HWThread 128 | HWThread 129 | HWThread 130 | HWThread 131 | HWThread 132 | HWThread 133 | HWThread 134 | HWThread 135 | HWThread 136 | HWThread 137 | HWThread 138 | HWThread 139 | HWThread 140 | HWThread 141 | HWThread 142 | HWThread 143 |
+----------------------+---------+--------------+--------------+--------------+--------------+--------------+--------------+--------------+--------------+--------------+--------------+--------------+--------------+--------------+--------------+--------------+--------------+--------------+--------------+--------------+--------------+--------------+--------------+--------------+--------------+--------------+--------------+--------------+--------------+--------------+--------------+--------------+--------------+--------------+--------------+--------------+--------------+--------------+--------------+--------------+--------------+--------------+--------------+--------------+--------------+--------------+--------------+--------------+--------------+--------------+--------------+--------------+--------------+--------------+--------------+--------------+--------------+--------------+--------------+--------------+--------------+--------------+--------------+--------------+--------------+--------------+--------------+--------------+--------------+--------------+--------------+--------------+--------------+--------------+--------------+--------------+--------------+--------------+--------------+--------------+--------------+--------------+--------------+--------------+--------------+--------------+--------------+--------------+--------------+--------------+--------------+--------------+--------------+--------------+--------------+--------------+--------------+--------------+--------------+--------------+--------------+--------------+--------------+--------------+--------------+--------------+--------------+--------------+--------------+--------------+--------------+--------------+--------------+--------------+--------------+--------------+--------------+--------------+--------------+--------------+--------------+--------------+--------------+--------------+--------------+--------------+--------------+--------------+--------------+--------------+--------------+--------------+--------------+--------------+--------------+--------------+--------------+--------------+--------------+--------------+--------------+--------------+--------------+--------------+--------------+
|   ACTUAL_CPU_CLOCK   |  FIXC1  | 473102000000 | 469099600000 | 469854100000 | 469647200000 | 469919800000 | 469725700000 | 469703700000 | 469850900000 | 469663900000 | 469636200000 | 469988200000 | 470030200000 | 470051700000 | 469830400000 | 469740200000 | 469559700000 | 469936900000 | 469768000000 | 469736900000 | 469888700000 | 469966400000 | 469798000000 | 469880500000 | 469782200000 | 469876300000 | 469833200000 | 469804300000 | 469721900000 | 469667800000 | 469832000000 | 469715800000 | 469822000000 | 469756200000 | 469964200000 | 470002100000 | 469747900000 | 469794500000 | 469783300000 | 469874200000 | 469923400000 | 469815400000 | 469626300000 | 469581800000 | 469671200000 | 469730100000 | 469743500000 | 469708000000 | 469733800000 | 469841100000 | 469684700000 | 469686900000 | 470616300000 | 469665600000 | 469685200000 | 469627300000 | 469816600000 | 469800400000 | 469916600000 | 469723100000 | 469985800000 | 469895800000 | 469756000000 | 469803000000 | 469803600000 | 469797300000 | 469694600000 | 469717900000 | 469702300000 | 469738700000 | 469902900000 | 469897600000 | 469986700000 | 469591400000 | 469874800000 | 469873700000 | 469973500000 | 469813500000 | 469917600000 | 470038000000 | 469782500000 | 470001700000 | 470155900000 | 470032600000 | 470081200000 | 470261900000 | 469901700000 | 470300400000 | 470096700000 | 469998000000 | 469882000000 | 469799500000 | 469720700000 | 469931800000 | 469784000000 | 469935800000 | 469828700000 | 498585600000 | 498430700000 | 498521800000 | 498445200000 | 498385000000 | 498458200000 | 498480700000 | 498394700000 | 498418200000 | 498286500000 | 498444700000 | 498404500000 | 498542600000 | 498376400000 | 498343800000 | 498399700000 | 498590200000 | 498557000000 | 498675400000 | 498612900000 | 498591400000 | 498694900000 | 498510900000 | 498577900000 | 498389100000 | 498597600000 | 498467400000 | 498469800000 | 498581700000 | 498505100000 | 498453100000 | 498539800000 | 498527700000 | 498255100000 | 498325600000 | 498475700000 | 498273900000 | 498260800000 | 498346600000 | 498262100000 | 498360400000 | 498486800000 | 498442200000 | 498390000000 | 498504300000 | 498326600000 | 498599000000 | 498366300000 |
|     MAX_CPU_CLOCK    |  FIXC2  | 353060000000 | 352328800000 | 352282200000 | 352279200000 | 352285200000 | 352288800000 | 352263200000 | 352329700000 | 352332400000 | 352294200000 | 352449600000 | 352407100000 | 352388400000 | 352301600000 | 352348200000 | 352255800000 | 352399800000 | 352376300000 | 352366700000 | 352328800000 | 352427000000 | 352372700000 | 352322700000 | 352405200000 | 352302700000 | 352287300000 | 352286800000 | 352334200000 | 352311300000 | 352297900000 | 352323100000 | 352286100000 | 352371100000 | 352457100000 | 352363100000 | 352385400000 | 352422800000 | 352367600000 | 352426800000 | 352418200000 | 352286700000 | 352253500000 | 352207200000 | 352260900000 | 352243600000 | 352206300000 | 352218400000 | 352248500000 | 352326300000 | 352370400000 | 352339600000 | 352321800000 | 352359100000 | 352340900000 | 352337400000 | 352357400000 | 352383400000 | 352363500000 | 352357100000 | 352380200000 | 352312900000 | 352371400000 | 352312800000 | 352399000000 | 352313100000 | 352291700000 | 352299100000 | 352320600000 | 352370100000 | 352375000000 | 352326800000 | 352275800000 | 352254600000 | 352315900000 | 352307700000 | 352327600000 | 352331200000 | 352338600000 | 352360300000 | 352320400000 | 352418500000 | 352435900000 | 352493100000 | 352450500000 | 352430100000 | 352436600000 | 352456800000 | 352474600000 | 352451900000 | 352316700000 | 352254200000 | 352285600000 | 352271700000 | 352287500000 | 352299500000 | 352260700000 | 352391000000 | 352413300000 | 352393400000 | 352358700000 | 352386200000 | 352396700000 | 352434100000 | 352375000000 | 352349700000 | 352295300000 | 352376900000 | 352329400000 | 352364700000 | 352322200000 | 352335500000 | 352340100000 | 352514100000 | 352499500000 | 352477600000 | 352484100000 | 352505500000 | 352486100000 | 352489300000 | 352496900000 | 352391000000 | 352438700000 | 352427800000 | 352469900000 | 352376900000 | 352445900000 | 352453300000 | 352440400000 | 352315900000 | 352350400000 | 352348200000 | 352341700000 | 352336700000 | 352318100000 | 352339600000 | 352311000000 | 352367100000 | 352427400000 | 352380000000 | 352340500000 | 352382500000 | 352351400000 | 352427400000 | 352367400000 |
| RETIRED_INSTRUCTIONS |   PMC0  | 689123700000 | 677587000000 | 681689100000 | 680559400000 | 681176800000 | 679367400000 | 680518900000 | 680194600000 | 694173400000 | 693049000000 | 691807900000 | 694055200000 | 693499700000 | 694567000000 | 692740200000 | 692710200000 | 686399500000 | 686270800000 | 686721000000 | 686469200000 | 685180800000 | 686436700000 | 685075700000 | 686212500000 | 683161900000 | 682763600000 | 683161700000 | 681439700000 | 682199800000 | 682357800000 | 681913100000 | 681410900000 | 694147200000 | 694390600000 | 693934200000 | 691168300000 | 692737000000 | 691859600000 | 693240000000 | 693047500000 | 684439000000 | 683530200000 | 684519500000 | 683722500000 | 684849200000 | 683579800000 | 683285200000 | 683933900000 | 683096400000 | 682281900000 | 682418500000 | 685866700000 | 681525700000 | 683055800000 | 682214800000 | 681501000000 | 693572400000 | 694071000000 | 693957600000 | 695149100000 | 693703100000 | 693681300000 | 693695900000 | 692950500000 | 684473300000 | 682838500000 | 683853400000 | 682909000000 | 683306100000 | 683849500000 | 683597500000 | 684330600000 | 681575700000 | 682157000000 | 682473400000 | 682406000000 | 682430500000 | 682567600000 | 683096400000 | 681552900000 | 693906600000 | 693398600000 | 692683200000 | 693401300000 | 694224100000 | 692257600000 | 693645500000 | 693353200000 | 689193800000 | 685801600000 | 684588600000 | 685302800000 | 685795700000 | 686147300000 | 686114000000 | 685699500000 | 611619700000 | 610381000000 | 610621200000 | 610969700000 | 610822000000 | 611319800000 | 611266100000 | 611145200000 | 655734100000 | 655502100000 | 655842900000 | 656081300000 | 655562800000 | 656271600000 | 655194700000 | 654846800000 | 611925600000 | 612913900000 | 612739200000 | 611616700000 | 612565300000 | 611411200000 | 612894700000 | 612357500000 | 607526500000 | 606683700000 | 607944200000 | 606628200000 | 607708300000 | 606331300000 | 606909200000 | 607174300000 | 653478300000 | 652006000000 | 652543500000 | 653002200000 | 651522900000 | 652079900000 | 652199400000 | 652097600000 | 608019000000 | 606938500000 | 607005400000 | 606403500000 | 608334500000 | 606821400000 | 607107800000 | 607619200000 |
|  CPU_CLOCKS_UNHALTED |   PMC1  | 463968300000 | 461409200000 | 462148200000 | 461698200000 | 462214900000 | 461896400000 | 461918900000 | 462198200000 | 462367600000 | 462525200000 | 462387600000 | 462767000000 | 462683100000 | 462558100000 | 462327700000 | 462180600000 | 462076000000 | 462028000000 | 462249600000 | 462507100000 | 462349900000 | 462303900000 | 462338800000 | 462315900000 | 462079700000 | 462403200000 | 462127600000 | 462207600000 | 462139900000 | 462232300000 | 462034100000 | 462078400000 | 462565900000 | 462712300000 | 462778300000 | 462101800000 | 462554600000 | 462681200000 | 462707200000 | 462637100000 | 462326900000 | 462022800000 | 461847400000 | 462278300000 | 462101000000 | 462117800000 | 462140300000 | 462073000000 | 462123400000 | 461977500000 | 462180900000 | 463162300000 | 461991100000 | 461974100000 | 461929200000 | 462305100000 | 462351300000 | 462607300000 | 462452000000 | 462797300000 | 462401200000 | 462615400000 | 462546500000 | 462462200000 | 462307100000 | 461849400000 | 462232600000 | 462041600000 | 462109300000 | 462417500000 | 462589100000 | 462571200000 | 462013100000 | 462383900000 | 462553200000 | 462448100000 | 462360700000 | 462366300000 | 462695500000 | 461524200000 | 462649100000 | 462774700000 | 462601100000 | 462673100000 | 463082700000 | 462562000000 | 462800200000 | 462725400000 | 462117000000 | 462298000000 | 462070800000 | 462269000000 | 462413800000 | 462351600000 | 462457700000 | 462418800000 | 493119400000 | 493036500000 | 493296600000 | 493277400000 | 493107600000 | 493270900000 | 493205400000 | 493205200000 | 492095800000 | 492191200000 | 492157400000 | 492245000000 | 492429100000 | 492269000000 | 492084300000 | 492337800000 | 492762600000 | 492694000000 | 492829100000 | 492655000000 | 492832300000 | 493130600000 | 493002400000 | 492845300000 | 492779800000 | 493096600000 | 493020600000 | 492958000000 | 493235500000 | 493048600000 | 492973300000 | 493234200000 | 492204600000 | 492042800000 | 491886200000 | 492067200000 | 491918800000 | 491971100000 | 492025000000 | 491864300000 | 493235600000 | 493188900000 | 493177000000 | 493184300000 | 493259900000 | 492990300000 | 493315600000 | 492953200000 |
|      CAS_CMD_RD      |  UMC0C0 |  42174230000 |            0 |            0 |            0 |            0 |            0 |            0 |            0 |            0 |            0 |            0 |            0 |            0 |            0 |            0 |            0 |            0 |            0 |            0 |            0 |            0 |            0 |            0 |            0 |            0 |            0 |            0 |            0 |            0 |            0 |            0 |            0 |            0 |            0 |            0 |            0 |            0 |            0 |            0 |            0 |            0 |            0 |            0 |            0 |            0 |            0 |            0 |            0 |            0 |            0 |            0 |            0 |            0 |            0 |            0 |            0 |            0 |            0 |            0 |            0 |            0 |            0 |            0 |            0 |            0 |            0 |            0 |            0 |            0 |            0 |            0 |            0 |            0 |            0 |            0 |            0 |            0 |            0 |            0 |            0 |            0 |            0 |            0 |            0 |            0 |            0 |            0 |            0 |            0 |            0 |            0 |            0 |            0 |            0 |            0 |            0 |  11090690000 |            0 |            0 |            0 |            0 |            0 |            0 |            0 |            0 |            0 |            0 |            0 |            0 |            0 |            0 |            0 |            0 |            0 |            0 |            0 |            0 |            0 |            0 |            0 |            0 |            0 |            0 |            0 |            0 |            0 |            0 |            0 |            0 |            0 |            0 |            0 |            0 |            0 |            0 |            0 |            0 |            0 |            0 |            0 |            0 |            0 |            0 |            0 |
|      CAS_CMD_WR      |  UMC0C1 |    156913600 |            0 |            0 |            0 |            0 |            0 |            0 |            0 |            0 |            0 |            0 |            0 |            0 |            0 |            0 |            0 |            0 |            0 |            0 |            0 |            0 |            0 |            0 |            0 |            0 |            0 |            0 |            0 |            0 |            0 |            0 |            0 |            0 |            0 |            0 |            0 |            0 |            0 |            0 |            0 |            0 |            0 |            0 |            0 |            0 |            0 |            0 |            0 |            0 |            0 |            0 |            0 |            0 |            0 |            0 |            0 |            0 |            0 |            0 |            0 |            0 |            0 |            0 |            0 |            0 |            0 |            0 |            0 |            0 |            0 |            0 |            0 |            0 |            0 |            0 |            0 |            0 |            0 |            0 |            0 |            0 |            0 |            0 |            0 |            0 |            0 |            0 |            0 |            0 |            0 |            0 |            0 |            0 |            0 |            0 |            0 |     68770440 |            0 |            0 |            0 |            0 |            0 |            0 |            0 |            0 |            0 |            0 |            0 |            0 |            0 |            0 |            0 |            0 |            0 |            0 |            0 |            0 |            0 |            0 |            0 |            0 |            0 |            0 |            0 |            0 |            0 |            0 |            0 |            0 |            0 |            0 |            0 |            0 |            0 |            0 |            0 |            0 |            0 |            0 |            0 |            0 |            0 |            0 |            0 |
|      CAS_CMD_RD      |  UMC1C0 |  42196700000 |            0 |            0 |            0 |            0 |            0 |            0 |            0 |            0 |            0 |            0 |            0 |            0 |            0 |            0 |            0 |            0 |            0 |            0 |            0 |            0 |            0 |            0 |            0 |            0 |            0 |            0 |            0 |            0 |            0 |            0 |            0 |            0 |            0 |            0 |            0 |            0 |            0 |            0 |            0 |            0 |            0 |            0 |            0 |            0 |            0 |            0 |            0 |            0 |            0 |            0 |            0 |            0 |            0 |            0 |            0 |            0 |            0 |            0 |            0 |            0 |            0 |            0 |            0 |            0 |            0 |            0 |            0 |            0 |            0 |            0 |            0 |            0 |            0 |            0 |            0 |            0 |            0 |            0 |            0 |            0 |            0 |            0 |            0 |            0 |            0 |            0 |            0 |            0 |            0 |            0 |            0 |            0 |            0 |            0 |            0 |  11111340000 |            0 |            0 |            0 |            0 |            0 |            0 |            0 |            0 |            0 |            0 |            0 |            0 |            0 |            0 |            0 |            0 |            0 |            0 |            0 |            0 |            0 |            0 |            0 |            0 |            0 |            0 |            0 |            0 |            0 |            0 |            0 |            0 |            0 |            0 |            0 |            0 |            0 |            0 |            0 |            0 |            0 |            0 |            0 |            0 |            0 |            0 |            0 |
|      CAS_CMD_WR      |  UMC1C1 |    159260800 |            0 |            0 |            0 |            0 |            0 |            0 |            0 |            0 |            0 |            0 |            0 |            0 |            0 |            0 |            0 |            0 |            0 |            0 |            0 |            0 |            0 |            0 |            0 |            0 |            0 |            0 |            0 |            0 |            0 |            0 |            0 |            0 |            0 |            0 |            0 |            0 |            0 |            0 |            0 |            0 |            0 |            0 |            0 |            0 |            0 |            0 |            0 |            0 |            0 |            0 |            0 |            0 |            0 |            0 |            0 |            0 |            0 |            0 |            0 |            0 |            0 |            0 |            0 |            0 |            0 |            0 |            0 |            0 |            0 |            0 |            0 |            0 |            0 |            0 |            0 |            0 |            0 |            0 |            0 |            0 |            0 |            0 |            0 |            0 |            0 |            0 |            0 |            0 |            0 |            0 |            0 |            0 |            0 |            0 |            0 |     69001880 |            0 |            0 |            0 |            0 |            0 |            0 |            0 |            0 |            0 |            0 |            0 |            0 |            0 |            0 |            0 |            0 |            0 |            0 |            0 |            0 |            0 |            0 |            0 |            0 |            0 |            0 |            0 |            0 |            0 |            0 |            0 |            0 |            0 |            0 |            0 |            0 |            0 |            0 |            0 |            0 |            0 |            0 |            0 |            0 |            0 |            0 |            0 |
|      CAS_CMD_RD      |  UMC2C0 |  42152330000 |            0 |            0 |            0 |            0 |            0 |            0 |            0 |            0 |            0 |            0 |            0 |            0 |            0 |            0 |            0 |            0 |            0 |            0 |            0 |            0 |            0 |            0 |            0 |            0 |            0 |            0 |            0 |            0 |            0 |            0 |            0 |            0 |            0 |            0 |            0 |            0 |            0 |            0 |            0 |            0 |            0 |            0 |            0 |            0 |            0 |            0 |            0 |            0 |            0 |            0 |            0 |            0 |            0 |            0 |            0 |            0 |            0 |            0 |            0 |            0 |            0 |            0 |            0 |            0 |            0 |            0 |            0 |            0 |            0 |            0 |            0 |            0 |            0 |            0 |            0 |            0 |            0 |            0 |            0 |            0 |            0 |            0 |            0 |            0 |            0 |            0 |            0 |            0 |            0 |            0 |            0 |            0 |            0 |            0 |            0 |  11008140000 |            0 |            0 |            0 |            0 |            0 |            0 |            0 |            0 |            0 |            0 |            0 |            0 |            0 |            0 |            0 |            0 |            0 |            0 |            0 |            0 |            0 |            0 |            0 |            0 |            0 |            0 |            0 |            0 |            0 |            0 |            0 |            0 |            0 |            0 |            0 |            0 |            0 |            0 |            0 |            0 |            0 |            0 |            0 |            0 |            0 |            0 |            0 |
|      CAS_CMD_WR      |  UMC2C1 |    158640500 |            0 |            0 |            0 |            0 |            0 |            0 |            0 |            0 |            0 |            0 |            0 |            0 |            0 |            0 |            0 |            0 |            0 |            0 |            0 |            0 |            0 |            0 |            0 |            0 |            0 |            0 |            0 |            0 |            0 |            0 |            0 |            0 |            0 |            0 |            0 |            0 |            0 |            0 |            0 |            0 |            0 |            0 |            0 |            0 |            0 |            0 |            0 |            0 |            0 |            0 |            0 |            0 |            0 |            0 |            0 |            0 |            0 |            0 |            0 |            0 |            0 |            0 |            0 |            0 |            0 |            0 |            0 |            0 |            0 |            0 |            0 |            0 |            0 |            0 |            0 |            0 |            0 |            0 |            0 |            0 |            0 |            0 |            0 |            0 |            0 |            0 |            0 |            0 |            0 |            0 |            0 |            0 |            0 |            0 |            0 |     68762620 |            0 |            0 |            0 |            0 |            0 |            0 |            0 |            0 |            0 |            0 |            0 |            0 |            0 |            0 |            0 |            0 |            0 |            0 |            0 |            0 |            0 |            0 |            0 |            0 |            0 |            0 |            0 |            0 |            0 |            0 |            0 |            0 |            0 |            0 |            0 |            0 |            0 |            0 |            0 |            0 |            0 |            0 |            0 |            0 |            0 |            0 |            0 |
|      CAS_CMD_RD      |  UMC3C0 |  42200990000 |            0 |            0 |            0 |            0 |            0 |            0 |            0 |            0 |            0 |            0 |            0 |            0 |            0 |            0 |            0 |            0 |            0 |            0 |            0 |            0 |            0 |            0 |            0 |            0 |            0 |            0 |            0 |            0 |            0 |            0 |            0 |            0 |            0 |            0 |            0 |            0 |            0 |            0 |            0 |            0 |            0 |            0 |            0 |            0 |            0 |            0 |            0 |            0 |            0 |            0 |            0 |            0 |            0 |            0 |            0 |            0 |            0 |            0 |            0 |            0 |            0 |            0 |            0 |            0 |            0 |            0 |            0 |            0 |            0 |            0 |            0 |            0 |            0 |            0 |            0 |            0 |            0 |            0 |            0 |            0 |            0 |            0 |            0 |            0 |            0 |            0 |            0 |            0 |            0 |            0 |            0 |            0 |            0 |            0 |            0 |  11027060000 |            0 |            0 |            0 |            0 |            0 |            0 |            0 |            0 |            0 |            0 |            0 |            0 |            0 |            0 |            0 |            0 |            0 |            0 |            0 |            0 |            0 |            0 |            0 |            0 |            0 |            0 |            0 |            0 |            0 |            0 |            0 |            0 |            0 |            0 |            0 |            0 |            0 |            0 |            0 |            0 |            0 |            0 |            0 |            0 |            0 |            0 |            0 |
|      CAS_CMD_WR      |  UMC3C1 |    158056600 |            0 |            0 |            0 |            0 |            0 |            0 |            0 |            0 |            0 |            0 |            0 |            0 |            0 |            0 |            0 |            0 |            0 |            0 |            0 |            0 |            0 |            0 |            0 |            0 |            0 |            0 |            0 |            0 |            0 |            0 |            0 |            0 |            0 |            0 |            0 |            0 |            0 |            0 |            0 |            0 |            0 |            0 |            0 |            0 |            0 |            0 |            0 |            0 |            0 |            0 |            0 |            0 |            0 |            0 |            0 |            0 |            0 |            0 |            0 |            0 |            0 |            0 |            0 |            0 |            0 |            0 |            0 |            0 |            0 |            0 |            0 |            0 |            0 |            0 |            0 |            0 |            0 |            0 |            0 |            0 |            0 |            0 |            0 |            0 |            0 |            0 |            0 |            0 |            0 |            0 |            0 |            0 |            0 |            0 |            0 |     69313780 |            0 |            0 |            0 |            0 |            0 |            0 |            0 |            0 |            0 |            0 |            0 |            0 |            0 |            0 |            0 |            0 |            0 |            0 |            0 |            0 |            0 |            0 |            0 |            0 |            0 |            0 |            0 |            0 |            0 |            0 |            0 |            0 |            0 |            0 |            0 |            0 |            0 |            0 |            0 |            0 |            0 |            0 |            0 |            0 |            0 |            0 |            0 |
|      CAS_CMD_RD      |  UMC4C0 |  42113300000 |            0 |            0 |            0 |            0 |            0 |            0 |            0 |            0 |            0 |            0 |            0 |            0 |            0 |            0 |            0 |            0 |            0 |            0 |            0 |            0 |            0 |            0 |            0 |            0 |            0 |            0 |            0 |            0 |            0 |            0 |            0 |            0 |            0 |            0 |            0 |            0 |            0 |            0 |            0 |            0 |            0 |            0 |            0 |            0 |            0 |            0 |            0 |            0 |            0 |            0 |            0 |            0 |            0 |            0 |            0 |            0 |            0 |            0 |            0 |            0 |            0 |            0 |            0 |            0 |            0 |            0 |            0 |            0 |            0 |            0 |            0 |            0 |            0 |            0 |            0 |            0 |            0 |            0 |            0 |            0 |            0 |            0 |            0 |            0 |            0 |            0 |            0 |            0 |            0 |            0 |            0 |            0 |            0 |            0 |            0 |  10995970000 |            0 |            0 |            0 |            0 |            0 |            0 |            0 |            0 |            0 |            0 |            0 |            0 |            0 |            0 |            0 |            0 |            0 |            0 |            0 |            0 |            0 |            0 |            0 |            0 |            0 |            0 |            0 |            0 |            0 |            0 |            0 |            0 |            0 |            0 |            0 |            0 |            0 |            0 |            0 |            0 |            0 |            0 |            0 |            0 |            0 |            0 |            0 |
|      CAS_CMD_WR      |  UMC4C1 |    159790300 |            0 |            0 |            0 |            0 |            0 |            0 |            0 |            0 |            0 |            0 |            0 |            0 |            0 |            0 |            0 |            0 |            0 |            0 |            0 |            0 |            0 |            0 |            0 |            0 |            0 |            0 |            0 |            0 |            0 |            0 |            0 |            0 |            0 |            0 |            0 |            0 |            0 |            0 |            0 |            0 |            0 |            0 |            0 |            0 |            0 |            0 |            0 |            0 |            0 |            0 |            0 |            0 |            0 |            0 |            0 |            0 |            0 |            0 |            0 |            0 |            0 |            0 |            0 |            0 |            0 |            0 |            0 |            0 |            0 |            0 |            0 |            0 |            0 |            0 |            0 |            0 |            0 |            0 |            0 |            0 |            0 |            0 |            0 |            0 |            0 |            0 |            0 |            0 |            0 |            0 |            0 |            0 |            0 |            0 |            0 |     68542180 |            0 |            0 |            0 |            0 |            0 |            0 |            0 |            0 |            0 |            0 |            0 |            0 |            0 |            0 |            0 |            0 |            0 |            0 |            0 |            0 |            0 |            0 |            0 |            0 |            0 |            0 |            0 |            0 |            0 |            0 |            0 |            0 |            0 |            0 |            0 |            0 |            0 |            0 |            0 |            0 |            0 |            0 |            0 |            0 |            0 |            0 |            0 |
|      CAS_CMD_RD      |  UMC5C0 |  42229230000 |            0 |            0 |            0 |            0 |            0 |            0 |            0 |            0 |            0 |            0 |            0 |            0 |            0 |            0 |            0 |            0 |            0 |            0 |            0 |            0 |            0 |            0 |            0 |            0 |            0 |            0 |            0 |            0 |            0 |            0 |            0 |            0 |            0 |            0 |            0 |            0 |            0 |            0 |            0 |            0 |            0 |            0 |            0 |            0 |            0 |            0 |            0 |            0 |            0 |            0 |            0 |            0 |            0 |            0 |            0 |            0 |            0 |            0 |            0 |            0 |            0 |            0 |            0 |            0 |            0 |            0 |            0 |            0 |            0 |            0 |            0 |            0 |            0 |            0 |            0 |            0 |            0 |            0 |            0 |            0 |            0 |            0 |            0 |            0 |            0 |            0 |            0 |            0 |            0 |            0 |            0 |            0 |            0 |            0 |            0 |  11049730000 |            0 |            0 |            0 |            0 |            0 |            0 |            0 |            0 |            0 |            0 |            0 |            0 |            0 |            0 |            0 |            0 |            0 |            0 |            0 |            0 |            0 |            0 |            0 |            0 |            0 |            0 |            0 |            0 |            0 |            0 |            0 |            0 |            0 |            0 |            0 |            0 |            0 |            0 |            0 |            0 |            0 |            0 |            0 |            0 |            0 |            0 |            0 |
|      CAS_CMD_WR      |  UMC5C1 |    157455800 |            0 |            0 |            0 |            0 |            0 |            0 |            0 |            0 |            0 |            0 |            0 |            0 |            0 |            0 |            0 |            0 |            0 |            0 |            0 |            0 |            0 |            0 |            0 |            0 |            0 |            0 |            0 |            0 |            0 |            0 |            0 |            0 |            0 |            0 |            0 |            0 |            0 |            0 |            0 |            0 |            0 |            0 |            0 |            0 |            0 |            0 |            0 |            0 |            0 |            0 |            0 |            0 |            0 |            0 |            0 |            0 |            0 |            0 |            0 |            0 |            0 |            0 |            0 |            0 |            0 |            0 |            0 |            0 |            0 |            0 |            0 |            0 |            0 |            0 |            0 |            0 |            0 |            0 |            0 |            0 |            0 |            0 |            0 |            0 |            0 |            0 |            0 |            0 |            0 |            0 |            0 |            0 |            0 |            0 |            0 |     68245300 |            0 |            0 |            0 |            0 |            0 |            0 |            0 |            0 |            0 |            0 |            0 |            0 |            0 |            0 |            0 |            0 |            0 |            0 |            0 |            0 |            0 |            0 |            0 |            0 |            0 |            0 |            0 |            0 |            0 |            0 |            0 |            0 |            0 |            0 |            0 |            0 |            0 |            0 |            0 |            0 |            0 |            0 |            0 |            0 |            0 |            0 |            0 |
|      CAS_CMD_RD      |  UMC6C0 |  42172330000 |            0 |            0 |            0 |            0 |            0 |            0 |            0 |            0 |            0 |            0 |            0 |            0 |            0 |            0 |            0 |            0 |            0 |            0 |            0 |            0 |            0 |            0 |            0 |            0 |            0 |            0 |            0 |            0 |            0 |            0 |            0 |            0 |            0 |            0 |            0 |            0 |            0 |            0 |            0 |            0 |            0 |            0 |            0 |            0 |            0 |            0 |            0 |            0 |            0 |            0 |            0 |            0 |            0 |            0 |            0 |            0 |            0 |            0 |            0 |            0 |            0 |            0 |            0 |            0 |            0 |            0 |            0 |            0 |            0 |            0 |            0 |            0 |            0 |            0 |            0 |            0 |            0 |            0 |            0 |            0 |            0 |            0 |            0 |            0 |            0 |            0 |            0 |            0 |            0 |            0 |            0 |            0 |            0 |            0 |            0 |  11143000000 |            0 |            0 |            0 |            0 |            0 |            0 |            0 |            0 |            0 |            0 |            0 |            0 |            0 |            0 |            0 |            0 |            0 |            0 |            0 |            0 |            0 |            0 |            0 |            0 |            0 |            0 |            0 |            0 |            0 |            0 |            0 |            0 |            0 |            0 |            0 |            0 |            0 |            0 |            0 |            0 |            0 |            0 |            0 |            0 |            0 |            0 |            0 |
|      CAS_CMD_WR      |  UMC6C1 |    156765100 |            0 |            0 |            0 |            0 |            0 |            0 |            0 |            0 |            0 |            0 |            0 |            0 |            0 |            0 |            0 |            0 |            0 |            0 |            0 |            0 |            0 |            0 |            0 |            0 |            0 |            0 |            0 |            0 |            0 |            0 |            0 |            0 |            0 |            0 |            0 |            0 |            0 |            0 |            0 |            0 |            0 |            0 |            0 |            0 |            0 |            0 |            0 |            0 |            0 |            0 |            0 |            0 |            0 |            0 |            0 |            0 |            0 |            0 |            0 |            0 |            0 |            0 |            0 |            0 |            0 |            0 |            0 |            0 |            0 |            0 |            0 |            0 |            0 |            0 |            0 |            0 |            0 |            0 |            0 |            0 |            0 |            0 |            0 |            0 |            0 |            0 |            0 |            0 |            0 |            0 |            0 |            0 |            0 |            0 |            0 |     69017100 |            0 |            0 |            0 |            0 |            0 |            0 |            0 |            0 |            0 |            0 |            0 |            0 |            0 |            0 |            0 |            0 |            0 |            0 |            0 |            0 |            0 |            0 |            0 |            0 |            0 |            0 |            0 |            0 |            0 |            0 |            0 |            0 |            0 |            0 |            0 |            0 |            0 |            0 |            0 |            0 |            0 |            0 |            0 |            0 |            0 |            0 |            0 |
|      CAS_CMD_RD      |  UMC7C0 |  42016380000 |            0 |            0 |            0 |            0 |            0 |            0 |            0 |            0 |            0 |            0 |            0 |            0 |            0 |            0 |            0 |            0 |            0 |            0 |            0 |            0 |            0 |            0 |            0 |            0 |            0 |            0 |            0 |            0 |            0 |            0 |            0 |            0 |            0 |            0 |            0 |            0 |            0 |            0 |            0 |            0 |            0 |            0 |            0 |            0 |            0 |            0 |            0 |            0 |            0 |            0 |            0 |            0 |            0 |            0 |            0 |            0 |            0 |            0 |            0 |            0 |            0 |            0 |            0 |            0 |            0 |            0 |            0 |            0 |            0 |            0 |            0 |            0 |            0 |            0 |            0 |            0 |            0 |            0 |            0 |            0 |            0 |            0 |            0 |            0 |            0 |            0 |            0 |            0 |            0 |            0 |            0 |            0 |            0 |            0 |            0 |  11084460000 |            0 |            0 |            0 |            0 |            0 |            0 |            0 |            0 |            0 |            0 |            0 |            0 |            0 |            0 |            0 |            0 |            0 |            0 |            0 |            0 |            0 |            0 |            0 |            0 |            0 |            0 |            0 |            0 |            0 |            0 |            0 |            0 |            0 |            0 |            0 |            0 |            0 |            0 |            0 |            0 |            0 |            0 |            0 |            0 |            0 |            0 |            0 |
|      CAS_CMD_WR      |  UMC7C1 |    161283400 |            0 |            0 |            0 |            0 |            0 |            0 |            0 |            0 |            0 |            0 |            0 |            0 |            0 |            0 |            0 |            0 |            0 |            0 |            0 |            0 |            0 |            0 |            0 |            0 |            0 |            0 |            0 |            0 |            0 |            0 |            0 |            0 |            0 |            0 |            0 |            0 |            0 |            0 |            0 |            0 |            0 |            0 |            0 |            0 |            0 |            0 |            0 |            0 |            0 |            0 |            0 |            0 |            0 |            0 |            0 |            0 |            0 |            0 |            0 |            0 |            0 |            0 |            0 |            0 |            0 |            0 |            0 |            0 |            0 |            0 |            0 |            0 |            0 |            0 |            0 |            0 |            0 |            0 |            0 |            0 |            0 |            0 |            0 |            0 |            0 |            0 |            0 |            0 |            0 |            0 |            0 |            0 |            0 |            0 |            0 |     68720440 |            0 |            0 |            0 |            0 |            0 |            0 |            0 |            0 |            0 |            0 |            0 |            0 |            0 |            0 |            0 |            0 |            0 |            0 |            0 |            0 |            0 |            0 |            0 |            0 |            0 |            0 |            0 |            0 |            0 |            0 |            0 |            0 |            0 |            0 |            0 |            0 |            0 |            0 |            0 |            0 |            0 |            0 |            0 |            0 |            0 |            0 |            0 |
|      CAS_CMD_RD      |  UMC8C0 |  42037840000 |            0 |            0 |            0 |            0 |            0 |            0 |            0 |            0 |            0 |            0 |            0 |            0 |            0 |            0 |            0 |            0 |            0 |            0 |            0 |            0 |            0 |            0 |            0 |            0 |            0 |            0 |            0 |            0 |            0 |            0 |            0 |            0 |            0 |            0 |            0 |            0 |            0 |            0 |            0 |            0 |            0 |            0 |            0 |            0 |            0 |            0 |            0 |            0 |            0 |            0 |            0 |            0 |            0 |            0 |            0 |            0 |            0 |            0 |            0 |            0 |            0 |            0 |            0 |            0 |            0 |            0 |            0 |            0 |            0 |            0 |            0 |            0 |            0 |            0 |            0 |            0 |            0 |            0 |            0 |            0 |            0 |            0 |            0 |            0 |            0 |            0 |            0 |            0 |            0 |            0 |            0 |            0 |            0 |            0 |            0 |  11027280000 |            0 |            0 |            0 |            0 |            0 |            0 |            0 |            0 |            0 |            0 |            0 |            0 |            0 |            0 |            0 |            0 |            0 |            0 |            0 |            0 |            0 |            0 |            0 |            0 |            0 |            0 |            0 |            0 |            0 |            0 |            0 |            0 |            0 |            0 |            0 |            0 |            0 |            0 |            0 |            0 |            0 |            0 |            0 |            0 |            0 |            0 |            0 |
|      CAS_CMD_WR      |  UMC8C1 |    157115600 |            0 |            0 |            0 |            0 |            0 |            0 |            0 |            0 |            0 |            0 |            0 |            0 |            0 |            0 |            0 |            0 |            0 |            0 |            0 |            0 |            0 |            0 |            0 |            0 |            0 |            0 |            0 |            0 |            0 |            0 |            0 |            0 |            0 |            0 |            0 |            0 |            0 |            0 |            0 |            0 |            0 |            0 |            0 |            0 |            0 |            0 |            0 |            0 |            0 |            0 |            0 |            0 |            0 |            0 |            0 |            0 |            0 |            0 |            0 |            0 |            0 |            0 |            0 |            0 |            0 |            0 |            0 |            0 |            0 |            0 |            0 |            0 |            0 |            0 |            0 |            0 |            0 |            0 |            0 |            0 |            0 |            0 |            0 |            0 |            0 |            0 |            0 |            0 |            0 |            0 |            0 |            0 |            0 |            0 |            0 |     68446240 |            0 |            0 |            0 |            0 |            0 |            0 |            0 |            0 |            0 |            0 |            0 |            0 |            0 |            0 |            0 |            0 |            0 |            0 |            0 |            0 |            0 |            0 |            0 |            0 |            0 |            0 |            0 |            0 |            0 |            0 |            0 |            0 |            0 |            0 |            0 |            0 |            0 |            0 |            0 |            0 |            0 |            0 |            0 |            0 |            0 |            0 |            0 |
|      CAS_CMD_RD      |  UMC9C0 |  42256490000 |            0 |            0 |            0 |            0 |            0 |            0 |            0 |            0 |            0 |            0 |            0 |            0 |            0 |            0 |            0 |            0 |            0 |            0 |            0 |            0 |            0 |            0 |            0 |            0 |            0 |            0 |            0 |            0 |            0 |            0 |            0 |            0 |            0 |            0 |            0 |            0 |            0 |            0 |            0 |            0 |            0 |            0 |            0 |            0 |            0 |            0 |            0 |            0 |            0 |            0 |            0 |            0 |            0 |            0 |            0 |            0 |            0 |            0 |            0 |            0 |            0 |            0 |            0 |            0 |            0 |            0 |            0 |            0 |            0 |            0 |            0 |            0 |            0 |            0 |            0 |            0 |            0 |            0 |            0 |            0 |            0 |            0 |            0 |            0 |            0 |            0 |            0 |            0 |            0 |            0 |            0 |            0 |            0 |            0 |            0 |  11027820000 |            0 |            0 |            0 |            0 |            0 |            0 |            0 |            0 |            0 |            0 |            0 |            0 |            0 |            0 |            0 |            0 |            0 |            0 |            0 |            0 |            0 |            0 |            0 |            0 |            0 |            0 |            0 |            0 |            0 |            0 |            0 |            0 |            0 |            0 |            0 |            0 |            0 |            0 |            0 |            0 |            0 |            0 |            0 |            0 |            0 |            0 |            0 |
|      CAS_CMD_WR      |  UMC9C1 |    156711000 |            0 |            0 |            0 |            0 |            0 |            0 |            0 |            0 |            0 |            0 |            0 |            0 |            0 |            0 |            0 |            0 |            0 |            0 |            0 |            0 |            0 |            0 |            0 |            0 |            0 |            0 |            0 |            0 |            0 |            0 |            0 |            0 |            0 |            0 |            0 |            0 |            0 |            0 |            0 |            0 |            0 |            0 |            0 |            0 |            0 |            0 |            0 |            0 |            0 |            0 |            0 |            0 |            0 |            0 |            0 |            0 |            0 |            0 |            0 |            0 |            0 |            0 |            0 |            0 |            0 |            0 |            0 |            0 |            0 |            0 |            0 |            0 |            0 |            0 |            0 |            0 |            0 |            0 |            0 |            0 |            0 |            0 |            0 |            0 |            0 |            0 |            0 |            0 |            0 |            0 |            0 |            0 |            0 |            0 |            0 |     68777690 |            0 |            0 |            0 |            0 |            0 |            0 |            0 |            0 |            0 |            0 |            0 |            0 |            0 |            0 |            0 |            0 |            0 |            0 |            0 |            0 |            0 |            0 |            0 |            0 |            0 |            0 |            0 |            0 |            0 |            0 |            0 |            0 |            0 |            0 |            0 |            0 |            0 |            0 |            0 |            0 |            0 |            0 |            0 |            0 |            0 |            0 |            0 |
|      CAS_CMD_RD      | UMC10C0 |  42190870000 |            0 |            0 |            0 |            0 |            0 |            0 |            0 |            0 |            0 |            0 |            0 |            0 |            0 |            0 |            0 |            0 |            0 |            0 |            0 |            0 |            0 |            0 |            0 |            0 |            0 |            0 |            0 |            0 |            0 |            0 |            0 |            0 |            0 |            0 |            0 |            0 |            0 |            0 |            0 |            0 |            0 |            0 |            0 |            0 |            0 |            0 |            0 |            0 |            0 |            0 |            0 |            0 |            0 |            0 |            0 |            0 |            0 |            0 |            0 |            0 |            0 |            0 |            0 |            0 |            0 |            0 |            0 |            0 |            0 |            0 |            0 |            0 |            0 |            0 |            0 |            0 |            0 |            0 |            0 |            0 |            0 |            0 |            0 |            0 |            0 |            0 |            0 |            0 |            0 |            0 |            0 |            0 |            0 |            0 |            0 |  11157750000 |            0 |            0 |            0 |            0 |            0 |            0 |            0 |            0 |            0 |            0 |            0 |            0 |            0 |            0 |            0 |            0 |            0 |            0 |            0 |            0 |            0 |            0 |            0 |            0 |            0 |            0 |            0 |            0 |            0 |            0 |            0 |            0 |            0 |            0 |            0 |            0 |            0 |            0 |            0 |            0 |            0 |            0 |            0 |            0 |            0 |            0 |            0 |
|      CAS_CMD_WR      | UMC10C1 |    162722700 |            0 |            0 |            0 |            0 |            0 |            0 |            0 |            0 |            0 |            0 |            0 |            0 |            0 |            0 |            0 |            0 |            0 |            0 |            0 |            0 |            0 |            0 |            0 |            0 |            0 |            0 |            0 |            0 |            0 |            0 |            0 |            0 |            0 |            0 |            0 |            0 |            0 |            0 |            0 |            0 |            0 |            0 |            0 |            0 |            0 |            0 |            0 |            0 |            0 |            0 |            0 |            0 |            0 |            0 |            0 |            0 |            0 |            0 |            0 |            0 |            0 |            0 |            0 |            0 |            0 |            0 |            0 |            0 |            0 |            0 |            0 |            0 |            0 |            0 |            0 |            0 |            0 |            0 |            0 |            0 |            0 |            0 |            0 |            0 |            0 |            0 |            0 |            0 |            0 |            0 |            0 |            0 |            0 |            0 |            0 |     69209980 |            0 |            0 |            0 |            0 |            0 |            0 |            0 |            0 |            0 |            0 |            0 |            0 |            0 |            0 |            0 |            0 |            0 |            0 |            0 |            0 |            0 |            0 |            0 |            0 |            0 |            0 |            0 |            0 |            0 |            0 |            0 |            0 |            0 |            0 |            0 |            0 |            0 |            0 |            0 |            0 |            0 |            0 |            0 |            0 |            0 |            0 |            0 |
|      CAS_CMD_RD      | UMC11C0 |  42144530000 |            0 |            0 |            0 |            0 |            0 |            0 |            0 |            0 |            0 |            0 |            0 |            0 |            0 |            0 |            0 |            0 |            0 |            0 |            0 |            0 |            0 |            0 |            0 |            0 |            0 |            0 |            0 |            0 |            0 |            0 |            0 |            0 |            0 |            0 |            0 |            0 |            0 |            0 |            0 |            0 |            0 |            0 |            0 |            0 |            0 |            0 |            0 |            0 |            0 |            0 |            0 |            0 |            0 |            0 |            0 |            0 |            0 |            0 |            0 |            0 |            0 |            0 |            0 |            0 |            0 |            0 |            0 |            0 |            0 |            0 |            0 |            0 |            0 |            0 |            0 |            0 |            0 |            0 |            0 |            0 |            0 |            0 |            0 |            0 |            0 |            0 |            0 |            0 |            0 |            0 |            0 |            0 |            0 |            0 |            0 |  11053190000 |            0 |            0 |            0 |            0 |            0 |            0 |            0 |            0 |            0 |            0 |            0 |            0 |            0 |            0 |            0 |            0 |            0 |            0 |            0 |            0 |            0 |            0 |            0 |            0 |            0 |            0 |            0 |            0 |            0 |            0 |            0 |            0 |            0 |            0 |            0 |            0 |            0 |            0 |            0 |            0 |            0 |            0 |            0 |            0 |            0 |            0 |            0 |
|      CAS_CMD_WR      | UMC11C1 |    159700500 |            0 |            0 |            0 |            0 |            0 |            0 |            0 |            0 |            0 |            0 |            0 |            0 |            0 |            0 |            0 |            0 |            0 |            0 |            0 |            0 |            0 |            0 |            0 |            0 |            0 |            0 |            0 |            0 |            0 |            0 |            0 |            0 |            0 |            0 |            0 |            0 |            0 |            0 |            0 |            0 |            0 |            0 |            0 |            0 |            0 |            0 |            0 |            0 |            0 |            0 |            0 |            0 |            0 |            0 |            0 |            0 |            0 |            0 |            0 |            0 |            0 |            0 |            0 |            0 |            0 |            0 |            0 |            0 |            0 |            0 |            0 |            0 |            0 |            0 |            0 |            0 |            0 |            0 |            0 |            0 |            0 |            0 |            0 |            0 |            0 |            0 |            0 |            0 |            0 |            0 |            0 |            0 |            0 |            0 |            0 |     68164860 |            0 |            0 |            0 |            0 |            0 |            0 |            0 |            0 |            0 |            0 |            0 |            0 |            0 |            0 |            0 |            0 |            0 |            0 |            0 |            0 |            0 |            0 |            0 |            0 |            0 |            0 |            0 |            0 |            0 |            0 |            0 |            0 |            0 |            0 |            0 |            0 |            0 |            0 |            0 |            0 |            0 |            0 |            0 |            0 |            0 |            0 |            0 |
+----------------------+---------+--------------+--------------+--------------+--------------+--------------+--------------+--------------+--------------+--------------+--------------+--------------+--------------+--------------+--------------+--------------+--------------+--------------+--------------+--------------+--------------+--------------+--------------+--------------+--------------+--------------+--------------+--------------+--------------+--------------+--------------+--------------+--------------+--------------+--------------+--------------+--------------+--------------+--------------+--------------+--------------+--------------+--------------+--------------+--------------+--------------+--------------+--------------+--------------+--------------+--------------+--------------+--------------+--------------+--------------+--------------+--------------+--------------+--------------+--------------+--------------+--------------+--------------+--------------+--------------+--------------+--------------+--------------+--------------+--------------+--------------+--------------+--------------+--------------+--------------+--------------+--------------+--------------+--------------+--------------+--------------+--------------+--------------+--------------+--------------+--------------+--------------+--------------+--------------+--------------+--------------+--------------+--------------+--------------+--------------+--------------+--------------+--------------+--------------+--------------+--------------+--------------+--------------+--------------+--------------+--------------+--------------+--------------+--------------+--------------+--------------+--------------+--------------+--------------+--------------+--------------+--------------+--------------+--------------+--------------+--------------+--------------+--------------+--------------+--------------+--------------+--------------+--------------+--------------+--------------+--------------+--------------+--------------+--------------+--------------+--------------+--------------+--------------+--------------+--------------+--------------+--------------+--------------+--------------+--------------+

+---------------------------+---------+----------------+--------------+--------------+--------------+
|           Event           | Counter |       Sum      |      Min     |      Max     |      Avg     |
+---------------------------+---------+----------------+--------------+--------------+--------------+
|   ACTUAL_CPU_CLOCK STAT   |  FIXC1  | 69033149500000 | 469099600000 | 498694900000 | 4.793969e+11 |
|     MAX_CPU_CLOCK STAT    |  FIXC2  | 50740210300000 | 352206300000 | 353060000000 | 3.523626e+11 |
| RETIRED_INSTRUCTIONS STAT |   PMC0  | 95901740300000 | 606331300000 | 695149100000 | 6.659843e+11 |
|  CPU_CLOCKS_UNHALTED STAT |   PMC1  | 68036683000000 | 461409200000 | 493315600000 | 4.724770e+11 |
|      CAS_CMD_RD STAT      |  UMC0C0 |    53264920000 |            0 |  42174230000 | 3.698953e+08 |
|      CAS_CMD_WR STAT      |  UMC0C1 |      225684040 |            0 |    156913600 | 1.567250e+06 |
|      CAS_CMD_RD STAT      |  UMC1C0 |    53308040000 |            0 |  42196700000 | 3.701947e+08 |
|      CAS_CMD_WR STAT      |  UMC1C1 |      228262680 |            0 |    159260800 | 1.585158e+06 |
|      CAS_CMD_RD STAT      |  UMC2C0 |    53160470000 |            0 |  42152330000 | 3.691699e+08 |
|      CAS_CMD_WR STAT      |  UMC2C1 |      227403120 |            0 |    158640500 | 1.579188e+06 |
|      CAS_CMD_RD STAT      |  UMC3C0 |    53228050000 |            0 |  42200990000 | 3.696392e+08 |
|      CAS_CMD_WR STAT      |  UMC3C1 |      227370380 |            0 |    158056600 | 1.578961e+06 |
|      CAS_CMD_RD STAT      |  UMC4C0 |    53109270000 |            0 |  42113300000 |    368814375 |
|      CAS_CMD_WR STAT      |  UMC4C1 |      228332480 |            0 |    159790300 | 1.585642e+06 |
|      CAS_CMD_RD STAT      |  UMC5C0 |    53278960000 |            0 |  42229230000 | 3.699928e+08 |
|      CAS_CMD_WR STAT      |  UMC5C1 |      225701100 |            0 |    157455800 | 1.567369e+06 |
|      CAS_CMD_RD STAT      |  UMC6C0 |    53315330000 |            0 |  42172330000 | 3.702453e+08 |
|      CAS_CMD_WR STAT      |  UMC6C1 |      225782200 |            0 |    156765100 | 1.567932e+06 |
|      CAS_CMD_RD STAT      |  UMC7C0 |    53100840000 |            0 |  42016380000 | 3.687558e+08 |
|      CAS_CMD_WR STAT      |  UMC7C1 |      230003840 |            0 |    161283400 | 1.597249e+06 |
|      CAS_CMD_RD STAT      |  UMC8C0 |    53065120000 |            0 |  42037840000 | 3.685078e+08 |
|      CAS_CMD_WR STAT      |  UMC8C1 |      225561840 |            0 |    157115600 | 1.566402e+06 |
|      CAS_CMD_RD STAT      |  UMC9C0 |    53284310000 |            0 |  42256490000 | 3.700299e+08 |
|      CAS_CMD_WR STAT      |  UMC9C1 |      225488690 |            0 |    156711000 | 1.565894e+06 |
|      CAS_CMD_RD STAT      | UMC10C0 |    53348620000 |            0 |  42190870000 | 3.704765e+08 |
|      CAS_CMD_WR STAT      | UMC10C1 |      231932680 |            0 |    162722700 | 1.610644e+06 |
|      CAS_CMD_RD STAT      | UMC11C0 |    53197720000 |            0 |  42144530000 | 3.694286e+08 |
|      CAS_CMD_WR STAT      | UMC11C1 |      227865360 |            0 |    159700500 | 1.582398e+06 |
+---------------------------+---------+----------------+--------------+--------------+--------------+

+-----------------------------------+-------------+------------+------------+------------+------------+------------+------------+------------+------------+------------+-------------+-------------+-------------+-------------+-------------+-------------+-------------+-------------+-------------+-------------+-------------+-------------+-------------+-------------+-------------+-------------+-------------+-------------+-------------+-------------+-------------+-------------+-------------+-------------+-------------+-------------+-------------+-------------+-------------+-------------+-------------+-------------+-------------+-------------+-------------+-------------+-------------+-------------+-------------+-------------+-------------+-------------+-------------+-------------+-------------+-------------+-------------+-------------+-------------+-------------+-------------+-------------+-------------+-------------+-------------+-------------+-------------+-------------+-------------+-------------+-------------+-------------+-------------+-------------+-------------+-------------+-------------+-------------+-------------+-------------+-------------+-------------+-------------+-------------+-------------+-------------+-------------+-------------+-------------+-------------+-------------+-------------+-------------+-------------+-------------+-------------+-------------+-------------+-------------+-------------+--------------+--------------+--------------+--------------+--------------+--------------+--------------+--------------+--------------+--------------+--------------+--------------+--------------+--------------+--------------+--------------+--------------+--------------+--------------+--------------+--------------+--------------+--------------+--------------+--------------+--------------+--------------+--------------+--------------+--------------+--------------+--------------+--------------+--------------+--------------+--------------+--------------+--------------+--------------+--------------+--------------+--------------+--------------+--------------+
|               Metric              |  HWThread 0 | HWThread 1 | HWThread 2 | HWThread 3 | HWThread 4 | HWThread 5 | HWThread 6 | HWThread 7 | HWThread 8 | HWThread 9 | HWThread 10 | HWThread 11 | HWThread 12 | HWThread 13 | HWThread 14 | HWThread 15 | HWThread 16 | HWThread 17 | HWThread 18 | HWThread 19 | HWThread 20 | HWThread 21 | HWThread 22 | HWThread 23 | HWThread 24 | HWThread 25 | HWThread 26 | HWThread 27 | HWThread 28 | HWThread 29 | HWThread 30 | HWThread 31 | HWThread 32 | HWThread 33 | HWThread 34 | HWThread 35 | HWThread 36 | HWThread 37 | HWThread 38 | HWThread 39 | HWThread 40 | HWThread 41 | HWThread 42 | HWThread 43 | HWThread 44 | HWThread 45 | HWThread 46 | HWThread 47 | HWThread 48 | HWThread 49 | HWThread 50 | HWThread 51 | HWThread 52 | HWThread 53 | HWThread 54 | HWThread 55 | HWThread 56 | HWThread 57 | HWThread 58 | HWThread 59 | HWThread 60 | HWThread 61 | HWThread 62 | HWThread 63 | HWThread 64 | HWThread 65 | HWThread 66 | HWThread 67 | HWThread 68 | HWThread 69 | HWThread 70 | HWThread 71 | HWThread 72 | HWThread 73 | HWThread 74 | HWThread 75 | HWThread 76 | HWThread 77 | HWThread 78 | HWThread 79 | HWThread 80 | HWThread 81 | HWThread 82 | HWThread 83 | HWThread 84 | HWThread 85 | HWThread 86 | HWThread 87 | HWThread 88 | HWThread 89 | HWThread 90 | HWThread 91 | HWThread 92 | HWThread 93 | HWThread 94 | HWThread 95 | HWThread 96 | HWThread 97 | HWThread 98 | HWThread 99 | HWThread 100 | HWThread 101 | HWThread 102 | HWThread 103 | HWThread 104 | HWThread 105 | HWThread 106 | HWThread 107 | HWThread 108 | HWThread 109 | HWThread 110 | HWThread 111 | HWThread 112 | HWThread 113 | HWThread 114 | HWThread 115 | HWThread 116 | HWThread 117 | HWThread 118 | HWThread 119 | HWThread 120 | HWThread 121 | HWThread 122 | HWThread 123 | HWThread 124 | HWThread 125 | HWThread 126 | HWThread 127 | HWThread 128 | HWThread 129 | HWThread 130 | HWThread 131 | HWThread 132 | HWThread 133 | HWThread 134 | HWThread 135 | HWThread 136 | HWThread 137 | HWThread 138 | HWThread 139 | HWThread 140 | HWThread 141 | HWThread 142 | HWThread 143 |
+-----------------------------------+-------------+------------+------------+------------+------------+------------+------------+------------+------------+------------+-------------+-------------+-------------+-------------+-------------+-------------+-------------+-------------+-------------+-------------+-------------+-------------+-------------+-------------+-------------+-------------+-------------+-------------+-------------+-------------+-------------+-------------+-------------+-------------+-------------+-------------+-------------+-------------+-------------+-------------+-------------+-------------+-------------+-------------+-------------+-------------+-------------+-------------+-------------+-------------+-------------+-------------+-------------+-------------+-------------+-------------+-------------+-------------+-------------+-------------+-------------+-------------+-------------+-------------+-------------+-------------+-------------+-------------+-------------+-------------+-------------+-------------+-------------+-------------+-------------+-------------+-------------+-------------+-------------+-------------+-------------+-------------+-------------+-------------+-------------+-------------+-------------+-------------+-------------+-------------+-------------+-------------+-------------+-------------+-------------+-------------+-------------+-------------+-------------+-------------+--------------+--------------+--------------+--------------+--------------+--------------+--------------+--------------+--------------+--------------+--------------+--------------+--------------+--------------+--------------+--------------+--------------+--------------+--------------+--------------+--------------+--------------+--------------+--------------+--------------+--------------+--------------+--------------+--------------+--------------+--------------+--------------+--------------+--------------+--------------+--------------+--------------+--------------+--------------+--------------+--------------+--------------+--------------+--------------+
|        Runtime (RDTSC) [s]        |    148.3202 |   137.1861 |   137.9360 |   138.0531 |   144.3531 |   146.3362 |   137.3018 |   149.6092 |   138.7623 |   136.3120 |    139.9256 |    136.8746 |    138.6594 |    145.4359 |    138.7637 |    145.4362 |    145.7233 |    145.8427 |    146.5221 |    143.4803 |    143.1924 |    145.2384 |    146.0901 |    147.3671 |    149.8230 |    140.8535 |    137.5345 |    145.9220 |    147.3671 |    136.0816 |    137.5338 |    140.9763 |    137.9361 |    141.7366 |    141.5244 |    149.1732 |    139.9253 |    139.8143 |    141.7361 |    141.9594 |    139.7001 |    140.6269 |    135.8134 |    142.1065 |    148.8566 |    135.6126 |    137.6462 |    149.4930 |    139.1116 |    141.2518 |    135.6916 |    138.5406 |    143.4806 |    141.7368 |    136.5247 |    149.1733 |    138.1994 |    146.5217 |    145.4362 |    140.7393 |    146.2047 |    139.3188 |    146.5223 |    139.3192 |    148.6801 |    136.7612 |    143.0804 |    143.0814 |    144.6678 |    144.0139 |    148.3223 |    144.6683 |    147.6542 |    148.5646 |    144.9889 |    137.0708 |    147.6542 |    148.5627 |    145.7255 |    136.3117 |    139.5851 |    148.9811 |    146.8185 |    147.0579 |    140.2754 |    147.2019 |    142.2198 |    138.9976 |    142.4325 |    136.8748 |    140.5148 |    149.3747 |    144.8749 |    147.3679 |    142.8470 |    149.9571 |    136.5205 |    146.2048 |    147.0590 |    135.9077 |     135.6897 |     144.9896 |     145.1027 |     138.1975 |     142.4307 |     142.8481 |     144.0160 |     142.5695 |     143.4807 |     142.1055 |     143.1921 |     148.1262 |     141.5260 |     141.0588 |     141.0591 |     139.1129 |     141.2518 |     146.8176 |     142.5704 |     139.1123 |     147.9682 |     149.9559 |     150.0824 |     147.7722 |     148.0510 |     150.1739 |     147.7719 |     150.2549 |     137.3005 |     140.0376 |     140.8534 |     140.2741 |     137.6471 |     148.7729 |     138.1983 |     138.5392 |     136.0818 |     144.3504 |     144.0156 |     149.6077 |     143.8007 |     144.3507 |     148.3231 |     143.8001 |
|        Runtime unhalted [s]       |    181.9650 |   180.4256 |   180.7158 |   180.6362 |   180.7411 |   180.6664 |   180.6580 |   180.7146 |   180.6427 |   180.6320 |    180.7674 |    180.7835 |    180.7918 |    180.7067 |    180.6720 |    180.6026 |    180.7477 |    180.6827 |    180.6707 |    180.7291 |    180.7590 |    180.6942 |    180.7260 |    180.6882 |    180.7244 |    180.7078 |    180.6967 |    180.6650 |    180.6442 |    180.7073 |    180.6626 |    180.7035 |    180.6782 |    180.7582 |    180.7727 |    180.6750 |    180.6929 |    180.6886 |    180.7235 |    180.7425 |    180.7009 |    180.6282 |    180.6111 |    180.6455 |    180.6681 |    180.6733 |    180.6596 |    180.6695 |    180.7108 |    180.6507 |    180.6515 |    181.0090 |    180.6433 |    180.6509 |    180.6286 |    180.7014 |    180.6952 |    180.7399 |    180.6654 |    180.7665 |    180.7319 |    180.6781 |    180.6962 |    180.6964 |    180.6940 |    180.6545 |    180.6634 |    180.6574 |    180.6714 |    180.7346 |    180.7325 |    180.7668 |    180.6148 |    180.7238 |    180.7234 |    180.7617 |    180.7002 |    180.7402 |    180.7865 |    180.6883 |    180.7726 |    180.8319 |    180.7845 |    180.8032 |    180.8727 |    180.7341 |    180.8875 |    180.8091 |    180.7712 |    180.7265 |    180.6948 |    180.6645 |    180.7457 |    180.6889 |    180.7472 |    180.7060 |    191.7666 |    191.7070 |    191.7420 |    191.7126 |     191.6894 |     191.7176 |     191.7262 |     191.6931 |     191.7022 |     191.6515 |     191.7124 |     191.6969 |     191.7500 |     191.6861 |     191.6736 |     191.6951 |     191.7683 |     191.7556 |     191.8011 |     191.7771 |     191.7688 |     191.8086 |     191.7378 |     191.7636 |     191.6910 |     191.7712 |     191.7211 |     191.7220 |     191.7651 |     191.7356 |     191.7156 |     191.7489 |     191.7443 |     191.6394 |     191.6666 |     191.7243 |     191.6467 |     191.6416 |     191.6746 |     191.6421 |     191.6799 |     191.7286 |     191.7114 |     191.6913 |     191.7353 |     191.6669 |     191.7717 |     191.6822 |
|            Clock [MHz]            |   3483.9597 |  3461.6550 |  3467.6813 |  3466.1839 |  3468.1367 |  3466.6688 |  3466.7583 |  3467.1902 |  3465.7837 |  3465.9551 |   3467.0236 |   3467.7515 |   3468.0942 |   3467.3155 |   3466.1913 |   3465.7683 |   3467.1350 |   3466.1200 |   3465.9850 |   3467.4780 |   3467.0851 |   3466.3768 |   3467.4775 |   3465.9406 |   3467.6434 |   3467.4769 |   3467.2685 |   3466.1940 |   3466.0201 |   3467.3637 |   3466.2582 |   3467.4060 |   3466.0841 |   3466.7727 |   3467.9772 |   3465.8822 |   3465.8582 |   3466.3185 |   3466.4068 |   3466.8544 |   3467.3514 |   3466.2825 |   3466.4097 |   3466.5411 |   3467.1461 |   3467.6122 |   3467.2310 |   3467.1252 |   3467.1514 |   3465.5634 |   3465.8826 |   3472.9162 |   3465.5337 |   3465.8573 |   3465.4645 |   3466.6646 |   3466.2893 |   3467.3424 |   3465.9776 |   3467.6887 |   3467.6869 |   3466.0797 |   3467.0031 |   3466.1594 |   3466.9580 |   3466.4107 |   3466.5098 |   3466.1832 |   3465.9648 |   3467.1282 |   3467.5634 |   3468.7230 |   3466.0141 |   3467.5024 |   3467.5750 |   3468.1156 |   3466.8995 |   3467.5948 |   3468.2697 |   3466.7770 |   3467.4291 |   3468.3955 |   3466.9232 |   3467.7008 |   3469.2345 |   3466.5133 |   3469.2557 |   3467.5780 |   3467.0732 |   3467.5477 |   3467.5540 |   3466.6633 |   3468.3582 |   3467.1118 |   3468.1140 |   3467.7055 |   3678.5934 |   3677.2178 |   3678.0976 |   3677.8946 |    3677.1634 |    3677.5939 |    3677.3696 |    3677.3519 |    3677.7893 |    3677.3853 |    3677.7010 |    3677.9001 |    3678.5507 |    3677.7679 |    3677.3885 |    3677.7530 |    3677.3427 |    3677.2501 |    3678.3520 |    3677.8231 |    3677.4413 |    3678.4071 |    3677.0165 |    3677.4314 |    3677.1436 |    3678.1840 |    3677.3373 |    3676.9157 |    3678.7118 |    3677.4265 |    3676.9657 |    3677.7399 |    3678.9502 |    3676.5785 |    3677.1217 |    3678.2971 |    3676.8602 |    3676.9576 |    3677.3664 |    3677.0413 |    3677.1812 |    3677.4846 |    3677.6502 |    3677.6773 |    3678.0823 |    3677.0957 |    3678.3123 |    3677.2216 |
|                CPI                |      0.6733 |     0.6810 |     0.6779 |     0.6784 |     0.6786 |     0.6799 |     0.6788 |     0.6795 |     0.6661 |     0.6674 |      0.6684 |      0.6668 |      0.6672 |      0.6660 |      0.6674 |      0.6672 |      0.6732 |      0.6732 |      0.6731 |      0.6737 |      0.6748 |      0.6735 |      0.6749 |      0.6737 |      0.6764 |      0.6773 |      0.6765 |      0.6783 |      0.6774 |      0.6774 |      0.6776 |      0.6781 |      0.6664 |      0.6664 |      0.6669 |      0.6686 |      0.6677 |      0.6688 |      0.6675 |      0.6675 |      0.6755 |      0.6759 |      0.6747 |      0.6761 |      0.6747 |      0.6760 |      0.6764 |      0.6756 |      0.6765 |      0.6771 |      0.6773 |      0.6753 |      0.6779 |      0.6763 |      0.6771 |      0.6784 |      0.6666 |      0.6665 |      0.6664 |      0.6658 |      0.6666 |      0.6669 |      0.6668 |      0.6674 |      0.6754 |      0.6764 |      0.6759 |      0.6766 |      0.6763 |      0.6762 |      0.6767 |      0.6759 |      0.6779 |      0.6778 |      0.6778 |      0.6777 |      0.6775 |      0.6774 |      0.6774 |      0.6772 |      0.6667 |      0.6674 |      0.6678 |      0.6673 |      0.6671 |      0.6682 |      0.6672 |      0.6674 |      0.6705 |      0.6741 |      0.6750 |      0.6745 |      0.6743 |      0.6738 |      0.6740 |      0.6744 |      0.8063 |      0.8078 |      0.8079 |      0.8074 |       0.8073 |       0.8069 |       0.8069 |       0.8070 |       0.7505 |       0.7509 |       0.7504 |       0.7503 |       0.7512 |       0.7501 |       0.7511 |       0.7518 |       0.8053 |       0.8039 |       0.8043 |       0.8055 |       0.8045 |       0.8065 |       0.8044 |       0.8048 |       0.8111 |       0.8128 |       0.8110 |       0.8126 |       0.8116 |       0.8132 |       0.8123 |       0.8123 |       0.7532 |       0.7547 |       0.7538 |       0.7535 |       0.7550 |       0.7545 |       0.7544 |       0.7543 |       0.8112 |       0.8126 |       0.8125 |       0.8133 |       0.8108 |       0.8124 |       0.8126 |       0.8113 |
|  Memory read bandwidth [MBytes/s] | 218288.9052 |          0 |          0 |          0 |          0 |          0 |          0 |          0 |          0 |          0 |           0 |           0 |           0 |           0 |           0 |           0 |           0 |           0 |           0 |           0 |           0 |           0 |           0 |           0 |           0 |           0 |           0 |           0 |           0 |           0 |           0 |           0 |           0 |           0 |           0 |           0 |           0 |           0 |           0 |           0 |           0 |           0 |           0 |           0 |           0 |           0 |           0 |           0 |           0 |           0 |           0 |           0 |           0 |           0 |           0 |           0 |           0 |           0 |           0 |           0 |           0 |           0 |           0 |           0 |           0 |           0 |           0 |           0 |           0 |           0 |           0 |           0 |           0 |           0 |           0 |           0 |           0 |           0 |           0 |           0 |           0 |           0 |           0 |           0 |           0 |           0 |           0 |           0 |           0 |           0 |           0 |           0 |           0 |           0 |           0 |           0 |  62244.8022 |           0 |           0 |           0 |            0 |            0 |            0 |            0 |            0 |            0 |            0 |            0 |            0 |            0 |            0 |            0 |            0 |            0 |            0 |            0 |            0 |            0 |            0 |            0 |            0 |            0 |            0 |            0 |            0 |            0 |            0 |            0 |            0 |            0 |            0 |            0 |            0 |            0 |            0 |            0 |            0 |            0 |            0 |            0 |            0 |            0 |            0 |            0 |
|  Memory read data volume [GBytes] |  32376.6541 |          0 |          0 |          0 |          0 |          0 |          0 |          0 |          0 |          0 |           0 |           0 |           0 |           0 |           0 |           0 |           0 |           0 |           0 |           0 |           0 |           0 |           0 |           0 |           0 |           0 |           0 |           0 |           0 |           0 |           0 |           0 |           0 |           0 |           0 |           0 |           0 |           0 |           0 |           0 |           0 |           0 |           0 |           0 |           0 |           0 |           0 |           0 |           0 |           0 |           0 |           0 |           0 |           0 |           0 |           0 |           0 |           0 |           0 |           0 |           0 |           0 |           0 |           0 |           0 |           0 |           0 |           0 |           0 |           0 |           0 |           0 |           0 |           0 |           0 |           0 |           0 |           0 |           0 |           0 |           0 |           0 |           0 |           0 |           0 |           0 |           0 |           0 |           0 |           0 |           0 |           0 |           0 |           0 |           0 |           0 |   8497.6915 |           0 |           0 |           0 |            0 |            0 |            0 |            0 |            0 |            0 |            0 |            0 |            0 |            0 |            0 |            0 |            0 |            0 |            0 |            0 |            0 |            0 |            0 |            0 |            0 |            0 |            0 |            0 |            0 |            0 |            0 |            0 |            0 |            0 |            0 |            0 |            0 |            0 |            0 |            0 |            0 |            0 |            0 |            0 |            0 |            0 |            0 |            0 |
| Memory write bandwidth [MBytes/s] |    821.7533 |          0 |          0 |          0 |          0 |          0 |          0 |          0 |          0 |          0 |           0 |           0 |           0 |           0 |           0 |           0 |           0 |           0 |           0 |           0 |           0 |           0 |           0 |           0 |           0 |           0 |           0 |           0 |           0 |           0 |           0 |           0 |           0 |           0 |           0 |           0 |           0 |           0 |           0 |           0 |           0 |           0 |           0 |           0 |           0 |           0 |           0 |           0 |           0 |           0 |           0 |           0 |           0 |           0 |           0 |           0 |           0 |           0 |           0 |           0 |           0 |           0 |           0 |           0 |           0 |           0 |           0 |           0 |           0 |           0 |           0 |           0 |           0 |           0 |           0 |           0 |           0 |           0 |           0 |           0 |           0 |           0 |           0 |           0 |           0 |           0 |           0 |           0 |           0 |           0 |           0 |           0 |           0 |           0 |           0 |           0 |    386.7422 |           0 |           0 |           0 |            0 |            0 |            0 |            0 |            0 |            0 |            0 |            0 |            0 |            0 |            0 |            0 |            0 |            0 |            0 |            0 |            0 |            0 |            0 |            0 |            0 |            0 |            0 |            0 |            0 |            0 |            0 |            0 |            0 |            0 |            0 |            0 |            0 |            0 |            0 |            0 |            0 |            0 |            0 |            0 |            0 |            0 |            0 |            0 |
| Memory write data volume [GBytes] |    121.8826 |          0 |          0 |          0 |          0 |          0 |          0 |          0 |          0 |          0 |           0 |           0 |           0 |           0 |           0 |           0 |           0 |           0 |           0 |           0 |           0 |           0 |           0 |           0 |           0 |           0 |           0 |           0 |           0 |           0 |           0 |           0 |           0 |           0 |           0 |           0 |           0 |           0 |           0 |           0 |           0 |           0 |           0 |           0 |           0 |           0 |           0 |           0 |           0 |           0 |           0 |           0 |           0 |           0 |           0 |           0 |           0 |           0 |           0 |           0 |           0 |           0 |           0 |           0 |           0 |           0 |           0 |           0 |           0 |           0 |           0 |           0 |           0 |           0 |           0 |           0 |           0 |           0 |           0 |           0 |           0 |           0 |           0 |           0 |           0 |           0 |           0 |           0 |           0 |           0 |           0 |           0 |           0 |           0 |           0 |           0 |     52.7982 |           0 |           0 |           0 |            0 |            0 |            0 |            0 |            0 |            0 |            0 |            0 |            0 |            0 |            0 |            0 |            0 |            0 |            0 |            0 |            0 |            0 |            0 |            0 |            0 |            0 |            0 |            0 |            0 |            0 |            0 |            0 |            0 |            0 |            0 |            0 |            0 |            0 |            0 |            0 |            0 |            0 |            0 |            0 |            0 |            0 |            0 |            0 |
|    Memory bandwidth [MBytes/s]    | 219110.6585 |          0 |          0 |          0 |          0 |          0 |          0 |          0 |          0 |          0 |           0 |           0 |           0 |           0 |           0 |           0 |           0 |           0 |           0 |           0 |           0 |           0 |           0 |           0 |           0 |           0 |           0 |           0 |           0 |           0 |           0 |           0 |           0 |           0 |           0 |           0 |           0 |           0 |           0 |           0 |           0 |           0 |           0 |           0 |           0 |           0 |           0 |           0 |           0 |           0 |           0 |           0 |           0 |           0 |           0 |           0 |           0 |           0 |           0 |           0 |           0 |           0 |           0 |           0 |           0 |           0 |           0 |           0 |           0 |           0 |           0 |           0 |           0 |           0 |           0 |           0 |           0 |           0 |           0 |           0 |           0 |           0 |           0 |           0 |           0 |           0 |           0 |           0 |           0 |           0 |           0 |           0 |           0 |           0 |           0 |           0 |  62631.5444 |           0 |           0 |           0 |            0 |            0 |            0 |            0 |            0 |            0 |            0 |            0 |            0 |            0 |            0 |            0 |            0 |            0 |            0 |            0 |            0 |            0 |            0 |            0 |            0 |            0 |            0 |            0 |            0 |            0 |            0 |            0 |            0 |            0 |            0 |            0 |            0 |            0 |            0 |            0 |            0 |            0 |            0 |            0 |            0 |            0 |            0 |            0 |
|    Memory data volume [GBytes]    |  32498.5367 |          0 |          0 |          0 |          0 |          0 |          0 |          0 |          0 |          0 |           0 |           0 |           0 |           0 |           0 |           0 |           0 |           0 |           0 |           0 |           0 |           0 |           0 |           0 |           0 |           0 |           0 |           0 |           0 |           0 |           0 |           0 |           0 |           0 |           0 |           0 |           0 |           0 |           0 |           0 |           0 |           0 |           0 |           0 |           0 |           0 |           0 |           0 |           0 |           0 |           0 |           0 |           0 |           0 |           0 |           0 |           0 |           0 |           0 |           0 |           0 |           0 |           0 |           0 |           0 |           0 |           0 |           0 |           0 |           0 |           0 |           0 |           0 |           0 |           0 |           0 |           0 |           0 |           0 |           0 |           0 |           0 |           0 |           0 |           0 |           0 |           0 |           0 |           0 |           0 |           0 |           0 |           0 |           0 |           0 |           0 |   8550.4898 |           0 |           0 |           0 |            0 |            0 |            0 |            0 |            0 |            0 |            0 |            0 |            0 |            0 |            0 |            0 |            0 |            0 |            0 |            0 |            0 |            0 |            0 |            0 |            0 |            0 |            0 |            0 |            0 |            0 |            0 |            0 |            0 |            0 |            0 |            0 |            0 |            0 |            0 |            0 |            0 |            0 |            0 |            0 |            0 |            0 |            0 |            0 |
+-----------------------------------+-------------+------------+------------+------------+------------+------------+------------+------------+------------+------------+-------------+-------------+-------------+-------------+-------------+-------------+-------------+-------------+-------------+-------------+-------------+-------------+-------------+-------------+-------------+-------------+-------------+-------------+-------------+-------------+-------------+-------------+-------------+-------------+-------------+-------------+-------------+-------------+-------------+-------------+-------------+-------------+-------------+-------------+-------------+-------------+-------------+-------------+-------------+-------------+-------------+-------------+-------------+-------------+-------------+-------------+-------------+-------------+-------------+-------------+-------------+-------------+-------------+-------------+-------------+-------------+-------------+-------------+-------------+-------------+-------------+-------------+-------------+-------------+-------------+-------------+-------------+-------------+-------------+-------------+-------------+-------------+-------------+-------------+-------------+-------------+-------------+-------------+-------------+-------------+-------------+-------------+-------------+-------------+-------------+-------------+-------------+-------------+-------------+-------------+--------------+--------------+--------------+--------------+--------------+--------------+--------------+--------------+--------------+--------------+--------------+--------------+--------------+--------------+--------------+--------------+--------------+--------------+--------------+--------------+--------------+--------------+--------------+--------------+--------------+--------------+--------------+--------------+--------------+--------------+--------------+--------------+--------------+--------------+--------------+--------------+--------------+--------------+--------------+--------------+--------------+--------------+--------------+--------------+

+----------------------------------------+-------------+-----------+-------------+-----------+
|                 Metric                 |     Sum     |    Min    |     Max     |    Avg    |
+----------------------------------------+-------------+-----------+-------------+-----------+
|        Runtime (RDTSC) [s] STAT        |  20584.3687 |  135.6126 |    150.2549 |  142.9470 |
|        Runtime unhalted [s] STAT       |  26551.6086 |  180.4256 |    191.8086 |  184.3862 |
|            Clock [MHz] STAT            | 509370.6919 | 3461.6550 |   3678.9502 | 3537.2965 |
|                CPI STAT                |    102.5564 |    0.6658 |      0.8133 |    0.7122 |
|  Memory read bandwidth [MBytes/s] STAT | 280533.7074 |         0 | 218288.9052 | 1948.1507 |
|  Memory read data volume [GBytes] STAT |  40874.3456 |         0 |  32376.6541 |  283.8496 |
| Memory write bandwidth [MBytes/s] STAT |   1208.4955 |         0 |    821.7533 |    8.3923 |
| Memory write data volume [GBytes] STAT |    174.6808 |         0 |    121.8826 |    1.2131 |
|    Memory bandwidth [MBytes/s] STAT    | 281742.2029 |         0 | 219110.6585 | 1956.5431 |
|    Memory data volume [GBytes] STAT    |  41049.0265 |         0 |  32498.5367 |  285.0627 |
+----------------------------------------+-------------+-----------+-------------+-----------+

