INFO: You are running LIKWID in a cpuset with 160 CPUs. Taking given IDs as logical ID in cpuset
--------------------------------------------------------------------------------
CPU name:	AMD EPYC 9A14 96-Core Processor                
CPU type:	AMD K19 (Zen4) architecture
CPU clock:	2.60 GHz
--------------------------------------------------------------------------------
Sys.CPU_THREADS       192
SLURM_CPUS_PER_TASK   160
OMP_NUM_THREADS       160
OMP_PROC_BIND         close
OMP_PLACES            cores
BLAS_NUM_THREADS      1
Threads.nthreads()    1

Successfully read data from: /public/home/halili/jld2file/6-31g/o2-1.0-6-31g.jld2
  name: o2
  ratio: 1.0
  basis: 6-31g
  nα: 8, nβ: 8, ne: 16, norb: 18, nq: 36

  ngs: 4266
  ncs: 22543

Warming up JIT and Hardware...
Warm-up completed.
  Step 001:  residual: 9.5235e-01,  e: -149.45320229675224
  Step 002:  residual: 7.0900e-01,  e: -149.59391697072718
  Step 003:  residual: 3.4390e-01,  e: -149.71881382605235
  Step 004:  residual: 1.3670e-01,  e: -149.74155494323858
  Step 005:  residual: 5.6781e-02,  e: -149.74486722652495
  Step 006:  residual: 3.0719e-02,  e: -149.74550118255169
  Step 007:  residual: 2.2745e-02,  e: -149.74573279555523
  Step 008:  residual: 2.6203e-02,  e: -149.74592799688432
  Step 009:  residual: 3.4719e-02,  e: -149.74623194412732
  Step 010:  residual: 2.6370e-02,  e: -149.74654741412715
  Step 011:  residual: 1.1805e-02,  e: -149.74665437187505
  Step 012:  residual: 4.6480e-03,  e: -149.74667295627026
  Step 013:  residual: 1.7886e-03,  e: -149.74667552118365
  Step 014:  residual: 6.8126e-04,  e: -149.74667587808653
  Step 015:  residual: 2.5621e-04,  e: -149.74667592692666
  Step 016:  residual: 9.5094e-05,  e: -149.74667593407469
  Step 017:  residual: 3.6656e-05,  e: -149.74667593511387
  Step 018:  residual: 1.4803e-05,  e: -149.74667593526740
  Step 019:  residual: 6.2970e-06,  e: -149.74667593529392

Convergence reached!
159.979016 seconds (7.21 M allocations: 69.917 GiB, 0.23% gc time, 1.20% compilation time)
--------------------------------------------------------------------------------
Region hvec_direct_agg, Group 1: MEM
+-------------------+------------+------------+------------+------------+------------+------------+------------+------------+------------+------------+-------------+-------------+-------------+-------------+-------------+-------------+-------------+-------------+-------------+-------------+-------------+-------------+-------------+-------------+-------------+-------------+-------------+-------------+-------------+-------------+-------------+-------------+-------------+-------------+-------------+-------------+-------------+-------------+-------------+-------------+-------------+-------------+-------------+-------------+-------------+-------------+-------------+-------------+-------------+-------------+-------------+-------------+-------------+-------------+-------------+-------------+-------------+-------------+-------------+-------------+-------------+-------------+-------------+-------------+-------------+-------------+-------------+-------------+-------------+-------------+-------------+-------------+-------------+-------------+-------------+-------------+-------------+-------------+-------------+-------------+-------------+-------------+-------------+-------------+-------------+-------------+-------------+-------------+-------------+-------------+-------------+-------------+-------------+-------------+-------------+-------------+-------------+-------------+-------------+-------------+--------------+--------------+--------------+--------------+--------------+--------------+--------------+--------------+--------------+--------------+--------------+--------------+--------------+--------------+--------------+--------------+--------------+--------------+--------------+--------------+--------------+--------------+--------------+--------------+--------------+--------------+--------------+--------------+--------------+--------------+--------------+--------------+--------------+--------------+--------------+--------------+--------------+--------------+--------------+--------------+--------------+--------------+--------------+--------------+--------------+--------------+--------------+--------------+--------------+--------------+--------------+--------------+--------------+--------------+--------------+--------------+--------------+--------------+--------------+--------------+
|    Region Info    | HWThread 0 | HWThread 1 | HWThread 2 | HWThread 3 | HWThread 4 | HWThread 5 | HWThread 6 | HWThread 7 | HWThread 8 | HWThread 9 | HWThread 10 | HWThread 11 | HWThread 12 | HWThread 13 | HWThread 14 | HWThread 15 | HWThread 16 | HWThread 17 | HWThread 18 | HWThread 19 | HWThread 20 | HWThread 21 | HWThread 22 | HWThread 23 | HWThread 24 | HWThread 25 | HWThread 26 | HWThread 27 | HWThread 28 | HWThread 29 | HWThread 30 | HWThread 31 | HWThread 32 | HWThread 33 | HWThread 34 | HWThread 35 | HWThread 36 | HWThread 37 | HWThread 38 | HWThread 39 | HWThread 40 | HWThread 41 | HWThread 42 | HWThread 43 | HWThread 44 | HWThread 45 | HWThread 46 | HWThread 47 | HWThread 48 | HWThread 49 | HWThread 50 | HWThread 51 | HWThread 52 | HWThread 53 | HWThread 54 | HWThread 55 | HWThread 56 | HWThread 57 | HWThread 58 | HWThread 59 | HWThread 60 | HWThread 61 | HWThread 62 | HWThread 63 | HWThread 64 | HWThread 65 | HWThread 66 | HWThread 67 | HWThread 68 | HWThread 69 | HWThread 70 | HWThread 71 | HWThread 72 | HWThread 73 | HWThread 74 | HWThread 75 | HWThread 76 | HWThread 77 | HWThread 78 | HWThread 79 | HWThread 80 | HWThread 81 | HWThread 82 | HWThread 83 | HWThread 84 | HWThread 85 | HWThread 86 | HWThread 87 | HWThread 88 | HWThread 89 | HWThread 90 | HWThread 91 | HWThread 92 | HWThread 93 | HWThread 94 | HWThread 95 | HWThread 96 | HWThread 97 | HWThread 98 | HWThread 99 | HWThread 100 | HWThread 101 | HWThread 102 | HWThread 103 | HWThread 104 | HWThread 105 | HWThread 106 | HWThread 107 | HWThread 108 | HWThread 109 | HWThread 110 | HWThread 111 | HWThread 112 | HWThread 113 | HWThread 114 | HWThread 115 | HWThread 116 | HWThread 117 | HWThread 118 | HWThread 119 | HWThread 120 | HWThread 121 | HWThread 122 | HWThread 123 | HWThread 124 | HWThread 125 | HWThread 126 | HWThread 127 | HWThread 128 | HWThread 129 | HWThread 130 | HWThread 131 | HWThread 132 | HWThread 133 | HWThread 134 | HWThread 135 | HWThread 136 | HWThread 137 | HWThread 138 | HWThread 139 | HWThread 140 | HWThread 141 | HWThread 142 | HWThread 143 | HWThread 144 | HWThread 145 | HWThread 146 | HWThread 147 | HWThread 148 | HWThread 149 | HWThread 150 | HWThread 151 | HWThread 152 | HWThread 153 | HWThread 154 | HWThread 155 | HWThread 156 | HWThread 157 | HWThread 158 | HWThread 159 |
+-------------------+------------+------------+------------+------------+------------+------------+------------+------------+------------+------------+-------------+-------------+-------------+-------------+-------------+-------------+-------------+-------------+-------------+-------------+-------------+-------------+-------------+-------------+-------------+-------------+-------------+-------------+-------------+-------------+-------------+-------------+-------------+-------------+-------------+-------------+-------------+-------------+-------------+-------------+-------------+-------------+-------------+-------------+-------------+-------------+-------------+-------------+-------------+-------------+-------------+-------------+-------------+-------------+-------------+-------------+-------------+-------------+-------------+-------------+-------------+-------------+-------------+-------------+-------------+-------------+-------------+-------------+-------------+-------------+-------------+-------------+-------------+-------------+-------------+-------------+-------------+-------------+-------------+-------------+-------------+-------------+-------------+-------------+-------------+-------------+-------------+-------------+-------------+-------------+-------------+-------------+-------------+-------------+-------------+-------------+-------------+-------------+-------------+-------------+--------------+--------------+--------------+--------------+--------------+--------------+--------------+--------------+--------------+--------------+--------------+--------------+--------------+--------------+--------------+--------------+--------------+--------------+--------------+--------------+--------------+--------------+--------------+--------------+--------------+--------------+--------------+--------------+--------------+--------------+--------------+--------------+--------------+--------------+--------------+--------------+--------------+--------------+--------------+--------------+--------------+--------------+--------------+--------------+--------------+--------------+--------------+--------------+--------------+--------------+--------------+--------------+--------------+--------------+--------------+--------------+--------------+--------------+--------------+--------------+
| RDTSC Runtime [s] | 143.244600 | 132.945300 | 136.987800 | 139.350600 | 142.955700 | 136.233800 | 139.022000 | 138.710200 | 136.016100 | 137.263300 |  131.743300 |  137.607200 |  141.449600 |  131.870500 |  137.724900 |  133.054100 |  133.909400 |  133.909800 |  129.972200 |  134.701400 |  143.964700 |  136.338100 |  134.195100 |  129.759900 |  133.801800 |  143.483600 |  143.135600 |  135.233100 |  130.129800 |  141.933400 |  144.478700 |  139.128100 |  130.898700 |  133.164200 |  130.239300 |  144.814900 |  139.460900 |  144.914200 |  132.137100 |  129.653800 |  144.187800 |  135.438000 |  129.471800 |  140.764500 |  133.619600 |  130.677500 |  137.608100 |  142.831500 |  129.058100 |  142.458900 |  142.375100 |  130.567500 |  137.874700 |  133.272800 |  131.519200 |  143.248100 |  131.744600 |  132.616500 |  140.492800 |  132.729300 |  130.455500 |  132.425800 |  132.021300 |  141.755800 |  139.893000 |  142.250800 |  140.875800 |  142.250000 |  142.046500 |  130.344600 |  142.604300 |  144.690800 |  137.986100 |  133.499600 |  140.109600 |  137.389000 |  139.240900 |  138.840000 |  134.912500 |  136.660000 |  134.323500 |  138.481700 |  143.363200 |  137.498100 |  141.629700 |  136.877500 |  135.124400 |  141.077600 |  132.315900 |  129.762200 |  130.790100 |  129.198100 |  139.668000 |  138.194700 |  131.007900 |  132.423800 |  144.180300 |  144.186700 |  141.326100 |  129.002500 |   141.076200 |   140.872400 |   141.328100 |   140.872100 |   138.191200 |   131.117000 |   129.759900 |   138.193300 |   134.912600 |   136.446700 |   136.015200 |   131.516400 |   139.347600 |   129.194400 |   142.604100 |   143.963200 |   140.492700 |   140.401100 |   129.312900 |   129.312700 |   135.656300 |   135.437500 |   135.656900 |   135.437100 |   143.804800 |   143.673200 |   135.803400 |   135.873700 |   134.506700 |   133.907400 |   135.231600 |   134.507200 |   131.949600 |   143.363500 |   133.495900 |   134.700400 |   140.108100 |   139.893500 |   139.665300 |   134.190000 |   138.479400 |   140.332200 |   140.108100 |   136.445900 |   136.659300 |   131.116300 |   144.477400 |   141.628700 |   137.984700 |   132.727400 |   141.932500 |   142.830500 |   131.332800 |   144.690800 |   138.705600 |   133.273100 |   137.098600 |   136.985300 |   131.333300 |   143.669700 |
|     call count    |         19 |         19 |         19 |         19 |         19 |         19 |         19 |         19 |         19 |         19 |          19 |          19 |          19 |          19 |          19 |          19 |          19 |          19 |          19 |          19 |          19 |          19 |          19 |          19 |          19 |          19 |          19 |          19 |          19 |          19 |          19 |          19 |          19 |          19 |          19 |          19 |          19 |          19 |          19 |          19 |          19 |          19 |          19 |          19 |          19 |          19 |          19 |          19 |          19 |          19 |          19 |          19 |          19 |          19 |          19 |          19 |          19 |          19 |          19 |          19 |          19 |          19 |          19 |          19 |          19 |          19 |          19 |          19 |          19 |          19 |          19 |          19 |          19 |          19 |          19 |          19 |          19 |          19 |          19 |          19 |          19 |          19 |          19 |          19 |          19 |          19 |          19 |          19 |          19 |          19 |          19 |          19 |          19 |          19 |          19 |          19 |          19 |          19 |          19 |          19 |           19 |           19 |           19 |           19 |           19 |           19 |           19 |           19 |           19 |           19 |           19 |           19 |           19 |           19 |           19 |           19 |           19 |           19 |           19 |           19 |           19 |           19 |           19 |           19 |           19 |           19 |           19 |           19 |           19 |           19 |           19 |           19 |           19 |           19 |           19 |           19 |           19 |           19 |           19 |           19 |           19 |           19 |           19 |           19 |           19 |           19 |           19 |           19 |           19 |           19 |           19 |           19 |           19 |           19 |           19 |           19 |           19 |           19 |           19 |           19 |
+-------------------+------------+------------+------------+------------+------------+------------+------------+------------+------------+------------+-------------+-------------+-------------+-------------+-------------+-------------+-------------+-------------+-------------+-------------+-------------+-------------+-------------+-------------+-------------+-------------+-------------+-------------+-------------+-------------+-------------+-------------+-------------+-------------+-------------+-------------+-------------+-------------+-------------+-------------+-------------+-------------+-------------+-------------+-------------+-------------+-------------+-------------+-------------+-------------+-------------+-------------+-------------+-------------+-------------+-------------+-------------+-------------+-------------+-------------+-------------+-------------+-------------+-------------+-------------+-------------+-------------+-------------+-------------+-------------+-------------+-------------+-------------+-------------+-------------+-------------+-------------+-------------+-------------+-------------+-------------+-------------+-------------+-------------+-------------+-------------+-------------+-------------+-------------+-------------+-------------+-------------+-------------+-------------+-------------+-------------+-------------+-------------+-------------+-------------+--------------+--------------+--------------+--------------+--------------+--------------+--------------+--------------+--------------+--------------+--------------+--------------+--------------+--------------+--------------+--------------+--------------+--------------+--------------+--------------+--------------+--------------+--------------+--------------+--------------+--------------+--------------+--------------+--------------+--------------+--------------+--------------+--------------+--------------+--------------+--------------+--------------+--------------+--------------+--------------+--------------+--------------+--------------+--------------+--------------+--------------+--------------+--------------+--------------+--------------+--------------+--------------+--------------+--------------+--------------+--------------+--------------+--------------+--------------+--------------+

+----------------------+---------+--------------+--------------+--------------+--------------+--------------+--------------+--------------+--------------+--------------+--------------+--------------+--------------+--------------+--------------+--------------+--------------+--------------+--------------+--------------+--------------+--------------+--------------+--------------+--------------+--------------+--------------+--------------+--------------+--------------+--------------+--------------+--------------+--------------+--------------+--------------+--------------+--------------+--------------+--------------+--------------+--------------+--------------+--------------+--------------+--------------+--------------+--------------+--------------+--------------+--------------+--------------+--------------+--------------+--------------+--------------+--------------+--------------+--------------+--------------+--------------+--------------+--------------+--------------+--------------+--------------+--------------+--------------+--------------+--------------+--------------+--------------+--------------+--------------+--------------+--------------+--------------+--------------+--------------+--------------+--------------+--------------+--------------+--------------+--------------+--------------+--------------+--------------+--------------+--------------+--------------+--------------+--------------+--------------+--------------+--------------+--------------+--------------+--------------+--------------+--------------+--------------+--------------+--------------+--------------+--------------+--------------+--------------+--------------+--------------+--------------+--------------+--------------+--------------+--------------+--------------+--------------+--------------+--------------+--------------+--------------+--------------+--------------+--------------+--------------+--------------+--------------+--------------+--------------+--------------+--------------+--------------+--------------+--------------+--------------+--------------+--------------+--------------+--------------+--------------+--------------+--------------+--------------+--------------+--------------+--------------+--------------+--------------+--------------+--------------+--------------+--------------+--------------+--------------+--------------+--------------+--------------+--------------+--------------+--------------+--------------+
|         Event        | Counter |  HWThread 0  |  HWThread 1  |  HWThread 2  |  HWThread 3  |  HWThread 4  |  HWThread 5  |  HWThread 6  |  HWThread 7  |  HWThread 8  |  HWThread 9  |  HWThread 10 |  HWThread 11 |  HWThread 12 |  HWThread 13 |  HWThread 14 |  HWThread 15 |  HWThread 16 |  HWThread 17 |  HWThread 18 |  HWThread 19 |  HWThread 20 |  HWThread 21 |  HWThread 22 |  HWThread 23 |  HWThread 24 |  HWThread 25 |  HWThread 26 |  HWThread 27 |  HWThread 28 |  HWThread 29 |  HWThread 30 |  HWThread 31 |  HWThread 32 |  HWThread 33 |  HWThread 34 |  HWThread 35 |  HWThread 36 |  HWThread 37 |  HWThread 38 |  HWThread 39 |  HWThread 40 |  HWThread 41 |  HWThread 42 |  HWThread 43 |  HWThread 44 |  HWThread 45 |  HWThread 46 |  HWThread 47 |  HWThread 48 |  HWThread 49 |  HWThread 50 |  HWThread 51 |  HWThread 52 |  HWThread 53 |  HWThread 54 |  HWThread 55 |  HWThread 56 |  HWThread 57 |  HWThread 58 |  HWThread 59 |  HWThread 60 |  HWThread 61 |  HWThread 62 |  HWThread 63 |  HWThread 64 |  HWThread 65 |  HWThread 66 |  HWThread 67 |  HWThread 68 |  HWThread 69 |  HWThread 70 |  HWThread 71 |  HWThread 72 |  HWThread 73 |  HWThread 74 |  HWThread 75 |  HWThread 76 |  HWThread 77 |  HWThread 78 |  HWThread 79 |  HWThread 80 |  HWThread 81 |  HWThread 82 |  HWThread 83 |  HWThread 84 |  HWThread 85 |  HWThread 86 |  HWThread 87 |  HWThread 88 |  HWThread 89 |  HWThread 90 |  HWThread 91 |  HWThread 92 |  HWThread 93 |  HWThread 94 |  HWThread 95 |  HWThread 96 |  HWThread 97 |  HWThread 98 |  HWThread 99 | HWThread 100 | HWThread 101 | HWThread 102 | HWThread 103 | HWThread 104 | HWThread 105 | HWThread 106 | HWThread 107 | HWThread 108 | HWThread 109 | HWThread 110 | HWThread 111 | HWThread 112 | HWThread 113 | HWThread 114 | HWThread 115 | HWThread 116 | HWThread 117 | HWThread 118 | HWThread 119 | HWThread 120 | HWThread 121 | HWThread 122 | HWThread 123 | HWThread 124 | HWThread 125 | HWThread 126 | HWThread 127 | HWThread 128 | HWThread 129 | HWThread 130 | HWThread 131 | HWThread 132 | HWThread 133 | HWThread 134 | HWThread 135 | HWThread 136 | HWThread 137 | HWThread 138 | HWThread 139 | HWThread 140 | HWThread 141 | HWThread 142 | HWThread 143 | HWThread 144 | HWThread 145 | HWThread 146 | HWThread 147 | HWThread 148 | HWThread 149 | HWThread 150 | HWThread 151 | HWThread 152 | HWThread 153 | HWThread 154 | HWThread 155 | HWThread 156 | HWThread 157 | HWThread 158 | HWThread 159 |
+----------------------+---------+--------------+--------------+--------------+--------------+--------------+--------------+--------------+--------------+--------------+--------------+--------------+--------------+--------------+--------------+--------------+--------------+--------------+--------------+--------------+--------------+--------------+--------------+--------------+--------------+--------------+--------------+--------------+--------------+--------------+--------------+--------------+--------------+--------------+--------------+--------------+--------------+--------------+--------------+--------------+--------------+--------------+--------------+--------------+--------------+--------------+--------------+--------------+--------------+--------------+--------------+--------------+--------------+--------------+--------------+--------------+--------------+--------------+--------------+--------------+--------------+--------------+--------------+--------------+--------------+--------------+--------------+--------------+--------------+--------------+--------------+--------------+--------------+--------------+--------------+--------------+--------------+--------------+--------------+--------------+--------------+--------------+--------------+--------------+--------------+--------------+--------------+--------------+--------------+--------------+--------------+--------------+--------------+--------------+--------------+--------------+--------------+--------------+--------------+--------------+--------------+--------------+--------------+--------------+--------------+--------------+--------------+--------------+--------------+--------------+--------------+--------------+--------------+--------------+--------------+--------------+--------------+--------------+--------------+--------------+--------------+--------------+--------------+--------------+--------------+--------------+--------------+--------------+--------------+--------------+--------------+--------------+--------------+--------------+--------------+--------------+--------------+--------------+--------------+--------------+--------------+--------------+--------------+--------------+--------------+--------------+--------------+--------------+--------------+--------------+--------------+--------------+--------------+--------------+--------------+--------------+--------------+--------------+--------------+--------------+--------------+
|   ACTUAL_CPU_CLOCK   |  FIXC1  | 463018900000 | 458959500000 | 459605000000 | 459455000000 | 459444700000 | 459532300000 | 459411800000 | 459493500000 | 459609200000 | 459524400000 | 459367800000 | 459473100000 | 459840700000 | 459385300000 | 459346100000 | 459403200000 | 459300000000 | 459434000000 | 459403600000 | 459329600000 | 459383300000 | 459439500000 | 459380500000 | 459312800000 | 459501200000 | 459428000000 | 459211500000 | 459434700000 | 459166900000 | 459610800000 | 459259000000 | 459507100000 | 459703300000 | 459412600000 | 459412200000 | 459634600000 | 459657500000 | 459915400000 | 459403800000 | 459337000000 | 459387700000 | 459338000000 | 459408000000 | 459327100000 | 459397500000 | 459337000000 | 459253000000 | 459316000000 | 459469100000 | 459263700000 | 459445300000 | 459394500000 | 459331800000 | 459293700000 | 459393800000 | 459555700000 | 459516500000 | 459579700000 | 459441100000 | 459539700000 | 459625500000 | 459518700000 | 459736400000 | 459548500000 | 459425700000 | 459356200000 | 459411900000 | 459399300000 | 459390400000 | 459491100000 | 459369500000 | 459493600000 | 459400900000 | 459452400000 | 459573700000 | 459444400000 | 459419000000 | 459376100000 | 459448300000 | 459539100000 | 459485900000 | 459715000000 | 459677700000 | 459425000000 | 459509800000 | 459539700000 | 459674300000 | 459484500000 | 459385500000 | 459573500000 | 459408300000 | 459628300000 | 459594100000 | 459531300000 | 459535300000 | 459436000000 | 473927900000 | 473940200000 | 473747000000 | 473939600000 | 473788800000 | 474052300000 | 474051100000 | 473796400000 | 476509600000 | 473746300000 | 473798900000 | 474063200000 | 473900000000 | 473841000000 | 474254300000 | 473898600000 | 473785500000 | 473833200000 | 473734900000 | 473833900000 | 473883200000 | 473715100000 | 473707600000 | 473874700000 | 473925500000 | 474029300000 | 473972100000 | 473912000000 | 473841100000 | 474241700000 | 474192300000 | 474181400000 | 474083300000 | 474210800000 | 473977100000 | 473935800000 | 473899400000 | 476524000000 | 473845500000 | 474012200000 | 474200600000 | 473923100000 | 473765600000 | 474012700000 | 473994100000 | 473847100000 | 473862500000 | 473984800000 | 473994100000 | 473804600000 | 473944200000 | 473849300000 | 473836800000 | 473772000000 | 473849800000 | 473696000000 | 473870700000 | 473792400000 | 473663900000 | 473670100000 | 473508800000 | 473923700000 | 473782800000 | 473766400000 |
|     MAX_CPU_CLOCK    |  FIXC2  | 336223100000 | 335212200000 | 335208900000 | 335214800000 | 335214600000 | 335229700000 | 335214900000 | 335260600000 | 335184200000 | 335231000000 | 335173700000 | 335215900000 | 335171700000 | 335172300000 | 335137800000 | 335171300000 | 335084700000 | 335058600000 | 335056400000 | 335126300000 | 335056500000 | 335120400000 | 335143800000 | 335104500000 | 335077800000 | 335120500000 | 335063800000 | 335060400000 | 335068300000 | 335094500000 | 335056700000 | 335083500000 | 335207700000 | 335215700000 | 335209600000 | 335210600000 | 335241600000 | 335275400000 | 335217800000 | 335174500000 | 335067800000 | 335130300000 | 335129800000 | 335080900000 | 335154500000 | 335109200000 | 335082100000 | 335140200000 | 335047600000 | 335103400000 | 335121300000 | 335158600000 | 335116100000 | 335112400000 | 335128200000 | 335189900000 | 335183000000 | 335195200000 | 335185500000 | 335225600000 | 335217900000 | 335194300000 | 335203700000 | 335147200000 | 335210400000 | 335212800000 | 335209700000 | 335190100000 | 335203500000 | 335151000000 | 335201700000 | 335247200000 | 335112400000 | 335158400000 | 335201000000 | 335141300000 | 335208900000 | 335150800000 | 335117700000 | 335222400000 | 335240800000 | 335207500000 | 335202800000 | 335208600000 | 335247200000 | 335242900000 | 335199400000 | 335239300000 | 335117700000 | 335183400000 | 335135500000 | 335165500000 | 335180900000 | 335140500000 | 335126100000 | 335157700000 | 335299400000 | 335159200000 | 335142400000 | 335133400000 | 335166200000 | 335163100000 | 335208400000 | 335163400000 | 339481200000 | 335158500000 | 335191000000 | 335321600000 | 335238100000 | 335353200000 | 335787100000 | 335144900000 | 335262700000 | 335134300000 | 335143100000 | 335146600000 | 335147600000 | 335103900000 | 335124500000 | 335128400000 | 335330400000 | 335185300000 | 335182400000 | 335196500000 | 335148800000 | 335249400000 | 335194700000 | 335178400000 | 335103400000 | 335186700000 | 335142000000 | 335126400000 | 335194700000 | 338389300000 | 335254300000 | 335120500000 | 335473200000 | 335148800000 | 335091300000 | 335134400000 | 335180900000 | 335128000000 | 335108900000 | 335177500000 | 335225700000 | 335126200000 | 335078800000 | 335144900000 | 335127400000 | 335071600000 | 335163400000 | 335125400000 | 335016400000 | 335161600000 | 335046900000 | 335082400000 | 335044500000 | 335310500000 | 335036400000 | 335254900000 |
| RETIRED_INSTRUCTIONS |   PMC0  | 608260600000 | 599212900000 | 600473900000 | 600136600000 | 601083200000 | 600037200000 | 600696500000 | 601033800000 | 631253400000 | 631377900000 | 630359000000 | 631418700000 | 632645300000 | 630779500000 | 630808100000 | 631043900000 | 605892000000 | 606283300000 | 605663800000 | 603476300000 | 605791800000 | 605197600000 | 604269400000 | 605512300000 | 601648100000 | 600350900000 | 600794400000 | 602103600000 | 599520500000 | 601685400000 | 601478500000 | 602383200000 | 631031000000 | 629468100000 | 629442200000 | 630133500000 | 630125400000 | 631293800000 | 629779900000 | 629069100000 | 601608400000 | 602206900000 | 601480200000 | 602841200000 | 602199600000 | 601854100000 | 601861800000 | 602439900000 | 605181000000 | 605375900000 | 604077400000 | 605139300000 | 603612100000 | 603600600000 | 603230900000 | 603961300000 | 629779200000 | 630458600000 | 630412500000 | 629848000000 | 631415700000 | 629735400000 | 630835400000 | 629597500000 | 607354200000 | 607008000000 | 607637700000 | 607309900000 | 606429600000 | 607555100000 | 607441000000 | 606073800000 | 600589400000 | 601727500000 | 601300100000 | 601168600000 | 599531900000 | 600860100000 | 600790000000 | 600384600000 | 630898700000 | 633007000000 | 632785200000 | 631108500000 | 631040100000 | 631383300000 | 631726100000 | 630654000000 | 605016200000 | 605591900000 | 605179900000 | 605160400000 | 605373700000 | 606458500000 | 605119400000 | 604560500000 | 548430000000 | 549917200000 | 548000800000 | 549251100000 | 548866400000 | 549389400000 | 549923300000 | 548539800000 | 608919500000 | 606338200000 | 606474300000 | 608249100000 | 607488900000 | 607403100000 | 607005500000 | 607198000000 | 555346100000 | 555878800000 | 555039400000 | 555769800000 | 555517300000 | 555324200000 | 554962600000 | 556209400000 | 551847800000 | 552467400000 | 551789500000 | 552625900000 | 552813100000 | 552899800000 | 552925400000 | 551744300000 | 607200300000 | 607455200000 | 605749800000 | 605862000000 | 605042300000 | 608789700000 | 605314800000 | 607292800000 | 550520000000 | 549909700000 | 547788700000 | 550406600000 | 548921000000 | 549960700000 | 549410200000 | 548844400000 | 608652400000 | 608989500000 | 609342700000 | 608146300000 | 607958500000 | 609094500000 | 608212100000 | 607776600000 | 609960900000 | 608386400000 | 608304300000 | 608722300000 | 607597600000 | 609234800000 | 608194200000 | 609619600000 |
|  CPU_CLOCKS_UNHALTED |   PMC1  | 450123200000 | 449353000000 | 450011200000 | 449724900000 | 449821500000 | 449782400000 | 449737800000 | 450083700000 | 450212300000 | 450340900000 | 450260100000 | 450446800000 | 450863000000 | 450302500000 | 450239600000 | 450211600000 | 449820700000 | 449928800000 | 449967500000 | 449999600000 | 450053500000 | 450084900000 | 449892200000 | 449866600000 | 450386400000 | 450306900000 | 450370200000 | 450513500000 | 450252900000 | 450605700000 | 450416000000 | 450721900000 | 450708900000 | 449770600000 | 450162600000 | 450480200000 | 450241000000 | 450519200000 | 450508700000 | 450027400000 | 450134000000 | 450065800000 | 450267200000 | 450183600000 | 450287200000 | 450142700000 | 449998300000 | 450195200000 | 450346100000 | 450247300000 | 450243500000 | 450382600000 | 450290900000 | 450316000000 | 450315800000 | 450225500000 | 450409700000 | 450540100000 | 450173500000 | 450338600000 | 450550300000 | 450516900000 | 450534000000 | 450363600000 | 449913900000 | 449698000000 | 450021400000 | 450174700000 | 450182100000 | 450493300000 | 450044600000 | 450078800000 | 450165900000 | 450194200000 | 450275300000 | 450125900000 | 450290700000 | 450253300000 | 450228900000 | 450250900000 | 449941600000 | 450696600000 | 450557400000 | 450389400000 | 450366500000 | 450701800000 | 450448300000 | 450299800000 | 450070300000 | 450613900000 | 450496900000 | 450568300000 | 450499900000 | 450575400000 | 450621100000 | 450221200000 | 465922200000 | 466099400000 | 466235500000 | 466033700000 | 466183500000 | 466381300000 | 466427600000 | 466140500000 | 465968800000 | 464986200000 | 464920500000 | 465316100000 | 465298000000 | 465129800000 | 465092400000 | 465167700000 | 465720000000 | 465859500000 | 465835500000 | 465942800000 | 466019900000 | 465824900000 | 465813100000 | 466030100000 | 465947500000 | 465983500000 | 466208600000 | 466200200000 | 465730400000 | 466383400000 | 466362900000 | 465986600000 | 465227000000 | 465080600000 | 465057500000 | 465215500000 | 464983200000 | 465990600000 | 464972700000 | 465092000000 | 465932900000 | 465979600000 | 465722000000 | 466364800000 | 465965300000 | 466030700000 | 465910900000 | 466302900000 | 465161500000 | 464922400000 | 465033000000 | 464890400000 | 464889500000 | 464991300000 | 465100100000 | 464798200000 | 464562400000 | 464608700000 | 464371900000 | 464582900000 | 464332700000 | 464623100000 | 464443000000 | 464666000000 |
|      CAS_CMD_RD      |  UMC0C0 |  37159200000 |            0 |            0 |            0 |            0 |            0 |            0 |            0 |            0 |            0 |            0 |            0 |            0 |            0 |            0 |            0 |            0 |            0 |            0 |            0 |            0 |            0 |            0 |            0 |            0 |            0 |            0 |            0 |            0 |            0 |            0 |            0 |            0 |            0 |            0 |            0 |            0 |            0 |            0 |            0 |            0 |            0 |            0 |            0 |            0 |            0 |            0 |            0 |            0 |            0 |            0 |            0 |            0 |            0 |            0 |            0 |            0 |            0 |            0 |            0 |            0 |            0 |            0 |            0 |            0 |            0 |            0 |            0 |            0 |            0 |            0 |            0 |            0 |            0 |            0 |            0 |            0 |            0 |            0 |            0 |            0 |            0 |            0 |            0 |            0 |            0 |            0 |            0 |            0 |            0 |            0 |            0 |            0 |            0 |            0 |            0 |  16525980000 |            0 |            0 |            0 |            0 |            0 |            0 |            0 |            0 |            0 |            0 |            0 |            0 |            0 |            0 |            0 |            0 |            0 |            0 |            0 |            0 |            0 |            0 |            0 |            0 |            0 |            0 |            0 |            0 |            0 |            0 |            0 |            0 |            0 |            0 |            0 |            0 |            0 |            0 |            0 |            0 |            0 |            0 |            0 |            0 |            0 |            0 |            0 |            0 |            0 |            0 |            0 |            0 |            0 |            0 |            0 |            0 |            0 |            0 |            0 |            0 |            0 |            0 |            0 |
|      CAS_CMD_WR      |  UMC0C1 |    145834200 |            0 |            0 |            0 |            0 |            0 |            0 |            0 |            0 |            0 |            0 |            0 |            0 |            0 |            0 |            0 |            0 |            0 |            0 |            0 |            0 |            0 |            0 |            0 |            0 |            0 |            0 |            0 |            0 |            0 |            0 |            0 |            0 |            0 |            0 |            0 |            0 |            0 |            0 |            0 |            0 |            0 |            0 |            0 |            0 |            0 |            0 |            0 |            0 |            0 |            0 |            0 |            0 |            0 |            0 |            0 |            0 |            0 |            0 |            0 |            0 |            0 |            0 |            0 |            0 |            0 |            0 |            0 |            0 |            0 |            0 |            0 |            0 |            0 |            0 |            0 |            0 |            0 |            0 |            0 |            0 |            0 |            0 |            0 |            0 |            0 |            0 |            0 |            0 |            0 |            0 |            0 |            0 |            0 |            0 |            0 |     94798740 |            0 |            0 |            0 |            0 |            0 |            0 |            0 |            0 |            0 |            0 |            0 |            0 |            0 |            0 |            0 |            0 |            0 |            0 |            0 |            0 |            0 |            0 |            0 |            0 |            0 |            0 |            0 |            0 |            0 |            0 |            0 |            0 |            0 |            0 |            0 |            0 |            0 |            0 |            0 |            0 |            0 |            0 |            0 |            0 |            0 |            0 |            0 |            0 |            0 |            0 |            0 |            0 |            0 |            0 |            0 |            0 |            0 |            0 |            0 |            0 |            0 |            0 |            0 |
|      CAS_CMD_RD      |  UMC1C0 |  37164280000 |            0 |            0 |            0 |            0 |            0 |            0 |            0 |            0 |            0 |            0 |            0 |            0 |            0 |            0 |            0 |            0 |            0 |            0 |            0 |            0 |            0 |            0 |            0 |            0 |            0 |            0 |            0 |            0 |            0 |            0 |            0 |            0 |            0 |            0 |            0 |            0 |            0 |            0 |            0 |            0 |            0 |            0 |            0 |            0 |            0 |            0 |            0 |            0 |            0 |            0 |            0 |            0 |            0 |            0 |            0 |            0 |            0 |            0 |            0 |            0 |            0 |            0 |            0 |            0 |            0 |            0 |            0 |            0 |            0 |            0 |            0 |            0 |            0 |            0 |            0 |            0 |            0 |            0 |            0 |            0 |            0 |            0 |            0 |            0 |            0 |            0 |            0 |            0 |            0 |            0 |            0 |            0 |            0 |            0 |            0 |  16502980000 |            0 |            0 |            0 |            0 |            0 |            0 |            0 |            0 |            0 |            0 |            0 |            0 |            0 |            0 |            0 |            0 |            0 |            0 |            0 |            0 |            0 |            0 |            0 |            0 |            0 |            0 |            0 |            0 |            0 |            0 |            0 |            0 |            0 |            0 |            0 |            0 |            0 |            0 |            0 |            0 |            0 |            0 |            0 |            0 |            0 |            0 |            0 |            0 |            0 |            0 |            0 |            0 |            0 |            0 |            0 |            0 |            0 |            0 |            0 |            0 |            0 |            0 |            0 |
|      CAS_CMD_WR      |  UMC1C1 |    144152200 |            0 |            0 |            0 |            0 |            0 |            0 |            0 |            0 |            0 |            0 |            0 |            0 |            0 |            0 |            0 |            0 |            0 |            0 |            0 |            0 |            0 |            0 |            0 |            0 |            0 |            0 |            0 |            0 |            0 |            0 |            0 |            0 |            0 |            0 |            0 |            0 |            0 |            0 |            0 |            0 |            0 |            0 |            0 |            0 |            0 |            0 |            0 |            0 |            0 |            0 |            0 |            0 |            0 |            0 |            0 |            0 |            0 |            0 |            0 |            0 |            0 |            0 |            0 |            0 |            0 |            0 |            0 |            0 |            0 |            0 |            0 |            0 |            0 |            0 |            0 |            0 |            0 |            0 |            0 |            0 |            0 |            0 |            0 |            0 |            0 |            0 |            0 |            0 |            0 |            0 |            0 |            0 |            0 |            0 |            0 |     94766180 |            0 |            0 |            0 |            0 |            0 |            0 |            0 |            0 |            0 |            0 |            0 |            0 |            0 |            0 |            0 |            0 |            0 |            0 |            0 |            0 |            0 |            0 |            0 |            0 |            0 |            0 |            0 |            0 |            0 |            0 |            0 |            0 |            0 |            0 |            0 |            0 |            0 |            0 |            0 |            0 |            0 |            0 |            0 |            0 |            0 |            0 |            0 |            0 |            0 |            0 |            0 |            0 |            0 |            0 |            0 |            0 |            0 |            0 |            0 |            0 |            0 |            0 |            0 |
|      CAS_CMD_RD      |  UMC2C0 |  37298060000 |            0 |            0 |            0 |            0 |            0 |            0 |            0 |            0 |            0 |            0 |            0 |            0 |            0 |            0 |            0 |            0 |            0 |            0 |            0 |            0 |            0 |            0 |            0 |            0 |            0 |            0 |            0 |            0 |            0 |            0 |            0 |            0 |            0 |            0 |            0 |            0 |            0 |            0 |            0 |            0 |            0 |            0 |            0 |            0 |            0 |            0 |            0 |            0 |            0 |            0 |            0 |            0 |            0 |            0 |            0 |            0 |            0 |            0 |            0 |            0 |            0 |            0 |            0 |            0 |            0 |            0 |            0 |            0 |            0 |            0 |            0 |            0 |            0 |            0 |            0 |            0 |            0 |            0 |            0 |            0 |            0 |            0 |            0 |            0 |            0 |            0 |            0 |            0 |            0 |            0 |            0 |            0 |            0 |            0 |            0 |  16483820000 |            0 |            0 |            0 |            0 |            0 |            0 |            0 |            0 |            0 |            0 |            0 |            0 |            0 |            0 |            0 |            0 |            0 |            0 |            0 |            0 |            0 |            0 |            0 |            0 |            0 |            0 |            0 |            0 |            0 |            0 |            0 |            0 |            0 |            0 |            0 |            0 |            0 |            0 |            0 |            0 |            0 |            0 |            0 |            0 |            0 |            0 |            0 |            0 |            0 |            0 |            0 |            0 |            0 |            0 |            0 |            0 |            0 |            0 |            0 |            0 |            0 |            0 |            0 |
|      CAS_CMD_WR      |  UMC2C1 |    147381300 |            0 |            0 |            0 |            0 |            0 |            0 |            0 |            0 |            0 |            0 |            0 |            0 |            0 |            0 |            0 |            0 |            0 |            0 |            0 |            0 |            0 |            0 |            0 |            0 |            0 |            0 |            0 |            0 |            0 |            0 |            0 |            0 |            0 |            0 |            0 |            0 |            0 |            0 |            0 |            0 |            0 |            0 |            0 |            0 |            0 |            0 |            0 |            0 |            0 |            0 |            0 |            0 |            0 |            0 |            0 |            0 |            0 |            0 |            0 |            0 |            0 |            0 |            0 |            0 |            0 |            0 |            0 |            0 |            0 |            0 |            0 |            0 |            0 |            0 |            0 |            0 |            0 |            0 |            0 |            0 |            0 |            0 |            0 |            0 |            0 |            0 |            0 |            0 |            0 |            0 |            0 |            0 |            0 |            0 |            0 |     96063150 |            0 |            0 |            0 |            0 |            0 |            0 |            0 |            0 |            0 |            0 |            0 |            0 |            0 |            0 |            0 |            0 |            0 |            0 |            0 |            0 |            0 |            0 |            0 |            0 |            0 |            0 |            0 |            0 |            0 |            0 |            0 |            0 |            0 |            0 |            0 |            0 |            0 |            0 |            0 |            0 |            0 |            0 |            0 |            0 |            0 |            0 |            0 |            0 |            0 |            0 |            0 |            0 |            0 |            0 |            0 |            0 |            0 |            0 |            0 |            0 |            0 |            0 |            0 |
|      CAS_CMD_RD      |  UMC3C0 |  37048950000 |            0 |            0 |            0 |            0 |            0 |            0 |            0 |            0 |            0 |            0 |            0 |            0 |            0 |            0 |            0 |            0 |            0 |            0 |            0 |            0 |            0 |            0 |            0 |            0 |            0 |            0 |            0 |            0 |            0 |            0 |            0 |            0 |            0 |            0 |            0 |            0 |            0 |            0 |            0 |            0 |            0 |            0 |            0 |            0 |            0 |            0 |            0 |            0 |            0 |            0 |            0 |            0 |            0 |            0 |            0 |            0 |            0 |            0 |            0 |            0 |            0 |            0 |            0 |            0 |            0 |            0 |            0 |            0 |            0 |            0 |            0 |            0 |            0 |            0 |            0 |            0 |            0 |            0 |            0 |            0 |            0 |            0 |            0 |            0 |            0 |            0 |            0 |            0 |            0 |            0 |            0 |            0 |            0 |            0 |            0 |  16466750000 |            0 |            0 |            0 |            0 |            0 |            0 |            0 |            0 |            0 |            0 |            0 |            0 |            0 |            0 |            0 |            0 |            0 |            0 |            0 |            0 |            0 |            0 |            0 |            0 |            0 |            0 |            0 |            0 |            0 |            0 |            0 |            0 |            0 |            0 |            0 |            0 |            0 |            0 |            0 |            0 |            0 |            0 |            0 |            0 |            0 |            0 |            0 |            0 |            0 |            0 |            0 |            0 |            0 |            0 |            0 |            0 |            0 |            0 |            0 |            0 |            0 |            0 |            0 |
|      CAS_CMD_WR      |  UMC3C1 |    148328500 |            0 |            0 |            0 |            0 |            0 |            0 |            0 |            0 |            0 |            0 |            0 |            0 |            0 |            0 |            0 |            0 |            0 |            0 |            0 |            0 |            0 |            0 |            0 |            0 |            0 |            0 |            0 |            0 |            0 |            0 |            0 |            0 |            0 |            0 |            0 |            0 |            0 |            0 |            0 |            0 |            0 |            0 |            0 |            0 |            0 |            0 |            0 |            0 |            0 |            0 |            0 |            0 |            0 |            0 |            0 |            0 |            0 |            0 |            0 |            0 |            0 |            0 |            0 |            0 |            0 |            0 |            0 |            0 |            0 |            0 |            0 |            0 |            0 |            0 |            0 |            0 |            0 |            0 |            0 |            0 |            0 |            0 |            0 |            0 |            0 |            0 |            0 |            0 |            0 |            0 |            0 |            0 |            0 |            0 |            0 |     95411590 |            0 |            0 |            0 |            0 |            0 |            0 |            0 |            0 |            0 |            0 |            0 |            0 |            0 |            0 |            0 |            0 |            0 |            0 |            0 |            0 |            0 |            0 |            0 |            0 |            0 |            0 |            0 |            0 |            0 |            0 |            0 |            0 |            0 |            0 |            0 |            0 |            0 |            0 |            0 |            0 |            0 |            0 |            0 |            0 |            0 |            0 |            0 |            0 |            0 |            0 |            0 |            0 |            0 |            0 |            0 |            0 |            0 |            0 |            0 |            0 |            0 |            0 |            0 |
|      CAS_CMD_RD      |  UMC4C0 |  37125780000 |            0 |            0 |            0 |            0 |            0 |            0 |            0 |            0 |            0 |            0 |            0 |            0 |            0 |            0 |            0 |            0 |            0 |            0 |            0 |            0 |            0 |            0 |            0 |            0 |            0 |            0 |            0 |            0 |            0 |            0 |            0 |            0 |            0 |            0 |            0 |            0 |            0 |            0 |            0 |            0 |            0 |            0 |            0 |            0 |            0 |            0 |            0 |            0 |            0 |            0 |            0 |            0 |            0 |            0 |            0 |            0 |            0 |            0 |            0 |            0 |            0 |            0 |            0 |            0 |            0 |            0 |            0 |            0 |            0 |            0 |            0 |            0 |            0 |            0 |            0 |            0 |            0 |            0 |            0 |            0 |            0 |            0 |            0 |            0 |            0 |            0 |            0 |            0 |            0 |            0 |            0 |            0 |            0 |            0 |            0 |  16590440000 |            0 |            0 |            0 |            0 |            0 |            0 |            0 |            0 |            0 |            0 |            0 |            0 |            0 |            0 |            0 |            0 |            0 |            0 |            0 |            0 |            0 |            0 |            0 |            0 |            0 |            0 |            0 |            0 |            0 |            0 |            0 |            0 |            0 |            0 |            0 |            0 |            0 |            0 |            0 |            0 |            0 |            0 |            0 |            0 |            0 |            0 |            0 |            0 |            0 |            0 |            0 |            0 |            0 |            0 |            0 |            0 |            0 |            0 |            0 |            0 |            0 |            0 |            0 |
|      CAS_CMD_WR      |  UMC4C1 |    145136700 |            0 |            0 |            0 |            0 |            0 |            0 |            0 |            0 |            0 |            0 |            0 |            0 |            0 |            0 |            0 |            0 |            0 |            0 |            0 |            0 |            0 |            0 |            0 |            0 |            0 |            0 |            0 |            0 |            0 |            0 |            0 |            0 |            0 |            0 |            0 |            0 |            0 |            0 |            0 |            0 |            0 |            0 |            0 |            0 |            0 |            0 |            0 |            0 |            0 |            0 |            0 |            0 |            0 |            0 |            0 |            0 |            0 |            0 |            0 |            0 |            0 |            0 |            0 |            0 |            0 |            0 |            0 |            0 |            0 |            0 |            0 |            0 |            0 |            0 |            0 |            0 |            0 |            0 |            0 |            0 |            0 |            0 |            0 |            0 |            0 |            0 |            0 |            0 |            0 |            0 |            0 |            0 |            0 |            0 |            0 |     94391040 |            0 |            0 |            0 |            0 |            0 |            0 |            0 |            0 |            0 |            0 |            0 |            0 |            0 |            0 |            0 |            0 |            0 |            0 |            0 |            0 |            0 |            0 |            0 |            0 |            0 |            0 |            0 |            0 |            0 |            0 |            0 |            0 |            0 |            0 |            0 |            0 |            0 |            0 |            0 |            0 |            0 |            0 |            0 |            0 |            0 |            0 |            0 |            0 |            0 |            0 |            0 |            0 |            0 |            0 |            0 |            0 |            0 |            0 |            0 |            0 |            0 |            0 |            0 |
|      CAS_CMD_RD      |  UMC5C0 |  37233650000 |            0 |            0 |            0 |            0 |            0 |            0 |            0 |            0 |            0 |            0 |            0 |            0 |            0 |            0 |            0 |            0 |            0 |            0 |            0 |            0 |            0 |            0 |            0 |            0 |            0 |            0 |            0 |            0 |            0 |            0 |            0 |            0 |            0 |            0 |            0 |            0 |            0 |            0 |            0 |            0 |            0 |            0 |            0 |            0 |            0 |            0 |            0 |            0 |            0 |            0 |            0 |            0 |            0 |            0 |            0 |            0 |            0 |            0 |            0 |            0 |            0 |            0 |            0 |            0 |            0 |            0 |            0 |            0 |            0 |            0 |            0 |            0 |            0 |            0 |            0 |            0 |            0 |            0 |            0 |            0 |            0 |            0 |            0 |            0 |            0 |            0 |            0 |            0 |            0 |            0 |            0 |            0 |            0 |            0 |            0 |  16525390000 |            0 |            0 |            0 |            0 |            0 |            0 |            0 |            0 |            0 |            0 |            0 |            0 |            0 |            0 |            0 |            0 |            0 |            0 |            0 |            0 |            0 |            0 |            0 |            0 |            0 |            0 |            0 |            0 |            0 |            0 |            0 |            0 |            0 |            0 |            0 |            0 |            0 |            0 |            0 |            0 |            0 |            0 |            0 |            0 |            0 |            0 |            0 |            0 |            0 |            0 |            0 |            0 |            0 |            0 |            0 |            0 |            0 |            0 |            0 |            0 |            0 |            0 |            0 |
|      CAS_CMD_WR      |  UMC5C1 |    148644500 |            0 |            0 |            0 |            0 |            0 |            0 |            0 |            0 |            0 |            0 |            0 |            0 |            0 |            0 |            0 |            0 |            0 |            0 |            0 |            0 |            0 |            0 |            0 |            0 |            0 |            0 |            0 |            0 |            0 |            0 |            0 |            0 |            0 |            0 |            0 |            0 |            0 |            0 |            0 |            0 |            0 |            0 |            0 |            0 |            0 |            0 |            0 |            0 |            0 |            0 |            0 |            0 |            0 |            0 |            0 |            0 |            0 |            0 |            0 |            0 |            0 |            0 |            0 |            0 |            0 |            0 |            0 |            0 |            0 |            0 |            0 |            0 |            0 |            0 |            0 |            0 |            0 |            0 |            0 |            0 |            0 |            0 |            0 |            0 |            0 |            0 |            0 |            0 |            0 |            0 |            0 |            0 |            0 |            0 |            0 |     95069180 |            0 |            0 |            0 |            0 |            0 |            0 |            0 |            0 |            0 |            0 |            0 |            0 |            0 |            0 |            0 |            0 |            0 |            0 |            0 |            0 |            0 |            0 |            0 |            0 |            0 |            0 |            0 |            0 |            0 |            0 |            0 |            0 |            0 |            0 |            0 |            0 |            0 |            0 |            0 |            0 |            0 |            0 |            0 |            0 |            0 |            0 |            0 |            0 |            0 |            0 |            0 |            0 |            0 |            0 |            0 |            0 |            0 |            0 |            0 |            0 |            0 |            0 |            0 |
|      CAS_CMD_RD      |  UMC6C0 |  37077820000 |            0 |            0 |            0 |            0 |            0 |            0 |            0 |            0 |            0 |            0 |            0 |            0 |            0 |            0 |            0 |            0 |            0 |            0 |            0 |            0 |            0 |            0 |            0 |            0 |            0 |            0 |            0 |            0 |            0 |            0 |            0 |            0 |            0 |            0 |            0 |            0 |            0 |            0 |            0 |            0 |            0 |            0 |            0 |            0 |            0 |            0 |            0 |            0 |            0 |            0 |            0 |            0 |            0 |            0 |            0 |            0 |            0 |            0 |            0 |            0 |            0 |            0 |            0 |            0 |            0 |            0 |            0 |            0 |            0 |            0 |            0 |            0 |            0 |            0 |            0 |            0 |            0 |            0 |            0 |            0 |            0 |            0 |            0 |            0 |            0 |            0 |            0 |            0 |            0 |            0 |            0 |            0 |            0 |            0 |            0 |  16404430000 |            0 |            0 |            0 |            0 |            0 |            0 |            0 |            0 |            0 |            0 |            0 |            0 |            0 |            0 |            0 |            0 |            0 |            0 |            0 |            0 |            0 |            0 |            0 |            0 |            0 |            0 |            0 |            0 |            0 |            0 |            0 |            0 |            0 |            0 |            0 |            0 |            0 |            0 |            0 |            0 |            0 |            0 |            0 |            0 |            0 |            0 |            0 |            0 |            0 |            0 |            0 |            0 |            0 |            0 |            0 |            0 |            0 |            0 |            0 |            0 |            0 |            0 |            0 |
|      CAS_CMD_WR      |  UMC6C1 |    146027300 |            0 |            0 |            0 |            0 |            0 |            0 |            0 |            0 |            0 |            0 |            0 |            0 |            0 |            0 |            0 |            0 |            0 |            0 |            0 |            0 |            0 |            0 |            0 |            0 |            0 |            0 |            0 |            0 |            0 |            0 |            0 |            0 |            0 |            0 |            0 |            0 |            0 |            0 |            0 |            0 |            0 |            0 |            0 |            0 |            0 |            0 |            0 |            0 |            0 |            0 |            0 |            0 |            0 |            0 |            0 |            0 |            0 |            0 |            0 |            0 |            0 |            0 |            0 |            0 |            0 |            0 |            0 |            0 |            0 |            0 |            0 |            0 |            0 |            0 |            0 |            0 |            0 |            0 |            0 |            0 |            0 |            0 |            0 |            0 |            0 |            0 |            0 |            0 |            0 |            0 |            0 |            0 |            0 |            0 |            0 |     94398810 |            0 |            0 |            0 |            0 |            0 |            0 |            0 |            0 |            0 |            0 |            0 |            0 |            0 |            0 |            0 |            0 |            0 |            0 |            0 |            0 |            0 |            0 |            0 |            0 |            0 |            0 |            0 |            0 |            0 |            0 |            0 |            0 |            0 |            0 |            0 |            0 |            0 |            0 |            0 |            0 |            0 |            0 |            0 |            0 |            0 |            0 |            0 |            0 |            0 |            0 |            0 |            0 |            0 |            0 |            0 |            0 |            0 |            0 |            0 |            0 |            0 |            0 |            0 |
|      CAS_CMD_RD      |  UMC7C0 |  37136290000 |            0 |            0 |            0 |            0 |            0 |            0 |            0 |            0 |            0 |            0 |            0 |            0 |            0 |            0 |            0 |            0 |            0 |            0 |            0 |            0 |            0 |            0 |            0 |            0 |            0 |            0 |            0 |            0 |            0 |            0 |            0 |            0 |            0 |            0 |            0 |            0 |            0 |            0 |            0 |            0 |            0 |            0 |            0 |            0 |            0 |            0 |            0 |            0 |            0 |            0 |            0 |            0 |            0 |            0 |            0 |            0 |            0 |            0 |            0 |            0 |            0 |            0 |            0 |            0 |            0 |            0 |            0 |            0 |            0 |            0 |            0 |            0 |            0 |            0 |            0 |            0 |            0 |            0 |            0 |            0 |            0 |            0 |            0 |            0 |            0 |            0 |            0 |            0 |            0 |            0 |            0 |            0 |            0 |            0 |            0 |  16422870000 |            0 |            0 |            0 |            0 |            0 |            0 |            0 |            0 |            0 |            0 |            0 |            0 |            0 |            0 |            0 |            0 |            0 |            0 |            0 |            0 |            0 |            0 |            0 |            0 |            0 |            0 |            0 |            0 |            0 |            0 |            0 |            0 |            0 |            0 |            0 |            0 |            0 |            0 |            0 |            0 |            0 |            0 |            0 |            0 |            0 |            0 |            0 |            0 |            0 |            0 |            0 |            0 |            0 |            0 |            0 |            0 |            0 |            0 |            0 |            0 |            0 |            0 |            0 |
|      CAS_CMD_WR      |  UMC7C1 |    145284500 |            0 |            0 |            0 |            0 |            0 |            0 |            0 |            0 |            0 |            0 |            0 |            0 |            0 |            0 |            0 |            0 |            0 |            0 |            0 |            0 |            0 |            0 |            0 |            0 |            0 |            0 |            0 |            0 |            0 |            0 |            0 |            0 |            0 |            0 |            0 |            0 |            0 |            0 |            0 |            0 |            0 |            0 |            0 |            0 |            0 |            0 |            0 |            0 |            0 |            0 |            0 |            0 |            0 |            0 |            0 |            0 |            0 |            0 |            0 |            0 |            0 |            0 |            0 |            0 |            0 |            0 |            0 |            0 |            0 |            0 |            0 |            0 |            0 |            0 |            0 |            0 |            0 |            0 |            0 |            0 |            0 |            0 |            0 |            0 |            0 |            0 |            0 |            0 |            0 |            0 |            0 |            0 |            0 |            0 |            0 |     94828280 |            0 |            0 |            0 |            0 |            0 |            0 |            0 |            0 |            0 |            0 |            0 |            0 |            0 |            0 |            0 |            0 |            0 |            0 |            0 |            0 |            0 |            0 |            0 |            0 |            0 |            0 |            0 |            0 |            0 |            0 |            0 |            0 |            0 |            0 |            0 |            0 |            0 |            0 |            0 |            0 |            0 |            0 |            0 |            0 |            0 |            0 |            0 |            0 |            0 |            0 |            0 |            0 |            0 |            0 |            0 |            0 |            0 |            0 |            0 |            0 |            0 |            0 |            0 |
|      CAS_CMD_RD      |  UMC8C0 |  37179390000 |            0 |            0 |            0 |            0 |            0 |            0 |            0 |            0 |            0 |            0 |            0 |            0 |            0 |            0 |            0 |            0 |            0 |            0 |            0 |            0 |            0 |            0 |            0 |            0 |            0 |            0 |            0 |            0 |            0 |            0 |            0 |            0 |            0 |            0 |            0 |            0 |            0 |            0 |            0 |            0 |            0 |            0 |            0 |            0 |            0 |            0 |            0 |            0 |            0 |            0 |            0 |            0 |            0 |            0 |            0 |            0 |            0 |            0 |            0 |            0 |            0 |            0 |            0 |            0 |            0 |            0 |            0 |            0 |            0 |            0 |            0 |            0 |            0 |            0 |            0 |            0 |            0 |            0 |            0 |            0 |            0 |            0 |            0 |            0 |            0 |            0 |            0 |            0 |            0 |            0 |            0 |            0 |            0 |            0 |            0 |  16470610000 |            0 |            0 |            0 |            0 |            0 |            0 |            0 |            0 |            0 |            0 |            0 |            0 |            0 |            0 |            0 |            0 |            0 |            0 |            0 |            0 |            0 |            0 |            0 |            0 |            0 |            0 |            0 |            0 |            0 |            0 |            0 |            0 |            0 |            0 |            0 |            0 |            0 |            0 |            0 |            0 |            0 |            0 |            0 |            0 |            0 |            0 |            0 |            0 |            0 |            0 |            0 |            0 |            0 |            0 |            0 |            0 |            0 |            0 |            0 |            0 |            0 |            0 |            0 |
|      CAS_CMD_WR      |  UMC8C1 |    147060700 |            0 |            0 |            0 |            0 |            0 |            0 |            0 |            0 |            0 |            0 |            0 |            0 |            0 |            0 |            0 |            0 |            0 |            0 |            0 |            0 |            0 |            0 |            0 |            0 |            0 |            0 |            0 |            0 |            0 |            0 |            0 |            0 |            0 |            0 |            0 |            0 |            0 |            0 |            0 |            0 |            0 |            0 |            0 |            0 |            0 |            0 |            0 |            0 |            0 |            0 |            0 |            0 |            0 |            0 |            0 |            0 |            0 |            0 |            0 |            0 |            0 |            0 |            0 |            0 |            0 |            0 |            0 |            0 |            0 |            0 |            0 |            0 |            0 |            0 |            0 |            0 |            0 |            0 |            0 |            0 |            0 |            0 |            0 |            0 |            0 |            0 |            0 |            0 |            0 |            0 |            0 |            0 |            0 |            0 |            0 |     95813510 |            0 |            0 |            0 |            0 |            0 |            0 |            0 |            0 |            0 |            0 |            0 |            0 |            0 |            0 |            0 |            0 |            0 |            0 |            0 |            0 |            0 |            0 |            0 |            0 |            0 |            0 |            0 |            0 |            0 |            0 |            0 |            0 |            0 |            0 |            0 |            0 |            0 |            0 |            0 |            0 |            0 |            0 |            0 |            0 |            0 |            0 |            0 |            0 |            0 |            0 |            0 |            0 |            0 |            0 |            0 |            0 |            0 |            0 |            0 |            0 |            0 |            0 |            0 |
|      CAS_CMD_RD      |  UMC9C0 |  37133250000 |            0 |            0 |            0 |            0 |            0 |            0 |            0 |            0 |            0 |            0 |            0 |            0 |            0 |            0 |            0 |            0 |            0 |            0 |            0 |            0 |            0 |            0 |            0 |            0 |            0 |            0 |            0 |            0 |            0 |            0 |            0 |            0 |            0 |            0 |            0 |            0 |            0 |            0 |            0 |            0 |            0 |            0 |            0 |            0 |            0 |            0 |            0 |            0 |            0 |            0 |            0 |            0 |            0 |            0 |            0 |            0 |            0 |            0 |            0 |            0 |            0 |            0 |            0 |            0 |            0 |            0 |            0 |            0 |            0 |            0 |            0 |            0 |            0 |            0 |            0 |            0 |            0 |            0 |            0 |            0 |            0 |            0 |            0 |            0 |            0 |            0 |            0 |            0 |            0 |            0 |            0 |            0 |            0 |            0 |            0 |  16531210000 |            0 |            0 |            0 |            0 |            0 |            0 |            0 |            0 |            0 |            0 |            0 |            0 |            0 |            0 |            0 |            0 |            0 |            0 |            0 |            0 |            0 |            0 |            0 |            0 |            0 |            0 |            0 |            0 |            0 |            0 |            0 |            0 |            0 |            0 |            0 |            0 |            0 |            0 |            0 |            0 |            0 |            0 |            0 |            0 |            0 |            0 |            0 |            0 |            0 |            0 |            0 |            0 |            0 |            0 |            0 |            0 |            0 |            0 |            0 |            0 |            0 |            0 |            0 |
|      CAS_CMD_WR      |  UMC9C1 |    148164900 |            0 |            0 |            0 |            0 |            0 |            0 |            0 |            0 |            0 |            0 |            0 |            0 |            0 |            0 |            0 |            0 |            0 |            0 |            0 |            0 |            0 |            0 |            0 |            0 |            0 |            0 |            0 |            0 |            0 |            0 |            0 |            0 |            0 |            0 |            0 |            0 |            0 |            0 |            0 |            0 |            0 |            0 |            0 |            0 |            0 |            0 |            0 |            0 |            0 |            0 |            0 |            0 |            0 |            0 |            0 |            0 |            0 |            0 |            0 |            0 |            0 |            0 |            0 |            0 |            0 |            0 |            0 |            0 |            0 |            0 |            0 |            0 |            0 |            0 |            0 |            0 |            0 |            0 |            0 |            0 |            0 |            0 |            0 |            0 |            0 |            0 |            0 |            0 |            0 |            0 |            0 |            0 |            0 |            0 |            0 |     94593360 |            0 |            0 |            0 |            0 |            0 |            0 |            0 |            0 |            0 |            0 |            0 |            0 |            0 |            0 |            0 |            0 |            0 |            0 |            0 |            0 |            0 |            0 |            0 |            0 |            0 |            0 |            0 |            0 |            0 |            0 |            0 |            0 |            0 |            0 |            0 |            0 |            0 |            0 |            0 |            0 |            0 |            0 |            0 |            0 |            0 |            0 |            0 |            0 |            0 |            0 |            0 |            0 |            0 |            0 |            0 |            0 |            0 |            0 |            0 |            0 |            0 |            0 |            0 |
|      CAS_CMD_RD      | UMC10C0 |  37150050000 |            0 |            0 |            0 |            0 |            0 |            0 |            0 |            0 |            0 |            0 |            0 |            0 |            0 |            0 |            0 |            0 |            0 |            0 |            0 |            0 |            0 |            0 |            0 |            0 |            0 |            0 |            0 |            0 |            0 |            0 |            0 |            0 |            0 |            0 |            0 |            0 |            0 |            0 |            0 |            0 |            0 |            0 |            0 |            0 |            0 |            0 |            0 |            0 |            0 |            0 |            0 |            0 |            0 |            0 |            0 |            0 |            0 |            0 |            0 |            0 |            0 |            0 |            0 |            0 |            0 |            0 |            0 |            0 |            0 |            0 |            0 |            0 |            0 |            0 |            0 |            0 |            0 |            0 |            0 |            0 |            0 |            0 |            0 |            0 |            0 |            0 |            0 |            0 |            0 |            0 |            0 |            0 |            0 |            0 |            0 |  16481240000 |            0 |            0 |            0 |            0 |            0 |            0 |            0 |            0 |            0 |            0 |            0 |            0 |            0 |            0 |            0 |            0 |            0 |            0 |            0 |            0 |            0 |            0 |            0 |            0 |            0 |            0 |            0 |            0 |            0 |            0 |            0 |            0 |            0 |            0 |            0 |            0 |            0 |            0 |            0 |            0 |            0 |            0 |            0 |            0 |            0 |            0 |            0 |            0 |            0 |            0 |            0 |            0 |            0 |            0 |            0 |            0 |            0 |            0 |            0 |            0 |            0 |            0 |            0 |
|      CAS_CMD_WR      | UMC10C1 |    146220500 |            0 |            0 |            0 |            0 |            0 |            0 |            0 |            0 |            0 |            0 |            0 |            0 |            0 |            0 |            0 |            0 |            0 |            0 |            0 |            0 |            0 |            0 |            0 |            0 |            0 |            0 |            0 |            0 |            0 |            0 |            0 |            0 |            0 |            0 |            0 |            0 |            0 |            0 |            0 |            0 |            0 |            0 |            0 |            0 |            0 |            0 |            0 |            0 |            0 |            0 |            0 |            0 |            0 |            0 |            0 |            0 |            0 |            0 |            0 |            0 |            0 |            0 |            0 |            0 |            0 |            0 |            0 |            0 |            0 |            0 |            0 |            0 |            0 |            0 |            0 |            0 |            0 |            0 |            0 |            0 |            0 |            0 |            0 |            0 |            0 |            0 |            0 |            0 |            0 |            0 |            0 |            0 |            0 |            0 |            0 |     95266290 |            0 |            0 |            0 |            0 |            0 |            0 |            0 |            0 |            0 |            0 |            0 |            0 |            0 |            0 |            0 |            0 |            0 |            0 |            0 |            0 |            0 |            0 |            0 |            0 |            0 |            0 |            0 |            0 |            0 |            0 |            0 |            0 |            0 |            0 |            0 |            0 |            0 |            0 |            0 |            0 |            0 |            0 |            0 |            0 |            0 |            0 |            0 |            0 |            0 |            0 |            0 |            0 |            0 |            0 |            0 |            0 |            0 |            0 |            0 |            0 |            0 |            0 |            0 |
|      CAS_CMD_RD      | UMC11C0 |  37227530000 |            0 |            0 |            0 |            0 |            0 |            0 |            0 |            0 |            0 |            0 |            0 |            0 |            0 |            0 |            0 |            0 |            0 |            0 |            0 |            0 |            0 |            0 |            0 |            0 |            0 |            0 |            0 |            0 |            0 |            0 |            0 |            0 |            0 |            0 |            0 |            0 |            0 |            0 |            0 |            0 |            0 |            0 |            0 |            0 |            0 |            0 |            0 |            0 |            0 |            0 |            0 |            0 |            0 |            0 |            0 |            0 |            0 |            0 |            0 |            0 |            0 |            0 |            0 |            0 |            0 |            0 |            0 |            0 |            0 |            0 |            0 |            0 |            0 |            0 |            0 |            0 |            0 |            0 |            0 |            0 |            0 |            0 |            0 |            0 |            0 |            0 |            0 |            0 |            0 |            0 |            0 |            0 |            0 |            0 |            0 |  16400860000 |            0 |            0 |            0 |            0 |            0 |            0 |            0 |            0 |            0 |            0 |            0 |            0 |            0 |            0 |            0 |            0 |            0 |            0 |            0 |            0 |            0 |            0 |            0 |            0 |            0 |            0 |            0 |            0 |            0 |            0 |            0 |            0 |            0 |            0 |            0 |            0 |            0 |            0 |            0 |            0 |            0 |            0 |            0 |            0 |            0 |            0 |            0 |            0 |            0 |            0 |            0 |            0 |            0 |            0 |            0 |            0 |            0 |            0 |            0 |            0 |            0 |            0 |            0 |
|      CAS_CMD_WR      | UMC11C1 |    149156300 |            0 |            0 |            0 |            0 |            0 |            0 |            0 |            0 |            0 |            0 |            0 |            0 |            0 |            0 |            0 |            0 |            0 |            0 |            0 |            0 |            0 |            0 |            0 |            0 |            0 |            0 |            0 |            0 |            0 |            0 |            0 |            0 |            0 |            0 |            0 |            0 |            0 |            0 |            0 |            0 |            0 |            0 |            0 |            0 |            0 |            0 |            0 |            0 |            0 |            0 |            0 |            0 |            0 |            0 |            0 |            0 |            0 |            0 |            0 |            0 |            0 |            0 |            0 |            0 |            0 |            0 |            0 |            0 |            0 |            0 |            0 |            0 |            0 |            0 |            0 |            0 |            0 |            0 |            0 |            0 |            0 |            0 |            0 |            0 |            0 |            0 |            0 |            0 |            0 |            0 |            0 |            0 |            0 |            0 |            0 |     95567440 |            0 |            0 |            0 |            0 |            0 |            0 |            0 |            0 |            0 |            0 |            0 |            0 |            0 |            0 |            0 |            0 |            0 |            0 |            0 |            0 |            0 |            0 |            0 |            0 |            0 |            0 |            0 |            0 |            0 |            0 |            0 |            0 |            0 |            0 |            0 |            0 |            0 |            0 |            0 |            0 |            0 |            0 |            0 |            0 |            0 |            0 |            0 |            0 |            0 |            0 |            0 |            0 |            0 |            0 |            0 |            0 |            0 |            0 |            0 |            0 |            0 |            0 |            0 |
+----------------------+---------+--------------+--------------+--------------+--------------+--------------+--------------+--------------+--------------+--------------+--------------+--------------+--------------+--------------+--------------+--------------+--------------+--------------+--------------+--------------+--------------+--------------+--------------+--------------+--------------+--------------+--------------+--------------+--------------+--------------+--------------+--------------+--------------+--------------+--------------+--------------+--------------+--------------+--------------+--------------+--------------+--------------+--------------+--------------+--------------+--------------+--------------+--------------+--------------+--------------+--------------+--------------+--------------+--------------+--------------+--------------+--------------+--------------+--------------+--------------+--------------+--------------+--------------+--------------+--------------+--------------+--------------+--------------+--------------+--------------+--------------+--------------+--------------+--------------+--------------+--------------+--------------+--------------+--------------+--------------+--------------+--------------+--------------+--------------+--------------+--------------+--------------+--------------+--------------+--------------+--------------+--------------+--------------+--------------+--------------+--------------+--------------+--------------+--------------+--------------+--------------+--------------+--------------+--------------+--------------+--------------+--------------+--------------+--------------+--------------+--------------+--------------+--------------+--------------+--------------+--------------+--------------+--------------+--------------+--------------+--------------+--------------+--------------+--------------+--------------+--------------+--------------+--------------+--------------+--------------+--------------+--------------+--------------+--------------+--------------+--------------+--------------+--------------+--------------+--------------+--------------+--------------+--------------+--------------+--------------+--------------+--------------+--------------+--------------+--------------+--------------+--------------+--------------+--------------+--------------+--------------+--------------+--------------+--------------+--------------+--------------+

+---------------------------+---------+----------------+--------------+--------------+--------------+
|           Event           | Counter |       Sum      |      Min     |      Max     |      Avg     |
+---------------------------+---------+----------------+--------------+--------------+--------------+
|   ACTUAL_CPU_CLOCK STAT   |  FIXC1  | 74446186100000 | 458959500000 | 476524000000 | 465288663125 |
|     MAX_CPU_CLOCK STAT    |  FIXC2  | 53635671500000 | 335016400000 | 339481200000 | 335222946875 |
| RETIRED_INSTRUCTIONS STAT |   PMC0  | 95905208700000 | 547788700000 | 633007000000 | 599407554375 |
|  CPU_CLOCKS_UNHALTED STAT |   PMC1  | 73016606500000 | 449353000000 | 466427600000 | 456353790625 |
|      CAS_CMD_RD STAT      |  UMC0C0 |    53685180000 |            0 |  37159200000 |    335532375 |
|      CAS_CMD_WR STAT      |  UMC0C1 |      240632940 |            0 |    145834200 | 1.503956e+06 |
|      CAS_CMD_RD STAT      |  UMC1C0 |    53667260000 |            0 |  37164280000 |    335420375 |
|      CAS_CMD_WR STAT      |  UMC1C1 |      238918380 |            0 |    144152200 | 1.493240e+06 |
|      CAS_CMD_RD STAT      |  UMC2C0 |    53781880000 |            0 |  37298060000 |    336136750 |
|      CAS_CMD_WR STAT      |  UMC2C1 |      243444450 |            0 |    147381300 | 1.521528e+06 |
|      CAS_CMD_RD STAT      |  UMC3C0 |    53515700000 |            0 |  37048950000 |    334473125 |
|      CAS_CMD_WR STAT      |  UMC3C1 |      243740090 |            0 |    148328500 | 1.523376e+06 |
|      CAS_CMD_RD STAT      |  UMC4C0 |    53716220000 |            0 |  37125780000 |    335726375 |
|      CAS_CMD_WR STAT      |  UMC4C1 |      239527740 |            0 |    145136700 | 1.497048e+06 |
|      CAS_CMD_RD STAT      |  UMC5C0 |    53759040000 |            0 |  37233650000 |    335994000 |
|      CAS_CMD_WR STAT      |  UMC5C1 |      243713680 |            0 |    148644500 | 1.523210e+06 |
|      CAS_CMD_RD STAT      |  UMC6C0 |    53482250000 |            0 |  37077820000 | 3.342641e+08 |
|      CAS_CMD_WR STAT      |  UMC6C1 |      240426110 |            0 |    146027300 | 1.502663e+06 |
|      CAS_CMD_RD STAT      |  UMC7C0 |    53559160000 |            0 |  37136290000 |    334744750 |
|      CAS_CMD_WR STAT      |  UMC7C1 |      240112780 |            0 |    145284500 | 1.500705e+06 |
|      CAS_CMD_RD STAT      |  UMC8C0 |    53650000000 |            0 |  37179390000 |    335312500 |
|      CAS_CMD_WR STAT      |  UMC8C1 |      242874210 |            0 |    147060700 | 1.517964e+06 |
|      CAS_CMD_RD STAT      |  UMC9C0 |    53664460000 |            0 |  37133250000 |    335402875 |
|      CAS_CMD_WR STAT      |  UMC9C1 |      242758260 |            0 |    148164900 | 1.517239e+06 |
|      CAS_CMD_RD STAT      | UMC10C0 |    53631290000 |            0 |  37150050000 | 3.351956e+08 |
|      CAS_CMD_WR STAT      | UMC10C1 |      241486790 |            0 |    146220500 | 1.509292e+06 |
|      CAS_CMD_RD STAT      | UMC11C0 |    53628390000 |            0 |  37227530000 | 3.351774e+08 |
|      CAS_CMD_WR STAT      | UMC11C1 |      244723740 |            0 |    149156300 | 1.529523e+06 |
+---------------------------+---------+----------------+--------------+--------------+--------------+

+-----------------------------------+-------------+------------+------------+------------+------------+------------+------------+------------+------------+------------+-------------+-------------+-------------+-------------+-------------+-------------+-------------+-------------+-------------+-------------+-------------+-------------+-------------+-------------+-------------+-------------+-------------+-------------+-------------+-------------+-------------+-------------+-------------+-------------+-------------+-------------+-------------+-------------+-------------+-------------+-------------+-------------+-------------+-------------+-------------+-------------+-------------+-------------+-------------+-------------+-------------+-------------+-------------+-------------+-------------+-------------+-------------+-------------+-------------+-------------+-------------+-------------+-------------+-------------+-------------+-------------+-------------+-------------+-------------+-------------+-------------+-------------+-------------+-------------+-------------+-------------+-------------+-------------+-------------+-------------+-------------+-------------+-------------+-------------+-------------+-------------+-------------+-------------+-------------+-------------+-------------+-------------+-------------+-------------+-------------+-------------+-------------+-------------+-------------+-------------+--------------+--------------+--------------+--------------+--------------+--------------+--------------+--------------+--------------+--------------+--------------+--------------+--------------+--------------+--------------+--------------+--------------+--------------+--------------+--------------+--------------+--------------+--------------+--------------+--------------+--------------+--------------+--------------+--------------+--------------+--------------+--------------+--------------+--------------+--------------+--------------+--------------+--------------+--------------+--------------+--------------+--------------+--------------+--------------+--------------+--------------+--------------+--------------+--------------+--------------+--------------+--------------+--------------+--------------+--------------+--------------+--------------+--------------+--------------+--------------+
|               Metric              |  HWThread 0 | HWThread 1 | HWThread 2 | HWThread 3 | HWThread 4 | HWThread 5 | HWThread 6 | HWThread 7 | HWThread 8 | HWThread 9 | HWThread 10 | HWThread 11 | HWThread 12 | HWThread 13 | HWThread 14 | HWThread 15 | HWThread 16 | HWThread 17 | HWThread 18 | HWThread 19 | HWThread 20 | HWThread 21 | HWThread 22 | HWThread 23 | HWThread 24 | HWThread 25 | HWThread 26 | HWThread 27 | HWThread 28 | HWThread 29 | HWThread 30 | HWThread 31 | HWThread 32 | HWThread 33 | HWThread 34 | HWThread 35 | HWThread 36 | HWThread 37 | HWThread 38 | HWThread 39 | HWThread 40 | HWThread 41 | HWThread 42 | HWThread 43 | HWThread 44 | HWThread 45 | HWThread 46 | HWThread 47 | HWThread 48 | HWThread 49 | HWThread 50 | HWThread 51 | HWThread 52 | HWThread 53 | HWThread 54 | HWThread 55 | HWThread 56 | HWThread 57 | HWThread 58 | HWThread 59 | HWThread 60 | HWThread 61 | HWThread 62 | HWThread 63 | HWThread 64 | HWThread 65 | HWThread 66 | HWThread 67 | HWThread 68 | HWThread 69 | HWThread 70 | HWThread 71 | HWThread 72 | HWThread 73 | HWThread 74 | HWThread 75 | HWThread 76 | HWThread 77 | HWThread 78 | HWThread 79 | HWThread 80 | HWThread 81 | HWThread 82 | HWThread 83 | HWThread 84 | HWThread 85 | HWThread 86 | HWThread 87 | HWThread 88 | HWThread 89 | HWThread 90 | HWThread 91 | HWThread 92 | HWThread 93 | HWThread 94 | HWThread 95 | HWThread 96 | HWThread 97 | HWThread 98 | HWThread 99 | HWThread 100 | HWThread 101 | HWThread 102 | HWThread 103 | HWThread 104 | HWThread 105 | HWThread 106 | HWThread 107 | HWThread 108 | HWThread 109 | HWThread 110 | HWThread 111 | HWThread 112 | HWThread 113 | HWThread 114 | HWThread 115 | HWThread 116 | HWThread 117 | HWThread 118 | HWThread 119 | HWThread 120 | HWThread 121 | HWThread 122 | HWThread 123 | HWThread 124 | HWThread 125 | HWThread 126 | HWThread 127 | HWThread 128 | HWThread 129 | HWThread 130 | HWThread 131 | HWThread 132 | HWThread 133 | HWThread 134 | HWThread 135 | HWThread 136 | HWThread 137 | HWThread 138 | HWThread 139 | HWThread 140 | HWThread 141 | HWThread 142 | HWThread 143 | HWThread 144 | HWThread 145 | HWThread 146 | HWThread 147 | HWThread 148 | HWThread 149 | HWThread 150 | HWThread 151 | HWThread 152 | HWThread 153 | HWThread 154 | HWThread 155 | HWThread 156 | HWThread 157 | HWThread 158 | HWThread 159 |
+-----------------------------------+-------------+------------+------------+------------+------------+------------+------------+------------+------------+------------+-------------+-------------+-------------+-------------+-------------+-------------+-------------+-------------+-------------+-------------+-------------+-------------+-------------+-------------+-------------+-------------+-------------+-------------+-------------+-------------+-------------+-------------+-------------+-------------+-------------+-------------+-------------+-------------+-------------+-------------+-------------+-------------+-------------+-------------+-------------+-------------+-------------+-------------+-------------+-------------+-------------+-------------+-------------+-------------+-------------+-------------+-------------+-------------+-------------+-------------+-------------+-------------+-------------+-------------+-------------+-------------+-------------+-------------+-------------+-------------+-------------+-------------+-------------+-------------+-------------+-------------+-------------+-------------+-------------+-------------+-------------+-------------+-------------+-------------+-------------+-------------+-------------+-------------+-------------+-------------+-------------+-------------+-------------+-------------+-------------+-------------+-------------+-------------+-------------+-------------+--------------+--------------+--------------+--------------+--------------+--------------+--------------+--------------+--------------+--------------+--------------+--------------+--------------+--------------+--------------+--------------+--------------+--------------+--------------+--------------+--------------+--------------+--------------+--------------+--------------+--------------+--------------+--------------+--------------+--------------+--------------+--------------+--------------+--------------+--------------+--------------+--------------+--------------+--------------+--------------+--------------+--------------+--------------+--------------+--------------+--------------+--------------+--------------+--------------+--------------+--------------+--------------+--------------+--------------+--------------+--------------+--------------+--------------+--------------+--------------+
|        Runtime (RDTSC) [s]        |    143.2446 |   132.9453 |   136.9878 |   139.3506 |   142.9557 |   136.2338 |   139.0220 |   138.7102 |   136.0161 |   137.2633 |    131.7433 |    137.6072 |    141.4496 |    131.8705 |    137.7249 |    133.0541 |    133.9094 |    133.9098 |    129.9722 |    134.7014 |    143.9647 |    136.3381 |    134.1951 |    129.7599 |    133.8018 |    143.4836 |    143.1356 |    135.2331 |    130.1298 |    141.9334 |    144.4787 |    139.1281 |    130.8987 |    133.1642 |    130.2393 |    144.8149 |    139.4609 |    144.9142 |    132.1371 |    129.6538 |    144.1878 |    135.4380 |    129.4718 |    140.7645 |    133.6196 |    130.6775 |    137.6081 |    142.8315 |    129.0581 |    142.4589 |    142.3751 |    130.5675 |    137.8747 |    133.2728 |    131.5192 |    143.2481 |    131.7446 |    132.6165 |    140.4928 |    132.7293 |    130.4555 |    132.4258 |    132.0213 |    141.7558 |    139.8930 |    142.2508 |    140.8758 |    142.2500 |    142.0465 |    130.3446 |    142.6043 |    144.6908 |    137.9861 |    133.4996 |    140.1096 |    137.3890 |    139.2409 |    138.8400 |    134.9125 |    136.6600 |    134.3235 |    138.4817 |    143.3632 |    137.4981 |    141.6297 |    136.8775 |    135.1244 |    141.0776 |    132.3159 |    129.7622 |    130.7901 |    129.1981 |    139.6680 |    138.1947 |    131.0079 |    132.4238 |    144.1803 |    144.1867 |    141.3261 |    129.0025 |     141.0762 |     140.8724 |     141.3281 |     140.8721 |     138.1912 |     131.1170 |     129.7599 |     138.1933 |     134.9126 |     136.4467 |     136.0152 |     131.5164 |     139.3476 |     129.1944 |     142.6041 |     143.9632 |     140.4927 |     140.4011 |     129.3129 |     129.3127 |     135.6563 |     135.4375 |     135.6569 |     135.4371 |     143.8048 |     143.6732 |     135.8034 |     135.8737 |     134.5067 |     133.9074 |     135.2316 |     134.5072 |     131.9496 |     143.3635 |     133.4959 |     134.7004 |     140.1081 |     139.8935 |     139.6653 |     134.1900 |     138.4794 |     140.3322 |     140.1081 |     136.4459 |     136.6593 |     131.1163 |     144.4774 |     141.6287 |     137.9847 |     132.7274 |     141.9325 |     142.8305 |     131.3328 |     144.6908 |     138.7056 |     133.2731 |     137.0986 |     136.9853 |     131.3333 |     143.6697 |
|        Runtime unhalted [s]       |    178.0841 |   176.5228 |   176.7711 |   176.7134 |   176.7094 |   176.7431 |   176.6967 |   176.7282 |   176.7727 |   176.7401 |    176.6798 |    176.7203 |    176.8617 |    176.6866 |    176.6715 |    176.6934 |    176.6537 |    176.7053 |    176.6936 |    176.6651 |    176.6858 |    176.7074 |    176.6847 |    176.6587 |    176.7311 |    176.7030 |    176.6197 |    176.7056 |    176.6026 |    176.7733 |    176.6380 |    176.7334 |    176.8089 |    176.6971 |    176.6969 |    176.7824 |    176.7912 |    176.8904 |    176.6937 |    176.6680 |    176.6875 |    176.6684 |    176.6953 |    176.6642 |    176.6912 |    176.6680 |    176.6357 |    176.6599 |    176.7188 |    176.6398 |    176.7096 |    176.6901 |    176.6660 |    176.6513 |    176.6898 |    176.7521 |    176.7370 |    176.7613 |    176.7080 |    176.7459 |    176.7789 |    176.7379 |    176.8216 |    176.7493 |    176.7021 |    176.6754 |    176.6968 |    176.6919 |    176.6885 |    176.7272 |    176.6805 |    176.7282 |    176.6926 |    176.7124 |    176.7590 |    176.7093 |    176.6995 |    176.6830 |    176.7108 |    176.7457 |    176.7252 |    176.8134 |    176.7990 |    176.7018 |    176.7344 |    176.7459 |    176.7977 |    176.7247 |    176.6866 |    176.7589 |    176.6954 |    176.7800 |    176.7669 |    176.7427 |    176.7442 |    176.7061 |    182.2799 |    182.2846 |    182.2103 |    182.2844 |     182.2264 |     182.3277 |     182.3272 |     182.2293 |     183.2728 |     182.2100 |     182.2302 |     182.3319 |     182.2691 |     182.2464 |     182.4054 |     182.2686 |     182.2251 |     182.2434 |     182.2056 |     182.2437 |     182.2627 |     182.1980 |     182.1951 |     182.2594 |     182.2789 |     182.3189 |     182.2969 |     182.2737 |     182.2465 |     182.4005 |     182.3815 |     182.3774 |     182.3396 |     182.3887 |     182.2988 |     182.2829 |     182.2689 |     183.2784 |     182.2482 |     182.3123 |     182.3847 |     182.2780 |     182.2174 |     182.3125 |     182.3053 |     182.2488 |     182.2547 |     182.3017 |     182.3053 |     182.2324 |     182.2861 |     182.2496 |     182.2448 |     182.2199 |     182.2498 |     182.1907 |     182.2579 |     182.2277 |     182.1783 |     182.1807 |     182.1187 |     182.2782 |     182.2240 |     182.2177 |
|            Clock [MHz]            |   3580.5090 |  3559.8209 |  3564.8627 |  3563.6365 |  3563.5587 |  3564.0776 |  3563.3004 |  3563.4482 |  3565.1579 |  3564.0025 |   3563.3970 |   3563.7652 |   3567.0867 |   3563.5477 |   3563.6104 |   3563.6972 |   3563.8174 |   3565.1349 |   3564.9224 |   3563.6047 |   3564.7638 |   3564.5201 |   3563.8135 |   3563.7062 |   3565.4520 |   3564.4298 |   3563.3530 |   3565.1211 |   3562.9591 |   3566.1247 |   3563.7971 |   3565.4371 |   3565.6379 |   3563.2981 |   3563.3598 |   3565.0742 |   3564.9221 |   3566.5627 |   3563.2075 |   3563.1496 |   3564.6777 |   3563.6273 |   3564.1757 |   3564.0681 |   3563.8316 |   3563.8439 |   3563.4804 |   3563.3514 |   3565.5243 |   3563.3369 |   3564.5555 |   3563.7647 |   3563.7302 |   3563.4740 |   3564.0826 |   3564.6823 |   3564.4516 |   3564.8121 |   3563.8402 |   3564.1786 |   3564.9260 |   3564.3485 |   3565.9372 |   3565.0806 |   3563.4560 |   3562.8914 |   3563.3564 |   3563.4670 |   3563.2556 |   3564.5949 |   3563.1126 |   3563.5914 |   3564.3057 |   3564.2160 |   3564.7039 |   3564.3358 |   3563.4200 |   3563.7049 |   3564.6171 |   3564.2080 |   3563.5998 |   3565.7308 |   3565.4914 |   3563.4697 |   3563.7171 |   3563.9947 |   3565.5012 |   3563.6048 |   3564.1298 |   3564.8895 |   3564.1174 |   3565.5050 |   3565.0759 |   3565.0185 |   3565.2027 |   3564.0962 |   3674.9641 |   3676.5968 |   3675.2822 |   3676.8752 |    3675.3455 |    3677.4236 |    3676.9173 |    3675.4352 |    3649.4677 |    3675.1003 |    3675.1519 |    3675.7699 |    3675.4197 |    3673.7008 |    3672.1539 |    3676.4309 |    3674.2620 |    3676.0398 |    3675.1807 |    3675.9103 |    3676.2818 |    3675.4570 |    3675.1729 |    3676.4265 |    3674.6057 |    3677.0016 |    3676.5897 |    3675.9689 |    3675.9421 |    3677.9458 |    3678.1629 |    3678.2572 |    3678.3193 |    3678.3941 |    3677.0717 |    3676.9225 |    3675.8909 |    3661.3543 |    3674.8194 |    3677.5800 |    3675.1737 |    3676.5782 |    3675.9870 |    3677.4313 |    3676.7769 |    3676.2168 |    3676.5458 |    3676.7420 |    3676.2855 |    3675.9068 |    3677.5100 |    3676.0485 |    3676.1434 |    3676.2528 |    3675.8494 |    3675.0730 |    3677.6245 |    3675.4239 |    3675.6850 |    3675.3437 |    3674.5077 |    3674.8099 |    3676.7229 |    3674.1994 |
|                CPI                |      0.7400 |     0.7499 |     0.7494 |     0.7494 |     0.7484 |     0.7496 |     0.7487 |     0.7488 |     0.7132 |     0.7133 |      0.7143 |      0.7134 |      0.7127 |      0.7139 |      0.7138 |      0.7134 |      0.7424 |      0.7421 |      0.7429 |      0.7457 |      0.7429 |      0.7437 |      0.7445 |      0.7430 |      0.7486 |      0.7501 |      0.7496 |      0.7482 |      0.7510 |      0.7489 |      0.7488 |      0.7482 |      0.7142 |      0.7145 |      0.7152 |      0.7149 |      0.7145 |      0.7136 |      0.7153 |      0.7154 |      0.7482 |      0.7474 |      0.7486 |      0.7468 |      0.7477 |      0.7479 |      0.7477 |      0.7473 |      0.7442 |      0.7437 |      0.7453 |      0.7443 |      0.7460 |      0.7460 |      0.7465 |      0.7455 |      0.7152 |      0.7146 |      0.7141 |      0.7150 |      0.7136 |      0.7154 |      0.7142 |      0.7153 |      0.7408 |      0.7408 |      0.7406 |      0.7413 |      0.7423 |      0.7415 |      0.7409 |      0.7426 |      0.7495 |      0.7482 |      0.7488 |      0.7488 |      0.7511 |      0.7493 |      0.7494 |      0.7499 |      0.7132 |      0.7120 |      0.7120 |      0.7136 |      0.7137 |      0.7138 |      0.7130 |      0.7140 |      0.7439 |      0.7441 |      0.7444 |      0.7445 |      0.7442 |      0.7430 |      0.7447 |      0.7447 |      0.8496 |      0.8476 |      0.8508 |      0.8485 |       0.8494 |       0.8489 |       0.8482 |       0.8498 |       0.7652 |       0.7669 |       0.7666 |       0.7650 |       0.7659 |       0.7658 |       0.7662 |       0.7661 |       0.8386 |       0.8381 |       0.8393 |       0.8384 |       0.8389 |       0.8388 |       0.8394 |       0.8379 |       0.8443 |       0.8435 |       0.8449 |       0.8436 |       0.8425 |       0.8435 |       0.8434 |       0.8446 |       0.7662 |       0.7656 |       0.7677 |       0.7679 |       0.7685 |       0.7654 |       0.7682 |       0.7658 |       0.8464 |       0.8474 |       0.8502 |       0.8473 |       0.8489 |       0.8474 |       0.8480 |       0.8496 |       0.7642 |       0.7634 |       0.7632 |       0.7644 |       0.7647 |       0.7634 |       0.7647 |       0.7648 |       0.7616 |       0.7637 |       0.7634 |       0.7632 |       0.7642 |       0.7626 |       0.7636 |       0.7622 |
|  Memory read bandwidth [MBytes/s] | 199238.1702 |          0 |          0 |          0 |          0 |          0 |          0 |          0 |          0 |          0 |           0 |           0 |           0 |           0 |           0 |           0 |           0 |           0 |           0 |           0 |           0 |           0 |           0 |           0 |           0 |           0 |           0 |           0 |           0 |           0 |           0 |           0 |           0 |           0 |           0 |           0 |           0 |           0 |           0 |           0 |           0 |           0 |           0 |           0 |           0 |           0 |           0 |           0 |           0 |           0 |           0 |           0 |           0 |           0 |           0 |           0 |           0 |           0 |           0 |           0 |           0 |           0 |           0 |           0 |           0 |           0 |           0 |           0 |           0 |           0 |           0 |           0 |           0 |           0 |           0 |           0 |           0 |           0 |           0 |           0 |           0 |           0 |           0 |           0 |           0 |           0 |           0 |           0 |           0 |           0 |           0 |           0 |           0 |           0 |           0 |           0 |  87804.0975 |           0 |           0 |           0 |            0 |            0 |            0 |            0 |            0 |            0 |            0 |            0 |            0 |            0 |            0 |            0 |            0 |            0 |            0 |            0 |            0 |            0 |            0 |            0 |            0 |            0 |            0 |            0 |            0 |            0 |            0 |            0 |            0 |            0 |            0 |            0 |            0 |            0 |            0 |            0 |            0 |            0 |            0 |            0 |            0 |            0 |            0 |            0 |            0 |            0 |            0 |            0 |            0 |            0 |            0 |            0 |            0 |            0 |            0 |            0 |            0 |            0 |            0 |            0 |
|  Memory read data volume [GBytes] |  28539.7920 |          0 |          0 |          0 |          0 |          0 |          0 |          0 |          0 |          0 |           0 |           0 |           0 |           0 |           0 |           0 |           0 |           0 |           0 |           0 |           0 |           0 |           0 |           0 |           0 |           0 |           0 |           0 |           0 |           0 |           0 |           0 |           0 |           0 |           0 |           0 |           0 |           0 |           0 |           0 |           0 |           0 |           0 |           0 |           0 |           0 |           0 |           0 |           0 |           0 |           0 |           0 |           0 |           0 |           0 |           0 |           0 |           0 |           0 |           0 |           0 |           0 |           0 |           0 |           0 |           0 |           0 |           0 |           0 |           0 |           0 |           0 |           0 |           0 |           0 |           0 |           0 |           0 |           0 |           0 |           0 |           0 |           0 |           0 |           0 |           0 |           0 |           0 |           0 |           0 |           0 |           0 |           0 |           0 |           0 |           0 |  12659.6211 |           0 |           0 |           0 |            0 |            0 |            0 |            0 |            0 |            0 |            0 |            0 |            0 |            0 |            0 |            0 |            0 |            0 |            0 |            0 |            0 |            0 |            0 |            0 |            0 |            0 |            0 |            0 |            0 |            0 |            0 |            0 |            0 |            0 |            0 |            0 |            0 |            0 |            0 |            0 |            0 |            0 |            0 |            0 |            0 |            0 |            0 |            0 |            0 |            0 |            0 |            0 |            0 |            0 |            0 |            0 |            0 |            0 |            0 |            0 |            0 |            0 |            0 |            0 |
| Memory write bandwidth [MBytes/s] |    786.9690 |          0 |          0 |          0 |          0 |          0 |          0 |          0 |          0 |          0 |           0 |           0 |           0 |           0 |           0 |           0 |           0 |           0 |           0 |           0 |           0 |           0 |           0 |           0 |           0 |           0 |           0 |           0 |           0 |           0 |           0 |           0 |           0 |           0 |           0 |           0 |           0 |           0 |           0 |           0 |           0 |           0 |           0 |           0 |           0 |           0 |           0 |           0 |           0 |           0 |           0 |           0 |           0 |           0 |           0 |           0 |           0 |           0 |           0 |           0 |           0 |           0 |           0 |           0 |           0 |           0 |           0 |           0 |           0 |           0 |           0 |           0 |           0 |           0 |           0 |           0 |           0 |           0 |           0 |           0 |           0 |           0 |           0 |           0 |           0 |           0 |           0 |           0 |           0 |           0 |           0 |           0 |           0 |           0 |           0 |           0 |    506.4626 |           0 |           0 |           0 |            0 |            0 |            0 |            0 |            0 |            0 |            0 |            0 |            0 |            0 |            0 |            0 |            0 |            0 |            0 |            0 |            0 |            0 |            0 |            0 |            0 |            0 |            0 |            0 |            0 |            0 |            0 |            0 |            0 |            0 |            0 |            0 |            0 |            0 |            0 |            0 |            0 |            0 |            0 |            0 |            0 |            0 |            0 |            0 |            0 |            0 |            0 |            0 |            0 |            0 |            0 |            0 |            0 |            0 |            0 |            0 |            0 |            0 |            0 |            0 |
| Memory write data volume [GBytes] |    112.7291 |          0 |          0 |          0 |          0 |          0 |          0 |          0 |          0 |          0 |           0 |           0 |           0 |           0 |           0 |           0 |           0 |           0 |           0 |           0 |           0 |           0 |           0 |           0 |           0 |           0 |           0 |           0 |           0 |           0 |           0 |           0 |           0 |           0 |           0 |           0 |           0 |           0 |           0 |           0 |           0 |           0 |           0 |           0 |           0 |           0 |           0 |           0 |           0 |           0 |           0 |           0 |           0 |           0 |           0 |           0 |           0 |           0 |           0 |           0 |           0 |           0 |           0 |           0 |           0 |           0 |           0 |           0 |           0 |           0 |           0 |           0 |           0 |           0 |           0 |           0 |           0 |           0 |           0 |           0 |           0 |           0 |           0 |           0 |           0 |           0 |           0 |           0 |           0 |           0 |           0 |           0 |           0 |           0 |           0 |           0 |     73.0219 |           0 |           0 |           0 |            0 |            0 |            0 |            0 |            0 |            0 |            0 |            0 |            0 |            0 |            0 |            0 |            0 |            0 |            0 |            0 |            0 |            0 |            0 |            0 |            0 |            0 |            0 |            0 |            0 |            0 |            0 |            0 |            0 |            0 |            0 |            0 |            0 |            0 |            0 |            0 |            0 |            0 |            0 |            0 |            0 |            0 |            0 |            0 |            0 |            0 |            0 |            0 |            0 |            0 |            0 |            0 |            0 |            0 |            0 |            0 |            0 |            0 |            0 |            0 |
|    Memory bandwidth [MBytes/s]    | 200025.1393 |          0 |          0 |          0 |          0 |          0 |          0 |          0 |          0 |          0 |           0 |           0 |           0 |           0 |           0 |           0 |           0 |           0 |           0 |           0 |           0 |           0 |           0 |           0 |           0 |           0 |           0 |           0 |           0 |           0 |           0 |           0 |           0 |           0 |           0 |           0 |           0 |           0 |           0 |           0 |           0 |           0 |           0 |           0 |           0 |           0 |           0 |           0 |           0 |           0 |           0 |           0 |           0 |           0 |           0 |           0 |           0 |           0 |           0 |           0 |           0 |           0 |           0 |           0 |           0 |           0 |           0 |           0 |           0 |           0 |           0 |           0 |           0 |           0 |           0 |           0 |           0 |           0 |           0 |           0 |           0 |           0 |           0 |           0 |           0 |           0 |           0 |           0 |           0 |           0 |           0 |           0 |           0 |           0 |           0 |           0 |  88310.5601 |           0 |           0 |           0 |            0 |            0 |            0 |            0 |            0 |            0 |            0 |            0 |            0 |            0 |            0 |            0 |            0 |            0 |            0 |            0 |            0 |            0 |            0 |            0 |            0 |            0 |            0 |            0 |            0 |            0 |            0 |            0 |            0 |            0 |            0 |            0 |            0 |            0 |            0 |            0 |            0 |            0 |            0 |            0 |            0 |            0 |            0 |            0 |            0 |            0 |            0 |            0 |            0 |            0 |            0 |            0 |            0 |            0 |            0 |            0 |            0 |            0 |            0 |            0 |
|    Memory data volume [GBytes]    |  28652.5211 |          0 |          0 |          0 |          0 |          0 |          0 |          0 |          0 |          0 |           0 |           0 |           0 |           0 |           0 |           0 |           0 |           0 |           0 |           0 |           0 |           0 |           0 |           0 |           0 |           0 |           0 |           0 |           0 |           0 |           0 |           0 |           0 |           0 |           0 |           0 |           0 |           0 |           0 |           0 |           0 |           0 |           0 |           0 |           0 |           0 |           0 |           0 |           0 |           0 |           0 |           0 |           0 |           0 |           0 |           0 |           0 |           0 |           0 |           0 |           0 |           0 |           0 |           0 |           0 |           0 |           0 |           0 |           0 |           0 |           0 |           0 |           0 |           0 |           0 |           0 |           0 |           0 |           0 |           0 |           0 |           0 |           0 |           0 |           0 |           0 |           0 |           0 |           0 |           0 |           0 |           0 |           0 |           0 |           0 |           0 |  12732.6430 |           0 |           0 |           0 |            0 |            0 |            0 |            0 |            0 |            0 |            0 |            0 |            0 |            0 |            0 |            0 |            0 |            0 |            0 |            0 |            0 |            0 |            0 |            0 |            0 |            0 |            0 |            0 |            0 |            0 |            0 |            0 |            0 |            0 |            0 |            0 |            0 |            0 |            0 |            0 |            0 |            0 |            0 |            0 |            0 |            0 |            0 |            0 |            0 |            0 |            0 |            0 |            0 |            0 |            0 |            0 |            0 |            0 |            0 |            0 |            0 |            0 |            0 |            0 |
+-----------------------------------+-------------+------------+------------+------------+------------+------------+------------+------------+------------+------------+-------------+-------------+-------------+-------------+-------------+-------------+-------------+-------------+-------------+-------------+-------------+-------------+-------------+-------------+-------------+-------------+-------------+-------------+-------------+-------------+-------------+-------------+-------------+-------------+-------------+-------------+-------------+-------------+-------------+-------------+-------------+-------------+-------------+-------------+-------------+-------------+-------------+-------------+-------------+-------------+-------------+-------------+-------------+-------------+-------------+-------------+-------------+-------------+-------------+-------------+-------------+-------------+-------------+-------------+-------------+-------------+-------------+-------------+-------------+-------------+-------------+-------------+-------------+-------------+-------------+-------------+-------------+-------------+-------------+-------------+-------------+-------------+-------------+-------------+-------------+-------------+-------------+-------------+-------------+-------------+-------------+-------------+-------------+-------------+-------------+-------------+-------------+-------------+-------------+-------------+--------------+--------------+--------------+--------------+--------------+--------------+--------------+--------------+--------------+--------------+--------------+--------------+--------------+--------------+--------------+--------------+--------------+--------------+--------------+--------------+--------------+--------------+--------------+--------------+--------------+--------------+--------------+--------------+--------------+--------------+--------------+--------------+--------------+--------------+--------------+--------------+--------------+--------------+--------------+--------------+--------------+--------------+--------------+--------------+--------------+--------------+--------------+--------------+--------------+--------------+--------------+--------------+--------------+--------------+--------------+--------------+--------------+--------------+--------------+--------------+

+----------------------------------------+-------------+-----------+-------------+-----------+
|                 Metric                 |     Sum     |    Min    |     Max     |    Avg    |
+----------------------------------------+-------------+-----------+-------------+-----------+
|        Runtime (RDTSC) [s] STAT        |  21916.3806 |  129.0025 |    144.9142 |  136.9774 |
|        Runtime unhalted [s] STAT       |  28633.1321 |  176.5228 |    183.2784 |  178.9571 |
|            Clock [MHz] STAT            | 577406.2402 | 3559.8209 |   3678.3941 | 3608.7890 |
|                CPI STAT                |    122.1135 |    0.7120 |      0.8508 |    0.7632 |
|  Memory read bandwidth [MBytes/s] STAT | 287042.2677 |         0 | 199238.1702 | 1794.0142 |
|  Memory read data volume [GBytes] STAT |  41199.4131 |         0 |  28539.7920 |  257.4963 |
| Memory write bandwidth [MBytes/s] STAT |   1293.4316 |         0 |    786.9690 |    8.0839 |
| Memory write data volume [GBytes] STAT |    185.7510 |         0 |    112.7291 |    1.1609 |
|    Memory bandwidth [MBytes/s] STAT    | 288335.6994 |         0 | 200025.1393 | 1802.0981 |
|    Memory data volume [GBytes] STAT    |  41385.1641 |         0 |  28652.5211 |  258.6573 |
+----------------------------------------+-------------+-----------+-------------+-----------+

