--------------------------------------------------------------------------------
CPU name:	AMD EPYC 9A14 96-Core Processor                
CPU type:	AMD K19 (Zen4) architecture
CPU clock:	2.60 GHz
--------------------------------------------------------------------------------
Sys.CPU_THREADS       192
SLURM_CPUS_PER_TASK   192
OMP_NUM_THREADS       192
OMP_PROC_BIND         close
OMP_PLACES            cores
BLAS_NUM_THREADS      1
Threads.nthreads()    1

Successfully read data from: /public/home/halili/jld2file/6-31g/o2-1.0-6-31g.jld2
  name: o2
  ratio: 1.0
  basis: 6-31g
  nα: 8, nβ: 8, ne: 16, norb: 18, nq: 36

  ngs: 4266
  ncs: 22543

Warming up JIT and Hardware...
Warm-up completed.
  Step 001:  residual: 9.5235e-01,  e: -149.45320229675229
  Step 002:  residual: 7.0900e-01,  e: -149.59391697072726
  Step 003:  residual: 3.4390e-01,  e: -149.71881382605247
  Step 004:  residual: 1.3670e-01,  e: -149.74155494323861
  Step 005:  residual: 5.6781e-02,  e: -149.74486722652503
  Step 006:  residual: 3.0719e-02,  e: -149.74550118255178
  Step 007:  residual: 2.2745e-02,  e: -149.74573279555531
  Step 008:  residual: 2.6203e-02,  e: -149.74592799688440
  Step 009:  residual: 3.4719e-02,  e: -149.74623194412746
  Step 010:  residual: 2.6370e-02,  e: -149.74654741412726
  Step 011:  residual: 1.1805e-02,  e: -149.74665437187522
  Step 012:  residual: 4.6480e-03,  e: -149.74667295627043
  Step 013:  residual: 1.7886e-03,  e: -149.74667552118382
  Step 014:  residual: 6.8126e-04,  e: -149.74667587808676
  Step 015:  residual: 2.5621e-04,  e: -149.74667592692680
  Step 016:  residual: 9.5094e-05,  e: -149.74667593407483
  Step 017:  residual: 3.6656e-05,  e: -149.74667593511401
  Step 018:  residual: 1.4803e-05,  e: -149.74667593526760
  Step 019:  residual: 6.2970e-06,  e: -149.74667593529404

Convergence reached!
162.446221 seconds (7.21 M allocations: 69.917 GiB, 0.29% gc time, 1.23% compilation time)
--------------------------------------------------------------------------------
Region hvec_direct_agg, Group 1: MEM
+-------------------+------------+------------+------------+------------+------------+------------+------------+------------+------------+------------+-------------+-------------+-------------+-------------+-------------+-------------+-------------+-------------+-------------+-------------+-------------+-------------+-------------+-------------+-------------+-------------+-------------+-------------+-------------+-------------+-------------+-------------+-------------+-------------+-------------+-------------+-------------+-------------+-------------+-------------+-------------+-------------+-------------+-------------+-------------+-------------+-------------+-------------+-------------+-------------+-------------+-------------+-------------+-------------+-------------+-------------+-------------+-------------+-------------+-------------+-------------+-------------+-------------+-------------+-------------+-------------+-------------+-------------+-------------+-------------+-------------+-------------+-------------+-------------+-------------+-------------+-------------+-------------+-------------+-------------+-------------+-------------+-------------+-------------+-------------+-------------+-------------+-------------+-------------+-------------+-------------+-------------+-------------+-------------+-------------+-------------+-------------+-------------+-------------+-------------+--------------+--------------+--------------+--------------+--------------+--------------+--------------+--------------+--------------+--------------+--------------+--------------+--------------+--------------+--------------+--------------+--------------+--------------+--------------+--------------+--------------+--------------+--------------+--------------+--------------+--------------+--------------+--------------+--------------+--------------+--------------+--------------+--------------+--------------+--------------+--------------+--------------+--------------+--------------+--------------+--------------+--------------+--------------+--------------+--------------+--------------+--------------+--------------+--------------+--------------+--------------+--------------+--------------+--------------+--------------+--------------+--------------+--------------+--------------+--------------+--------------+--------------+--------------+--------------+--------------+--------------+--------------+--------------+--------------+--------------+--------------+--------------+--------------+--------------+--------------+--------------+--------------+--------------+--------------+--------------+--------------+--------------+--------------+--------------+--------------+--------------+--------------+--------------+--------------+--------------+--------------+--------------+
|    Region Info    | HWThread 0 | HWThread 1 | HWThread 2 | HWThread 3 | HWThread 4 | HWThread 5 | HWThread 6 | HWThread 7 | HWThread 8 | HWThread 9 | HWThread 10 | HWThread 11 | HWThread 12 | HWThread 13 | HWThread 14 | HWThread 15 | HWThread 16 | HWThread 17 | HWThread 18 | HWThread 19 | HWThread 20 | HWThread 21 | HWThread 22 | HWThread 23 | HWThread 24 | HWThread 25 | HWThread 26 | HWThread 27 | HWThread 28 | HWThread 29 | HWThread 30 | HWThread 31 | HWThread 32 | HWThread 33 | HWThread 34 | HWThread 35 | HWThread 36 | HWThread 37 | HWThread 38 | HWThread 39 | HWThread 40 | HWThread 41 | HWThread 42 | HWThread 43 | HWThread 44 | HWThread 45 | HWThread 46 | HWThread 47 | HWThread 48 | HWThread 49 | HWThread 50 | HWThread 51 | HWThread 52 | HWThread 53 | HWThread 54 | HWThread 55 | HWThread 56 | HWThread 57 | HWThread 58 | HWThread 59 | HWThread 60 | HWThread 61 | HWThread 62 | HWThread 63 | HWThread 64 | HWThread 65 | HWThread 66 | HWThread 67 | HWThread 68 | HWThread 69 | HWThread 70 | HWThread 71 | HWThread 72 | HWThread 73 | HWThread 74 | HWThread 75 | HWThread 76 | HWThread 77 | HWThread 78 | HWThread 79 | HWThread 80 | HWThread 81 | HWThread 82 | HWThread 83 | HWThread 84 | HWThread 85 | HWThread 86 | HWThread 87 | HWThread 88 | HWThread 89 | HWThread 90 | HWThread 91 | HWThread 92 | HWThread 93 | HWThread 94 | HWThread 95 | HWThread 96 | HWThread 97 | HWThread 98 | HWThread 99 | HWThread 100 | HWThread 101 | HWThread 102 | HWThread 103 | HWThread 104 | HWThread 105 | HWThread 106 | HWThread 107 | HWThread 108 | HWThread 109 | HWThread 110 | HWThread 111 | HWThread 112 | HWThread 113 | HWThread 114 | HWThread 115 | HWThread 116 | HWThread 117 | HWThread 118 | HWThread 119 | HWThread 120 | HWThread 121 | HWThread 122 | HWThread 123 | HWThread 124 | HWThread 125 | HWThread 126 | HWThread 127 | HWThread 128 | HWThread 129 | HWThread 130 | HWThread 131 | HWThread 132 | HWThread 133 | HWThread 134 | HWThread 135 | HWThread 136 | HWThread 137 | HWThread 138 | HWThread 139 | HWThread 140 | HWThread 141 | HWThread 142 | HWThread 143 | HWThread 144 | HWThread 145 | HWThread 146 | HWThread 147 | HWThread 148 | HWThread 149 | HWThread 150 | HWThread 151 | HWThread 152 | HWThread 153 | HWThread 154 | HWThread 155 | HWThread 156 | HWThread 157 | HWThread 158 | HWThread 159 | HWThread 160 | HWThread 161 | HWThread 162 | HWThread 163 | HWThread 164 | HWThread 165 | HWThread 166 | HWThread 167 | HWThread 168 | HWThread 169 | HWThread 170 | HWThread 171 | HWThread 172 | HWThread 173 | HWThread 174 | HWThread 175 | HWThread 176 | HWThread 177 | HWThread 178 | HWThread 179 | HWThread 180 | HWThread 181 | HWThread 182 | HWThread 183 | HWThread 184 | HWThread 185 | HWThread 186 | HWThread 187 | HWThread 188 | HWThread 189 | HWThread 190 | HWThread 191 |
+-------------------+------------+------------+------------+------------+------------+------------+------------+------------+------------+------------+-------------+-------------+-------------+-------------+-------------+-------------+-------------+-------------+-------------+-------------+-------------+-------------+-------------+-------------+-------------+-------------+-------------+-------------+-------------+-------------+-------------+-------------+-------------+-------------+-------------+-------------+-------------+-------------+-------------+-------------+-------------+-------------+-------------+-------------+-------------+-------------+-------------+-------------+-------------+-------------+-------------+-------------+-------------+-------------+-------------+-------------+-------------+-------------+-------------+-------------+-------------+-------------+-------------+-------------+-------------+-------------+-------------+-------------+-------------+-------------+-------------+-------------+-------------+-------------+-------------+-------------+-------------+-------------+-------------+-------------+-------------+-------------+-------------+-------------+-------------+-------------+-------------+-------------+-------------+-------------+-------------+-------------+-------------+-------------+-------------+-------------+-------------+-------------+-------------+-------------+--------------+--------------+--------------+--------------+--------------+--------------+--------------+--------------+--------------+--------------+--------------+--------------+--------------+--------------+--------------+--------------+--------------+--------------+--------------+--------------+--------------+--------------+--------------+--------------+--------------+--------------+--------------+--------------+--------------+--------------+--------------+--------------+--------------+--------------+--------------+--------------+--------------+--------------+--------------+--------------+--------------+--------------+--------------+--------------+--------------+--------------+--------------+--------------+--------------+--------------+--------------+--------------+--------------+--------------+--------------+--------------+--------------+--------------+--------------+--------------+--------------+--------------+--------------+--------------+--------------+--------------+--------------+--------------+--------------+--------------+--------------+--------------+--------------+--------------+--------------+--------------+--------------+--------------+--------------+--------------+--------------+--------------+--------------+--------------+--------------+--------------+--------------+--------------+--------------+--------------+--------------+--------------+
| RDTSC Runtime [s] | 144.085900 | 142.636900 | 139.233200 | 135.920800 | 142.214300 | 140.018600 | 146.235500 | 146.660500 | 143.135800 | 143.137200 |  135.674800 |  134.432400 |  136.797500 |  131.726600 |  141.837800 |  142.876100 |  136.910500 |  137.925100 |  140.406500 |  145.559200 |  140.993800 |  137.134500 |  145.558500 |  146.120400 |  133.779300 |  142.344900 |  132.217600 |  138.746300 |  132.220700 |  130.206700 |  131.980400 |  142.343900 |  140.851800 |  135.353600 |  142.525800 |  140.736800 |  125.299800 |  140.736600 |  138.632500 |  145.747000 |  146.346100 |  140.277300 |  141.106600 |  146.919500 |  143.518200 |  146.344700 |  138.035900 |  132.424200 |  141.967700 |  136.238900 |  134.690400 |  140.625600 |  141.575800 |  134.689700 |  137.018500 |  136.239100 |  137.498900 |  129.883300 |  126.880300 |  133.998100 |  125.381700 |  137.498800 |  136.554200 |  139.755300 |  145.445700 |  138.505400 |  133.890100 |  145.991600 |  138.277100 |  140.514500 |  133.666100 |  137.813300 |  145.314300 |  135.021700 |  133.046300 |  135.023400 |  143.333700 |  133.537500 |  136.681800 |  143.332900 |  137.701100 |  129.087200 |  129.091200 |  132.914300 |  139.491100 |  128.231800 |  136.050100 |  136.052800 |  128.887600 |  135.486600 |  128.887700 |  129.753100 |  135.487300 |  144.593200 |  127.895200 |  127.010800 |  127.243700 |  129.402500 |  129.273400 |  129.273600 |   129.403000 |   127.574900 |   131.272700 |   128.564900 |   136.424600 |   138.274600 |   141.216500 |   139.883300 |   138.144100 |   141.347900 |   141.346400 |   141.216100 |   139.106900 |   142.075900 |   144.217500 |   126.112100 |   131.983600 |   126.479600 |   126.478700 |   125.864600 |   132.785600 |   144.982400 |   130.709400 |   134.234400 |   135.224200 |   134.234500 |   133.285700 |   144.982700 |   137.244000 |   146.530500 |   126.680400 |   131.852900 |   138.854500 |   143.963200 |   126.678700 |   130.587000 |   138.985100 |   127.376200 |   125.743100 |   141.708600 |   143.632400 |   137.373600 |   144.727700 |   127.375200 |   132.530700 |   130.464800 |   134.559600 |   133.156800 |   134.106200 |   131.074900 |   131.072800 |   130.830200 |   139.622700 |   128.359400 |   130.953600 |   125.490400 |   128.356200 |   144.467900 |   127.117900 |   125.987000 |   139.361100 |   126.357300 |   146.789200 |   143.004100 |   133.409100 |   143.761000 |   143.761200 |   145.185700 |   130.335700 |   128.689400 |   130.000200 |   128.688100 |   129.627900 |   129.997300 |   131.395800 |   132.660700 |   144.340000 |   142.746800 |   126.234400 |   144.089400 |   140.141500 |   128.023200 |   128.024900 |   134.891800 |   145.862100 |   127.699900 |   125.622600 |   131.525300 |   135.785900 |   127.699000 |   131.521500 |   144.857900 |
|     call count    |         19 |         19 |         19 |         19 |         19 |         19 |         19 |         19 |         19 |         19 |          19 |          19 |          19 |          19 |          19 |          19 |          19 |          19 |          19 |          19 |          19 |          19 |          19 |          19 |          19 |          19 |          19 |          19 |          19 |          19 |          19 |          19 |          19 |          19 |          19 |          19 |          19 |          19 |          19 |          19 |          19 |          19 |          19 |          19 |          19 |          19 |          19 |          19 |          19 |          19 |          19 |          19 |          19 |          19 |          19 |          19 |          19 |          19 |          19 |          19 |          19 |          19 |          19 |          19 |          19 |          19 |          19 |          19 |          19 |          19 |          19 |          19 |          19 |          19 |          19 |          19 |          19 |          19 |          19 |          19 |          19 |          19 |          19 |          19 |          19 |          19 |          19 |          19 |          19 |          19 |          19 |          19 |          19 |          19 |          19 |          19 |          19 |          19 |          19 |          19 |           19 |           19 |           19 |           19 |           19 |           19 |           19 |           19 |           19 |           19 |           19 |           19 |           19 |           19 |           19 |           19 |           19 |           19 |           19 |           19 |           19 |           19 |           19 |           19 |           19 |           19 |           19 |           19 |           19 |           19 |           19 |           19 |           19 |           19 |           19 |           19 |           19 |           19 |           19 |           19 |           19 |           19 |           19 |           19 |           19 |           19 |           19 |           19 |           19 |           19 |           19 |           19 |           19 |           19 |           19 |           19 |           19 |           19 |           19 |           19 |           19 |           19 |           19 |           19 |           19 |           19 |           19 |           19 |           19 |           19 |           19 |           19 |           19 |           19 |           19 |           19 |           19 |           19 |           19 |           19 |           19 |           19 |           19 |           19 |           19 |           19 |           19 |           19 |           19 |           19 |           19 |           19 |
+-------------------+------------+------------+------------+------------+------------+------------+------------+------------+------------+------------+-------------+-------------+-------------+-------------+-------------+-------------+-------------+-------------+-------------+-------------+-------------+-------------+-------------+-------------+-------------+-------------+-------------+-------------+-------------+-------------+-------------+-------------+-------------+-------------+-------------+-------------+-------------+-------------+-------------+-------------+-------------+-------------+-------------+-------------+-------------+-------------+-------------+-------------+-------------+-------------+-------------+-------------+-------------+-------------+-------------+-------------+-------------+-------------+-------------+-------------+-------------+-------------+-------------+-------------+-------------+-------------+-------------+-------------+-------------+-------------+-------------+-------------+-------------+-------------+-------------+-------------+-------------+-------------+-------------+-------------+-------------+-------------+-------------+-------------+-------------+-------------+-------------+-------------+-------------+-------------+-------------+-------------+-------------+-------------+-------------+-------------+-------------+-------------+-------------+-------------+--------------+--------------+--------------+--------------+--------------+--------------+--------------+--------------+--------------+--------------+--------------+--------------+--------------+--------------+--------------+--------------+--------------+--------------+--------------+--------------+--------------+--------------+--------------+--------------+--------------+--------------+--------------+--------------+--------------+--------------+--------------+--------------+--------------+--------------+--------------+--------------+--------------+--------------+--------------+--------------+--------------+--------------+--------------+--------------+--------------+--------------+--------------+--------------+--------------+--------------+--------------+--------------+--------------+--------------+--------------+--------------+--------------+--------------+--------------+--------------+--------------+--------------+--------------+--------------+--------------+--------------+--------------+--------------+--------------+--------------+--------------+--------------+--------------+--------------+--------------+--------------+--------------+--------------+--------------+--------------+--------------+--------------+--------------+--------------+--------------+--------------+--------------+--------------+--------------+--------------+--------------+--------------+

+----------------------+---------+--------------+--------------+--------------+--------------+--------------+--------------+--------------+--------------+--------------+--------------+--------------+--------------+--------------+--------------+--------------+--------------+--------------+--------------+--------------+--------------+--------------+--------------+--------------+--------------+--------------+--------------+--------------+--------------+--------------+--------------+--------------+--------------+--------------+--------------+--------------+--------------+--------------+--------------+--------------+--------------+--------------+--------------+--------------+--------------+--------------+--------------+--------------+--------------+--------------+--------------+--------------+--------------+--------------+--------------+--------------+--------------+--------------+--------------+--------------+--------------+--------------+--------------+--------------+--------------+--------------+--------------+--------------+--------------+--------------+--------------+--------------+--------------+--------------+--------------+--------------+--------------+--------------+--------------+--------------+--------------+--------------+--------------+--------------+--------------+--------------+--------------+--------------+--------------+--------------+--------------+--------------+--------------+--------------+--------------+--------------+--------------+--------------+--------------+--------------+--------------+--------------+--------------+--------------+--------------+--------------+--------------+--------------+--------------+--------------+--------------+--------------+--------------+--------------+--------------+--------------+--------------+--------------+--------------+--------------+--------------+--------------+--------------+--------------+--------------+--------------+--------------+--------------+--------------+--------------+--------------+--------------+--------------+--------------+--------------+--------------+--------------+--------------+--------------+--------------+--------------+--------------+--------------+--------------+--------------+--------------+--------------+--------------+--------------+--------------+--------------+--------------+--------------+--------------+--------------+--------------+--------------+--------------+--------------+--------------+--------------+--------------+--------------+--------------+--------------+--------------+--------------+--------------+--------------+--------------+--------------+--------------+--------------+--------------+--------------+--------------+--------------+--------------+--------------+--------------+--------------+--------------+--------------+--------------+--------------+--------------+--------------+--------------+--------------+--------------+--------------+--------------+--------------+
|         Event        | Counter |  HWThread 0  |  HWThread 1  |  HWThread 2  |  HWThread 3  |  HWThread 4  |  HWThread 5  |  HWThread 6  |  HWThread 7  |  HWThread 8  |  HWThread 9  |  HWThread 10 |  HWThread 11 |  HWThread 12 |  HWThread 13 |  HWThread 14 |  HWThread 15 |  HWThread 16 |  HWThread 17 |  HWThread 18 |  HWThread 19 |  HWThread 20 |  HWThread 21 |  HWThread 22 |  HWThread 23 |  HWThread 24 |  HWThread 25 |  HWThread 26 |  HWThread 27 |  HWThread 28 |  HWThread 29 |  HWThread 30 |  HWThread 31 |  HWThread 32 |  HWThread 33 |  HWThread 34 |  HWThread 35 |  HWThread 36 |  HWThread 37 |  HWThread 38 |  HWThread 39 |  HWThread 40 |  HWThread 41 |  HWThread 42 |  HWThread 43 |  HWThread 44 |  HWThread 45 |  HWThread 46 |  HWThread 47 |  HWThread 48 |  HWThread 49 |  HWThread 50 |  HWThread 51 |  HWThread 52 |  HWThread 53 |  HWThread 54 |  HWThread 55 |  HWThread 56 |  HWThread 57 |  HWThread 58 |  HWThread 59 |  HWThread 60 |  HWThread 61 |  HWThread 62 |  HWThread 63 |  HWThread 64 |  HWThread 65 |  HWThread 66 |  HWThread 67 |  HWThread 68 |  HWThread 69 |  HWThread 70 |  HWThread 71 |  HWThread 72 |  HWThread 73 |  HWThread 74 |  HWThread 75 |  HWThread 76 |  HWThread 77 |  HWThread 78 |  HWThread 79 |  HWThread 80 |  HWThread 81 |  HWThread 82 |  HWThread 83 |  HWThread 84 |  HWThread 85 |  HWThread 86 |  HWThread 87 |  HWThread 88 |  HWThread 89 |  HWThread 90 |  HWThread 91 |  HWThread 92 |  HWThread 93 |  HWThread 94 |  HWThread 95 |  HWThread 96 |  HWThread 97 |  HWThread 98 |  HWThread 99 | HWThread 100 | HWThread 101 | HWThread 102 | HWThread 103 | HWThread 104 | HWThread 105 | HWThread 106 | HWThread 107 | HWThread 108 | HWThread 109 | HWThread 110 | HWThread 111 | HWThread 112 | HWThread 113 | HWThread 114 | HWThread 115 | HWThread 116 | HWThread 117 | HWThread 118 | HWThread 119 | HWThread 120 | HWThread 121 | HWThread 122 | HWThread 123 | HWThread 124 | HWThread 125 | HWThread 126 | HWThread 127 | HWThread 128 | HWThread 129 | HWThread 130 | HWThread 131 | HWThread 132 | HWThread 133 | HWThread 134 | HWThread 135 | HWThread 136 | HWThread 137 | HWThread 138 | HWThread 139 | HWThread 140 | HWThread 141 | HWThread 142 | HWThread 143 | HWThread 144 | HWThread 145 | HWThread 146 | HWThread 147 | HWThread 148 | HWThread 149 | HWThread 150 | HWThread 151 | HWThread 152 | HWThread 153 | HWThread 154 | HWThread 155 | HWThread 156 | HWThread 157 | HWThread 158 | HWThread 159 | HWThread 160 | HWThread 161 | HWThread 162 | HWThread 163 | HWThread 164 | HWThread 165 | HWThread 166 | HWThread 167 | HWThread 168 | HWThread 169 | HWThread 170 | HWThread 171 | HWThread 172 | HWThread 173 | HWThread 174 | HWThread 175 | HWThread 176 | HWThread 177 | HWThread 178 | HWThread 179 | HWThread 180 | HWThread 181 | HWThread 182 | HWThread 183 | HWThread 184 | HWThread 185 | HWThread 186 | HWThread 187 | HWThread 188 | HWThread 189 | HWThread 190 | HWThread 191 |
+----------------------+---------+--------------+--------------+--------------+--------------+--------------+--------------+--------------+--------------+--------------+--------------+--------------+--------------+--------------+--------------+--------------+--------------+--------------+--------------+--------------+--------------+--------------+--------------+--------------+--------------+--------------+--------------+--------------+--------------+--------------+--------------+--------------+--------------+--------------+--------------+--------------+--------------+--------------+--------------+--------------+--------------+--------------+--------------+--------------+--------------+--------------+--------------+--------------+--------------+--------------+--------------+--------------+--------------+--------------+--------------+--------------+--------------+--------------+--------------+--------------+--------------+--------------+--------------+--------------+--------------+--------------+--------------+--------------+--------------+--------------+--------------+--------------+--------------+--------------+--------------+--------------+--------------+--------------+--------------+--------------+--------------+--------------+--------------+--------------+--------------+--------------+--------------+--------------+--------------+--------------+--------------+--------------+--------------+--------------+--------------+--------------+--------------+--------------+--------------+--------------+--------------+--------------+--------------+--------------+--------------+--------------+--------------+--------------+--------------+--------------+--------------+--------------+--------------+--------------+--------------+--------------+--------------+--------------+--------------+--------------+--------------+--------------+--------------+--------------+--------------+--------------+--------------+--------------+--------------+--------------+--------------+--------------+--------------+--------------+--------------+--------------+--------------+--------------+--------------+--------------+--------------+--------------+--------------+--------------+--------------+--------------+--------------+--------------+--------------+--------------+--------------+--------------+--------------+--------------+--------------+--------------+--------------+--------------+--------------+--------------+--------------+--------------+--------------+--------------+--------------+--------------+--------------+--------------+--------------+--------------+--------------+--------------+--------------+--------------+--------------+--------------+--------------+--------------+--------------+--------------+--------------+--------------+--------------+--------------+--------------+--------------+--------------+--------------+--------------+--------------+--------------+--------------+--------------+
|   ACTUAL_CPU_CLOCK   |  FIXC1  | 458035100000 | 455379600000 | 455424200000 | 455066000000 | 454687700000 | 454520100000 | 454235700000 | 454618700000 | 454353600000 | 454330400000 | 454172600000 | 454581800000 | 454296900000 | 454240800000 | 454333100000 | 454495100000 | 454595000000 | 454605400000 | 454412500000 | 454648500000 | 454455800000 | 454480000000 | 454680900000 | 454525400000 | 454402900000 | 454310200000 | 454277700000 | 454390800000 | 454437900000 | 454253000000 | 454266100000 | 454351000000 | 454543700000 | 454674000000 | 454260800000 | 454556500000 | 454594600000 | 454449900000 | 454299500000 | 454547500000 | 454182400000 | 454318800000 | 454354000000 | 454408900000 | 454316000000 | 454259800000 | 454333500000 | 454363500000 | 454660400000 | 454429700000 | 454464100000 | 454368000000 | 454522700000 | 454509600000 | 454411200000 | 454388500000 | 454340400000 | 454300200000 | 454288200000 | 454542900000 | 454254300000 | 454263100000 | 454481400000 | 454477200000 | 454505700000 | 454260200000 | 454541400000 | 454424500000 | 454517900000 | 454314500000 | 454548500000 | 454529900000 | 454407000000 | 454142200000 | 454364200000 | 454513500000 | 454601500000 | 454526100000 | 454427900000 | 454489100000 | 454430000000 | 454349100000 | 454502800000 | 454524300000 | 454472800000 | 454407700000 | 454410600000 | 454351900000 | 454348900000 | 454453300000 | 454232900000 | 454549200000 | 454346000000 | 454321700000 | 454260200000 | 454414100000 | 456865800000 | 456329800000 | 456271900000 | 456349500000 | 456227500000 | 456264100000 | 456087100000 | 456266400000 | 456894900000 | 456534100000 | 456665500000 | 456396100000 | 456518200000 | 456490400000 | 456526100000 | 456430900000 | 456287400000 | 456621900000 | 456261200000 | 456194600000 | 456300100000 | 456284600000 | 456262700000 | 456360700000 | 456653300000 | 456561100000 | 456505600000 | 456293600000 | 456258100000 | 456054300000 | 456360500000 | 456364100000 | 456730200000 | 456455900000 | 456554800000 | 456537100000 | 456550700000 | 456490600000 | 456549000000 | 456497500000 | 456732400000 | 456332200000 | 456327800000 | 456633000000 | 456430900000 | 456242600000 | 456479700000 | 456494500000 | 456359700000 | 456354600000 | 456479800000 | 456478100000 | 456388800000 | 456421100000 | 456443300000 | 456377700000 | 456832200000 | 456673300000 | 456625200000 | 456517400000 | 456851900000 | 456815300000 | 456608000000 | 456940800000 | 456561200000 | 456398700000 | 456370600000 | 456199500000 | 456497400000 | 456212300000 | 456396300000 | 456482700000 | 456387400000 | 456463200000 | 456415200000 | 456608700000 | 456398400000 | 456636000000 | 456679700000 | 456456600000 | 456746100000 | 456604500000 | 456495700000 | 456357000000 | 456888500000 | 456618600000 | 456506300000 | 456612800000 | 456327900000 | 456314000000 | 456378400000 | 456301400000 | 456311800000 | 456405800000 | 456393400000 | 456398800000 |
|     MAX_CPU_CLOCK    |  FIXC2  | 325747400000 | 326223200000 | 325993000000 | 325561500000 | 325117000000 | 324576200000 | 324491600000 | 324837900000 | 324684500000 | 324584600000 | 324479600000 | 324578300000 | 324572500000 | 324545600000 | 324471900000 | 324445500000 | 324794500000 | 324800600000 | 324584900000 | 324709700000 | 324590100000 | 324673100000 | 324742500000 | 324647900000 | 324494800000 | 324465000000 | 324436700000 | 324567700000 | 324401800000 | 324432400000 | 324441600000 | 324409700000 | 324624400000 | 324485400000 | 324657800000 | 324548700000 | 324434400000 | 324597400000 | 324571300000 | 324610700000 | 324448500000 | 324557600000 | 324500000000 | 324522400000 | 324528300000 | 324518300000 | 324542700000 | 324595600000 | 324628400000 | 324453400000 | 324605400000 | 324570700000 | 324616200000 | 324634800000 | 324521000000 | 324517600000 | 324525100000 | 324447900000 | 324471400000 | 324498800000 | 324509000000 | 324518100000 | 324448400000 | 324503500000 | 324491900000 | 324436000000 | 324515900000 | 324491500000 | 324517000000 | 324491100000 | 324539100000 | 324402300000 | 324478300000 | 324552000000 | 324529300000 | 324526500000 | 324671600000 | 324521900000 | 324535900000 | 324498700000 | 324491800000 | 324482500000 | 324487200000 | 324549100000 | 324473200000 | 324517400000 | 324528600000 | 324514900000 | 324587500000 | 324511700000 | 324481100000 | 324406700000 | 324502000000 | 324473700000 | 324449300000 | 324514300000 | 324644300000 | 324569700000 | 324555000000 | 324574100000 | 324577500000 | 324548300000 | 324461400000 | 324560500000 | 324744200000 | 324598300000 | 324683800000 | 324585600000 | 324619700000 | 324677200000 | 324690800000 | 324575600000 | 324649500000 | 324806600000 | 324718800000 | 324591700000 | 324736500000 | 324609300000 | 324532500000 | 324637500000 | 324653700000 | 324587500000 | 324489400000 | 324519600000 | 324516200000 | 324544400000 | 324574100000 | 324558500000 | 324422200000 | 324520100000 | 324507200000 | 324550300000 | 324463800000 | 324481000000 | 324530000000 | 324487400000 | 324674800000 | 324614400000 | 324595600000 | 324646100000 | 324643600000 | 324565900000 | 324610700000 | 324670400000 | 324668600000 | 324577700000 | 324559500000 | 324677600000 | 324596000000 | 324625400000 | 324546000000 | 324559500000 | 324645600000 | 324618300000 | 324599600000 | 324503800000 | 324661300000 | 324578700000 | 324564000000 | 324590000000 | 324650700000 | 324645900000 | 324565600000 | 324509000000 | 324649400000 | 324530200000 | 324622800000 | 324648600000 | 324596200000 | 324650500000 | 324582300000 | 324598000000 | 324605300000 | 324760400000 | 324709100000 | 324598100000 | 324469700000 | 324576900000 | 324526100000 | 324453700000 | 324610300000 | 324617300000 | 324479900000 | 324548800000 | 324533400000 | 324529600000 | 324469500000 | 324522800000 | 324455500000 | 324545300000 | 324603500000 | 324546600000 |
| RETIRED_INSTRUCTIONS |   PMC0  | 517830200000 | 509259800000 | 503245700000 | 509750400000 | 502905100000 | 509255000000 | 507591700000 | 508887200000 | 565158200000 | 566107700000 | 565385900000 | 561940600000 | 565834100000 | 564590100000 | 567008800000 | 565864100000 | 510943600000 | 509680600000 | 511155200000 | 511083300000 | 510368200000 | 511475100000 | 511289800000 | 509748300000 | 506665000000 | 507078000000 | 507355800000 | 508352300000 | 508362100000 | 508506500000 | 507333100000 | 507719900000 | 563607100000 | 564838800000 | 563517900000 | 563798400000 | 565185700000 | 564366400000 | 563119600000 | 563904900000 | 509569700000 | 509436100000 | 509806400000 | 509567700000 | 509352200000 | 510102000000 | 510274300000 | 508828000000 | 513675700000 | 513795300000 | 512045000000 | 513526300000 | 512544200000 | 513048400000 | 513199300000 | 512921100000 | 563468000000 | 564066200000 | 563809200000 | 565539700000 | 564572000000 | 564316700000 | 564467800000 | 564315000000 | 515414700000 | 515875500000 | 515298700000 | 515019600000 | 515089300000 | 515516300000 | 515161500000 | 516126800000 | 507664900000 | 507409900000 | 508379600000 | 508729400000 | 507294400000 | 507185300000 | 508258900000 | 508642600000 | 565486300000 | 564856200000 | 566826900000 | 564749700000 | 565259100000 | 563560400000 | 564004200000 | 563872900000 | 513706900000 | 512426900000 | 512229500000 | 515199700000 | 513486300000 | 513514800000 | 512146600000 | 512882900000 | 448510100000 | 446662700000 | 445753600000 | 446151600000 | 445765000000 | 445240900000 | 446185100000 | 445734400000 | 520974800000 | 520353000000 | 521275900000 | 520462200000 | 519920000000 | 519907100000 | 521006100000 | 518999400000 | 447972600000 | 444397500000 | 448740900000 | 446988900000 | 448530900000 | 447735300000 | 448783500000 | 447876800000 | 447381000000 | 448035500000 | 448112200000 | 447622200000 | 447072600000 | 447009800000 | 447113100000 | 447358600000 | 519749500000 | 518331600000 | 518820900000 | 518802400000 | 519399000000 | 519718200000 | 518571100000 | 518739700000 | 446604900000 | 445966400000 | 446104300000 | 446786100000 | 446583400000 | 445639200000 | 446602300000 | 446368100000 | 445903000000 | 445494900000 | 445731300000 | 444676000000 | 446075200000 | 444444100000 | 446052200000 | 445212200000 | 520326800000 | 521553400000 | 521155500000 | 520689500000 | 514498200000 | 521318100000 | 521003900000 | 521783600000 | 449811600000 | 449305900000 | 448988000000 | 450041100000 | 448441000000 | 448974200000 | 449409600000 | 448202500000 | 444379200000 | 444117100000 | 444618900000 | 445673700000 | 444977000000 | 444343600000 | 436613400000 | 444399900000 | 520252400000 | 519676600000 | 519379400000 | 518157400000 | 521467300000 | 519689200000 | 519564300000 | 519377600000 | 445290200000 | 443213300000 | 445281400000 | 444980400000 | 445004400000 | 444496200000 | 443144900000 | 445811800000 |
|  CPU_CLOCKS_UNHALTED |   PMC1  | 447462900000 | 444646900000 | 444669100000 | 446760100000 | 435423000000 | 446516000000 | 446575200000 | 445754100000 | 444180200000 | 444736600000 | 445422800000 | 436604500000 | 445478300000 | 444954100000 | 445746200000 | 445816300000 | 445844200000 | 445565400000 | 446355100000 | 446576500000 | 446517400000 | 446502500000 | 446601200000 | 446656300000 | 445966000000 | 445918800000 | 446328700000 | 446665500000 | 446609900000 | 446738100000 | 446317400000 | 446404800000 | 445812900000 | 445783500000 | 445411400000 | 446089100000 | 445927300000 | 445794900000 | 445516200000 | 445829000000 | 446105400000 | 446338900000 | 446252000000 | 446318900000 | 446204900000 | 446699900000 | 446635500000 | 446515200000 | 446245700000 | 446347900000 | 446535100000 | 446271900000 | 446915600000 | 446866300000 | 446805900000 | 446430000000 | 444372200000 | 445165400000 | 445344900000 | 445862800000 | 445750200000 | 445665400000 | 445624200000 | 445440800000 | 446035900000 | 446075000000 | 446219900000 | 446351300000 | 446272600000 | 446482400000 | 446165900000 | 446079700000 | 446100600000 | 445556900000 | 446453500000 | 446445500000 | 446185300000 | 446038300000 | 446265300000 | 446443100000 | 445484500000 | 445624500000 | 445782800000 | 445306000000 | 445798100000 | 445918300000 | 445826700000 | 445595400000 | 445708900000 | 445884500000 | 446170300000 | 446771100000 | 446583600000 | 446308800000 | 445602500000 | 446419100000 | 449939300000 | 448875500000 | 448828900000 | 449605800000 | 449359900000 | 449446100000 | 449507300000 | 449657600000 | 448036600000 | 448106600000 | 448350000000 | 448228500000 | 448461700000 | 448273500000 | 448204000000 | 448075800000 | 448711100000 | 447628600000 | 449124800000 | 448844900000 | 449259700000 | 449137900000 | 448703500000 | 449049400000 | 449429300000 | 449706900000 | 449380900000 | 449452700000 | 449554400000 | 449216100000 | 449485600000 | 449257200000 | 448587800000 | 448308400000 | 448024400000 | 448495800000 | 448192600000 | 448468300000 | 448243200000 | 448253800000 | 449037700000 | 449635300000 | 449730600000 | 449751800000 | 449770900000 | 449604400000 | 449609400000 | 449764000000 | 449545400000 | 449494200000 | 449693900000 | 447811900000 | 449888800000 | 446669700000 | 449931900000 | 449301700000 | 448393000000 | 447800600000 | 447772500000 | 448001800000 | 446263200000 | 448133200000 | 448182100000 | 448446400000 | 449385100000 | 448884800000 | 449322800000 | 449436800000 | 449263500000 | 448844900000 | 449521300000 | 449634600000 | 448679200000 | 448644800000 | 448502200000 | 449881800000 | 449548400000 | 444353300000 | 446389400000 | 449723800000 | 448102600000 | 448030200000 | 448257700000 | 445737500000 | 448496200000 | 448201700000 | 448249400000 | 448273500000 | 448957500000 | 444838100000 | 449373300000 | 447347000000 | 449165700000 | 449370600000 | 443304600000 | 449300200000 |
|      CAS_CMD_RD      |  UMC0C0 |  34209070000 |            0 |            0 |            0 |            0 |            0 |            0 |            0 |            0 |            0 |            0 |            0 |            0 |            0 |            0 |            0 |            0 |            0 |            0 |            0 |            0 |            0 |            0 |            0 |            0 |            0 |            0 |            0 |            0 |            0 |            0 |            0 |            0 |            0 |            0 |            0 |            0 |            0 |            0 |            0 |            0 |            0 |            0 |            0 |            0 |            0 |            0 |            0 |            0 |            0 |            0 |            0 |            0 |            0 |            0 |            0 |            0 |            0 |            0 |            0 |            0 |            0 |            0 |            0 |            0 |            0 |            0 |            0 |            0 |            0 |            0 |            0 |            0 |            0 |            0 |            0 |            0 |            0 |            0 |            0 |            0 |            0 |            0 |            0 |            0 |            0 |            0 |            0 |            0 |            0 |            0 |            0 |            0 |            0 |            0 |            0 |  20408760000 |            0 |            0 |            0 |            0 |            0 |            0 |            0 |            0 |            0 |            0 |            0 |            0 |            0 |            0 |            0 |            0 |            0 |            0 |            0 |            0 |            0 |            0 |            0 |            0 |            0 |            0 |            0 |            0 |            0 |            0 |            0 |            0 |            0 |            0 |            0 |            0 |            0 |            0 |            0 |            0 |            0 |            0 |            0 |            0 |            0 |            0 |            0 |            0 |            0 |            0 |            0 |            0 |            0 |            0 |            0 |            0 |            0 |            0 |            0 |            0 |            0 |            0 |            0 |            0 |            0 |            0 |            0 |            0 |            0 |            0 |            0 |            0 |            0 |            0 |            0 |            0 |            0 |            0 |            0 |            0 |            0 |            0 |            0 |            0 |            0 |            0 |            0 |            0 |            0 |            0 |            0 |            0 |            0 |            0 |            0 |
|      CAS_CMD_WR      |  UMC0C1 |    136969100 |            0 |            0 |            0 |            0 |            0 |            0 |            0 |            0 |            0 |            0 |            0 |            0 |            0 |            0 |            0 |            0 |            0 |            0 |            0 |            0 |            0 |            0 |            0 |            0 |            0 |            0 |            0 |            0 |            0 |            0 |            0 |            0 |            0 |            0 |            0 |            0 |            0 |            0 |            0 |            0 |            0 |            0 |            0 |            0 |            0 |            0 |            0 |            0 |            0 |            0 |            0 |            0 |            0 |            0 |            0 |            0 |            0 |            0 |            0 |            0 |            0 |            0 |            0 |            0 |            0 |            0 |            0 |            0 |            0 |            0 |            0 |            0 |            0 |            0 |            0 |            0 |            0 |            0 |            0 |            0 |            0 |            0 |            0 |            0 |            0 |            0 |            0 |            0 |            0 |            0 |            0 |            0 |            0 |            0 |            0 |    108051700 |            0 |            0 |            0 |            0 |            0 |            0 |            0 |            0 |            0 |            0 |            0 |            0 |            0 |            0 |            0 |            0 |            0 |            0 |            0 |            0 |            0 |            0 |            0 |            0 |            0 |            0 |            0 |            0 |            0 |            0 |            0 |            0 |            0 |            0 |            0 |            0 |            0 |            0 |            0 |            0 |            0 |            0 |            0 |            0 |            0 |            0 |            0 |            0 |            0 |            0 |            0 |            0 |            0 |            0 |            0 |            0 |            0 |            0 |            0 |            0 |            0 |            0 |            0 |            0 |            0 |            0 |            0 |            0 |            0 |            0 |            0 |            0 |            0 |            0 |            0 |            0 |            0 |            0 |            0 |            0 |            0 |            0 |            0 |            0 |            0 |            0 |            0 |            0 |            0 |            0 |            0 |            0 |            0 |            0 |            0 |
|      CAS_CMD_RD      |  UMC1C0 |  34276930000 |            0 |            0 |            0 |            0 |            0 |            0 |            0 |            0 |            0 |            0 |            0 |            0 |            0 |            0 |            0 |            0 |            0 |            0 |            0 |            0 |            0 |            0 |            0 |            0 |            0 |            0 |            0 |            0 |            0 |            0 |            0 |            0 |            0 |            0 |            0 |            0 |            0 |            0 |            0 |            0 |            0 |            0 |            0 |            0 |            0 |            0 |            0 |            0 |            0 |            0 |            0 |            0 |            0 |            0 |            0 |            0 |            0 |            0 |            0 |            0 |            0 |            0 |            0 |            0 |            0 |            0 |            0 |            0 |            0 |            0 |            0 |            0 |            0 |            0 |            0 |            0 |            0 |            0 |            0 |            0 |            0 |            0 |            0 |            0 |            0 |            0 |            0 |            0 |            0 |            0 |            0 |            0 |            0 |            0 |            0 |  20529210000 |            0 |            0 |            0 |            0 |            0 |            0 |            0 |            0 |            0 |            0 |            0 |            0 |            0 |            0 |            0 |            0 |            0 |            0 |            0 |            0 |            0 |            0 |            0 |            0 |            0 |            0 |            0 |            0 |            0 |            0 |            0 |            0 |            0 |            0 |            0 |            0 |            0 |            0 |            0 |            0 |            0 |            0 |            0 |            0 |            0 |            0 |            0 |            0 |            0 |            0 |            0 |            0 |            0 |            0 |            0 |            0 |            0 |            0 |            0 |            0 |            0 |            0 |            0 |            0 |            0 |            0 |            0 |            0 |            0 |            0 |            0 |            0 |            0 |            0 |            0 |            0 |            0 |            0 |            0 |            0 |            0 |            0 |            0 |            0 |            0 |            0 |            0 |            0 |            0 |            0 |            0 |            0 |            0 |            0 |            0 |
|      CAS_CMD_WR      |  UMC1C1 |    136812000 |            0 |            0 |            0 |            0 |            0 |            0 |            0 |            0 |            0 |            0 |            0 |            0 |            0 |            0 |            0 |            0 |            0 |            0 |            0 |            0 |            0 |            0 |            0 |            0 |            0 |            0 |            0 |            0 |            0 |            0 |            0 |            0 |            0 |            0 |            0 |            0 |            0 |            0 |            0 |            0 |            0 |            0 |            0 |            0 |            0 |            0 |            0 |            0 |            0 |            0 |            0 |            0 |            0 |            0 |            0 |            0 |            0 |            0 |            0 |            0 |            0 |            0 |            0 |            0 |            0 |            0 |            0 |            0 |            0 |            0 |            0 |            0 |            0 |            0 |            0 |            0 |            0 |            0 |            0 |            0 |            0 |            0 |            0 |            0 |            0 |            0 |            0 |            0 |            0 |            0 |            0 |            0 |            0 |            0 |            0 |    108246300 |            0 |            0 |            0 |            0 |            0 |            0 |            0 |            0 |            0 |            0 |            0 |            0 |            0 |            0 |            0 |            0 |            0 |            0 |            0 |            0 |            0 |            0 |            0 |            0 |            0 |            0 |            0 |            0 |            0 |            0 |            0 |            0 |            0 |            0 |            0 |            0 |            0 |            0 |            0 |            0 |            0 |            0 |            0 |            0 |            0 |            0 |            0 |            0 |            0 |            0 |            0 |            0 |            0 |            0 |            0 |            0 |            0 |            0 |            0 |            0 |            0 |            0 |            0 |            0 |            0 |            0 |            0 |            0 |            0 |            0 |            0 |            0 |            0 |            0 |            0 |            0 |            0 |            0 |            0 |            0 |            0 |            0 |            0 |            0 |            0 |            0 |            0 |            0 |            0 |            0 |            0 |            0 |            0 |            0 |            0 |
|      CAS_CMD_RD      |  UMC2C0 |  34323180000 |            0 |            0 |            0 |            0 |            0 |            0 |            0 |            0 |            0 |            0 |            0 |            0 |            0 |            0 |            0 |            0 |            0 |            0 |            0 |            0 |            0 |            0 |            0 |            0 |            0 |            0 |            0 |            0 |            0 |            0 |            0 |            0 |            0 |            0 |            0 |            0 |            0 |            0 |            0 |            0 |            0 |            0 |            0 |            0 |            0 |            0 |            0 |            0 |            0 |            0 |            0 |            0 |            0 |            0 |            0 |            0 |            0 |            0 |            0 |            0 |            0 |            0 |            0 |            0 |            0 |            0 |            0 |            0 |            0 |            0 |            0 |            0 |            0 |            0 |            0 |            0 |            0 |            0 |            0 |            0 |            0 |            0 |            0 |            0 |            0 |            0 |            0 |            0 |            0 |            0 |            0 |            0 |            0 |            0 |            0 |  20366050000 |            0 |            0 |            0 |            0 |            0 |            0 |            0 |            0 |            0 |            0 |            0 |            0 |            0 |            0 |            0 |            0 |            0 |            0 |            0 |            0 |            0 |            0 |            0 |            0 |            0 |            0 |            0 |            0 |            0 |            0 |            0 |            0 |            0 |            0 |            0 |            0 |            0 |            0 |            0 |            0 |            0 |            0 |            0 |            0 |            0 |            0 |            0 |            0 |            0 |            0 |            0 |            0 |            0 |            0 |            0 |            0 |            0 |            0 |            0 |            0 |            0 |            0 |            0 |            0 |            0 |            0 |            0 |            0 |            0 |            0 |            0 |            0 |            0 |            0 |            0 |            0 |            0 |            0 |            0 |            0 |            0 |            0 |            0 |            0 |            0 |            0 |            0 |            0 |            0 |            0 |            0 |            0 |            0 |            0 |            0 |
|      CAS_CMD_WR      |  UMC2C1 |    138332600 |            0 |            0 |            0 |            0 |            0 |            0 |            0 |            0 |            0 |            0 |            0 |            0 |            0 |            0 |            0 |            0 |            0 |            0 |            0 |            0 |            0 |            0 |            0 |            0 |            0 |            0 |            0 |            0 |            0 |            0 |            0 |            0 |            0 |            0 |            0 |            0 |            0 |            0 |            0 |            0 |            0 |            0 |            0 |            0 |            0 |            0 |            0 |            0 |            0 |            0 |            0 |            0 |            0 |            0 |            0 |            0 |            0 |            0 |            0 |            0 |            0 |            0 |            0 |            0 |            0 |            0 |            0 |            0 |            0 |            0 |            0 |            0 |            0 |            0 |            0 |            0 |            0 |            0 |            0 |            0 |            0 |            0 |            0 |            0 |            0 |            0 |            0 |            0 |            0 |            0 |            0 |            0 |            0 |            0 |            0 |    107402600 |            0 |            0 |            0 |            0 |            0 |            0 |            0 |            0 |            0 |            0 |            0 |            0 |            0 |            0 |            0 |            0 |            0 |            0 |            0 |            0 |            0 |            0 |            0 |            0 |            0 |            0 |            0 |            0 |            0 |            0 |            0 |            0 |            0 |            0 |            0 |            0 |            0 |            0 |            0 |            0 |            0 |            0 |            0 |            0 |            0 |            0 |            0 |            0 |            0 |            0 |            0 |            0 |            0 |            0 |            0 |            0 |            0 |            0 |            0 |            0 |            0 |            0 |            0 |            0 |            0 |            0 |            0 |            0 |            0 |            0 |            0 |            0 |            0 |            0 |            0 |            0 |            0 |            0 |            0 |            0 |            0 |            0 |            0 |            0 |            0 |            0 |            0 |            0 |            0 |            0 |            0 |            0 |            0 |            0 |            0 |
|      CAS_CMD_RD      |  UMC3C0 |  34298820000 |            0 |            0 |            0 |            0 |            0 |            0 |            0 |            0 |            0 |            0 |            0 |            0 |            0 |            0 |            0 |            0 |            0 |            0 |            0 |            0 |            0 |            0 |            0 |            0 |            0 |            0 |            0 |            0 |            0 |            0 |            0 |            0 |            0 |            0 |            0 |            0 |            0 |            0 |            0 |            0 |            0 |            0 |            0 |            0 |            0 |            0 |            0 |            0 |            0 |            0 |            0 |            0 |            0 |            0 |            0 |            0 |            0 |            0 |            0 |            0 |            0 |            0 |            0 |            0 |            0 |            0 |            0 |            0 |            0 |            0 |            0 |            0 |            0 |            0 |            0 |            0 |            0 |            0 |            0 |            0 |            0 |            0 |            0 |            0 |            0 |            0 |            0 |            0 |            0 |            0 |            0 |            0 |            0 |            0 |            0 |  20360990000 |            0 |            0 |            0 |            0 |            0 |            0 |            0 |            0 |            0 |            0 |            0 |            0 |            0 |            0 |            0 |            0 |            0 |            0 |            0 |            0 |            0 |            0 |            0 |            0 |            0 |            0 |            0 |            0 |            0 |            0 |            0 |            0 |            0 |            0 |            0 |            0 |            0 |            0 |            0 |            0 |            0 |            0 |            0 |            0 |            0 |            0 |            0 |            0 |            0 |            0 |            0 |            0 |            0 |            0 |            0 |            0 |            0 |            0 |            0 |            0 |            0 |            0 |            0 |            0 |            0 |            0 |            0 |            0 |            0 |            0 |            0 |            0 |            0 |            0 |            0 |            0 |            0 |            0 |            0 |            0 |            0 |            0 |            0 |            0 |            0 |            0 |            0 |            0 |            0 |            0 |            0 |            0 |            0 |            0 |            0 |
|      CAS_CMD_WR      |  UMC3C1 |    135918300 |            0 |            0 |            0 |            0 |            0 |            0 |            0 |            0 |            0 |            0 |            0 |            0 |            0 |            0 |            0 |            0 |            0 |            0 |            0 |            0 |            0 |            0 |            0 |            0 |            0 |            0 |            0 |            0 |            0 |            0 |            0 |            0 |            0 |            0 |            0 |            0 |            0 |            0 |            0 |            0 |            0 |            0 |            0 |            0 |            0 |            0 |            0 |            0 |            0 |            0 |            0 |            0 |            0 |            0 |            0 |            0 |            0 |            0 |            0 |            0 |            0 |            0 |            0 |            0 |            0 |            0 |            0 |            0 |            0 |            0 |            0 |            0 |            0 |            0 |            0 |            0 |            0 |            0 |            0 |            0 |            0 |            0 |            0 |            0 |            0 |            0 |            0 |            0 |            0 |            0 |            0 |            0 |            0 |            0 |            0 |    108884200 |            0 |            0 |            0 |            0 |            0 |            0 |            0 |            0 |            0 |            0 |            0 |            0 |            0 |            0 |            0 |            0 |            0 |            0 |            0 |            0 |            0 |            0 |            0 |            0 |            0 |            0 |            0 |            0 |            0 |            0 |            0 |            0 |            0 |            0 |            0 |            0 |            0 |            0 |            0 |            0 |            0 |            0 |            0 |            0 |            0 |            0 |            0 |            0 |            0 |            0 |            0 |            0 |            0 |            0 |            0 |            0 |            0 |            0 |            0 |            0 |            0 |            0 |            0 |            0 |            0 |            0 |            0 |            0 |            0 |            0 |            0 |            0 |            0 |            0 |            0 |            0 |            0 |            0 |            0 |            0 |            0 |            0 |            0 |            0 |            0 |            0 |            0 |            0 |            0 |            0 |            0 |            0 |            0 |            0 |            0 |
|      CAS_CMD_RD      |  UMC4C0 |  34303800000 |            0 |            0 |            0 |            0 |            0 |            0 |            0 |            0 |            0 |            0 |            0 |            0 |            0 |            0 |            0 |            0 |            0 |            0 |            0 |            0 |            0 |            0 |            0 |            0 |            0 |            0 |            0 |            0 |            0 |            0 |            0 |            0 |            0 |            0 |            0 |            0 |            0 |            0 |            0 |            0 |            0 |            0 |            0 |            0 |            0 |            0 |            0 |            0 |            0 |            0 |            0 |            0 |            0 |            0 |            0 |            0 |            0 |            0 |            0 |            0 |            0 |            0 |            0 |            0 |            0 |            0 |            0 |            0 |            0 |            0 |            0 |            0 |            0 |            0 |            0 |            0 |            0 |            0 |            0 |            0 |            0 |            0 |            0 |            0 |            0 |            0 |            0 |            0 |            0 |            0 |            0 |            0 |            0 |            0 |            0 |  20551670000 |            0 |            0 |            0 |            0 |            0 |            0 |            0 |            0 |            0 |            0 |            0 |            0 |            0 |            0 |            0 |            0 |            0 |            0 |            0 |            0 |            0 |            0 |            0 |            0 |            0 |            0 |            0 |            0 |            0 |            0 |            0 |            0 |            0 |            0 |            0 |            0 |            0 |            0 |            0 |            0 |            0 |            0 |            0 |            0 |            0 |            0 |            0 |            0 |            0 |            0 |            0 |            0 |            0 |            0 |            0 |            0 |            0 |            0 |            0 |            0 |            0 |            0 |            0 |            0 |            0 |            0 |            0 |            0 |            0 |            0 |            0 |            0 |            0 |            0 |            0 |            0 |            0 |            0 |            0 |            0 |            0 |            0 |            0 |            0 |            0 |            0 |            0 |            0 |            0 |            0 |            0 |            0 |            0 |            0 |            0 |
|      CAS_CMD_WR      |  UMC4C1 |    138019500 |            0 |            0 |            0 |            0 |            0 |            0 |            0 |            0 |            0 |            0 |            0 |            0 |            0 |            0 |            0 |            0 |            0 |            0 |            0 |            0 |            0 |            0 |            0 |            0 |            0 |            0 |            0 |            0 |            0 |            0 |            0 |            0 |            0 |            0 |            0 |            0 |            0 |            0 |            0 |            0 |            0 |            0 |            0 |            0 |            0 |            0 |            0 |            0 |            0 |            0 |            0 |            0 |            0 |            0 |            0 |            0 |            0 |            0 |            0 |            0 |            0 |            0 |            0 |            0 |            0 |            0 |            0 |            0 |            0 |            0 |            0 |            0 |            0 |            0 |            0 |            0 |            0 |            0 |            0 |            0 |            0 |            0 |            0 |            0 |            0 |            0 |            0 |            0 |            0 |            0 |            0 |            0 |            0 |            0 |            0 |    109943800 |            0 |            0 |            0 |            0 |            0 |            0 |            0 |            0 |            0 |            0 |            0 |            0 |            0 |            0 |            0 |            0 |            0 |            0 |            0 |            0 |            0 |            0 |            0 |            0 |            0 |            0 |            0 |            0 |            0 |            0 |            0 |            0 |            0 |            0 |            0 |            0 |            0 |            0 |            0 |            0 |            0 |            0 |            0 |            0 |            0 |            0 |            0 |            0 |            0 |            0 |            0 |            0 |            0 |            0 |            0 |            0 |            0 |            0 |            0 |            0 |            0 |            0 |            0 |            0 |            0 |            0 |            0 |            0 |            0 |            0 |            0 |            0 |            0 |            0 |            0 |            0 |            0 |            0 |            0 |            0 |            0 |            0 |            0 |            0 |            0 |            0 |            0 |            0 |            0 |            0 |            0 |            0 |            0 |            0 |            0 |
|      CAS_CMD_RD      |  UMC5C0 |  34351340000 |            0 |            0 |            0 |            0 |            0 |            0 |            0 |            0 |            0 |            0 |            0 |            0 |            0 |            0 |            0 |            0 |            0 |            0 |            0 |            0 |            0 |            0 |            0 |            0 |            0 |            0 |            0 |            0 |            0 |            0 |            0 |            0 |            0 |            0 |            0 |            0 |            0 |            0 |            0 |            0 |            0 |            0 |            0 |            0 |            0 |            0 |            0 |            0 |            0 |            0 |            0 |            0 |            0 |            0 |            0 |            0 |            0 |            0 |            0 |            0 |            0 |            0 |            0 |            0 |            0 |            0 |            0 |            0 |            0 |            0 |            0 |            0 |            0 |            0 |            0 |            0 |            0 |            0 |            0 |            0 |            0 |            0 |            0 |            0 |            0 |            0 |            0 |            0 |            0 |            0 |            0 |            0 |            0 |            0 |            0 |  20397480000 |            0 |            0 |            0 |            0 |            0 |            0 |            0 |            0 |            0 |            0 |            0 |            0 |            0 |            0 |            0 |            0 |            0 |            0 |            0 |            0 |            0 |            0 |            0 |            0 |            0 |            0 |            0 |            0 |            0 |            0 |            0 |            0 |            0 |            0 |            0 |            0 |            0 |            0 |            0 |            0 |            0 |            0 |            0 |            0 |            0 |            0 |            0 |            0 |            0 |            0 |            0 |            0 |            0 |            0 |            0 |            0 |            0 |            0 |            0 |            0 |            0 |            0 |            0 |            0 |            0 |            0 |            0 |            0 |            0 |            0 |            0 |            0 |            0 |            0 |            0 |            0 |            0 |            0 |            0 |            0 |            0 |            0 |            0 |            0 |            0 |            0 |            0 |            0 |            0 |            0 |            0 |            0 |            0 |            0 |            0 |
|      CAS_CMD_WR      |  UMC5C1 |    136340400 |            0 |            0 |            0 |            0 |            0 |            0 |            0 |            0 |            0 |            0 |            0 |            0 |            0 |            0 |            0 |            0 |            0 |            0 |            0 |            0 |            0 |            0 |            0 |            0 |            0 |            0 |            0 |            0 |            0 |            0 |            0 |            0 |            0 |            0 |            0 |            0 |            0 |            0 |            0 |            0 |            0 |            0 |            0 |            0 |            0 |            0 |            0 |            0 |            0 |            0 |            0 |            0 |            0 |            0 |            0 |            0 |            0 |            0 |            0 |            0 |            0 |            0 |            0 |            0 |            0 |            0 |            0 |            0 |            0 |            0 |            0 |            0 |            0 |            0 |            0 |            0 |            0 |            0 |            0 |            0 |            0 |            0 |            0 |            0 |            0 |            0 |            0 |            0 |            0 |            0 |            0 |            0 |            0 |            0 |            0 |    107047200 |            0 |            0 |            0 |            0 |            0 |            0 |            0 |            0 |            0 |            0 |            0 |            0 |            0 |            0 |            0 |            0 |            0 |            0 |            0 |            0 |            0 |            0 |            0 |            0 |            0 |            0 |            0 |            0 |            0 |            0 |            0 |            0 |            0 |            0 |            0 |            0 |            0 |            0 |            0 |            0 |            0 |            0 |            0 |            0 |            0 |            0 |            0 |            0 |            0 |            0 |            0 |            0 |            0 |            0 |            0 |            0 |            0 |            0 |            0 |            0 |            0 |            0 |            0 |            0 |            0 |            0 |            0 |            0 |            0 |            0 |            0 |            0 |            0 |            0 |            0 |            0 |            0 |            0 |            0 |            0 |            0 |            0 |            0 |            0 |            0 |            0 |            0 |            0 |            0 |            0 |            0 |            0 |            0 |            0 |            0 |
|      CAS_CMD_RD      |  UMC6C0 |  34276430000 |            0 |            0 |            0 |            0 |            0 |            0 |            0 |            0 |            0 |            0 |            0 |            0 |            0 |            0 |            0 |            0 |            0 |            0 |            0 |            0 |            0 |            0 |            0 |            0 |            0 |            0 |            0 |            0 |            0 |            0 |            0 |            0 |            0 |            0 |            0 |            0 |            0 |            0 |            0 |            0 |            0 |            0 |            0 |            0 |            0 |            0 |            0 |            0 |            0 |            0 |            0 |            0 |            0 |            0 |            0 |            0 |            0 |            0 |            0 |            0 |            0 |            0 |            0 |            0 |            0 |            0 |            0 |            0 |            0 |            0 |            0 |            0 |            0 |            0 |            0 |            0 |            0 |            0 |            0 |            0 |            0 |            0 |            0 |            0 |            0 |            0 |            0 |            0 |            0 |            0 |            0 |            0 |            0 |            0 |            0 |  20318640000 |            0 |            0 |            0 |            0 |            0 |            0 |            0 |            0 |            0 |            0 |            0 |            0 |            0 |            0 |            0 |            0 |            0 |            0 |            0 |            0 |            0 |            0 |            0 |            0 |            0 |            0 |            0 |            0 |            0 |            0 |            0 |            0 |            0 |            0 |            0 |            0 |            0 |            0 |            0 |            0 |            0 |            0 |            0 |            0 |            0 |            0 |            0 |            0 |            0 |            0 |            0 |            0 |            0 |            0 |            0 |            0 |            0 |            0 |            0 |            0 |            0 |            0 |            0 |            0 |            0 |            0 |            0 |            0 |            0 |            0 |            0 |            0 |            0 |            0 |            0 |            0 |            0 |            0 |            0 |            0 |            0 |            0 |            0 |            0 |            0 |            0 |            0 |            0 |            0 |            0 |            0 |            0 |            0 |            0 |            0 |
|      CAS_CMD_WR      |  UMC6C1 |    137226000 |            0 |            0 |            0 |            0 |            0 |            0 |            0 |            0 |            0 |            0 |            0 |            0 |            0 |            0 |            0 |            0 |            0 |            0 |            0 |            0 |            0 |            0 |            0 |            0 |            0 |            0 |            0 |            0 |            0 |            0 |            0 |            0 |            0 |            0 |            0 |            0 |            0 |            0 |            0 |            0 |            0 |            0 |            0 |            0 |            0 |            0 |            0 |            0 |            0 |            0 |            0 |            0 |            0 |            0 |            0 |            0 |            0 |            0 |            0 |            0 |            0 |            0 |            0 |            0 |            0 |            0 |            0 |            0 |            0 |            0 |            0 |            0 |            0 |            0 |            0 |            0 |            0 |            0 |            0 |            0 |            0 |            0 |            0 |            0 |            0 |            0 |            0 |            0 |            0 |            0 |            0 |            0 |            0 |            0 |            0 |    109365600 |            0 |            0 |            0 |            0 |            0 |            0 |            0 |            0 |            0 |            0 |            0 |            0 |            0 |            0 |            0 |            0 |            0 |            0 |            0 |            0 |            0 |            0 |            0 |            0 |            0 |            0 |            0 |            0 |            0 |            0 |            0 |            0 |            0 |            0 |            0 |            0 |            0 |            0 |            0 |            0 |            0 |            0 |            0 |            0 |            0 |            0 |            0 |            0 |            0 |            0 |            0 |            0 |            0 |            0 |            0 |            0 |            0 |            0 |            0 |            0 |            0 |            0 |            0 |            0 |            0 |            0 |            0 |            0 |            0 |            0 |            0 |            0 |            0 |            0 |            0 |            0 |            0 |            0 |            0 |            0 |            0 |            0 |            0 |            0 |            0 |            0 |            0 |            0 |            0 |            0 |            0 |            0 |            0 |            0 |            0 |
|      CAS_CMD_RD      |  UMC7C0 |  34217430000 |            0 |            0 |            0 |            0 |            0 |            0 |            0 |            0 |            0 |            0 |            0 |            0 |            0 |            0 |            0 |            0 |            0 |            0 |            0 |            0 |            0 |            0 |            0 |            0 |            0 |            0 |            0 |            0 |            0 |            0 |            0 |            0 |            0 |            0 |            0 |            0 |            0 |            0 |            0 |            0 |            0 |            0 |            0 |            0 |            0 |            0 |            0 |            0 |            0 |            0 |            0 |            0 |            0 |            0 |            0 |            0 |            0 |            0 |            0 |            0 |            0 |            0 |            0 |            0 |            0 |            0 |            0 |            0 |            0 |            0 |            0 |            0 |            0 |            0 |            0 |            0 |            0 |            0 |            0 |            0 |            0 |            0 |            0 |            0 |            0 |            0 |            0 |            0 |            0 |            0 |            0 |            0 |            0 |            0 |            0 |  20415290000 |            0 |            0 |            0 |            0 |            0 |            0 |            0 |            0 |            0 |            0 |            0 |            0 |            0 |            0 |            0 |            0 |            0 |            0 |            0 |            0 |            0 |            0 |            0 |            0 |            0 |            0 |            0 |            0 |            0 |            0 |            0 |            0 |            0 |            0 |            0 |            0 |            0 |            0 |            0 |            0 |            0 |            0 |            0 |            0 |            0 |            0 |            0 |            0 |            0 |            0 |            0 |            0 |            0 |            0 |            0 |            0 |            0 |            0 |            0 |            0 |            0 |            0 |            0 |            0 |            0 |            0 |            0 |            0 |            0 |            0 |            0 |            0 |            0 |            0 |            0 |            0 |            0 |            0 |            0 |            0 |            0 |            0 |            0 |            0 |            0 |            0 |            0 |            0 |            0 |            0 |            0 |            0 |            0 |            0 |            0 |
|      CAS_CMD_WR      |  UMC7C1 |    139512300 |            0 |            0 |            0 |            0 |            0 |            0 |            0 |            0 |            0 |            0 |            0 |            0 |            0 |            0 |            0 |            0 |            0 |            0 |            0 |            0 |            0 |            0 |            0 |            0 |            0 |            0 |            0 |            0 |            0 |            0 |            0 |            0 |            0 |            0 |            0 |            0 |            0 |            0 |            0 |            0 |            0 |            0 |            0 |            0 |            0 |            0 |            0 |            0 |            0 |            0 |            0 |            0 |            0 |            0 |            0 |            0 |            0 |            0 |            0 |            0 |            0 |            0 |            0 |            0 |            0 |            0 |            0 |            0 |            0 |            0 |            0 |            0 |            0 |            0 |            0 |            0 |            0 |            0 |            0 |            0 |            0 |            0 |            0 |            0 |            0 |            0 |            0 |            0 |            0 |            0 |            0 |            0 |            0 |            0 |            0 |    108875100 |            0 |            0 |            0 |            0 |            0 |            0 |            0 |            0 |            0 |            0 |            0 |            0 |            0 |            0 |            0 |            0 |            0 |            0 |            0 |            0 |            0 |            0 |            0 |            0 |            0 |            0 |            0 |            0 |            0 |            0 |            0 |            0 |            0 |            0 |            0 |            0 |            0 |            0 |            0 |            0 |            0 |            0 |            0 |            0 |            0 |            0 |            0 |            0 |            0 |            0 |            0 |            0 |            0 |            0 |            0 |            0 |            0 |            0 |            0 |            0 |            0 |            0 |            0 |            0 |            0 |            0 |            0 |            0 |            0 |            0 |            0 |            0 |            0 |            0 |            0 |            0 |            0 |            0 |            0 |            0 |            0 |            0 |            0 |            0 |            0 |            0 |            0 |            0 |            0 |            0 |            0 |            0 |            0 |            0 |            0 |
|      CAS_CMD_RD      |  UMC8C0 |  34238980000 |            0 |            0 |            0 |            0 |            0 |            0 |            0 |            0 |            0 |            0 |            0 |            0 |            0 |            0 |            0 |            0 |            0 |            0 |            0 |            0 |            0 |            0 |            0 |            0 |            0 |            0 |            0 |            0 |            0 |            0 |            0 |            0 |            0 |            0 |            0 |            0 |            0 |            0 |            0 |            0 |            0 |            0 |            0 |            0 |            0 |            0 |            0 |            0 |            0 |            0 |            0 |            0 |            0 |            0 |            0 |            0 |            0 |            0 |            0 |            0 |            0 |            0 |            0 |            0 |            0 |            0 |            0 |            0 |            0 |            0 |            0 |            0 |            0 |            0 |            0 |            0 |            0 |            0 |            0 |            0 |            0 |            0 |            0 |            0 |            0 |            0 |            0 |            0 |            0 |            0 |            0 |            0 |            0 |            0 |            0 |  20378450000 |            0 |            0 |            0 |            0 |            0 |            0 |            0 |            0 |            0 |            0 |            0 |            0 |            0 |            0 |            0 |            0 |            0 |            0 |            0 |            0 |            0 |            0 |            0 |            0 |            0 |            0 |            0 |            0 |            0 |            0 |            0 |            0 |            0 |            0 |            0 |            0 |            0 |            0 |            0 |            0 |            0 |            0 |            0 |            0 |            0 |            0 |            0 |            0 |            0 |            0 |            0 |            0 |            0 |            0 |            0 |            0 |            0 |            0 |            0 |            0 |            0 |            0 |            0 |            0 |            0 |            0 |            0 |            0 |            0 |            0 |            0 |            0 |            0 |            0 |            0 |            0 |            0 |            0 |            0 |            0 |            0 |            0 |            0 |            0 |            0 |            0 |            0 |            0 |            0 |            0 |            0 |            0 |            0 |            0 |            0 |
|      CAS_CMD_WR      |  UMC8C1 |    137236600 |            0 |            0 |            0 |            0 |            0 |            0 |            0 |            0 |            0 |            0 |            0 |            0 |            0 |            0 |            0 |            0 |            0 |            0 |            0 |            0 |            0 |            0 |            0 |            0 |            0 |            0 |            0 |            0 |            0 |            0 |            0 |            0 |            0 |            0 |            0 |            0 |            0 |            0 |            0 |            0 |            0 |            0 |            0 |            0 |            0 |            0 |            0 |            0 |            0 |            0 |            0 |            0 |            0 |            0 |            0 |            0 |            0 |            0 |            0 |            0 |            0 |            0 |            0 |            0 |            0 |            0 |            0 |            0 |            0 |            0 |            0 |            0 |            0 |            0 |            0 |            0 |            0 |            0 |            0 |            0 |            0 |            0 |            0 |            0 |            0 |            0 |            0 |            0 |            0 |            0 |            0 |            0 |            0 |            0 |            0 |    108291900 |            0 |            0 |            0 |            0 |            0 |            0 |            0 |            0 |            0 |            0 |            0 |            0 |            0 |            0 |            0 |            0 |            0 |            0 |            0 |            0 |            0 |            0 |            0 |            0 |            0 |            0 |            0 |            0 |            0 |            0 |            0 |            0 |            0 |            0 |            0 |            0 |            0 |            0 |            0 |            0 |            0 |            0 |            0 |            0 |            0 |            0 |            0 |            0 |            0 |            0 |            0 |            0 |            0 |            0 |            0 |            0 |            0 |            0 |            0 |            0 |            0 |            0 |            0 |            0 |            0 |            0 |            0 |            0 |            0 |            0 |            0 |            0 |            0 |            0 |            0 |            0 |            0 |            0 |            0 |            0 |            0 |            0 |            0 |            0 |            0 |            0 |            0 |            0 |            0 |            0 |            0 |            0 |            0 |            0 |            0 |
|      CAS_CMD_RD      |  UMC9C0 |  34301250000 |            0 |            0 |            0 |            0 |            0 |            0 |            0 |            0 |            0 |            0 |            0 |            0 |            0 |            0 |            0 |            0 |            0 |            0 |            0 |            0 |            0 |            0 |            0 |            0 |            0 |            0 |            0 |            0 |            0 |            0 |            0 |            0 |            0 |            0 |            0 |            0 |            0 |            0 |            0 |            0 |            0 |            0 |            0 |            0 |            0 |            0 |            0 |            0 |            0 |            0 |            0 |            0 |            0 |            0 |            0 |            0 |            0 |            0 |            0 |            0 |            0 |            0 |            0 |            0 |            0 |            0 |            0 |            0 |            0 |            0 |            0 |            0 |            0 |            0 |            0 |            0 |            0 |            0 |            0 |            0 |            0 |            0 |            0 |            0 |            0 |            0 |            0 |            0 |            0 |            0 |            0 |            0 |            0 |            0 |            0 |  20363480000 |            0 |            0 |            0 |            0 |            0 |            0 |            0 |            0 |            0 |            0 |            0 |            0 |            0 |            0 |            0 |            0 |            0 |            0 |            0 |            0 |            0 |            0 |            0 |            0 |            0 |            0 |            0 |            0 |            0 |            0 |            0 |            0 |            0 |            0 |            0 |            0 |            0 |            0 |            0 |            0 |            0 |            0 |            0 |            0 |            0 |            0 |            0 |            0 |            0 |            0 |            0 |            0 |            0 |            0 |            0 |            0 |            0 |            0 |            0 |            0 |            0 |            0 |            0 |            0 |            0 |            0 |            0 |            0 |            0 |            0 |            0 |            0 |            0 |            0 |            0 |            0 |            0 |            0 |            0 |            0 |            0 |            0 |            0 |            0 |            0 |            0 |            0 |            0 |            0 |            0 |            0 |            0 |            0 |            0 |            0 |
|      CAS_CMD_WR      |  UMC9C1 |    135399600 |            0 |            0 |            0 |            0 |            0 |            0 |            0 |            0 |            0 |            0 |            0 |            0 |            0 |            0 |            0 |            0 |            0 |            0 |            0 |            0 |            0 |            0 |            0 |            0 |            0 |            0 |            0 |            0 |            0 |            0 |            0 |            0 |            0 |            0 |            0 |            0 |            0 |            0 |            0 |            0 |            0 |            0 |            0 |            0 |            0 |            0 |            0 |            0 |            0 |            0 |            0 |            0 |            0 |            0 |            0 |            0 |            0 |            0 |            0 |            0 |            0 |            0 |            0 |            0 |            0 |            0 |            0 |            0 |            0 |            0 |            0 |            0 |            0 |            0 |            0 |            0 |            0 |            0 |            0 |            0 |            0 |            0 |            0 |            0 |            0 |            0 |            0 |            0 |            0 |            0 |            0 |            0 |            0 |            0 |            0 |    107789500 |            0 |            0 |            0 |            0 |            0 |            0 |            0 |            0 |            0 |            0 |            0 |            0 |            0 |            0 |            0 |            0 |            0 |            0 |            0 |            0 |            0 |            0 |            0 |            0 |            0 |            0 |            0 |            0 |            0 |            0 |            0 |            0 |            0 |            0 |            0 |            0 |            0 |            0 |            0 |            0 |            0 |            0 |            0 |            0 |            0 |            0 |            0 |            0 |            0 |            0 |            0 |            0 |            0 |            0 |            0 |            0 |            0 |            0 |            0 |            0 |            0 |            0 |            0 |            0 |            0 |            0 |            0 |            0 |            0 |            0 |            0 |            0 |            0 |            0 |            0 |            0 |            0 |            0 |            0 |            0 |            0 |            0 |            0 |            0 |            0 |            0 |            0 |            0 |            0 |            0 |            0 |            0 |            0 |            0 |            0 |
|      CAS_CMD_RD      | UMC10C0 |  34397530000 |            0 |            0 |            0 |            0 |            0 |            0 |            0 |            0 |            0 |            0 |            0 |            0 |            0 |            0 |            0 |            0 |            0 |            0 |            0 |            0 |            0 |            0 |            0 |            0 |            0 |            0 |            0 |            0 |            0 |            0 |            0 |            0 |            0 |            0 |            0 |            0 |            0 |            0 |            0 |            0 |            0 |            0 |            0 |            0 |            0 |            0 |            0 |            0 |            0 |            0 |            0 |            0 |            0 |            0 |            0 |            0 |            0 |            0 |            0 |            0 |            0 |            0 |            0 |            0 |            0 |            0 |            0 |            0 |            0 |            0 |            0 |            0 |            0 |            0 |            0 |            0 |            0 |            0 |            0 |            0 |            0 |            0 |            0 |            0 |            0 |            0 |            0 |            0 |            0 |            0 |            0 |            0 |            0 |            0 |            0 |  20493890000 |            0 |            0 |            0 |            0 |            0 |            0 |            0 |            0 |            0 |            0 |            0 |            0 |            0 |            0 |            0 |            0 |            0 |            0 |            0 |            0 |            0 |            0 |            0 |            0 |            0 |            0 |            0 |            0 |            0 |            0 |            0 |            0 |            0 |            0 |            0 |            0 |            0 |            0 |            0 |            0 |            0 |            0 |            0 |            0 |            0 |            0 |            0 |            0 |            0 |            0 |            0 |            0 |            0 |            0 |            0 |            0 |            0 |            0 |            0 |            0 |            0 |            0 |            0 |            0 |            0 |            0 |            0 |            0 |            0 |            0 |            0 |            0 |            0 |            0 |            0 |            0 |            0 |            0 |            0 |            0 |            0 |            0 |            0 |            0 |            0 |            0 |            0 |            0 |            0 |            0 |            0 |            0 |            0 |            0 |            0 |
|      CAS_CMD_WR      | UMC10C1 |    136277800 |            0 |            0 |            0 |            0 |            0 |            0 |            0 |            0 |            0 |            0 |            0 |            0 |            0 |            0 |            0 |            0 |            0 |            0 |            0 |            0 |            0 |            0 |            0 |            0 |            0 |            0 |            0 |            0 |            0 |            0 |            0 |            0 |            0 |            0 |            0 |            0 |            0 |            0 |            0 |            0 |            0 |            0 |            0 |            0 |            0 |            0 |            0 |            0 |            0 |            0 |            0 |            0 |            0 |            0 |            0 |            0 |            0 |            0 |            0 |            0 |            0 |            0 |            0 |            0 |            0 |            0 |            0 |            0 |            0 |            0 |            0 |            0 |            0 |            0 |            0 |            0 |            0 |            0 |            0 |            0 |            0 |            0 |            0 |            0 |            0 |            0 |            0 |            0 |            0 |            0 |            0 |            0 |            0 |            0 |            0 |    108507600 |            0 |            0 |            0 |            0 |            0 |            0 |            0 |            0 |            0 |            0 |            0 |            0 |            0 |            0 |            0 |            0 |            0 |            0 |            0 |            0 |            0 |            0 |            0 |            0 |            0 |            0 |            0 |            0 |            0 |            0 |            0 |            0 |            0 |            0 |            0 |            0 |            0 |            0 |            0 |            0 |            0 |            0 |            0 |            0 |            0 |            0 |            0 |            0 |            0 |            0 |            0 |            0 |            0 |            0 |            0 |            0 |            0 |            0 |            0 |            0 |            0 |            0 |            0 |            0 |            0 |            0 |            0 |            0 |            0 |            0 |            0 |            0 |            0 |            0 |            0 |            0 |            0 |            0 |            0 |            0 |            0 |            0 |            0 |            0 |            0 |            0 |            0 |            0 |            0 |            0 |            0 |            0 |            0 |            0 |            0 |
|      CAS_CMD_RD      | UMC11C0 |  34282460000 |            0 |            0 |            0 |            0 |            0 |            0 |            0 |            0 |            0 |            0 |            0 |            0 |            0 |            0 |            0 |            0 |            0 |            0 |            0 |            0 |            0 |            0 |            0 |            0 |            0 |            0 |            0 |            0 |            0 |            0 |            0 |            0 |            0 |            0 |            0 |            0 |            0 |            0 |            0 |            0 |            0 |            0 |            0 |            0 |            0 |            0 |            0 |            0 |            0 |            0 |            0 |            0 |            0 |            0 |            0 |            0 |            0 |            0 |            0 |            0 |            0 |            0 |            0 |            0 |            0 |            0 |            0 |            0 |            0 |            0 |            0 |            0 |            0 |            0 |            0 |            0 |            0 |            0 |            0 |            0 |            0 |            0 |            0 |            0 |            0 |            0 |            0 |            0 |            0 |            0 |            0 |            0 |            0 |            0 |            0 |  20414890000 |            0 |            0 |            0 |            0 |            0 |            0 |            0 |            0 |            0 |            0 |            0 |            0 |            0 |            0 |            0 |            0 |            0 |            0 |            0 |            0 |            0 |            0 |            0 |            0 |            0 |            0 |            0 |            0 |            0 |            0 |            0 |            0 |            0 |            0 |            0 |            0 |            0 |            0 |            0 |            0 |            0 |            0 |            0 |            0 |            0 |            0 |            0 |            0 |            0 |            0 |            0 |            0 |            0 |            0 |            0 |            0 |            0 |            0 |            0 |            0 |            0 |            0 |            0 |            0 |            0 |            0 |            0 |            0 |            0 |            0 |            0 |            0 |            0 |            0 |            0 |            0 |            0 |            0 |            0 |            0 |            0 |            0 |            0 |            0 |            0 |            0 |            0 |            0 |            0 |            0 |            0 |            0 |            0 |            0 |            0 |
|      CAS_CMD_WR      | UMC11C1 |    136595200 |            0 |            0 |            0 |            0 |            0 |            0 |            0 |            0 |            0 |            0 |            0 |            0 |            0 |            0 |            0 |            0 |            0 |            0 |            0 |            0 |            0 |            0 |            0 |            0 |            0 |            0 |            0 |            0 |            0 |            0 |            0 |            0 |            0 |            0 |            0 |            0 |            0 |            0 |            0 |            0 |            0 |            0 |            0 |            0 |            0 |            0 |            0 |            0 |            0 |            0 |            0 |            0 |            0 |            0 |            0 |            0 |            0 |            0 |            0 |            0 |            0 |            0 |            0 |            0 |            0 |            0 |            0 |            0 |            0 |            0 |            0 |            0 |            0 |            0 |            0 |            0 |            0 |            0 |            0 |            0 |            0 |            0 |            0 |            0 |            0 |            0 |            0 |            0 |            0 |            0 |            0 |            0 |            0 |            0 |            0 |    108606100 |            0 |            0 |            0 |            0 |            0 |            0 |            0 |            0 |            0 |            0 |            0 |            0 |            0 |            0 |            0 |            0 |            0 |            0 |            0 |            0 |            0 |            0 |            0 |            0 |            0 |            0 |            0 |            0 |            0 |            0 |            0 |            0 |            0 |            0 |            0 |            0 |            0 |            0 |            0 |            0 |            0 |            0 |            0 |            0 |            0 |            0 |            0 |            0 |            0 |            0 |            0 |            0 |            0 |            0 |            0 |            0 |            0 |            0 |            0 |            0 |            0 |            0 |            0 |            0 |            0 |            0 |            0 |            0 |            0 |            0 |            0 |            0 |            0 |            0 |            0 |            0 |            0 |            0 |            0 |            0 |            0 |            0 |            0 |            0 |            0 |            0 |            0 |            0 |            0 |            0 |            0 |            0 |            0 |            0 |            0 |
+----------------------+---------+--------------+--------------+--------------+--------------+--------------+--------------+--------------+--------------+--------------+--------------+--------------+--------------+--------------+--------------+--------------+--------------+--------------+--------------+--------------+--------------+--------------+--------------+--------------+--------------+--------------+--------------+--------------+--------------+--------------+--------------+--------------+--------------+--------------+--------------+--------------+--------------+--------------+--------------+--------------+--------------+--------------+--------------+--------------+--------------+--------------+--------------+--------------+--------------+--------------+--------------+--------------+--------------+--------------+--------------+--------------+--------------+--------------+--------------+--------------+--------------+--------------+--------------+--------------+--------------+--------------+--------------+--------------+--------------+--------------+--------------+--------------+--------------+--------------+--------------+--------------+--------------+--------------+--------------+--------------+--------------+--------------+--------------+--------------+--------------+--------------+--------------+--------------+--------------+--------------+--------------+--------------+--------------+--------------+--------------+--------------+--------------+--------------+--------------+--------------+--------------+--------------+--------------+--------------+--------------+--------------+--------------+--------------+--------------+--------------+--------------+--------------+--------------+--------------+--------------+--------------+--------------+--------------+--------------+--------------+--------------+--------------+--------------+--------------+--------------+--------------+--------------+--------------+--------------+--------------+--------------+--------------+--------------+--------------+--------------+--------------+--------------+--------------+--------------+--------------+--------------+--------------+--------------+--------------+--------------+--------------+--------------+--------------+--------------+--------------+--------------+--------------+--------------+--------------+--------------+--------------+--------------+--------------+--------------+--------------+--------------+--------------+--------------+--------------+--------------+--------------+--------------+--------------+--------------+--------------+--------------+--------------+--------------+--------------+--------------+--------------+--------------+--------------+--------------+--------------+--------------+--------------+--------------+--------------+--------------+--------------+--------------+--------------+--------------+--------------+--------------+--------------+--------------+

+---------------------------+---------+----------------+--------------+--------------+--------------+
|           Event           | Counter |       Sum      |      Min     |      Max     |      Avg     |
+---------------------------+---------+----------------+--------------+--------------+--------------+
|   ACTUAL_CPU_CLOCK STAT   |  FIXC1  | 87451292500000 | 454142200000 | 458035100000 | 4.554755e+11 |
|     MAX_CPU_CLOCK STAT    |  FIXC2  | 62321844400000 | 324401800000 | 326223200000 | 3.245929e+11 |
| RETIRED_INSTRUCTIONS STAT |   PMC0  | 95957015000000 | 436613400000 | 567008800000 | 4.997761e+11 |
|  CPU_CLOCKS_UNHALTED STAT |   PMC1  | 85869881000000 | 435423000000 | 449939300000 | 4.472390e+11 |
|      CAS_CMD_RD STAT      |  UMC0C0 |    54617830000 |            0 |  34209070000 | 2.844679e+08 |
|      CAS_CMD_WR STAT      |  UMC0C1 |      245020800 |            0 |    136969100 |      1276150 |
|      CAS_CMD_RD STAT      |  UMC1C0 |    54806140000 |            0 |  34276930000 | 2.854486e+08 |
|      CAS_CMD_WR STAT      |  UMC1C1 |      245058300 |            0 |    136812000 | 1.276345e+06 |
|      CAS_CMD_RD STAT      |  UMC2C0 |    54689230000 |            0 |  34323180000 | 2.848397e+08 |
|      CAS_CMD_WR STAT      |  UMC2C1 |      245735200 |            0 |    138332600 | 1.279871e+06 |
|      CAS_CMD_RD STAT      |  UMC3C0 |    54659810000 |            0 |  34298820000 | 2.846865e+08 |
|      CAS_CMD_WR STAT      |  UMC3C1 |      244802500 |            0 |    135918300 | 1.275013e+06 |
|      CAS_CMD_RD STAT      |  UMC4C0 |    54855470000 |            0 |  34303800000 | 2.857056e+08 |
|      CAS_CMD_WR STAT      |  UMC4C1 |      247963300 |            0 |    138019500 | 1.291476e+06 |
|      CAS_CMD_RD STAT      |  UMC5C0 |    54748820000 |            0 |  34351340000 | 2.851501e+08 |
|      CAS_CMD_WR STAT      |  UMC5C1 |      243387600 |            0 |    136340400 | 1.267644e+06 |
|      CAS_CMD_RD STAT      |  UMC6C0 |    54595070000 |            0 |  34276430000 | 2.843493e+08 |
|      CAS_CMD_WR STAT      |  UMC6C1 |      246591600 |            0 |    137226000 | 1.284331e+06 |
|      CAS_CMD_RD STAT      |  UMC7C0 |    54632720000 |            0 |  34217430000 | 2.845454e+08 |
|      CAS_CMD_WR STAT      |  UMC7C1 |      248387400 |            0 |    139512300 | 1.293684e+06 |
|      CAS_CMD_RD STAT      |  UMC8C0 |    54617430000 |            0 |  34238980000 | 2.844658e+08 |
|      CAS_CMD_WR STAT      |  UMC8C1 |      245528500 |            0 |    137236600 | 1.278794e+06 |
|      CAS_CMD_RD STAT      |  UMC9C0 |    54664730000 |            0 |  34301250000 | 2.847121e+08 |
|      CAS_CMD_WR STAT      |  UMC9C1 |      243189100 |            0 |    135399600 | 1.266610e+06 |
|      CAS_CMD_RD STAT      | UMC10C0 |    54891420000 |            0 |  34397530000 | 2.858928e+08 |
|      CAS_CMD_WR STAT      | UMC10C1 |      244785400 |            0 |    136277800 | 1.274924e+06 |
|      CAS_CMD_RD STAT      | UMC11C0 |    54697350000 |            0 |  34282460000 | 2.848820e+08 |
|      CAS_CMD_WR STAT      | UMC11C1 |      245201300 |            0 |    136595200 | 1.277090e+06 |
+---------------------------+---------+----------------+--------------+--------------+--------------+

+-----------------------------------+-------------+------------+------------+------------+------------+------------+------------+------------+------------+------------+-------------+-------------+-------------+-------------+-------------+-------------+-------------+-------------+-------------+-------------+-------------+-------------+-------------+-------------+-------------+-------------+-------------+-------------+-------------+-------------+-------------+-------------+-------------+-------------+-------------+-------------+-------------+-------------+-------------+-------------+-------------+-------------+-------------+-------------+-------------+-------------+-------------+-------------+-------------+-------------+-------------+-------------+-------------+-------------+-------------+-------------+-------------+-------------+-------------+-------------+-------------+-------------+-------------+-------------+-------------+-------------+-------------+-------------+-------------+-------------+-------------+-------------+-------------+-------------+-------------+-------------+-------------+-------------+-------------+-------------+-------------+-------------+-------------+-------------+-------------+-------------+-------------+-------------+-------------+-------------+-------------+-------------+-------------+-------------+-------------+-------------+-------------+-------------+-------------+-------------+--------------+--------------+--------------+--------------+--------------+--------------+--------------+--------------+--------------+--------------+--------------+--------------+--------------+--------------+--------------+--------------+--------------+--------------+--------------+--------------+--------------+--------------+--------------+--------------+--------------+--------------+--------------+--------------+--------------+--------------+--------------+--------------+--------------+--------------+--------------+--------------+--------------+--------------+--------------+--------------+--------------+--------------+--------------+--------------+--------------+--------------+--------------+--------------+--------------+--------------+--------------+--------------+--------------+--------------+--------------+--------------+--------------+--------------+--------------+--------------+--------------+--------------+--------------+--------------+--------------+--------------+--------------+--------------+--------------+--------------+--------------+--------------+--------------+--------------+--------------+--------------+--------------+--------------+--------------+--------------+--------------+--------------+--------------+--------------+--------------+--------------+--------------+--------------+--------------+--------------+--------------+--------------+
|               Metric              |  HWThread 0 | HWThread 1 | HWThread 2 | HWThread 3 | HWThread 4 | HWThread 5 | HWThread 6 | HWThread 7 | HWThread 8 | HWThread 9 | HWThread 10 | HWThread 11 | HWThread 12 | HWThread 13 | HWThread 14 | HWThread 15 | HWThread 16 | HWThread 17 | HWThread 18 | HWThread 19 | HWThread 20 | HWThread 21 | HWThread 22 | HWThread 23 | HWThread 24 | HWThread 25 | HWThread 26 | HWThread 27 | HWThread 28 | HWThread 29 | HWThread 30 | HWThread 31 | HWThread 32 | HWThread 33 | HWThread 34 | HWThread 35 | HWThread 36 | HWThread 37 | HWThread 38 | HWThread 39 | HWThread 40 | HWThread 41 | HWThread 42 | HWThread 43 | HWThread 44 | HWThread 45 | HWThread 46 | HWThread 47 | HWThread 48 | HWThread 49 | HWThread 50 | HWThread 51 | HWThread 52 | HWThread 53 | HWThread 54 | HWThread 55 | HWThread 56 | HWThread 57 | HWThread 58 | HWThread 59 | HWThread 60 | HWThread 61 | HWThread 62 | HWThread 63 | HWThread 64 | HWThread 65 | HWThread 66 | HWThread 67 | HWThread 68 | HWThread 69 | HWThread 70 | HWThread 71 | HWThread 72 | HWThread 73 | HWThread 74 | HWThread 75 | HWThread 76 | HWThread 77 | HWThread 78 | HWThread 79 | HWThread 80 | HWThread 81 | HWThread 82 | HWThread 83 | HWThread 84 | HWThread 85 | HWThread 86 | HWThread 87 | HWThread 88 | HWThread 89 | HWThread 90 | HWThread 91 | HWThread 92 | HWThread 93 | HWThread 94 | HWThread 95 | HWThread 96 | HWThread 97 | HWThread 98 | HWThread 99 | HWThread 100 | HWThread 101 | HWThread 102 | HWThread 103 | HWThread 104 | HWThread 105 | HWThread 106 | HWThread 107 | HWThread 108 | HWThread 109 | HWThread 110 | HWThread 111 | HWThread 112 | HWThread 113 | HWThread 114 | HWThread 115 | HWThread 116 | HWThread 117 | HWThread 118 | HWThread 119 | HWThread 120 | HWThread 121 | HWThread 122 | HWThread 123 | HWThread 124 | HWThread 125 | HWThread 126 | HWThread 127 | HWThread 128 | HWThread 129 | HWThread 130 | HWThread 131 | HWThread 132 | HWThread 133 | HWThread 134 | HWThread 135 | HWThread 136 | HWThread 137 | HWThread 138 | HWThread 139 | HWThread 140 | HWThread 141 | HWThread 142 | HWThread 143 | HWThread 144 | HWThread 145 | HWThread 146 | HWThread 147 | HWThread 148 | HWThread 149 | HWThread 150 | HWThread 151 | HWThread 152 | HWThread 153 | HWThread 154 | HWThread 155 | HWThread 156 | HWThread 157 | HWThread 158 | HWThread 159 | HWThread 160 | HWThread 161 | HWThread 162 | HWThread 163 | HWThread 164 | HWThread 165 | HWThread 166 | HWThread 167 | HWThread 168 | HWThread 169 | HWThread 170 | HWThread 171 | HWThread 172 | HWThread 173 | HWThread 174 | HWThread 175 | HWThread 176 | HWThread 177 | HWThread 178 | HWThread 179 | HWThread 180 | HWThread 181 | HWThread 182 | HWThread 183 | HWThread 184 | HWThread 185 | HWThread 186 | HWThread 187 | HWThread 188 | HWThread 189 | HWThread 190 | HWThread 191 |
+-----------------------------------+-------------+------------+------------+------------+------------+------------+------------+------------+------------+------------+-------------+-------------+-------------+-------------+-------------+-------------+-------------+-------------+-------------+-------------+-------------+-------------+-------------+-------------+-------------+-------------+-------------+-------------+-------------+-------------+-------------+-------------+-------------+-------------+-------------+-------------+-------------+-------------+-------------+-------------+-------------+-------------+-------------+-------------+-------------+-------------+-------------+-------------+-------------+-------------+-------------+-------------+-------------+-------------+-------------+-------------+-------------+-------------+-------------+-------------+-------------+-------------+-------------+-------------+-------------+-------------+-------------+-------------+-------------+-------------+-------------+-------------+-------------+-------------+-------------+-------------+-------------+-------------+-------------+-------------+-------------+-------------+-------------+-------------+-------------+-------------+-------------+-------------+-------------+-------------+-------------+-------------+-------------+-------------+-------------+-------------+-------------+-------------+-------------+-------------+--------------+--------------+--------------+--------------+--------------+--------------+--------------+--------------+--------------+--------------+--------------+--------------+--------------+--------------+--------------+--------------+--------------+--------------+--------------+--------------+--------------+--------------+--------------+--------------+--------------+--------------+--------------+--------------+--------------+--------------+--------------+--------------+--------------+--------------+--------------+--------------+--------------+--------------+--------------+--------------+--------------+--------------+--------------+--------------+--------------+--------------+--------------+--------------+--------------+--------------+--------------+--------------+--------------+--------------+--------------+--------------+--------------+--------------+--------------+--------------+--------------+--------------+--------------+--------------+--------------+--------------+--------------+--------------+--------------+--------------+--------------+--------------+--------------+--------------+--------------+--------------+--------------+--------------+--------------+--------------+--------------+--------------+--------------+--------------+--------------+--------------+--------------+--------------+--------------+--------------+--------------+--------------+
|        Runtime (RDTSC) [s]        |    144.0859 |   142.6369 |   139.2332 |   135.9208 |   142.2143 |   140.0186 |   146.2355 |   146.6605 |   143.1358 |   143.1372 |    135.6748 |    134.4324 |    136.7975 |    131.7266 |    141.8378 |    142.8761 |    136.9105 |    137.9251 |    140.4065 |    145.5592 |    140.9938 |    137.1345 |    145.5585 |    146.1204 |    133.7793 |    142.3449 |    132.2176 |    138.7463 |    132.2207 |    130.2067 |    131.9804 |    142.3439 |    140.8518 |    135.3536 |    142.5258 |    140.7368 |    125.2998 |    140.7366 |    138.6325 |    145.7470 |    146.3461 |    140.2773 |    141.1066 |    146.9195 |    143.5182 |    146.3447 |    138.0359 |    132.4242 |    141.9677 |    136.2389 |    134.6904 |    140.6256 |    141.5758 |    134.6897 |    137.0185 |    136.2391 |    137.4989 |    129.8833 |    126.8803 |    133.9981 |    125.3817 |    137.4988 |    136.5542 |    139.7553 |    145.4457 |    138.5054 |    133.8901 |    145.9916 |    138.2771 |    140.5145 |    133.6661 |    137.8133 |    145.3143 |    135.0217 |    133.0463 |    135.0234 |    143.3337 |    133.5375 |    136.6818 |    143.3329 |    137.7011 |    129.0872 |    129.0912 |    132.9143 |    139.4911 |    128.2318 |    136.0501 |    136.0528 |    128.8876 |    135.4866 |    128.8877 |    129.7531 |    135.4873 |    144.5932 |    127.8952 |    127.0108 |    127.2437 |    129.4025 |    129.2734 |    129.2736 |     129.4030 |     127.5749 |     131.2727 |     128.5649 |     136.4246 |     138.2746 |     141.2165 |     139.8833 |     138.1441 |     141.3479 |     141.3464 |     141.2161 |     139.1069 |     142.0759 |     144.2175 |     126.1121 |     131.9836 |     126.4796 |     126.4787 |     125.8646 |     132.7856 |     144.9824 |     130.7094 |     134.2344 |     135.2242 |     134.2345 |     133.2857 |     144.9827 |     137.2440 |     146.5305 |     126.6804 |     131.8529 |     138.8545 |     143.9632 |     126.6787 |     130.5870 |     138.9851 |     127.3762 |     125.7431 |     141.7086 |     143.6324 |     137.3736 |     144.7277 |     127.3752 |     132.5307 |     130.4648 |     134.5596 |     133.1568 |     134.1062 |     131.0749 |     131.0728 |     130.8302 |     139.6227 |     128.3594 |     130.9536 |     125.4904 |     128.3562 |     144.4679 |     127.1179 |     125.9870 |     139.3611 |     126.3573 |     146.7892 |     143.0041 |     133.4091 |     143.7610 |     143.7612 |     145.1857 |     130.3357 |     128.6894 |     130.0002 |     128.6881 |     129.6279 |     129.9973 |     131.3958 |     132.6607 |     144.3400 |     142.7468 |     126.2344 |     144.0894 |     140.1415 |     128.0232 |     128.0249 |     134.8918 |     145.8621 |     127.6999 |     125.6226 |     131.5253 |     135.7859 |     127.6990 |     131.5215 |     144.8579 |
|        Runtime unhalted [s]       |    176.1766 |   175.1552 |   175.1723 |   175.0346 |   174.8891 |   174.8246 |   174.7152 |   174.8625 |   174.7605 |   174.7516 |    174.6909 |    174.8483 |    174.7387 |    174.7172 |    174.7527 |    174.8150 |    174.8534 |    174.8574 |    174.7832 |    174.8740 |    174.7999 |    174.8092 |    174.8864 |    174.8266 |    174.7795 |    174.7439 |    174.7314 |    174.7749 |    174.7930 |    174.7219 |    174.7269 |    174.7595 |    174.8337 |    174.8838 |    174.7249 |    174.8386 |    174.8532 |    174.7976 |    174.7397 |    174.8351 |    174.6947 |    174.7472 |    174.7607 |    174.7818 |    174.7461 |    174.7245 |    174.7528 |    174.7644 |    174.8786 |    174.7898 |    174.8030 |    174.7661 |    174.8256 |    174.8206 |    174.7827 |    174.7740 |    174.7555 |    174.7400 |    174.7354 |    174.8334 |    174.7224 |    174.7257 |    174.8097 |    174.8081 |    174.8191 |    174.7246 |    174.8328 |    174.7878 |    174.8237 |    174.7455 |    174.8355 |    174.8284 |    174.7811 |    174.6792 |    174.7646 |    174.8221 |    174.8559 |    174.8269 |    174.7891 |    174.8127 |    174.7899 |    174.7588 |    174.8179 |    174.8262 |    174.8064 |    174.7814 |    174.7825 |    174.7599 |    174.7587 |    174.7989 |    174.7141 |    174.8358 |    174.7576 |    174.7483 |    174.7246 |    174.7838 |    175.7268 |    175.5207 |    175.4984 |    175.5282 |     175.4813 |     175.4954 |     175.4273 |     175.4963 |     175.7380 |     175.5992 |     175.6498 |     175.5462 |     175.5931 |     175.5824 |     175.5962 |     175.5596 |     175.5044 |     175.6330 |     175.4943 |     175.4687 |     175.5092 |     175.5033 |     175.4949 |     175.5325 |     175.6451 |     175.6096 |     175.5883 |     175.5067 |     175.4931 |     175.4147 |     175.5325 |     175.5339 |     175.6747 |     175.5692 |     175.6072 |     175.6004 |     175.6056 |     175.5825 |     175.6050 |     175.5852 |     175.6755 |     175.5216 |     175.5199 |     175.6373 |     175.5596 |     175.4871 |     175.5783 |     175.5840 |     175.5322 |     175.5302 |     175.5784 |     175.5777 |     175.5434 |     175.5558 |     175.5643 |     175.5391 |     175.7139 |     175.6528 |     175.6343 |     175.5928 |     175.7215 |     175.7074 |     175.6277 |     175.7557 |     175.6097 |     175.5472 |     175.5364 |     175.4705 |     175.5851 |     175.4755 |     175.5462 |     175.5795 |     175.5428 |     175.5720 |     175.5535 |     175.6279 |     175.5471 |     175.6384 |     175.6552 |     175.5694 |     175.6808 |     175.6263 |     175.5845 |     175.5311 |     175.7356 |     175.6317 |     175.5886 |     175.6295 |     175.5199 |     175.5146 |     175.5394 |     175.5097 |     175.5137 |     175.5499 |     175.5451 |     175.5472 |
|            Clock [MHz]            |   3655.6817 |  3629.1867 |  3632.1051 |  3634.0586 |  3636.0019 |  3640.7177 |  3639.3882 |  3638.5737 |  3638.1701 |  3639.1040 |   3639.0172 |   3641.1883 |   3638.9713 |   3638.8235 |   3640.3896 |   3641.9840 |   3638.8702 |   3638.8851 |   3639.7582 |   3640.2489 |   3640.0467 |   3639.3100 |   3640.1406 |   3639.9560 |   3640.6919 |   3640.2835 |   3640.3406 |   3639.7773 |   3642.0161 |   3640.1909 |   3640.1927 |   3641.2310 |   3640.3661 |   3642.9695 |   3637.7261 |   3641.3177 |   3642.9059 |   3639.9176 |   3639.0056 |   3640.5502 |   3639.4446 |   3639.3138 |   3640.2418 |   3640.4304 |   3639.6199 |   3639.2818 |   3639.5986 |   3639.2458 |   3641.2559 |   3641.3712 |   3639.9416 |   3639.5610 |   3640.2899 |   3639.9764 |   3640.4645 |   3640.3208 |   3639.8513 |   3640.3952 |   3640.0354 |   3641.7687 |   3639.3421 |   3639.3105 |   3641.8416 |   3641.1896 |   3641.5481 |   3640.2082 |   3641.5648 |   3640.9020 |   3641.3642 |   3640.0252 |   3641.3614 |   3642.7478 |   3640.9099 |   3637.9619 |   3639.9949 |   3641.2223 |   3640.2997 |   3641.3749 |   3640.4311 |   3641.3388 |   3640.9427 |   3640.3989 |   3641.5776 |   3641.0553 |   3641.4944 |   3640.4768 |   3640.3744 |   3640.0578 |   3639.2196 |   3640.9061 |   3639.4835 |   3642.8531 |   3640.1553 |   3640.2781 |   3640.0590 |   3640.5629 |   3658.7391 |   3655.2866 |   3654.9883 |   3655.3948 |    3654.3793 |    3655.0013 |    3654.5620 |    3654.8824 |    3657.8466 |    3656.6009 |    3656.6901 |    3655.6386 |    3656.2325 |    3655.3623 |    3655.4951 |    3656.0300 |    3654.0486 |    3654.9587 |    3653.0590 |    3653.9559 |    3653.1713 |    3654.4787 |    3655.1680 |    3654.7707 |    3656.9315 |    3656.9388 |    3657.5997 |    3655.5609 |    3655.3148 |    3653.3646 |    3655.4830 |    3655.6875 |    3660.1572 |    3656.8555 |    3657.7932 |    3657.1657 |    3658.2497 |    3657.5742 |    3657.4898 |    3657.5573 |    3657.3272 |    3654.8025 |    3654.9789 |    3656.8545 |    3655.2642 |    3654.6309 |    3656.0255 |    3655.4717 |    3654.4126 |    3655.3952 |    3656.6030 |    3655.2594 |    3655.4630 |    3655.3906 |    3656.4627 |    3655.7852 |    3658.4554 |    3657.4904 |    3657.3159 |    3657.5319 |    3658.4362 |    3659.0741 |    3657.5793 |    3659.9519 |    3656.2277 |    3654.9804 |    3655.6596 |    3654.9264 |    3655.7314 |    3654.7902 |    3655.2213 |    3655.6227 |    3655.4495 |    3655.4452 |    3655.8287 |    3657.2018 |    3655.4352 |    3655.5915 |    3656.5189 |    3655.9824 |    3659.7488 |    3657.4059 |    3657.1068 |    3656.8114 |    3659.3042 |    3657.0636 |    3657.7124 |    3657.7890 |    3655.6802 |    3655.6117 |    3656.8048 |    3655.5873 |    3656.4289 |    3656.1702 |    3655.4154 |    3656.0995 |
|                CPI                |      0.8641 |     0.8731 |     0.8836 |     0.8764 |     0.8658 |     0.8768 |     0.8798 |     0.8759 |     0.7859 |     0.7856 |      0.7878 |      0.7770 |      0.7873 |      0.7881 |      0.7861 |      0.7879 |      0.8726 |      0.8742 |      0.8732 |      0.8738 |      0.8749 |      0.8730 |      0.8735 |      0.8762 |      0.8802 |      0.8794 |      0.8797 |      0.8787 |      0.8785 |      0.8785 |      0.8797 |      0.8792 |      0.7910 |      0.7892 |      0.7904 |      0.7912 |      0.7890 |      0.7899 |      0.7912 |      0.7906 |      0.8755 |      0.8761 |      0.8753 |      0.8759 |      0.8760 |      0.8757 |      0.8753 |      0.8775 |      0.8687 |      0.8687 |      0.8721 |      0.8690 |      0.8720 |      0.8710 |      0.8706 |      0.8704 |      0.7886 |      0.7892 |      0.7899 |      0.7884 |      0.7895 |      0.7897 |      0.7895 |      0.7893 |      0.8654 |      0.8647 |      0.8659 |      0.8667 |      0.8664 |      0.8661 |      0.8661 |      0.8643 |      0.8787 |      0.8781 |      0.8782 |      0.8776 |      0.8795 |      0.8794 |      0.8780 |      0.8777 |      0.7878 |      0.7889 |      0.7865 |      0.7885 |      0.7887 |      0.7913 |      0.7905 |      0.7902 |      0.8676 |      0.8701 |      0.8710 |      0.8672 |      0.8697 |      0.8691 |      0.8701 |      0.8704 |      1.0032 |      1.0050 |      1.0069 |      1.0077 |       1.0081 |       1.0094 |       1.0074 |       1.0088 |       0.8600 |       0.8612 |       0.8601 |       0.8612 |       0.8626 |       0.8622 |       0.8603 |       0.8633 |       1.0016 |       1.0073 |       1.0009 |       1.0042 |       1.0016 |       1.0031 |       0.9998 |       1.0026 |       1.0046 |       1.0037 |       1.0028 |       1.0041 |       1.0056 |       1.0049 |       1.0053 |       1.0042 |       0.8631 |       0.8649 |       0.8635 |       0.8645 |       0.8629 |       0.8629 |       0.8644 |       0.8641 |       1.0054 |       1.0082 |       1.0081 |       1.0066 |       1.0071 |       1.0089 |       1.0067 |       1.0076 |       1.0082 |       1.0090 |       1.0089 |       1.0071 |       1.0085 |       1.0050 |       1.0087 |       1.0092 |       0.8618 |       0.8586 |       0.8592 |       0.8604 |       0.8674 |       0.8596 |       0.8602 |       0.8594 |       0.9991 |       0.9991 |       1.0007 |       0.9987 |       1.0018 |       0.9997 |       1.0002 |       1.0032 |       1.0097 |       1.0102 |       1.0087 |       1.0094 |       1.0103 |       1.0000 |       1.0224 |       1.0120 |       0.8613 |       0.8621 |       0.8631 |       0.8602 |       0.8601 |       0.8624 |       0.8627 |       0.8631 |       1.0082 |       1.0037 |       1.0092 |       1.0053 |       1.0094 |       1.0110 |       1.0004 |       1.0078 |
|  Memory read bandwidth [MBytes/s] | 182769.7372 |          0 |          0 |          0 |          0 |          0 |          0 |          0 |          0 |          0 |           0 |           0 |           0 |           0 |           0 |           0 |           0 |           0 |           0 |           0 |           0 |           0 |           0 |           0 |           0 |           0 |           0 |           0 |           0 |           0 |           0 |           0 |           0 |           0 |           0 |           0 |           0 |           0 |           0 |           0 |           0 |           0 |           0 |           0 |           0 |           0 |           0 |           0 |           0 |           0 |           0 |           0 |           0 |           0 |           0 |           0 |           0 |           0 |           0 |           0 |           0 |           0 |           0 |           0 |           0 |           0 |           0 |           0 |           0 |           0 |           0 |           0 |           0 |           0 |           0 |           0 |           0 |           0 |           0 |           0 |           0 |           0 |           0 |           0 |           0 |           0 |           0 |           0 |           0 |           0 |           0 |           0 |           0 |           0 |           0 |           0 | 123227.5012 |           0 |           0 |           0 |            0 |            0 |            0 |            0 |            0 |            0 |            0 |            0 |            0 |            0 |            0 |            0 |            0 |            0 |            0 |            0 |            0 |            0 |            0 |            0 |            0 |            0 |            0 |            0 |            0 |            0 |            0 |            0 |            0 |            0 |            0 |            0 |            0 |            0 |            0 |            0 |            0 |            0 |            0 |            0 |            0 |            0 |            0 |            0 |            0 |            0 |            0 |            0 |            0 |            0 |            0 |            0 |            0 |            0 |            0 |            0 |            0 |            0 |            0 |            0 |            0 |            0 |            0 |            0 |            0 |            0 |            0 |            0 |            0 |            0 |            0 |            0 |            0 |            0 |            0 |            0 |            0 |            0 |            0 |            0 |            0 |            0 |            0 |            0 |            0 |            0 |            0 |            0 |            0 |            0 |            0 |            0 |
|  Memory read data volume [GBytes] |  26334.5421 |          0 |          0 |          0 |          0 |          0 |          0 |          0 |          0 |          0 |           0 |           0 |           0 |           0 |           0 |           0 |           0 |           0 |           0 |           0 |           0 |           0 |           0 |           0 |           0 |           0 |           0 |           0 |           0 |           0 |           0 |           0 |           0 |           0 |           0 |           0 |           0 |           0 |           0 |           0 |           0 |           0 |           0 |           0 |           0 |           0 |           0 |           0 |           0 |           0 |           0 |           0 |           0 |           0 |           0 |           0 |           0 |           0 |           0 |           0 |           0 |           0 |           0 |           0 |           0 |           0 |           0 |           0 |           0 |           0 |           0 |           0 |           0 |           0 |           0 |           0 |           0 |           0 |           0 |           0 |           0 |           0 |           0 |           0 |           0 |           0 |           0 |           0 |           0 |           0 |           0 |           0 |           0 |           0 |           0 |           0 |  15679.9232 |           0 |           0 |           0 |            0 |            0 |            0 |            0 |            0 |            0 |            0 |            0 |            0 |            0 |            0 |            0 |            0 |            0 |            0 |            0 |            0 |            0 |            0 |            0 |            0 |            0 |            0 |            0 |            0 |            0 |            0 |            0 |            0 |            0 |            0 |            0 |            0 |            0 |            0 |            0 |            0 |            0 |            0 |            0 |            0 |            0 |            0 |            0 |            0 |            0 |            0 |            0 |            0 |            0 |            0 |            0 |            0 |            0 |            0 |            0 |            0 |            0 |            0 |            0 |            0 |            0 |            0 |            0 |            0 |            0 |            0 |            0 |            0 |            0 |            0 |            0 |            0 |            0 |            0 |            0 |            0 |            0 |            0 |            0 |            0 |            0 |            0 |            0 |            0 |            0 |            0 |            0 |            0 |            0 |            0 |            0 |
| Memory write bandwidth [MBytes/s] |    730.5151 |          0 |          0 |          0 |          0 |          0 |          0 |          0 |          0 |          0 |           0 |           0 |           0 |           0 |           0 |           0 |           0 |           0 |           0 |           0 |           0 |           0 |           0 |           0 |           0 |           0 |           0 |           0 |           0 |           0 |           0 |           0 |           0 |           0 |           0 |           0 |           0 |           0 |           0 |           0 |           0 |           0 |           0 |           0 |           0 |           0 |           0 |           0 |           0 |           0 |           0 |           0 |           0 |           0 |           0 |           0 |           0 |           0 |           0 |           0 |           0 |           0 |           0 |           0 |           0 |           0 |           0 |           0 |           0 |           0 |           0 |           0 |           0 |           0 |           0 |           0 |           0 |           0 |           0 |           0 |           0 |           0 |           0 |           0 |           0 |           0 |           0 |           0 |           0 |           0 |           0 |           0 |           0 |           0 |           0 |           0 |    654.3722 |           0 |           0 |           0 |            0 |            0 |            0 |            0 |            0 |            0 |            0 |            0 |            0 |            0 |            0 |            0 |            0 |            0 |            0 |            0 |            0 |            0 |            0 |            0 |            0 |            0 |            0 |            0 |            0 |            0 |            0 |            0 |            0 |            0 |            0 |            0 |            0 |            0 |            0 |            0 |            0 |            0 |            0 |            0 |            0 |            0 |            0 |            0 |            0 |            0 |            0 |            0 |            0 |            0 |            0 |            0 |            0 |            0 |            0 |            0 |            0 |            0 |            0 |            0 |            0 |            0 |            0 |            0 |            0 |            0 |            0 |            0 |            0 |            0 |            0 |            0 |            0 |            0 |            0 |            0 |            0 |            0 |            0 |            0 |            0 |            0 |            0 |            0 |            0 |            0 |            0 |            0 |            0 |            0 |            0 |            0 |
| Memory write data volume [GBytes] |    105.2569 |          0 |          0 |          0 |          0 |          0 |          0 |          0 |          0 |          0 |           0 |           0 |           0 |           0 |           0 |           0 |           0 |           0 |           0 |           0 |           0 |           0 |           0 |           0 |           0 |           0 |           0 |           0 |           0 |           0 |           0 |           0 |           0 |           0 |           0 |           0 |           0 |           0 |           0 |           0 |           0 |           0 |           0 |           0 |           0 |           0 |           0 |           0 |           0 |           0 |           0 |           0 |           0 |           0 |           0 |           0 |           0 |           0 |           0 |           0 |           0 |           0 |           0 |           0 |           0 |           0 |           0 |           0 |           0 |           0 |           0 |           0 |           0 |           0 |           0 |           0 |           0 |           0 |           0 |           0 |           0 |           0 |           0 |           0 |           0 |           0 |           0 |           0 |           0 |           0 |           0 |           0 |           0 |           0 |           0 |           0 |     83.2647 |           0 |           0 |           0 |            0 |            0 |            0 |            0 |            0 |            0 |            0 |            0 |            0 |            0 |            0 |            0 |            0 |            0 |            0 |            0 |            0 |            0 |            0 |            0 |            0 |            0 |            0 |            0 |            0 |            0 |            0 |            0 |            0 |            0 |            0 |            0 |            0 |            0 |            0 |            0 |            0 |            0 |            0 |            0 |            0 |            0 |            0 |            0 |            0 |            0 |            0 |            0 |            0 |            0 |            0 |            0 |            0 |            0 |            0 |            0 |            0 |            0 |            0 |            0 |            0 |            0 |            0 |            0 |            0 |            0 |            0 |            0 |            0 |            0 |            0 |            0 |            0 |            0 |            0 |            0 |            0 |            0 |            0 |            0 |            0 |            0 |            0 |            0 |            0 |            0 |            0 |            0 |            0 |            0 |            0 |            0 |
|    Memory bandwidth [MBytes/s]    | 183500.2523 |          0 |          0 |          0 |          0 |          0 |          0 |          0 |          0 |          0 |           0 |           0 |           0 |           0 |           0 |           0 |           0 |           0 |           0 |           0 |           0 |           0 |           0 |           0 |           0 |           0 |           0 |           0 |           0 |           0 |           0 |           0 |           0 |           0 |           0 |           0 |           0 |           0 |           0 |           0 |           0 |           0 |           0 |           0 |           0 |           0 |           0 |           0 |           0 |           0 |           0 |           0 |           0 |           0 |           0 |           0 |           0 |           0 |           0 |           0 |           0 |           0 |           0 |           0 |           0 |           0 |           0 |           0 |           0 |           0 |           0 |           0 |           0 |           0 |           0 |           0 |           0 |           0 |           0 |           0 |           0 |           0 |           0 |           0 |           0 |           0 |           0 |           0 |           0 |           0 |           0 |           0 |           0 |           0 |           0 |           0 | 123881.8735 |           0 |           0 |           0 |            0 |            0 |            0 |            0 |            0 |            0 |            0 |            0 |            0 |            0 |            0 |            0 |            0 |            0 |            0 |            0 |            0 |            0 |            0 |            0 |            0 |            0 |            0 |            0 |            0 |            0 |            0 |            0 |            0 |            0 |            0 |            0 |            0 |            0 |            0 |            0 |            0 |            0 |            0 |            0 |            0 |            0 |            0 |            0 |            0 |            0 |            0 |            0 |            0 |            0 |            0 |            0 |            0 |            0 |            0 |            0 |            0 |            0 |            0 |            0 |            0 |            0 |            0 |            0 |            0 |            0 |            0 |            0 |            0 |            0 |            0 |            0 |            0 |            0 |            0 |            0 |            0 |            0 |            0 |            0 |            0 |            0 |            0 |            0 |            0 |            0 |            0 |            0 |            0 |            0 |            0 |            0 |
|    Memory data volume [GBytes]    |  26439.7990 |          0 |          0 |          0 |          0 |          0 |          0 |          0 |          0 |          0 |           0 |           0 |           0 |           0 |           0 |           0 |           0 |           0 |           0 |           0 |           0 |           0 |           0 |           0 |           0 |           0 |           0 |           0 |           0 |           0 |           0 |           0 |           0 |           0 |           0 |           0 |           0 |           0 |           0 |           0 |           0 |           0 |           0 |           0 |           0 |           0 |           0 |           0 |           0 |           0 |           0 |           0 |           0 |           0 |           0 |           0 |           0 |           0 |           0 |           0 |           0 |           0 |           0 |           0 |           0 |           0 |           0 |           0 |           0 |           0 |           0 |           0 |           0 |           0 |           0 |           0 |           0 |           0 |           0 |           0 |           0 |           0 |           0 |           0 |           0 |           0 |           0 |           0 |           0 |           0 |           0 |           0 |           0 |           0 |           0 |           0 |  15763.1879 |           0 |           0 |           0 |            0 |            0 |            0 |            0 |            0 |            0 |            0 |            0 |            0 |            0 |            0 |            0 |            0 |            0 |            0 |            0 |            0 |            0 |            0 |            0 |            0 |            0 |            0 |            0 |            0 |            0 |            0 |            0 |            0 |            0 |            0 |            0 |            0 |            0 |            0 |            0 |            0 |            0 |            0 |            0 |            0 |            0 |            0 |            0 |            0 |            0 |            0 |            0 |            0 |            0 |            0 |            0 |            0 |            0 |            0 |            0 |            0 |            0 |            0 |            0 |            0 |            0 |            0 |            0 |            0 |            0 |            0 |            0 |            0 |            0 |            0 |            0 |            0 |            0 |            0 |            0 |            0 |            0 |            0 |            0 |            0 |            0 |            0 |            0 |            0 |            0 |            0 |            0 |            0 |            0 |            0 |            0 |
+-----------------------------------+-------------+------------+------------+------------+------------+------------+------------+------------+------------+------------+-------------+-------------+-------------+-------------+-------------+-------------+-------------+-------------+-------------+-------------+-------------+-------------+-------------+-------------+-------------+-------------+-------------+-------------+-------------+-------------+-------------+-------------+-------------+-------------+-------------+-------------+-------------+-------------+-------------+-------------+-------------+-------------+-------------+-------------+-------------+-------------+-------------+-------------+-------------+-------------+-------------+-------------+-------------+-------------+-------------+-------------+-------------+-------------+-------------+-------------+-------------+-------------+-------------+-------------+-------------+-------------+-------------+-------------+-------------+-------------+-------------+-------------+-------------+-------------+-------------+-------------+-------------+-------------+-------------+-------------+-------------+-------------+-------------+-------------+-------------+-------------+-------------+-------------+-------------+-------------+-------------+-------------+-------------+-------------+-------------+-------------+-------------+-------------+-------------+-------------+--------------+--------------+--------------+--------------+--------------+--------------+--------------+--------------+--------------+--------------+--------------+--------------+--------------+--------------+--------------+--------------+--------------+--------------+--------------+--------------+--------------+--------------+--------------+--------------+--------------+--------------+--------------+--------------+--------------+--------------+--------------+--------------+--------------+--------------+--------------+--------------+--------------+--------------+--------------+--------------+--------------+--------------+--------------+--------------+--------------+--------------+--------------+--------------+--------------+--------------+--------------+--------------+--------------+--------------+--------------+--------------+--------------+--------------+--------------+--------------+--------------+--------------+--------------+--------------+--------------+--------------+--------------+--------------+--------------+--------------+--------------+--------------+--------------+--------------+--------------+--------------+--------------+--------------+--------------+--------------+--------------+--------------+--------------+--------------+--------------+--------------+--------------+--------------+--------------+--------------+--------------+--------------+

+----------------------------------------+-------------+-----------+-------------+-----------+
|                 Metric                 |     Sum     |    Min    |     Max     |    Avg    |
+----------------------------------------+-------------+-----------+-------------+-----------+
|        Runtime (RDTSC) [s] STAT        |  26124.6156 |  125.2998 |    146.9195 |  136.0657 |
|        Runtime unhalted [s] STAT       |  33636.8767 |  174.6792 |    176.1766 |  175.1921 |
|            Clock [MHz] STAT            | 700451.0825 | 3629.1867 |   3660.1572 | 3648.1827 |
|                CPI STAT                |    173.0923 |    0.7770 |      1.0224 |    0.9015 |
|  Memory read bandwidth [MBytes/s] STAT | 305997.2384 |         0 | 182769.7372 | 1593.7356 |
|  Memory read data volume [GBytes] STAT |  42014.4653 |         0 |  26334.5421 |  218.8253 |
| Memory write bandwidth [MBytes/s] STAT |   1384.8873 |         0 |    730.5151 |    7.2130 |
| Memory write data volume [GBytes] STAT |    188.5216 |         0 |    105.2569 |    0.9819 |
|    Memory bandwidth [MBytes/s] STAT    | 307382.1258 |         0 | 183500.2523 | 1600.9486 |
|    Memory data volume [GBytes] STAT    |  42202.9869 |         0 |  26439.7990 |  219.8072 |
+----------------------------------------+-------------+-----------+-------------+-----------+

