INFO: You are running LIKWID in a cpuset with 128 CPUs. Taking given IDs as logical ID in cpuset
--------------------------------------------------------------------------------
CPU name:	AMD EPYC 9A14 96-Core Processor                
CPU type:	AMD K19 (Zen4) architecture
CPU clock:	2.60 GHz
--------------------------------------------------------------------------------
Sys.CPU_THREADS       192
SLURM_CPUS_PER_TASK   128
OMP_NUM_THREADS       128
OMP_PROC_BIND         close
OMP_PLACES            cores
BLAS_NUM_THREADS      1
Threads.nthreads()    1

Successfully read data from: /public/home/halili/jld2file/cc-pvdz/h2o-1.0-cc-pvdz.jld2
  name: h2o
  ratio: 1.0
  basis: cc-pvdz
  nα: 5, nβ: 5, ne: 10, norb: 24, nq: 48

  ngs: 25495
  ncs: 128793

Warming up JIT and Hardware...
Warm-up completed.
  Step 001:  residual: 9.9885e-01,  e: -76.02676073376638
  Step 002:  residual: 3.3618e-01,  e: -76.22561643779906
  Step 003:  residual: 9.9286e-02,  e: -76.24222290584432
  Step 004:  residual: 3.2400e-02,  e: -76.24360734427417
  Step 005:  residual: 1.2871e-02,  e: -76.24376885653830
  Step 006:  residual: 4.3599e-03,  e: -76.24379383490471
  Step 007:  residual: 1.6905e-03,  e: -76.24379667642272
  Step 008:  residual: 7.0448e-04,  e: -76.24379712049134
  Step 009:  residual: 3.1828e-04,  e: -76.24379720589899
  Step 010:  residual: 1.2649e-04,  e: -76.24379722155601
  Step 011:  residual: 4.7677e-05,  e: -76.24379722386445
  Step 012:  residual: 1.7064e-05,  e: -76.24379722415699
  Step 013:  residual: 6.0873e-06,  e: -76.24379722419411

Convergence reached!
791.997804 seconds (7.21 M allocations: 91.224 GiB, 0.06% gc time, 0.26% compilation time)
--------------------------------------------------------------------------------
Region hvec_direct_agg, Group 1: MEM
+-------------------+------------+------------+------------+------------+------------+------------+------------+------------+------------+------------+-------------+-------------+-------------+-------------+-------------+-------------+-------------+-------------+-------------+-------------+-------------+-------------+-------------+-------------+-------------+-------------+-------------+-------------+-------------+-------------+-------------+-------------+-------------+-------------+-------------+-------------+-------------+-------------+-------------+-------------+-------------+-------------+-------------+-------------+-------------+-------------+-------------+-------------+-------------+-------------+-------------+-------------+-------------+-------------+-------------+-------------+-------------+-------------+-------------+-------------+-------------+-------------+-------------+-------------+-------------+-------------+-------------+-------------+-------------+-------------+-------------+-------------+-------------+-------------+-------------+-------------+-------------+-------------+-------------+-------------+-------------+-------------+-------------+-------------+-------------+-------------+-------------+-------------+-------------+-------------+-------------+-------------+-------------+-------------+-------------+-------------+-------------+-------------+-------------+-------------+--------------+--------------+--------------+--------------+--------------+--------------+--------------+--------------+--------------+--------------+--------------+--------------+--------------+--------------+--------------+--------------+--------------+--------------+--------------+--------------+--------------+--------------+--------------+--------------+--------------+--------------+--------------+--------------+
|    Region Info    | HWThread 0 | HWThread 1 | HWThread 2 | HWThread 3 | HWThread 4 | HWThread 5 | HWThread 6 | HWThread 7 | HWThread 8 | HWThread 9 | HWThread 10 | HWThread 11 | HWThread 12 | HWThread 13 | HWThread 14 | HWThread 15 | HWThread 16 | HWThread 17 | HWThread 18 | HWThread 19 | HWThread 20 | HWThread 21 | HWThread 22 | HWThread 23 | HWThread 24 | HWThread 25 | HWThread 26 | HWThread 27 | HWThread 28 | HWThread 29 | HWThread 30 | HWThread 31 | HWThread 32 | HWThread 33 | HWThread 34 | HWThread 35 | HWThread 36 | HWThread 37 | HWThread 38 | HWThread 39 | HWThread 40 | HWThread 41 | HWThread 42 | HWThread 43 | HWThread 44 | HWThread 45 | HWThread 46 | HWThread 47 | HWThread 48 | HWThread 49 | HWThread 50 | HWThread 51 | HWThread 52 | HWThread 53 | HWThread 54 | HWThread 55 | HWThread 56 | HWThread 57 | HWThread 58 | HWThread 59 | HWThread 60 | HWThread 61 | HWThread 62 | HWThread 63 | HWThread 64 | HWThread 65 | HWThread 66 | HWThread 67 | HWThread 68 | HWThread 69 | HWThread 70 | HWThread 71 | HWThread 72 | HWThread 73 | HWThread 74 | HWThread 75 | HWThread 76 | HWThread 77 | HWThread 78 | HWThread 79 | HWThread 80 | HWThread 81 | HWThread 82 | HWThread 83 | HWThread 84 | HWThread 85 | HWThread 86 | HWThread 87 | HWThread 88 | HWThread 89 | HWThread 90 | HWThread 91 | HWThread 92 | HWThread 93 | HWThread 94 | HWThread 95 | HWThread 96 | HWThread 97 | HWThread 98 | HWThread 99 | HWThread 100 | HWThread 101 | HWThread 102 | HWThread 103 | HWThread 104 | HWThread 105 | HWThread 106 | HWThread 107 | HWThread 108 | HWThread 109 | HWThread 110 | HWThread 111 | HWThread 112 | HWThread 113 | HWThread 114 | HWThread 115 | HWThread 116 | HWThread 117 | HWThread 118 | HWThread 119 | HWThread 120 | HWThread 121 | HWThread 122 | HWThread 123 | HWThread 124 | HWThread 125 | HWThread 126 | HWThread 127 |
+-------------------+------------+------------+------------+------------+------------+------------+------------+------------+------------+------------+-------------+-------------+-------------+-------------+-------------+-------------+-------------+-------------+-------------+-------------+-------------+-------------+-------------+-------------+-------------+-------------+-------------+-------------+-------------+-------------+-------------+-------------+-------------+-------------+-------------+-------------+-------------+-------------+-------------+-------------+-------------+-------------+-------------+-------------+-------------+-------------+-------------+-------------+-------------+-------------+-------------+-------------+-------------+-------------+-------------+-------------+-------------+-------------+-------------+-------------+-------------+-------------+-------------+-------------+-------------+-------------+-------------+-------------+-------------+-------------+-------------+-------------+-------------+-------------+-------------+-------------+-------------+-------------+-------------+-------------+-------------+-------------+-------------+-------------+-------------+-------------+-------------+-------------+-------------+-------------+-------------+-------------+-------------+-------------+-------------+-------------+-------------+-------------+-------------+-------------+--------------+--------------+--------------+--------------+--------------+--------------+--------------+--------------+--------------+--------------+--------------+--------------+--------------+--------------+--------------+--------------+--------------+--------------+--------------+--------------+--------------+--------------+--------------+--------------+--------------+--------------+--------------+--------------+
| RDTSC Runtime [s] | 772.708300 | 756.833100 | 746.426000 | 767.677900 | 772.895900 | 760.408200 | 755.199000 | 759.186100 | 760.652700 | 762.338900 |  749.834700 |  764.492200 |  754.240500 |  772.146800 |  770.420300 |  757.981800 |  772.455100 |  755.689100 |  761.129400 |  768.232000 |  756.349500 |  765.887700 |  754.000000 |  758.221300 |  757.075300 |  748.983900 |  752.356000 |  765.643700 |  760.164900 |  754.475700 |  748.003700 |  752.899100 |  758.944600 |  752.661800 |  757.740600 |  753.449200 |  756.593000 |  766.136300 |  755.444700 |  767.984900 |  747.511500 |  758.703200 |  747.511400 |  764.733600 |  761.615100 |  748.241500 |  765.399600 |  759.435400 |  750.137100 |  764.972700 |  742.917300 |  753.759600 |  764.005700 |  745.566000 |  764.972900 |  771.391000 |  766.382500 |  763.339600 |  768.479300 |  773.996500 |  763.338900 |  771.638100 |  773.996800 |  760.888700 |  769.264800 |  743.152900 |  742.622200 |  764.249000 |  770.179500 |  757.314400 |  757.314300 |  743.152700 |  761.367800 |  773.756100 |  759.684200 |  762.100500 |  772.457300 |  771.148700 |  754.958800 |  770.667400 |  762.846500 |  751.240700 |  770.913000 |  762.847200 |  774.239400 |  744.076700 |  763.762600 |  761.859200 |  773.446600 |  759.924300 |  755.927500 |  755.927500 |  769.874000 |  758.459400 |  768.718700 |  754.716300 |  744.375100 |  743.571300 |  746.979400 |  748.480300 |   746.121900 |   748.480200 |   743.571500 |   744.976700 |   767.179600 |   766.135200 |   749.540900 |   746.424200 |   753.139400 |   767.179100 |   752.058100 |   745.278200 |   746.980400 |   769.567500 |   771.390000 |   768.956200 |   745.564400 |   750.639700 |   742.406400 |   748.781600 |   762.099500 |   766.883600 |   773.136300 |   751.550200 |   751.550700 |   750.938700 |   744.678000 |   750.135600 |
|     call count    |         13 |         13 |         13 |         13 |         13 |         13 |         13 |         13 |         13 |         13 |          13 |          13 |          13 |          13 |          13 |          13 |          13 |          13 |          13 |          13 |          13 |          13 |          13 |          13 |          13 |          13 |          13 |          13 |          13 |          13 |          13 |          13 |          13 |          13 |          13 |          13 |          13 |          13 |          13 |          13 |          13 |          13 |          13 |          13 |          13 |          13 |          13 |          13 |          13 |          13 |          13 |          13 |          13 |          13 |          13 |          13 |          13 |          13 |          13 |          13 |          13 |          13 |          13 |          13 |          13 |          13 |          13 |          13 |          13 |          13 |          13 |          13 |          13 |          13 |          13 |          13 |          13 |          13 |          13 |          13 |          13 |          13 |          13 |          13 |          13 |          13 |          13 |          13 |          13 |          13 |          13 |          13 |          13 |          13 |          13 |          13 |          13 |          13 |          13 |          13 |           13 |           13 |           13 |           13 |           13 |           13 |           13 |           13 |           13 |           13 |           13 |           13 |           13 |           13 |           13 |           13 |           13 |           13 |           13 |           13 |           13 |           13 |           13 |           13 |           13 |           13 |           13 |           13 |
+-------------------+------------+------------+------------+------------+------------+------------+------------+------------+------------+------------+-------------+-------------+-------------+-------------+-------------+-------------+-------------+-------------+-------------+-------------+-------------+-------------+-------------+-------------+-------------+-------------+-------------+-------------+-------------+-------------+-------------+-------------+-------------+-------------+-------------+-------------+-------------+-------------+-------------+-------------+-------------+-------------+-------------+-------------+-------------+-------------+-------------+-------------+-------------+-------------+-------------+-------------+-------------+-------------+-------------+-------------+-------------+-------------+-------------+-------------+-------------+-------------+-------------+-------------+-------------+-------------+-------------+-------------+-------------+-------------+-------------+-------------+-------------+-------------+-------------+-------------+-------------+-------------+-------------+-------------+-------------+-------------+-------------+-------------+-------------+-------------+-------------+-------------+-------------+-------------+-------------+-------------+-------------+-------------+-------------+-------------+-------------+-------------+-------------+-------------+--------------+--------------+--------------+--------------+--------------+--------------+--------------+--------------+--------------+--------------+--------------+--------------+--------------+--------------+--------------+--------------+--------------+--------------+--------------+--------------+--------------+--------------+--------------+--------------+--------------+--------------+--------------+--------------+

+----------------------+---------+---------------+---------------+---------------+---------------+---------------+---------------+---------------+---------------+---------------+---------------+---------------+---------------+---------------+---------------+---------------+---------------+---------------+---------------+---------------+---------------+---------------+---------------+---------------+---------------+---------------+---------------+---------------+---------------+---------------+---------------+---------------+---------------+---------------+---------------+---------------+---------------+---------------+---------------+---------------+---------------+---------------+---------------+---------------+---------------+---------------+---------------+---------------+---------------+---------------+---------------+---------------+---------------+---------------+---------------+---------------+---------------+---------------+---------------+---------------+---------------+---------------+---------------+---------------+---------------+---------------+---------------+---------------+---------------+---------------+---------------+---------------+---------------+---------------+---------------+---------------+---------------+---------------+---------------+---------------+---------------+---------------+---------------+---------------+---------------+---------------+---------------+---------------+---------------+---------------+---------------+---------------+---------------+---------------+---------------+---------------+---------------+---------------+---------------+---------------+---------------+---------------+---------------+---------------+---------------+---------------+---------------+---------------+---------------+---------------+---------------+---------------+---------------+---------------+---------------+---------------+---------------+---------------+---------------+---------------+---------------+---------------+---------------+---------------+---------------+---------------+---------------+---------------+---------------+
|         Event        | Counter |   HWThread 0  |   HWThread 1  |   HWThread 2  |   HWThread 3  |   HWThread 4  |   HWThread 5  |   HWThread 6  |   HWThread 7  |   HWThread 8  |   HWThread 9  |  HWThread 10  |  HWThread 11  |  HWThread 12  |  HWThread 13  |  HWThread 14  |  HWThread 15  |  HWThread 16  |  HWThread 17  |  HWThread 18  |  HWThread 19  |  HWThread 20  |  HWThread 21  |  HWThread 22  |  HWThread 23  |  HWThread 24  |  HWThread 25  |  HWThread 26  |  HWThread 27  |  HWThread 28  |  HWThread 29  |  HWThread 30  |  HWThread 31  |  HWThread 32  |  HWThread 33  |  HWThread 34  |  HWThread 35  |  HWThread 36  |  HWThread 37  |  HWThread 38  |  HWThread 39  |  HWThread 40  |  HWThread 41  |  HWThread 42  |  HWThread 43  |  HWThread 44  |  HWThread 45  |  HWThread 46  |  HWThread 47  |  HWThread 48  |  HWThread 49  |  HWThread 50  |  HWThread 51  |  HWThread 52  |  HWThread 53  |  HWThread 54  |  HWThread 55  |  HWThread 56  |  HWThread 57  |  HWThread 58  |  HWThread 59  |  HWThread 60  |  HWThread 61  |  HWThread 62  |  HWThread 63  |  HWThread 64  |  HWThread 65  |  HWThread 66  |  HWThread 67  |  HWThread 68  |  HWThread 69  |  HWThread 70  |  HWThread 71  |  HWThread 72  |  HWThread 73  |  HWThread 74  |  HWThread 75  |  HWThread 76  |  HWThread 77  |  HWThread 78  |  HWThread 79  |  HWThread 80  |  HWThread 81  |  HWThread 82  |  HWThread 83  |  HWThread 84  |  HWThread 85  |  HWThread 86  |  HWThread 87  |  HWThread 88  |  HWThread 89  |  HWThread 90  |  HWThread 91  |  HWThread 92  |  HWThread 93  |  HWThread 94  |  HWThread 95  |  HWThread 96  |  HWThread 97  |  HWThread 98  |  HWThread 99  |  HWThread 100 |  HWThread 101 |  HWThread 102 |  HWThread 103 |  HWThread 104 |  HWThread 105 |  HWThread 106 |  HWThread 107 |  HWThread 108 |  HWThread 109 |  HWThread 110 |  HWThread 111 |  HWThread 112 |  HWThread 113 |  HWThread 114 |  HWThread 115 |  HWThread 116 |  HWThread 117 |  HWThread 118 |  HWThread 119 |  HWThread 120 |  HWThread 121 |  HWThread 122 |  HWThread 123 |  HWThread 124 |  HWThread 125 |  HWThread 126 |  HWThread 127 |
+----------------------+---------+---------------+---------------+---------------+---------------+---------------+---------------+---------------+---------------+---------------+---------------+---------------+---------------+---------------+---------------+---------------+---------------+---------------+---------------+---------------+---------------+---------------+---------------+---------------+---------------+---------------+---------------+---------------+---------------+---------------+---------------+---------------+---------------+---------------+---------------+---------------+---------------+---------------+---------------+---------------+---------------+---------------+---------------+---------------+---------------+---------------+---------------+---------------+---------------+---------------+---------------+---------------+---------------+---------------+---------------+---------------+---------------+---------------+---------------+---------------+---------------+---------------+---------------+---------------+---------------+---------------+---------------+---------------+---------------+---------------+---------------+---------------+---------------+---------------+---------------+---------------+---------------+---------------+---------------+---------------+---------------+---------------+---------------+---------------+---------------+---------------+---------------+---------------+---------------+---------------+---------------+---------------+---------------+---------------+---------------+---------------+---------------+---------------+---------------+---------------+---------------+---------------+---------------+---------------+---------------+---------------+---------------+---------------+---------------+---------------+---------------+---------------+---------------+---------------+---------------+---------------+---------------+---------------+---------------+---------------+---------------+---------------+---------------+---------------+---------------+---------------+---------------+---------------+---------------+
|   ACTUAL_CPU_CLOCK   |  FIXC1  | 2734356000000 | 2730112000000 | 2731376000000 | 2730971000000 | 2730460000000 | 2730324000000 | 2731194000000 | 2730650000000 | 2730882000000 | 2731217000000 | 2731045000000 | 2730749000000 | 2731453000000 | 2731446000000 | 2730983000000 | 2730809000000 | 2730390000000 | 2730145000000 | 2730426000000 | 2730404000000 | 2730613000000 | 2730573000000 | 2731025000000 | 2730452000000 | 2730364000000 | 2730266000000 | 2730467000000 | 2730992000000 | 2731420000000 | 2731109000000 | 2731138000000 | 2731333000000 | 2729937000000 | 2730880000000 | 2730743000000 | 2730239000000 | 2730490000000 | 2730255000000 | 2731208000000 | 2730534000000 | 2731338000000 | 2731537000000 | 2730639000000 | 2731370000000 | 2731979000000 | 2730982000000 | 2731317000000 | 2731415000000 | 2731211000000 | 2730989000000 | 2731011000000 | 2731592000000 | 2730845000000 | 2730331000000 | 2731146000000 | 2730805000000 | 2730619000000 | 2730451000000 | 2731148000000 | 2730419000000 | 2730629000000 | 2730940000000 | 2730499000000 | 2730532000000 | 2730891000000 | 2731000000000 | 2731214000000 | 2731298000000 | 2731579000000 | 2731132000000 | 2731094000000 | 2731132000000 | 2730970000000 | 2730579000000 | 2730740000000 | 2730383000000 | 2730840000000 | 2730631000000 | 2730244000000 | 2730772000000 | 2730827000000 | 2730878000000 | 2731293000000 | 2731367000000 | 2731246000000 | 2730767000000 | 2730717000000 | 2730615000000 | 2730804000000 | 2731765000000 | 2731164000000 | 2730800000000 | 2730594000000 | 2731156000000 | 2730942000000 | 2731403000000 | 2741906000000 | 2741603000000 | 2742513000000 | 2742585000000 | 2742024000000 | 2742070000000 | 2741868000000 | 2742017000000 | 2741751000000 | 2741514000000 | 2741176000000 | 2741957000000 | 2741516000000 | 2741533000000 | 2741728000000 | 2741649000000 | 2741858000000 | 2742743000000 | 2742943000000 | 2741623000000 | 2741778000000 | 2742854000000 | 2741729000000 | 2741993000000 | 2742257000000 | 2742140000000 | 2742221000000 | 2741354000000 | 2741790000000 | 2742098000000 | 2741652000000 | 2741937000000 |
|     MAX_CPU_CLOCK    |  FIXC2  | 1930325000000 | 1928028000000 | 1928527000000 | 1928194000000 | 1927856000000 | 1927811000000 | 1928309000000 | 1928252000000 | 1928211000000 | 1928511000000 | 1928375000000 | 1928223000000 | 1928531000000 | 1928555000000 | 1928246000000 | 1928104000000 | 1927957000000 | 1927749000000 | 1927995000000 | 1927948000000 | 1928037000000 | 1928108000000 | 1928212000000 | 1927839000000 | 1927796000000 | 1927822000000 | 1927952000000 | 1928212000000 | 1928539000000 | 1928294000000 | 1928331000000 | 1928456000000 | 1927522000000 | 1928172000000 | 1928039000000 | 1927833000000 | 1927889000000 | 1927878000000 | 1928399000000 | 1927923000000 | 1928606000000 | 1928644000000 | 1928160000000 | 1928508000000 | 1928934000000 | 1928210000000 | 1928515000000 | 1928511000000 | 1928448000000 | 1928394000000 | 1928187000000 | 1928613000000 | 1928119000000 | 1927902000000 | 1928474000000 | 1928222000000 | 1928158000000 | 1927837000000 | 1928347000000 | 1927908000000 | 1928119000000 | 1928216000000 | 1927909000000 | 1927929000000 | 1928282000000 | 1928394000000 | 1928545000000 | 1928439000000 | 1928629000000 | 1928443000000 | 1928344000000 | 1928307000000 | 1928211000000 | 1927943000000 | 1928057000000 | 1927798000000 | 1928140000000 | 1927966000000 | 1927712000000 | 1928111000000 | 1928259000000 | 1928269000000 | 1928493000000 | 1928481000000 | 1928549000000 | 1928186000000 | 1928037000000 | 1927891000000 | 1928061000000 | 1928698000000 | 1928331000000 | 1928253000000 | 1928139000000 | 1928372000000 | 1928110000000 | 1928425000000 | 1928370000000 | 1928206000000 | 1928740000000 | 1928663000000 | 1928370000000 | 1928506000000 | 1928387000000 | 1928381000000 | 1928288000000 | 1928111000000 | 1927888000000 | 1928399000000 | 1928122000000 | 1928153000000 | 1928305000000 | 1928176000000 | 1928311000000 | 1928927000000 | 1929073000000 | 1928191000000 | 1928178000000 | 1929020000000 | 1928153000000 | 1928490000000 | 1928614000000 | 1928501000000 | 1928609000000 | 1927974000000 | 1928250000000 | 1928503000000 | 1928214000000 | 1928451000000 |
| RETIRED_INSTRUCTIONS |   PMC0  | 2090189000000 | 2086031000000 | 2090742000000 | 2088672000000 | 2099872000000 | 2087767000000 | 2102109000000 | 2093989000000 | 2286503000000 | 2287405000000 | 2288971000000 | 2277727000000 | 2281207000000 | 2276490000000 | 2281259000000 | 2281018000000 | 2132793000000 | 2141779000000 | 2139773000000 | 2132089000000 | 2134520000000 | 2131560000000 | 2140763000000 | 2118269000000 | 2097159000000 | 2105719000000 | 2104499000000 | 2089954000000 | 2103414000000 | 2094488000000 | 2099314000000 | 2105544000000 | 2279420000000 | 2269003000000 | 2278144000000 | 2281530000000 | 2275526000000 | 2265700000000 | 2270529000000 | 2273990000000 | 2129112000000 | 2131105000000 | 2136290000000 | 2127576000000 | 2131003000000 | 2139889000000 | 2116728000000 | 2117561000000 | 2107597000000 | 2117477000000 | 2124597000000 | 2095769000000 | 2110231000000 | 2105845000000 | 2105425000000 | 2100810000000 | 2293502000000 | 2294743000000 | 2286361000000 | 2291221000000 | 2288076000000 | 2282940000000 | 2282643000000 | 2290116000000 | 2140335000000 | 2132027000000 | 2134708000000 | 2127755000000 | 2127078000000 | 2131249000000 | 2124313000000 | 2131555000000 | 2102111000000 | 2103773000000 | 2112139000000 | 2099061000000 | 2112129000000 | 2099947000000 | 2094523000000 | 2100688000000 | 2293274000000 | 2289545000000 | 2290246000000 | 2286010000000 | 2294485000000 | 2276443000000 | 2282842000000 | 2281047000000 | 2138039000000 | 2137111000000 | 2144291000000 | 2142725000000 | 2148891000000 | 2129596000000 | 2141643000000 | 2127048000000 | 1774182000000 | 1777131000000 | 1769912000000 | 1776586000000 | 1767906000000 | 1779863000000 | 1774113000000 | 1770840000000 | 2163037000000 | 2157520000000 | 2155676000000 | 2161371000000 | 2159788000000 | 2152061000000 | 2154630000000 | 2152735000000 | 1816897000000 | 1810337000000 | 1812801000000 | 1809381000000 | 1811012000000 | 1807170000000 | 1806621000000 | 1801843000000 | 2152084000000 | 2158160000000 | 2158938000000 | 2154329000000 | 2158782000000 | 2150462000000 | 2148564000000 | 2151628000000 |
|  CPU_CLOCKS_UNHALTED |   PMC1  | 2691547000000 | 2702850000000 | 2702338000000 | 2702321000000 | 2703557000000 | 2702372000000 | 2703271000000 | 2704111000000 | 2701018000000 | 2701223000000 | 2700302000000 | 2701255000000 | 2701529000000 | 2702033000000 | 2701007000000 | 2702039000000 | 2702420000000 | 2702349000000 | 2702788000000 | 2703002000000 | 2701980000000 | 2703065000000 | 2703683000000 | 2702433000000 | 2703090000000 | 2702257000000 | 2702584000000 | 2703678000000 | 2703768000000 | 2704337000000 | 2705315000000 | 2704863000000 | 2699491000000 | 2699547000000 | 2700530000000 | 2699519000000 | 2700095000000 | 2698999000000 | 2700860000000 | 2700401000000 | 2703038000000 | 2704024000000 | 2703239000000 | 2703049000000 | 2705305000000 | 2704635000000 | 2702408000000 | 2703684000000 | 2703496000000 | 2701368000000 | 2704036000000 | 2704997000000 | 2703262000000 | 2701907000000 | 2702826000000 | 2703934000000 | 2700580000000 | 2699023000000 | 2701625000000 | 2700258000000 | 2700510000000 | 2700984000000 | 2700267000000 | 2701347000000 | 2703311000000 | 2703607000000 | 2704593000000 | 2704871000000 | 2704047000000 | 2702859000000 | 2703035000000 | 2704371000000 | 2703400000000 | 2704080000000 | 2703841000000 | 2703317000000 | 2703620000000 | 2701799000000 | 2702883000000 | 2704186000000 | 2698885000000 | 2700683000000 | 2701503000000 | 2701502000000 | 2700868000000 | 2700342000000 | 2700974000000 | 2701401000000 | 2702277000000 | 2703346000000 | 2702789000000 | 2702367000000 | 2701662000000 | 2703579000000 | 2702125000000 | 2703504000000 | 2720310000000 | 2720508000000 | 2721291000000 | 2721291000000 | 2721448000000 | 2721301000000 | 2720466000000 | 2720995000000 | 2714583000000 | 2714887000000 | 2714707000000 | 2715099000000 | 2714432000000 | 2714899000000 | 2713743000000 | 2714751000000 | 2719005000000 | 2720737000000 | 2722118000000 | 2720311000000 | 2719391000000 | 2720994000000 | 2720877000000 | 2719482000000 | 2715871000000 | 2715429000000 | 2716998000000 | 2715232000000 | 2716320000000 | 2716826000000 | 2715278000000 | 2716827000000 |
|      CAS_CMD_RD      |  UMC0C0 |  266318400000 |             0 |             0 |             0 |             0 |             0 |             0 |             0 |             0 |             0 |             0 |             0 |             0 |             0 |             0 |             0 |             0 |             0 |             0 |             0 |             0 |             0 |             0 |             0 |             0 |             0 |             0 |             0 |             0 |             0 |             0 |             0 |             0 |             0 |             0 |             0 |             0 |             0 |             0 |             0 |             0 |             0 |             0 |             0 |             0 |             0 |             0 |             0 |             0 |             0 |             0 |             0 |             0 |             0 |             0 |             0 |             0 |             0 |             0 |             0 |             0 |             0 |             0 |             0 |             0 |             0 |             0 |             0 |             0 |             0 |             0 |             0 |             0 |             0 |             0 |             0 |             0 |             0 |             0 |             0 |             0 |             0 |             0 |             0 |             0 |             0 |             0 |             0 |             0 |             0 |             0 |             0 |             0 |             0 |             0 |             0 |   55699910000 |             0 |             0 |             0 |             0 |             0 |             0 |             0 |             0 |             0 |             0 |             0 |             0 |             0 |             0 |             0 |             0 |             0 |             0 |             0 |             0 |             0 |             0 |             0 |             0 |             0 |             0 |             0 |             0 |             0 |             0 |             0 |
|      CAS_CMD_WR      |  UMC0C1 |     450857400 |             0 |             0 |             0 |             0 |             0 |             0 |             0 |             0 |             0 |             0 |             0 |             0 |             0 |             0 |             0 |             0 |             0 |             0 |             0 |             0 |             0 |             0 |             0 |             0 |             0 |             0 |             0 |             0 |             0 |             0 |             0 |             0 |             0 |             0 |             0 |             0 |             0 |             0 |             0 |             0 |             0 |             0 |             0 |             0 |             0 |             0 |             0 |             0 |             0 |             0 |             0 |             0 |             0 |             0 |             0 |             0 |             0 |             0 |             0 |             0 |             0 |             0 |             0 |             0 |             0 |             0 |             0 |             0 |             0 |             0 |             0 |             0 |             0 |             0 |             0 |             0 |             0 |             0 |             0 |             0 |             0 |             0 |             0 |             0 |             0 |             0 |             0 |             0 |             0 |             0 |             0 |             0 |             0 |             0 |             0 |     129502000 |             0 |             0 |             0 |             0 |             0 |             0 |             0 |             0 |             0 |             0 |             0 |             0 |             0 |             0 |             0 |             0 |             0 |             0 |             0 |             0 |             0 |             0 |             0 |             0 |             0 |             0 |             0 |             0 |             0 |             0 |             0 |
|      CAS_CMD_RD      |  UMC1C0 |  266220200000 |             0 |             0 |             0 |             0 |             0 |             0 |             0 |             0 |             0 |             0 |             0 |             0 |             0 |             0 |             0 |             0 |             0 |             0 |             0 |             0 |             0 |             0 |             0 |             0 |             0 |             0 |             0 |             0 |             0 |             0 |             0 |             0 |             0 |             0 |             0 |             0 |             0 |             0 |             0 |             0 |             0 |             0 |             0 |             0 |             0 |             0 |             0 |             0 |             0 |             0 |             0 |             0 |             0 |             0 |             0 |             0 |             0 |             0 |             0 |             0 |             0 |             0 |             0 |             0 |             0 |             0 |             0 |             0 |             0 |             0 |             0 |             0 |             0 |             0 |             0 |             0 |             0 |             0 |             0 |             0 |             0 |             0 |             0 |             0 |             0 |             0 |             0 |             0 |             0 |             0 |             0 |             0 |             0 |             0 |             0 |   55779410000 |             0 |             0 |             0 |             0 |             0 |             0 |             0 |             0 |             0 |             0 |             0 |             0 |             0 |             0 |             0 |             0 |             0 |             0 |             0 |             0 |             0 |             0 |             0 |             0 |             0 |             0 |             0 |             0 |             0 |             0 |             0 |
|      CAS_CMD_WR      |  UMC1C1 |     455190800 |             0 |             0 |             0 |             0 |             0 |             0 |             0 |             0 |             0 |             0 |             0 |             0 |             0 |             0 |             0 |             0 |             0 |             0 |             0 |             0 |             0 |             0 |             0 |             0 |             0 |             0 |             0 |             0 |             0 |             0 |             0 |             0 |             0 |             0 |             0 |             0 |             0 |             0 |             0 |             0 |             0 |             0 |             0 |             0 |             0 |             0 |             0 |             0 |             0 |             0 |             0 |             0 |             0 |             0 |             0 |             0 |             0 |             0 |             0 |             0 |             0 |             0 |             0 |             0 |             0 |             0 |             0 |             0 |             0 |             0 |             0 |             0 |             0 |             0 |             0 |             0 |             0 |             0 |             0 |             0 |             0 |             0 |             0 |             0 |             0 |             0 |             0 |             0 |             0 |             0 |             0 |             0 |             0 |             0 |             0 |     123740100 |             0 |             0 |             0 |             0 |             0 |             0 |             0 |             0 |             0 |             0 |             0 |             0 |             0 |             0 |             0 |             0 |             0 |             0 |             0 |             0 |             0 |             0 |             0 |             0 |             0 |             0 |             0 |             0 |             0 |             0 |             0 |
|      CAS_CMD_RD      |  UMC2C0 |  266236100000 |             0 |             0 |             0 |             0 |             0 |             0 |             0 |             0 |             0 |             0 |             0 |             0 |             0 |             0 |             0 |             0 |             0 |             0 |             0 |             0 |             0 |             0 |             0 |             0 |             0 |             0 |             0 |             0 |             0 |             0 |             0 |             0 |             0 |             0 |             0 |             0 |             0 |             0 |             0 |             0 |             0 |             0 |             0 |             0 |             0 |             0 |             0 |             0 |             0 |             0 |             0 |             0 |             0 |             0 |             0 |             0 |             0 |             0 |             0 |             0 |             0 |             0 |             0 |             0 |             0 |             0 |             0 |             0 |             0 |             0 |             0 |             0 |             0 |             0 |             0 |             0 |             0 |             0 |             0 |             0 |             0 |             0 |             0 |             0 |             0 |             0 |             0 |             0 |             0 |             0 |             0 |             0 |             0 |             0 |             0 |   55799510000 |             0 |             0 |             0 |             0 |             0 |             0 |             0 |             0 |             0 |             0 |             0 |             0 |             0 |             0 |             0 |             0 |             0 |             0 |             0 |             0 |             0 |             0 |             0 |             0 |             0 |             0 |             0 |             0 |             0 |             0 |             0 |
|      CAS_CMD_WR      |  UMC2C1 |     458722100 |             0 |             0 |             0 |             0 |             0 |             0 |             0 |             0 |             0 |             0 |             0 |             0 |             0 |             0 |             0 |             0 |             0 |             0 |             0 |             0 |             0 |             0 |             0 |             0 |             0 |             0 |             0 |             0 |             0 |             0 |             0 |             0 |             0 |             0 |             0 |             0 |             0 |             0 |             0 |             0 |             0 |             0 |             0 |             0 |             0 |             0 |             0 |             0 |             0 |             0 |             0 |             0 |             0 |             0 |             0 |             0 |             0 |             0 |             0 |             0 |             0 |             0 |             0 |             0 |             0 |             0 |             0 |             0 |             0 |             0 |             0 |             0 |             0 |             0 |             0 |             0 |             0 |             0 |             0 |             0 |             0 |             0 |             0 |             0 |             0 |             0 |             0 |             0 |             0 |             0 |             0 |             0 |             0 |             0 |             0 |     124940700 |             0 |             0 |             0 |             0 |             0 |             0 |             0 |             0 |             0 |             0 |             0 |             0 |             0 |             0 |             0 |             0 |             0 |             0 |             0 |             0 |             0 |             0 |             0 |             0 |             0 |             0 |             0 |             0 |             0 |             0 |             0 |
|      CAS_CMD_RD      |  UMC3C0 |  266398300000 |             0 |             0 |             0 |             0 |             0 |             0 |             0 |             0 |             0 |             0 |             0 |             0 |             0 |             0 |             0 |             0 |             0 |             0 |             0 |             0 |             0 |             0 |             0 |             0 |             0 |             0 |             0 |             0 |             0 |             0 |             0 |             0 |             0 |             0 |             0 |             0 |             0 |             0 |             0 |             0 |             0 |             0 |             0 |             0 |             0 |             0 |             0 |             0 |             0 |             0 |             0 |             0 |             0 |             0 |             0 |             0 |             0 |             0 |             0 |             0 |             0 |             0 |             0 |             0 |             0 |             0 |             0 |             0 |             0 |             0 |             0 |             0 |             0 |             0 |             0 |             0 |             0 |             0 |             0 |             0 |             0 |             0 |             0 |             0 |             0 |             0 |             0 |             0 |             0 |             0 |             0 |             0 |             0 |             0 |             0 |   55580570000 |             0 |             0 |             0 |             0 |             0 |             0 |             0 |             0 |             0 |             0 |             0 |             0 |             0 |             0 |             0 |             0 |             0 |             0 |             0 |             0 |             0 |             0 |             0 |             0 |             0 |             0 |             0 |             0 |             0 |             0 |             0 |
|      CAS_CMD_WR      |  UMC3C1 |     464474400 |             0 |             0 |             0 |             0 |             0 |             0 |             0 |             0 |             0 |             0 |             0 |             0 |             0 |             0 |             0 |             0 |             0 |             0 |             0 |             0 |             0 |             0 |             0 |             0 |             0 |             0 |             0 |             0 |             0 |             0 |             0 |             0 |             0 |             0 |             0 |             0 |             0 |             0 |             0 |             0 |             0 |             0 |             0 |             0 |             0 |             0 |             0 |             0 |             0 |             0 |             0 |             0 |             0 |             0 |             0 |             0 |             0 |             0 |             0 |             0 |             0 |             0 |             0 |             0 |             0 |             0 |             0 |             0 |             0 |             0 |             0 |             0 |             0 |             0 |             0 |             0 |             0 |             0 |             0 |             0 |             0 |             0 |             0 |             0 |             0 |             0 |             0 |             0 |             0 |             0 |             0 |             0 |             0 |             0 |             0 |     133679000 |             0 |             0 |             0 |             0 |             0 |             0 |             0 |             0 |             0 |             0 |             0 |             0 |             0 |             0 |             0 |             0 |             0 |             0 |             0 |             0 |             0 |             0 |             0 |             0 |             0 |             0 |             0 |             0 |             0 |             0 |             0 |
|      CAS_CMD_RD      |  UMC4C0 |  266160000000 |             0 |             0 |             0 |             0 |             0 |             0 |             0 |             0 |             0 |             0 |             0 |             0 |             0 |             0 |             0 |             0 |             0 |             0 |             0 |             0 |             0 |             0 |             0 |             0 |             0 |             0 |             0 |             0 |             0 |             0 |             0 |             0 |             0 |             0 |             0 |             0 |             0 |             0 |             0 |             0 |             0 |             0 |             0 |             0 |             0 |             0 |             0 |             0 |             0 |             0 |             0 |             0 |             0 |             0 |             0 |             0 |             0 |             0 |             0 |             0 |             0 |             0 |             0 |             0 |             0 |             0 |             0 |             0 |             0 |             0 |             0 |             0 |             0 |             0 |             0 |             0 |             0 |             0 |             0 |             0 |             0 |             0 |             0 |             0 |             0 |             0 |             0 |             0 |             0 |             0 |             0 |             0 |             0 |             0 |             0 |   55686760000 |             0 |             0 |             0 |             0 |             0 |             0 |             0 |             0 |             0 |             0 |             0 |             0 |             0 |             0 |             0 |             0 |             0 |             0 |             0 |             0 |             0 |             0 |             0 |             0 |             0 |             0 |             0 |             0 |             0 |             0 |             0 |
|      CAS_CMD_WR      |  UMC4C1 |     455679300 |             0 |             0 |             0 |             0 |             0 |             0 |             0 |             0 |             0 |             0 |             0 |             0 |             0 |             0 |             0 |             0 |             0 |             0 |             0 |             0 |             0 |             0 |             0 |             0 |             0 |             0 |             0 |             0 |             0 |             0 |             0 |             0 |             0 |             0 |             0 |             0 |             0 |             0 |             0 |             0 |             0 |             0 |             0 |             0 |             0 |             0 |             0 |             0 |             0 |             0 |             0 |             0 |             0 |             0 |             0 |             0 |             0 |             0 |             0 |             0 |             0 |             0 |             0 |             0 |             0 |             0 |             0 |             0 |             0 |             0 |             0 |             0 |             0 |             0 |             0 |             0 |             0 |             0 |             0 |             0 |             0 |             0 |             0 |             0 |             0 |             0 |             0 |             0 |             0 |             0 |             0 |             0 |             0 |             0 |             0 |     124432900 |             0 |             0 |             0 |             0 |             0 |             0 |             0 |             0 |             0 |             0 |             0 |             0 |             0 |             0 |             0 |             0 |             0 |             0 |             0 |             0 |             0 |             0 |             0 |             0 |             0 |             0 |             0 |             0 |             0 |             0 |             0 |
|      CAS_CMD_RD      |  UMC5C0 |  266288300000 |             0 |             0 |             0 |             0 |             0 |             0 |             0 |             0 |             0 |             0 |             0 |             0 |             0 |             0 |             0 |             0 |             0 |             0 |             0 |             0 |             0 |             0 |             0 |             0 |             0 |             0 |             0 |             0 |             0 |             0 |             0 |             0 |             0 |             0 |             0 |             0 |             0 |             0 |             0 |             0 |             0 |             0 |             0 |             0 |             0 |             0 |             0 |             0 |             0 |             0 |             0 |             0 |             0 |             0 |             0 |             0 |             0 |             0 |             0 |             0 |             0 |             0 |             0 |             0 |             0 |             0 |             0 |             0 |             0 |             0 |             0 |             0 |             0 |             0 |             0 |             0 |             0 |             0 |             0 |             0 |             0 |             0 |             0 |             0 |             0 |             0 |             0 |             0 |             0 |             0 |             0 |             0 |             0 |             0 |             0 |   55627150000 |             0 |             0 |             0 |             0 |             0 |             0 |             0 |             0 |             0 |             0 |             0 |             0 |             0 |             0 |             0 |             0 |             0 |             0 |             0 |             0 |             0 |             0 |             0 |             0 |             0 |             0 |             0 |             0 |             0 |             0 |             0 |
|      CAS_CMD_WR      |  UMC5C1 |     460006800 |             0 |             0 |             0 |             0 |             0 |             0 |             0 |             0 |             0 |             0 |             0 |             0 |             0 |             0 |             0 |             0 |             0 |             0 |             0 |             0 |             0 |             0 |             0 |             0 |             0 |             0 |             0 |             0 |             0 |             0 |             0 |             0 |             0 |             0 |             0 |             0 |             0 |             0 |             0 |             0 |             0 |             0 |             0 |             0 |             0 |             0 |             0 |             0 |             0 |             0 |             0 |             0 |             0 |             0 |             0 |             0 |             0 |             0 |             0 |             0 |             0 |             0 |             0 |             0 |             0 |             0 |             0 |             0 |             0 |             0 |             0 |             0 |             0 |             0 |             0 |             0 |             0 |             0 |             0 |             0 |             0 |             0 |             0 |             0 |             0 |             0 |             0 |             0 |             0 |             0 |             0 |             0 |             0 |             0 |             0 |     126081200 |             0 |             0 |             0 |             0 |             0 |             0 |             0 |             0 |             0 |             0 |             0 |             0 |             0 |             0 |             0 |             0 |             0 |             0 |             0 |             0 |             0 |             0 |             0 |             0 |             0 |             0 |             0 |             0 |             0 |             0 |             0 |
|      CAS_CMD_RD      |  UMC6C0 |  266458100000 |             0 |             0 |             0 |             0 |             0 |             0 |             0 |             0 |             0 |             0 |             0 |             0 |             0 |             0 |             0 |             0 |             0 |             0 |             0 |             0 |             0 |             0 |             0 |             0 |             0 |             0 |             0 |             0 |             0 |             0 |             0 |             0 |             0 |             0 |             0 |             0 |             0 |             0 |             0 |             0 |             0 |             0 |             0 |             0 |             0 |             0 |             0 |             0 |             0 |             0 |             0 |             0 |             0 |             0 |             0 |             0 |             0 |             0 |             0 |             0 |             0 |             0 |             0 |             0 |             0 |             0 |             0 |             0 |             0 |             0 |             0 |             0 |             0 |             0 |             0 |             0 |             0 |             0 |             0 |             0 |             0 |             0 |             0 |             0 |             0 |             0 |             0 |             0 |             0 |             0 |             0 |             0 |             0 |             0 |             0 |   55529010000 |             0 |             0 |             0 |             0 |             0 |             0 |             0 |             0 |             0 |             0 |             0 |             0 |             0 |             0 |             0 |             0 |             0 |             0 |             0 |             0 |             0 |             0 |             0 |             0 |             0 |             0 |             0 |             0 |             0 |             0 |             0 |
|      CAS_CMD_WR      |  UMC6C1 |     454111800 |             0 |             0 |             0 |             0 |             0 |             0 |             0 |             0 |             0 |             0 |             0 |             0 |             0 |             0 |             0 |             0 |             0 |             0 |             0 |             0 |             0 |             0 |             0 |             0 |             0 |             0 |             0 |             0 |             0 |             0 |             0 |             0 |             0 |             0 |             0 |             0 |             0 |             0 |             0 |             0 |             0 |             0 |             0 |             0 |             0 |             0 |             0 |             0 |             0 |             0 |             0 |             0 |             0 |             0 |             0 |             0 |             0 |             0 |             0 |             0 |             0 |             0 |             0 |             0 |             0 |             0 |             0 |             0 |             0 |             0 |             0 |             0 |             0 |             0 |             0 |             0 |             0 |             0 |             0 |             0 |             0 |             0 |             0 |             0 |             0 |             0 |             0 |             0 |             0 |             0 |             0 |             0 |             0 |             0 |             0 |     128250300 |             0 |             0 |             0 |             0 |             0 |             0 |             0 |             0 |             0 |             0 |             0 |             0 |             0 |             0 |             0 |             0 |             0 |             0 |             0 |             0 |             0 |             0 |             0 |             0 |             0 |             0 |             0 |             0 |             0 |             0 |             0 |
|      CAS_CMD_RD      |  UMC7C0 |  266176800000 |             0 |             0 |             0 |             0 |             0 |             0 |             0 |             0 |             0 |             0 |             0 |             0 |             0 |             0 |             0 |             0 |             0 |             0 |             0 |             0 |             0 |             0 |             0 |             0 |             0 |             0 |             0 |             0 |             0 |             0 |             0 |             0 |             0 |             0 |             0 |             0 |             0 |             0 |             0 |             0 |             0 |             0 |             0 |             0 |             0 |             0 |             0 |             0 |             0 |             0 |             0 |             0 |             0 |             0 |             0 |             0 |             0 |             0 |             0 |             0 |             0 |             0 |             0 |             0 |             0 |             0 |             0 |             0 |             0 |             0 |             0 |             0 |             0 |             0 |             0 |             0 |             0 |             0 |             0 |             0 |             0 |             0 |             0 |             0 |             0 |             0 |             0 |             0 |             0 |             0 |             0 |             0 |             0 |             0 |             0 |   55770940000 |             0 |             0 |             0 |             0 |             0 |             0 |             0 |             0 |             0 |             0 |             0 |             0 |             0 |             0 |             0 |             0 |             0 |             0 |             0 |             0 |             0 |             0 |             0 |             0 |             0 |             0 |             0 |             0 |             0 |             0 |             0 |
|      CAS_CMD_WR      |  UMC7C1 |     455200700 |             0 |             0 |             0 |             0 |             0 |             0 |             0 |             0 |             0 |             0 |             0 |             0 |             0 |             0 |             0 |             0 |             0 |             0 |             0 |             0 |             0 |             0 |             0 |             0 |             0 |             0 |             0 |             0 |             0 |             0 |             0 |             0 |             0 |             0 |             0 |             0 |             0 |             0 |             0 |             0 |             0 |             0 |             0 |             0 |             0 |             0 |             0 |             0 |             0 |             0 |             0 |             0 |             0 |             0 |             0 |             0 |             0 |             0 |             0 |             0 |             0 |             0 |             0 |             0 |             0 |             0 |             0 |             0 |             0 |             0 |             0 |             0 |             0 |             0 |             0 |             0 |             0 |             0 |             0 |             0 |             0 |             0 |             0 |             0 |             0 |             0 |             0 |             0 |             0 |             0 |             0 |             0 |             0 |             0 |             0 |     124144500 |             0 |             0 |             0 |             0 |             0 |             0 |             0 |             0 |             0 |             0 |             0 |             0 |             0 |             0 |             0 |             0 |             0 |             0 |             0 |             0 |             0 |             0 |             0 |             0 |             0 |             0 |             0 |             0 |             0 |             0 |             0 |
|      CAS_CMD_RD      |  UMC8C0 |  266294300000 |             0 |             0 |             0 |             0 |             0 |             0 |             0 |             0 |             0 |             0 |             0 |             0 |             0 |             0 |             0 |             0 |             0 |             0 |             0 |             0 |             0 |             0 |             0 |             0 |             0 |             0 |             0 |             0 |             0 |             0 |             0 |             0 |             0 |             0 |             0 |             0 |             0 |             0 |             0 |             0 |             0 |             0 |             0 |             0 |             0 |             0 |             0 |             0 |             0 |             0 |             0 |             0 |             0 |             0 |             0 |             0 |             0 |             0 |             0 |             0 |             0 |             0 |             0 |             0 |             0 |             0 |             0 |             0 |             0 |             0 |             0 |             0 |             0 |             0 |             0 |             0 |             0 |             0 |             0 |             0 |             0 |             0 |             0 |             0 |             0 |             0 |             0 |             0 |             0 |             0 |             0 |             0 |             0 |             0 |             0 |   55625040000 |             0 |             0 |             0 |             0 |             0 |             0 |             0 |             0 |             0 |             0 |             0 |             0 |             0 |             0 |             0 |             0 |             0 |             0 |             0 |             0 |             0 |             0 |             0 |             0 |             0 |             0 |             0 |             0 |             0 |             0 |             0 |
|      CAS_CMD_WR      |  UMC8C1 |     459138200 |             0 |             0 |             0 |             0 |             0 |             0 |             0 |             0 |             0 |             0 |             0 |             0 |             0 |             0 |             0 |             0 |             0 |             0 |             0 |             0 |             0 |             0 |             0 |             0 |             0 |             0 |             0 |             0 |             0 |             0 |             0 |             0 |             0 |             0 |             0 |             0 |             0 |             0 |             0 |             0 |             0 |             0 |             0 |             0 |             0 |             0 |             0 |             0 |             0 |             0 |             0 |             0 |             0 |             0 |             0 |             0 |             0 |             0 |             0 |             0 |             0 |             0 |             0 |             0 |             0 |             0 |             0 |             0 |             0 |             0 |             0 |             0 |             0 |             0 |             0 |             0 |             0 |             0 |             0 |             0 |             0 |             0 |             0 |             0 |             0 |             0 |             0 |             0 |             0 |             0 |             0 |             0 |             0 |             0 |             0 |     129606400 |             0 |             0 |             0 |             0 |             0 |             0 |             0 |             0 |             0 |             0 |             0 |             0 |             0 |             0 |             0 |             0 |             0 |             0 |             0 |             0 |             0 |             0 |             0 |             0 |             0 |             0 |             0 |             0 |             0 |             0 |             0 |
|      CAS_CMD_RD      |  UMC9C0 |  266188700000 |             0 |             0 |             0 |             0 |             0 |             0 |             0 |             0 |             0 |             0 |             0 |             0 |             0 |             0 |             0 |             0 |             0 |             0 |             0 |             0 |             0 |             0 |             0 |             0 |             0 |             0 |             0 |             0 |             0 |             0 |             0 |             0 |             0 |             0 |             0 |             0 |             0 |             0 |             0 |             0 |             0 |             0 |             0 |             0 |             0 |             0 |             0 |             0 |             0 |             0 |             0 |             0 |             0 |             0 |             0 |             0 |             0 |             0 |             0 |             0 |             0 |             0 |             0 |             0 |             0 |             0 |             0 |             0 |             0 |             0 |             0 |             0 |             0 |             0 |             0 |             0 |             0 |             0 |             0 |             0 |             0 |             0 |             0 |             0 |             0 |             0 |             0 |             0 |             0 |             0 |             0 |             0 |             0 |             0 |             0 |   55646610000 |             0 |             0 |             0 |             0 |             0 |             0 |             0 |             0 |             0 |             0 |             0 |             0 |             0 |             0 |             0 |             0 |             0 |             0 |             0 |             0 |             0 |             0 |             0 |             0 |             0 |             0 |             0 |             0 |             0 |             0 |             0 |
|      CAS_CMD_WR      |  UMC9C1 |     460129700 |             0 |             0 |             0 |             0 |             0 |             0 |             0 |             0 |             0 |             0 |             0 |             0 |             0 |             0 |             0 |             0 |             0 |             0 |             0 |             0 |             0 |             0 |             0 |             0 |             0 |             0 |             0 |             0 |             0 |             0 |             0 |             0 |             0 |             0 |             0 |             0 |             0 |             0 |             0 |             0 |             0 |             0 |             0 |             0 |             0 |             0 |             0 |             0 |             0 |             0 |             0 |             0 |             0 |             0 |             0 |             0 |             0 |             0 |             0 |             0 |             0 |             0 |             0 |             0 |             0 |             0 |             0 |             0 |             0 |             0 |             0 |             0 |             0 |             0 |             0 |             0 |             0 |             0 |             0 |             0 |             0 |             0 |             0 |             0 |             0 |             0 |             0 |             0 |             0 |             0 |             0 |             0 |             0 |             0 |             0 |     129564200 |             0 |             0 |             0 |             0 |             0 |             0 |             0 |             0 |             0 |             0 |             0 |             0 |             0 |             0 |             0 |             0 |             0 |             0 |             0 |             0 |             0 |             0 |             0 |             0 |             0 |             0 |             0 |             0 |             0 |             0 |             0 |
|      CAS_CMD_RD      | UMC10C0 |  266181800000 |             0 |             0 |             0 |             0 |             0 |             0 |             0 |             0 |             0 |             0 |             0 |             0 |             0 |             0 |             0 |             0 |             0 |             0 |             0 |             0 |             0 |             0 |             0 |             0 |             0 |             0 |             0 |             0 |             0 |             0 |             0 |             0 |             0 |             0 |             0 |             0 |             0 |             0 |             0 |             0 |             0 |             0 |             0 |             0 |             0 |             0 |             0 |             0 |             0 |             0 |             0 |             0 |             0 |             0 |             0 |             0 |             0 |             0 |             0 |             0 |             0 |             0 |             0 |             0 |             0 |             0 |             0 |             0 |             0 |             0 |             0 |             0 |             0 |             0 |             0 |             0 |             0 |             0 |             0 |             0 |             0 |             0 |             0 |             0 |             0 |             0 |             0 |             0 |             0 |             0 |             0 |             0 |             0 |             0 |             0 |   55766500000 |             0 |             0 |             0 |             0 |             0 |             0 |             0 |             0 |             0 |             0 |             0 |             0 |             0 |             0 |             0 |             0 |             0 |             0 |             0 |             0 |             0 |             0 |             0 |             0 |             0 |             0 |             0 |             0 |             0 |             0 |             0 |
|      CAS_CMD_WR      | UMC10C1 |     455490100 |             0 |             0 |             0 |             0 |             0 |             0 |             0 |             0 |             0 |             0 |             0 |             0 |             0 |             0 |             0 |             0 |             0 |             0 |             0 |             0 |             0 |             0 |             0 |             0 |             0 |             0 |             0 |             0 |             0 |             0 |             0 |             0 |             0 |             0 |             0 |             0 |             0 |             0 |             0 |             0 |             0 |             0 |             0 |             0 |             0 |             0 |             0 |             0 |             0 |             0 |             0 |             0 |             0 |             0 |             0 |             0 |             0 |             0 |             0 |             0 |             0 |             0 |             0 |             0 |             0 |             0 |             0 |             0 |             0 |             0 |             0 |             0 |             0 |             0 |             0 |             0 |             0 |             0 |             0 |             0 |             0 |             0 |             0 |             0 |             0 |             0 |             0 |             0 |             0 |             0 |             0 |             0 |             0 |             0 |             0 |     126950900 |             0 |             0 |             0 |             0 |             0 |             0 |             0 |             0 |             0 |             0 |             0 |             0 |             0 |             0 |             0 |             0 |             0 |             0 |             0 |             0 |             0 |             0 |             0 |             0 |             0 |             0 |             0 |             0 |             0 |             0 |             0 |
|      CAS_CMD_RD      | UMC11C0 |  266155800000 |             0 |             0 |             0 |             0 |             0 |             0 |             0 |             0 |             0 |             0 |             0 |             0 |             0 |             0 |             0 |             0 |             0 |             0 |             0 |             0 |             0 |             0 |             0 |             0 |             0 |             0 |             0 |             0 |             0 |             0 |             0 |             0 |             0 |             0 |             0 |             0 |             0 |             0 |             0 |             0 |             0 |             0 |             0 |             0 |             0 |             0 |             0 |             0 |             0 |             0 |             0 |             0 |             0 |             0 |             0 |             0 |             0 |             0 |             0 |             0 |             0 |             0 |             0 |             0 |             0 |             0 |             0 |             0 |             0 |             0 |             0 |             0 |             0 |             0 |             0 |             0 |             0 |             0 |             0 |             0 |             0 |             0 |             0 |             0 |             0 |             0 |             0 |             0 |             0 |             0 |             0 |             0 |             0 |             0 |             0 |   55732390000 |             0 |             0 |             0 |             0 |             0 |             0 |             0 |             0 |             0 |             0 |             0 |             0 |             0 |             0 |             0 |             0 |             0 |             0 |             0 |             0 |             0 |             0 |             0 |             0 |             0 |             0 |             0 |             0 |             0 |             0 |             0 |
|      CAS_CMD_WR      | UMC11C1 |     471747800 |             0 |             0 |             0 |             0 |             0 |             0 |             0 |             0 |             0 |             0 |             0 |             0 |             0 |             0 |             0 |             0 |             0 |             0 |             0 |             0 |             0 |             0 |             0 |             0 |             0 |             0 |             0 |             0 |             0 |             0 |             0 |             0 |             0 |             0 |             0 |             0 |             0 |             0 |             0 |             0 |             0 |             0 |             0 |             0 |             0 |             0 |             0 |             0 |             0 |             0 |             0 |             0 |             0 |             0 |             0 |             0 |             0 |             0 |             0 |             0 |             0 |             0 |             0 |             0 |             0 |             0 |             0 |             0 |             0 |             0 |             0 |             0 |             0 |             0 |             0 |             0 |             0 |             0 |             0 |             0 |             0 |             0 |             0 |             0 |             0 |             0 |             0 |             0 |             0 |             0 |             0 |             0 |             0 |             0 |             0 |     124811200 |             0 |             0 |             0 |             0 |             0 |             0 |             0 |             0 |             0 |             0 |             0 |             0 |             0 |             0 |             0 |             0 |             0 |             0 |             0 |             0 |             0 |             0 |             0 |             0 |             0 |             0 |             0 |             0 |             0 |             0 |             0 |
+----------------------+---------+---------------+---------------+---------------+---------------+---------------+---------------+---------------+---------------+---------------+---------------+---------------+---------------+---------------+---------------+---------------+---------------+---------------+---------------+---------------+---------------+---------------+---------------+---------------+---------------+---------------+---------------+---------------+---------------+---------------+---------------+---------------+---------------+---------------+---------------+---------------+---------------+---------------+---------------+---------------+---------------+---------------+---------------+---------------+---------------+---------------+---------------+---------------+---------------+---------------+---------------+---------------+---------------+---------------+---------------+---------------+---------------+---------------+---------------+---------------+---------------+---------------+---------------+---------------+---------------+---------------+---------------+---------------+---------------+---------------+---------------+---------------+---------------+---------------+---------------+---------------+---------------+---------------+---------------+---------------+---------------+---------------+---------------+---------------+---------------+---------------+---------------+---------------+---------------+---------------+---------------+---------------+---------------+---------------+---------------+---------------+---------------+---------------+---------------+---------------+---------------+---------------+---------------+---------------+---------------+---------------+---------------+---------------+---------------+---------------+---------------+---------------+---------------+---------------+---------------+---------------+---------------+---------------+---------------+---------------+---------------+---------------+---------------+---------------+---------------+---------------+---------------+---------------+---------------+

+---------------------------+---------+-----------------+---------------+---------------+---------------+
|           Event           | Counter |       Sum       |      Min      |      Max      |      Avg      |
+---------------------------+---------+-----------------+---------------+---------------+---------------+
|   ACTUAL_CPU_CLOCK STAT   |  FIXC1  | 349910391000000 | 2729937000000 | 2742943000000 |  2.733675e+12 |
|     MAX_CPU_CLOCK STAT    |  FIXC2  | 246818229000000 | 1927522000000 | 1930325000000 |  1.928267e+12 |
| RETIRED_INSTRUCTIONS STAT |   PMC0  | 271705034000000 | 1767906000000 | 2294743000000 | 2122695578125 |
|  CPU_CLOCKS_UNHALTED STAT |   PMC1  | 346395663000000 | 2691547000000 | 2722118000000 |  2.706216e+12 |
|      CAS_CMD_RD STAT      |  UMC0C0 |    322018310000 |             0 |  266318400000 |  2.515768e+09 |
|      CAS_CMD_WR STAT      |  UMC0C1 |       580359400 |             0 |     450857400 |  4.534058e+06 |
|      CAS_CMD_RD STAT      |  UMC1C0 |    321999610000 |             0 |  266220200000 |  2.515622e+09 |
|      CAS_CMD_WR STAT      |  UMC1C1 |       578930900 |             0 |     455190800 |  4.522898e+06 |
|      CAS_CMD_RD STAT      |  UMC2C0 |    322035610000 |             0 |  266236100000 |  2.515903e+09 |
|      CAS_CMD_WR STAT      |  UMC2C1 |       583662800 |             0 |     458722100 |  4.559866e+06 |
|      CAS_CMD_RD STAT      |  UMC3C0 |    321978870000 |             0 |  266398300000 |  2.515460e+09 |
|      CAS_CMD_WR STAT      |  UMC3C1 |       598153400 |             0 |     464474400 |  4.673073e+06 |
|      CAS_CMD_RD STAT      |  UMC4C0 |    321846760000 |             0 |  266160000000 |  2.514428e+09 |
|      CAS_CMD_WR STAT      |  UMC4C1 |       580112200 |             0 |     455679300 |  4.532127e+06 |
|      CAS_CMD_RD STAT      |  UMC5C0 |    321915450000 |             0 |  266288300000 |  2.514964e+09 |
|      CAS_CMD_WR STAT      |  UMC5C1 |       586088000 |             0 |     460006800 |  4.578812e+06 |
|      CAS_CMD_RD STAT      |  UMC6C0 |    321987110000 |             0 |  266458100000 |  2.515524e+09 |
|      CAS_CMD_WR STAT      |  UMC6C1 |       582362100 |             0 |     454111800 |  4.549704e+06 |
|      CAS_CMD_RD STAT      |  UMC7C0 |    321947740000 |             0 |  266176800000 |  2.515217e+09 |
|      CAS_CMD_WR STAT      |  UMC7C1 |       579345200 |             0 |     455200700 |  4.526134e+06 |
|      CAS_CMD_RD STAT      |  UMC8C0 |    321919340000 |             0 |  266294300000 |  2.514995e+09 |
|      CAS_CMD_WR STAT      |  UMC8C1 |       588744600 |             0 |     459138200 |  4.599567e+06 |
|      CAS_CMD_RD STAT      |  UMC9C0 |    321835310000 |             0 |  266188700000 |  2.514338e+09 |
|      CAS_CMD_WR STAT      |  UMC9C1 |       589693900 |             0 |     460129700 |  4.606984e+06 |
|      CAS_CMD_RD STAT      | UMC10C0 |    321948300000 |             0 |  266181800000 |  2.515221e+09 |
|      CAS_CMD_WR STAT      | UMC10C1 |       582441000 |             0 |     455490100 |  4.550320e+06 |
|      CAS_CMD_RD STAT      | UMC11C0 |    321888190000 |             0 |  266155800000 |  2.514751e+09 |
|      CAS_CMD_WR STAT      | UMC11C1 |       596559000 |             0 |     471747800 |  4.660617e+06 |
+---------------------------+---------+-----------------+---------------+---------------+---------------+

+-----------------------------------+-------------+------------+------------+------------+------------+------------+------------+------------+------------+------------+-------------+-------------+-------------+-------------+-------------+-------------+-------------+-------------+-------------+-------------+-------------+-------------+-------------+-------------+-------------+-------------+-------------+-------------+-------------+-------------+-------------+-------------+-------------+-------------+-------------+-------------+-------------+-------------+-------------+-------------+-------------+-------------+-------------+-------------+-------------+-------------+-------------+-------------+-------------+-------------+-------------+-------------+-------------+-------------+-------------+-------------+-------------+-------------+-------------+-------------+-------------+-------------+-------------+-------------+-------------+-------------+-------------+-------------+-------------+-------------+-------------+-------------+-------------+-------------+-------------+-------------+-------------+-------------+-------------+-------------+-------------+-------------+-------------+-------------+-------------+-------------+-------------+-------------+-------------+-------------+-------------+-------------+-------------+-------------+-------------+-------------+-------------+-------------+-------------+-------------+--------------+--------------+--------------+--------------+--------------+--------------+--------------+--------------+--------------+--------------+--------------+--------------+--------------+--------------+--------------+--------------+--------------+--------------+--------------+--------------+--------------+--------------+--------------+--------------+--------------+--------------+--------------+--------------+
|               Metric              |  HWThread 0 | HWThread 1 | HWThread 2 | HWThread 3 | HWThread 4 | HWThread 5 | HWThread 6 | HWThread 7 | HWThread 8 | HWThread 9 | HWThread 10 | HWThread 11 | HWThread 12 | HWThread 13 | HWThread 14 | HWThread 15 | HWThread 16 | HWThread 17 | HWThread 18 | HWThread 19 | HWThread 20 | HWThread 21 | HWThread 22 | HWThread 23 | HWThread 24 | HWThread 25 | HWThread 26 | HWThread 27 | HWThread 28 | HWThread 29 | HWThread 30 | HWThread 31 | HWThread 32 | HWThread 33 | HWThread 34 | HWThread 35 | HWThread 36 | HWThread 37 | HWThread 38 | HWThread 39 | HWThread 40 | HWThread 41 | HWThread 42 | HWThread 43 | HWThread 44 | HWThread 45 | HWThread 46 | HWThread 47 | HWThread 48 | HWThread 49 | HWThread 50 | HWThread 51 | HWThread 52 | HWThread 53 | HWThread 54 | HWThread 55 | HWThread 56 | HWThread 57 | HWThread 58 | HWThread 59 | HWThread 60 | HWThread 61 | HWThread 62 | HWThread 63 | HWThread 64 | HWThread 65 | HWThread 66 | HWThread 67 | HWThread 68 | HWThread 69 | HWThread 70 | HWThread 71 | HWThread 72 | HWThread 73 | HWThread 74 | HWThread 75 | HWThread 76 | HWThread 77 | HWThread 78 | HWThread 79 | HWThread 80 | HWThread 81 | HWThread 82 | HWThread 83 | HWThread 84 | HWThread 85 | HWThread 86 | HWThread 87 | HWThread 88 | HWThread 89 | HWThread 90 | HWThread 91 | HWThread 92 | HWThread 93 | HWThread 94 | HWThread 95 | HWThread 96 | HWThread 97 | HWThread 98 | HWThread 99 | HWThread 100 | HWThread 101 | HWThread 102 | HWThread 103 | HWThread 104 | HWThread 105 | HWThread 106 | HWThread 107 | HWThread 108 | HWThread 109 | HWThread 110 | HWThread 111 | HWThread 112 | HWThread 113 | HWThread 114 | HWThread 115 | HWThread 116 | HWThread 117 | HWThread 118 | HWThread 119 | HWThread 120 | HWThread 121 | HWThread 122 | HWThread 123 | HWThread 124 | HWThread 125 | HWThread 126 | HWThread 127 |
+-----------------------------------+-------------+------------+------------+------------+------------+------------+------------+------------+------------+------------+-------------+-------------+-------------+-------------+-------------+-------------+-------------+-------------+-------------+-------------+-------------+-------------+-------------+-------------+-------------+-------------+-------------+-------------+-------------+-------------+-------------+-------------+-------------+-------------+-------------+-------------+-------------+-------------+-------------+-------------+-------------+-------------+-------------+-------------+-------------+-------------+-------------+-------------+-------------+-------------+-------------+-------------+-------------+-------------+-------------+-------------+-------------+-------------+-------------+-------------+-------------+-------------+-------------+-------------+-------------+-------------+-------------+-------------+-------------+-------------+-------------+-------------+-------------+-------------+-------------+-------------+-------------+-------------+-------------+-------------+-------------+-------------+-------------+-------------+-------------+-------------+-------------+-------------+-------------+-------------+-------------+-------------+-------------+-------------+-------------+-------------+-------------+-------------+-------------+-------------+--------------+--------------+--------------+--------------+--------------+--------------+--------------+--------------+--------------+--------------+--------------+--------------+--------------+--------------+--------------+--------------+--------------+--------------+--------------+--------------+--------------+--------------+--------------+--------------+--------------+--------------+--------------+--------------+
|        Runtime (RDTSC) [s]        |    772.7083 |   756.8331 |   746.4260 |   767.6779 |   772.8959 |   760.4082 |   755.1990 |   759.1861 |   760.6527 |   762.3389 |    749.8347 |    764.4922 |    754.2405 |    772.1468 |    770.4203 |    757.9818 |    772.4551 |    755.6891 |    761.1294 |    768.2320 |    756.3495 |    765.8877 |         754 |    758.2213 |    757.0753 |    748.9839 |    752.3560 |    765.6437 |    760.1649 |    754.4757 |    748.0037 |    752.8991 |    758.9446 |    752.6618 |    757.7406 |    753.4492 |    756.5930 |    766.1363 |    755.4447 |    767.9849 |    747.5115 |    758.7032 |    747.5114 |    764.7336 |    761.6151 |    748.2415 |    765.3996 |    759.4354 |    750.1371 |    764.9727 |    742.9173 |    753.7596 |    764.0057 |    745.5660 |    764.9729 |    771.3910 |    766.3825 |    763.3396 |    768.4793 |    773.9965 |    763.3389 |    771.6381 |    773.9968 |    760.8887 |    769.2648 |    743.1529 |    742.6222 |    764.2490 |    770.1795 |    757.3144 |    757.3143 |    743.1527 |    761.3678 |    773.7561 |    759.6842 |    762.1005 |    772.4573 |    771.1487 |    754.9588 |    770.6674 |    762.8465 |    751.2407 |    770.9130 |    762.8472 |    774.2394 |    744.0767 |    763.7626 |    761.8592 |    773.4466 |    759.9243 |    755.9275 |    755.9275 |    769.8740 |    758.4594 |    768.7187 |    754.7163 |    744.3751 |    743.5713 |    746.9794 |    748.4803 |     746.1219 |     748.4802 |     743.5715 |     744.9767 |     767.1796 |     766.1352 |     749.5409 |     746.4242 |     753.1394 |     767.1791 |     752.0581 |     745.2782 |     746.9804 |     769.5675 |     771.3900 |     768.9562 |     745.5644 |     750.6397 |     742.4064 |     748.7816 |     762.0995 |     766.8836 |     773.1363 |     751.5502 |     751.5507 |     750.9387 |     744.6780 |     750.1356 |
|        Runtime unhalted [s]       |   1051.6768 |  1050.0445 |  1050.5306 |  1050.3748 |  1050.1783 |  1050.1260 |  1050.4606 |  1050.2514 |  1050.3406 |  1050.4695 |   1050.4033 |   1050.2895 |   1050.5602 |   1050.5575 |   1050.3795 |   1050.3125 |   1050.1514 |   1050.0572 |   1050.1652 |   1050.1568 |   1050.2372 |   1050.2218 |   1050.3956 |   1050.1752 |   1050.1414 |   1050.1037 |   1050.1810 |   1050.3829 |   1050.5475 |   1050.4279 |   1050.4391 |   1050.5141 |   1049.9772 |   1050.3398 |   1050.2872 |   1050.0933 |   1050.1898 |   1050.0995 |   1050.4660 |   1050.2068 |   1050.5160 |   1050.5925 |   1050.2472 |   1050.5283 |   1050.7625 |   1050.3791 |   1050.5079 |   1050.5456 |   1050.4672 |   1050.3818 |   1050.3902 |   1050.6137 |   1050.3264 |   1050.1287 |   1050.4422 |   1050.3110 |   1050.2395 |   1050.1748 |   1050.4429 |   1050.1625 |   1050.2433 |   1050.3629 |   1050.1933 |   1050.2060 |   1050.3441 |   1050.3860 |   1050.4683 |   1050.5006 |   1050.6087 |   1050.4368 |   1050.4222 |   1050.4368 |   1050.3745 |   1050.2241 |   1050.2860 |   1050.1487 |   1050.3245 |   1050.2441 |   1050.0952 |   1050.2983 |   1050.3195 |   1050.3391 |   1050.4987 |   1050.5272 |   1050.4806 |   1050.2964 |   1050.2772 |   1050.2379 |   1050.3106 |   1050.6802 |   1050.4491 |   1050.3091 |   1050.2298 |   1050.4460 |   1050.3637 |   1050.5410 |   1054.5806 |   1054.4641 |   1054.8141 |   1054.8418 |    1054.6260 |    1054.6437 |    1054.5660 |    1054.6233 |    1054.5210 |    1054.4299 |    1054.2999 |    1054.6002 |    1054.4306 |    1054.4372 |    1054.5122 |    1054.4818 |    1054.5622 |    1054.9025 |    1054.9795 |    1054.4718 |    1054.5314 |    1054.9452 |    1054.5125 |    1054.6141 |    1054.7156 |    1054.6706 |    1054.7018 |    1054.3683 |    1054.5360 |    1054.6545 |    1054.4829 |    1054.5925 |
|            Clock [MHz]            |   3682.9633 |  3681.6280 |  3682.3795 |  3682.4693 |  3682.4258 |  3682.3283 |  3682.5504 |  3681.9257 |  3682.3168 |  3682.1957 |   3682.2234 |   3682.1146 |   3682.4756 |   3682.4204 |   3682.3862 |   3682.4227 |   3682.1385 |   3682.2053 |   3682.1144 |   3682.1745 |   3682.2864 |   3682.0969 |   3682.5077 |   3682.4475 |   3682.4109 |   3682.2291 |   3682.2519 |   3682.4632 |   3682.4159 |   3682.4644 |   3682.4329 |   3682.4571 |   3682.3584 |   3682.3886 |   3682.4579 |   3682.1717 |   3682.4032 |   3682.1073 |   3682.3974 |   3682.3976 |   3682.1774 |   3682.3731 |   3682.0866 |   3682.4077 |   3682.4153 |   3682.4536 |   3682.3228 |   3682.4626 |   3682.3079 |   3682.1117 |   3682.5366 |   3682.5065 |   3682.4426 |   3682.1639 |   3682.1706 |   3682.1920 |   3682.0634 |   3682.4499 |   3682.4158 |   3682.2712 |   3682.1514 |   3682.3855 |   3682.3771 |   3682.3834 |   3682.1934 |   3682.1265 |   3682.1267 |   3682.4423 |   3682.4584 |   3682.2109 |   3682.3487 |   3682.4706 |   3682.4355 |   3682.4201 |   3682.4195 |   3682.4327 |   3682.3958 |   3682.4463 |   3682.4095 |   3682.3595 |   3682.1510 |   3682.2007 |   3682.3325 |   3682.4552 |   3682.1622 |   3682.2095 |   3682.4266 |   3682.5680 |   3682.4981 |   3682.5774 |   3682.4679 |   3682.1261 |   3682.0660 |   3682.3788 |   3682.5906 |   3682.6106 |   3696.8767 |   3696.7826 |   3696.9858 |   3697.2305 |    3697.0358 |    3696.8371 |    3696.7929 |    3697.0053 |    3696.8250 |    3696.8447 |    3696.8165 |    3696.8899 |    3696.8263 |    3696.7898 |    3696.7613 |    3696.9021 |    3696.9251 |    3696.9374 |    3696.9272 |    3696.8383 |    3697.0723 |    3696.9088 |    3697.0541 |    3696.7640 |    3696.8822 |    3696.9411 |    3696.8433 |    3696.8917 |    3696.9504 |    3696.8806 |    3696.8333 |    3696.7633 |
|                CPI                |      1.2877 |     1.2957 |     1.2925 |     1.2938 |     1.2875 |     1.2944 |     1.2860 |     1.2914 |     1.1813 |     1.1809 |      1.1797 |      1.1859 |      1.1843 |      1.1869 |      1.1840 |      1.1846 |      1.2671 |      1.2617 |      1.2631 |      1.2678 |      1.2658 |      1.2681 |      1.2630 |      1.2758 |      1.2889 |      1.2833 |      1.2842 |      1.2937 |      1.2854 |      1.2912 |      1.2887 |      1.2846 |      1.1843 |      1.1898 |      1.1854 |      1.1832 |      1.1866 |      1.1912 |      1.1895 |      1.1875 |      1.2696 |      1.2688 |      1.2654 |      1.2705 |      1.2695 |      1.2639 |      1.2767 |      1.2768 |      1.2827 |      1.2757 |      1.2727 |      1.2907 |      1.2810 |      1.2831 |      1.2837 |      1.2871 |      1.1775 |      1.1762 |      1.1816 |      1.1785 |      1.1803 |      1.1831 |      1.1830 |      1.1796 |      1.2630 |      1.2681 |      1.2670 |      1.2712 |      1.2712 |      1.2682 |      1.2724 |      1.2687 |      1.2860 |      1.2853 |      1.2801 |      1.2879 |      1.2800 |      1.2866 |      1.2905 |      1.2873 |      1.1769 |      1.1796 |      1.1796 |      1.1818 |      1.1771 |      1.1862 |      1.1832 |      1.1843 |      1.2639 |      1.2650 |      1.2605 |      1.2612 |      1.2572 |      1.2695 |      1.2617 |      1.2710 |      1.5333 |      1.5308 |      1.5375 |      1.5318 |       1.5394 |       1.5289 |       1.5334 |       1.5366 |       1.2550 |       1.2583 |       1.2593 |       1.2562 |       1.2568 |       1.2615 |       1.2595 |       1.2611 |       1.4965 |       1.5029 |       1.5016 |       1.5034 |       1.5016 |       1.5057 |       1.5061 |       1.5093 |       1.2620 |       1.2582 |       1.2585 |       1.2604 |       1.2583 |       1.2634 |       1.2638 |       1.2627 |
|  Memory read bandwidth [MBytes/s] | 264634.0349 |          0 |          0 |          0 |          0 |          0 |          0 |          0 |          0 |          0 |           0 |           0 |           0 |           0 |           0 |           0 |           0 |           0 |           0 |           0 |           0 |           0 |           0 |           0 |           0 |           0 |           0 |           0 |           0 |           0 |           0 |           0 |           0 |           0 |           0 |           0 |           0 |           0 |           0 |           0 |           0 |           0 |           0 |           0 |           0 |           0 |           0 |           0 |           0 |           0 |           0 |           0 |           0 |           0 |           0 |           0 |           0 |           0 |           0 |           0 |           0 |           0 |           0 |           0 |           0 |           0 |           0 |           0 |           0 |           0 |           0 |           0 |           0 |           0 |           0 |           0 |           0 |           0 |           0 |           0 |           0 |           0 |           0 |           0 |           0 |           0 |           0 |           0 |           0 |           0 |           0 |           0 |           0 |           0 |           0 |           0 |  57454.3711 |           0 |           0 |           0 |            0 |            0 |            0 |            0 |            0 |            0 |            0 |            0 |            0 |            0 |            0 |            0 |            0 |            0 |            0 |            0 |            0 |            0 |            0 |            0 |            0 |            0 |            0 |            0 |            0 |            0 |            0 |            0 |
|  Memory read data volume [GBytes] | 204484.9152 |          0 |          0 |          0 |          0 |          0 |          0 |          0 |          0 |          0 |           0 |           0 |           0 |           0 |           0 |           0 |           0 |           0 |           0 |           0 |           0 |           0 |           0 |           0 |           0 |           0 |           0 |           0 |           0 |           0 |           0 |           0 |           0 |           0 |           0 |           0 |           0 |           0 |           0 |           0 |           0 |           0 |           0 |           0 |           0 |           0 |           0 |           0 |           0 |           0 |           0 |           0 |           0 |           0 |           0 |           0 |           0 |           0 |           0 |           0 |           0 |           0 |           0 |           0 |           0 |           0 |           0 |           0 |           0 |           0 |           0 |           0 |           0 |           0 |           0 |           0 |           0 |           0 |           0 |           0 |           0 |           0 |           0 |           0 |           0 |           0 |           0 |           0 |           0 |           0 |           0 |           0 |           0 |           0 |           0 |           0 |  42767.6032 |           0 |           0 |           0 |            0 |            0 |            0 |            0 |            0 |            0 |            0 |            0 |            0 |            0 |            0 |            0 |            0 |            0 |            0 |            0 |            0 |            0 |            0 |            0 |            0 |            0 |            0 |            0 |            0 |            0 |            0 |            0 |
| Memory write bandwidth [MBytes/s] |    455.6026 |          0 |          0 |          0 |          0 |          0 |          0 |          0 |          0 |          0 |           0 |           0 |           0 |           0 |           0 |           0 |           0 |           0 |           0 |           0 |           0 |           0 |           0 |           0 |           0 |           0 |           0 |           0 |           0 |           0 |           0 |           0 |           0 |           0 |           0 |           0 |           0 |           0 |           0 |           0 |           0 |           0 |           0 |           0 |           0 |           0 |           0 |           0 |           0 |           0 |           0 |           0 |           0 |           0 |           0 |           0 |           0 |           0 |           0 |           0 |           0 |           0 |           0 |           0 |           0 |           0 |           0 |           0 |           0 |           0 |           0 |           0 |           0 |           0 |           0 |           0 |           0 |           0 |           0 |           0 |           0 |           0 |           0 |           0 |           0 |           0 |           0 |           0 |           0 |           0 |           0 |           0 |           0 |           0 |           0 |           0 |    131.1772 |           0 |           0 |           0 |            0 |            0 |            0 |            0 |            0 |            0 |            0 |            0 |            0 |            0 |            0 |            0 |            0 |            0 |            0 |            0 |            0 |            0 |            0 |            0 |            0 |            0 |            0 |            0 |            0 |            0 |            0 |            0 |
| Memory write data volume [GBytes] |    352.0479 |          0 |          0 |          0 |          0 |          0 |          0 |          0 |          0 |          0 |           0 |           0 |           0 |           0 |           0 |           0 |           0 |           0 |           0 |           0 |           0 |           0 |           0 |           0 |           0 |           0 |           0 |           0 |           0 |           0 |           0 |           0 |           0 |           0 |           0 |           0 |           0 |           0 |           0 |           0 |           0 |           0 |           0 |           0 |           0 |           0 |           0 |           0 |           0 |           0 |           0 |           0 |           0 |           0 |           0 |           0 |           0 |           0 |           0 |           0 |           0 |           0 |           0 |           0 |           0 |           0 |           0 |           0 |           0 |           0 |           0 |           0 |           0 |           0 |           0 |           0 |           0 |           0 |           0 |           0 |           0 |           0 |           0 |           0 |           0 |           0 |           0 |           0 |           0 |           0 |           0 |           0 |           0 |           0 |           0 |           0 |     97.6450 |           0 |           0 |           0 |            0 |            0 |            0 |            0 |            0 |            0 |            0 |            0 |            0 |            0 |            0 |            0 |            0 |            0 |            0 |            0 |            0 |            0 |            0 |            0 |            0 |            0 |            0 |            0 |            0 |            0 |            0 |            0 |
|    Memory bandwidth [MBytes/s]    | 265089.6375 |          0 |          0 |          0 |          0 |          0 |          0 |          0 |          0 |          0 |           0 |           0 |           0 |           0 |           0 |           0 |           0 |           0 |           0 |           0 |           0 |           0 |           0 |           0 |           0 |           0 |           0 |           0 |           0 |           0 |           0 |           0 |           0 |           0 |           0 |           0 |           0 |           0 |           0 |           0 |           0 |           0 |           0 |           0 |           0 |           0 |           0 |           0 |           0 |           0 |           0 |           0 |           0 |           0 |           0 |           0 |           0 |           0 |           0 |           0 |           0 |           0 |           0 |           0 |           0 |           0 |           0 |           0 |           0 |           0 |           0 |           0 |           0 |           0 |           0 |           0 |           0 |           0 |           0 |           0 |           0 |           0 |           0 |           0 |           0 |           0 |           0 |           0 |           0 |           0 |           0 |           0 |           0 |           0 |           0 |           0 |  57585.5482 |           0 |           0 |           0 |            0 |            0 |            0 |            0 |            0 |            0 |            0 |            0 |            0 |            0 |            0 |            0 |            0 |            0 |            0 |            0 |            0 |            0 |            0 |            0 |            0 |            0 |            0 |            0 |            0 |            0 |            0 |            0 |
|    Memory data volume [GBytes]    | 204836.9631 |          0 |          0 |          0 |          0 |          0 |          0 |          0 |          0 |          0 |           0 |           0 |           0 |           0 |           0 |           0 |           0 |           0 |           0 |           0 |           0 |           0 |           0 |           0 |           0 |           0 |           0 |           0 |           0 |           0 |           0 |           0 |           0 |           0 |           0 |           0 |           0 |           0 |           0 |           0 |           0 |           0 |           0 |           0 |           0 |           0 |           0 |           0 |           0 |           0 |           0 |           0 |           0 |           0 |           0 |           0 |           0 |           0 |           0 |           0 |           0 |           0 |           0 |           0 |           0 |           0 |           0 |           0 |           0 |           0 |           0 |           0 |           0 |           0 |           0 |           0 |           0 |           0 |           0 |           0 |           0 |           0 |           0 |           0 |           0 |           0 |           0 |           0 |           0 |           0 |           0 |           0 |           0 |           0 |           0 |           0 |  42865.2482 |           0 |           0 |           0 |            0 |            0 |            0 |            0 |            0 |            0 |            0 |            0 |            0 |            0 |            0 |            0 |            0 |            0 |            0 |            0 |            0 |            0 |            0 |            0 |            0 |            0 |            0 |            0 |            0 |            0 |            0 |            0 |
+-----------------------------------+-------------+------------+------------+------------+------------+------------+------------+------------+------------+------------+-------------+-------------+-------------+-------------+-------------+-------------+-------------+-------------+-------------+-------------+-------------+-------------+-------------+-------------+-------------+-------------+-------------+-------------+-------------+-------------+-------------+-------------+-------------+-------------+-------------+-------------+-------------+-------------+-------------+-------------+-------------+-------------+-------------+-------------+-------------+-------------+-------------+-------------+-------------+-------------+-------------+-------------+-------------+-------------+-------------+-------------+-------------+-------------+-------------+-------------+-------------+-------------+-------------+-------------+-------------+-------------+-------------+-------------+-------------+-------------+-------------+-------------+-------------+-------------+-------------+-------------+-------------+-------------+-------------+-------------+-------------+-------------+-------------+-------------+-------------+-------------+-------------+-------------+-------------+-------------+-------------+-------------+-------------+-------------+-------------+-------------+-------------+-------------+-------------+-------------+--------------+--------------+--------------+--------------+--------------+--------------+--------------+--------------+--------------+--------------+--------------+--------------+--------------+--------------+--------------+--------------+--------------+--------------+--------------+--------------+--------------+--------------+--------------+--------------+--------------+--------------+--------------+--------------+

+----------------------------------------+-------------+-----------+-------------+-----------+
|                 Metric                 |     Sum     |    Min    |     Max     |    Avg    |
+----------------------------------------+-------------+-----------+-------------+-----------+
|        Runtime (RDTSC) [s] STAT        |  97107.8180 |  742.4064 |    774.2394 |  758.6548 |
|        Runtime unhalted [s] STAT       | 134581.0975 | 1049.9772 |   1054.9795 | 1051.4148 |
|            Clock [MHz] STAT            | 471804.7660 | 3681.6280 |   3697.2305 | 3685.9747 |
|                CPI STAT                |    164.0302 |    1.1762 |      1.5394 |    1.2815 |
|  Memory read bandwidth [MBytes/s] STAT | 322088.4060 |         0 | 264634.0349 | 2516.3157 |
|  Memory read data volume [GBytes] STAT | 247252.5184 |         0 | 204484.9152 | 1931.6603 |
| Memory write bandwidth [MBytes/s] STAT |    586.7798 |         0 |    455.6026 |    4.5842 |
| Memory write data volume [GBytes] STAT |    449.6929 |         0 |    352.0479 |    3.5132 |
|    Memory bandwidth [MBytes/s] STAT    | 322675.1857 |         0 | 265089.6375 | 2520.8999 |
|    Memory data volume [GBytes] STAT    | 247702.2113 |         0 | 204836.9631 | 1935.1735 |
+----------------------------------------+-------------+-----------+-------------+-----------+

