INFO: You are running LIKWID in a cpuset with 144 CPUs. Taking given IDs as logical ID in cpuset
--------------------------------------------------------------------------------
CPU name:	AMD EPYC 9A14 96-Core Processor                
CPU type:	AMD K19 (Zen4) architecture
CPU clock:	2.60 GHz
--------------------------------------------------------------------------------
Sys.CPU_THREADS       192
SLURM_CPUS_PER_TASK   144
OMP_NUM_THREADS       144
OMP_PROC_BIND         close
OMP_PLACES            cores
BLAS_NUM_THREADS      1
Threads.nthreads()    1

Successfully read data from: /public/home/halili/jld2file/cc-pvdz/h2o-1.0-cc-pvdz.jld2
  name: h2o
  ratio: 1.0
  basis: cc-pvdz
  nα: 5, nβ: 5, ne: 10, norb: 24, nq: 48

  ngs: 25495
  ncs: 128793

Warming up JIT and Hardware...
Warm-up completed.
  Step 001:  residual: 9.9885e-01,  e: -76.02676073376622
  Step 002:  residual: 3.3618e-01,  e: -76.22561643779889
  Step 003:  residual: 9.9286e-02,  e: -76.24222290584416
  Step 004:  residual: 3.2400e-02,  e: -76.24360734427403
  Step 005:  residual: 1.2871e-02,  e: -76.24376885653814
  Step 006:  residual: 4.3599e-03,  e: -76.24379383490455
  Step 007:  residual: 1.6905e-03,  e: -76.24379667642258
  Step 008:  residual: 7.0448e-04,  e: -76.24379712049115
  Step 009:  residual: 3.1828e-04,  e: -76.24379720589890
  Step 010:  residual: 1.2649e-04,  e: -76.24379722155587
  Step 011:  residual: 4.7677e-05,  e: -76.24379722386428
  Step 012:  residual: 1.7064e-05,  e: -76.24379722415692
  Step 013:  residual: 6.0873e-06,  e: -76.24379722419391

Convergence reached!
774.201813 seconds (7.21 M allocations: 91.224 GiB, 0.07% gc time, 0.26% compilation time)
--------------------------------------------------------------------------------
Region hvec_direct_agg, Group 1: MEM
+-------------------+------------+------------+------------+------------+------------+------------+------------+------------+------------+------------+-------------+-------------+-------------+-------------+-------------+-------------+-------------+-------------+-------------+-------------+-------------+-------------+-------------+-------------+-------------+-------------+-------------+-------------+-------------+-------------+-------------+-------------+-------------+-------------+-------------+-------------+-------------+-------------+-------------+-------------+-------------+-------------+-------------+-------------+-------------+-------------+-------------+-------------+-------------+-------------+-------------+-------------+-------------+-------------+-------------+-------------+-------------+-------------+-------------+-------------+-------------+-------------+-------------+-------------+-------------+-------------+-------------+-------------+-------------+-------------+-------------+-------------+-------------+-------------+-------------+-------------+-------------+-------------+-------------+-------------+-------------+-------------+-------------+-------------+-------------+-------------+-------------+-------------+-------------+-------------+-------------+-------------+-------------+-------------+-------------+-------------+-------------+-------------+-------------+-------------+--------------+--------------+--------------+--------------+--------------+--------------+--------------+--------------+--------------+--------------+--------------+--------------+--------------+--------------+--------------+--------------+--------------+--------------+--------------+--------------+--------------+--------------+--------------+--------------+--------------+--------------+--------------+--------------+--------------+--------------+--------------+--------------+--------------+--------------+--------------+--------------+--------------+--------------+--------------+--------------+--------------+--------------+--------------+--------------+
|    Region Info    | HWThread 0 | HWThread 1 | HWThread 2 | HWThread 3 | HWThread 4 | HWThread 5 | HWThread 6 | HWThread 7 | HWThread 8 | HWThread 9 | HWThread 10 | HWThread 11 | HWThread 12 | HWThread 13 | HWThread 14 | HWThread 15 | HWThread 16 | HWThread 17 | HWThread 18 | HWThread 19 | HWThread 20 | HWThread 21 | HWThread 22 | HWThread 23 | HWThread 24 | HWThread 25 | HWThread 26 | HWThread 27 | HWThread 28 | HWThread 29 | HWThread 30 | HWThread 31 | HWThread 32 | HWThread 33 | HWThread 34 | HWThread 35 | HWThread 36 | HWThread 37 | HWThread 38 | HWThread 39 | HWThread 40 | HWThread 41 | HWThread 42 | HWThread 43 | HWThread 44 | HWThread 45 | HWThread 46 | HWThread 47 | HWThread 48 | HWThread 49 | HWThread 50 | HWThread 51 | HWThread 52 | HWThread 53 | HWThread 54 | HWThread 55 | HWThread 56 | HWThread 57 | HWThread 58 | HWThread 59 | HWThread 60 | HWThread 61 | HWThread 62 | HWThread 63 | HWThread 64 | HWThread 65 | HWThread 66 | HWThread 67 | HWThread 68 | HWThread 69 | HWThread 70 | HWThread 71 | HWThread 72 | HWThread 73 | HWThread 74 | HWThread 75 | HWThread 76 | HWThread 77 | HWThread 78 | HWThread 79 | HWThread 80 | HWThread 81 | HWThread 82 | HWThread 83 | HWThread 84 | HWThread 85 | HWThread 86 | HWThread 87 | HWThread 88 | HWThread 89 | HWThread 90 | HWThread 91 | HWThread 92 | HWThread 93 | HWThread 94 | HWThread 95 | HWThread 96 | HWThread 97 | HWThread 98 | HWThread 99 | HWThread 100 | HWThread 101 | HWThread 102 | HWThread 103 | HWThread 104 | HWThread 105 | HWThread 106 | HWThread 107 | HWThread 108 | HWThread 109 | HWThread 110 | HWThread 111 | HWThread 112 | HWThread 113 | HWThread 114 | HWThread 115 | HWThread 116 | HWThread 117 | HWThread 118 | HWThread 119 | HWThread 120 | HWThread 121 | HWThread 122 | HWThread 123 | HWThread 124 | HWThread 125 | HWThread 126 | HWThread 127 | HWThread 128 | HWThread 129 | HWThread 130 | HWThread 131 | HWThread 132 | HWThread 133 | HWThread 134 | HWThread 135 | HWThread 136 | HWThread 137 | HWThread 138 | HWThread 139 | HWThread 140 | HWThread 141 | HWThread 142 | HWThread 143 |
+-------------------+------------+------------+------------+------------+------------+------------+------------+------------+------------+------------+-------------+-------------+-------------+-------------+-------------+-------------+-------------+-------------+-------------+-------------+-------------+-------------+-------------+-------------+-------------+-------------+-------------+-------------+-------------+-------------+-------------+-------------+-------------+-------------+-------------+-------------+-------------+-------------+-------------+-------------+-------------+-------------+-------------+-------------+-------------+-------------+-------------+-------------+-------------+-------------+-------------+-------------+-------------+-------------+-------------+-------------+-------------+-------------+-------------+-------------+-------------+-------------+-------------+-------------+-------------+-------------+-------------+-------------+-------------+-------------+-------------+-------------+-------------+-------------+-------------+-------------+-------------+-------------+-------------+-------------+-------------+-------------+-------------+-------------+-------------+-------------+-------------+-------------+-------------+-------------+-------------+-------------+-------------+-------------+-------------+-------------+-------------+-------------+-------------+-------------+--------------+--------------+--------------+--------------+--------------+--------------+--------------+--------------+--------------+--------------+--------------+--------------+--------------+--------------+--------------+--------------+--------------+--------------+--------------+--------------+--------------+--------------+--------------+--------------+--------------+--------------+--------------+--------------+--------------+--------------+--------------+--------------+--------------+--------------+--------------+--------------+--------------+--------------+--------------+--------------+--------------+--------------+--------------+--------------+
| RDTSC Runtime [s] | 751.749600 | 756.382400 | 752.056300 | 735.750500 | 737.568800 | 739.468500 | 735.751900 | 725.899700 | 733.568300 | 733.568800 |  755.156400 |  740.676100 |  740.068300 |  731.482100 |  754.243200 |  756.691700 |  754.555600 |  749.423300 |  731.807200 |  714.304600 |  737.263600 |  742.717300 |  736.274900 |  750.046800 |  721.627400 |  743.634000 |  734.395700 |  732.105000 |  743.634100 |  734.396500 |  748.209900 |  732.105800 |  741.286500 |  734.920500 |  723.872800 |  747.216700 |  743.326200 |  732.943600 |  755.463100 |  744.465100 |  729.142000 |  727.803900 |  730.799200 |  745.931700 |  727.802600 |  713.741900 |  732.639700 |  738.546000 |  728.327600 |  728.327100 |  731.172900 |  753.634600 |  748.583100 |  720.951600 |  715.455900 |  715.456200 |  741.594100 |  729.448200 |  755.766400 |  753.941000 |  725.018900 |  729.447700 |  725.019800 |  729.447700 |  730.184400 |  713.982800 |  727.437400 |  714.611400 |  748.898900 |  728.843500 |  714.917900 |  748.897600 |  743.020600 |  738.178700 |  725.594300 |  741.899900 |  723.501900 |  744.156700 |  751.379500 |  714.917000 |  734.095200 |  742.204900 |  742.204600 |  724.181300 |  736.894400 |  724.182000 |  756.070200 |  733.262100 |  739.465700 |  753.263500 |  754.853600 |  751.752800 |  740.372500 |  735.222300 |  735.222900 |  740.980800 |  745.928900 |  720.289100 |  751.018700 |  717.374400 |   752.666000 |   752.391600 |   744.465600 |   719.560500 |   724.181700 |   725.898200 |   750.416400 |   750.416600 |   726.587400 |   726.587300 |   726.587900 |   718.461600 |   717.739400 |   756.692200 |   719.194100 |   736.274200 |   737.264000 |   749.206900 |   738.859200 |   738.859000 |   747.591400 |   722.310500 |   746.339500 |   722.310900 |   746.622500 |   722.310700 |   720.288300 |   747.591500 |   718.099400 |   752.055100 |   716.301400 |   716.301000 |   718.826700 |   716.301000 |   721.627300 |   716.902600 |   715.455300 |   745.089300 |   719.921600 |   720.952000 |   745.089000 |   730.183900 |   723.139500 |   745.089000 |
|     call count    |         13 |         13 |         13 |         13 |         13 |         13 |         13 |         13 |         13 |         13 |          13 |          13 |          13 |          13 |          13 |          13 |          13 |          13 |          13 |          13 |          13 |          13 |          13 |          13 |          13 |          13 |          13 |          13 |          13 |          13 |          13 |          13 |          13 |          13 |          13 |          13 |          13 |          13 |          13 |          13 |          13 |          13 |          13 |          13 |          13 |          13 |          13 |          13 |          13 |          13 |          13 |          13 |          13 |          13 |          13 |          13 |          13 |          13 |          13 |          13 |          13 |          13 |          13 |          13 |          13 |          13 |          13 |          13 |          13 |          13 |          13 |          13 |          13 |          13 |          13 |          13 |          13 |          13 |          13 |          13 |          13 |          13 |          13 |          13 |          13 |          13 |          13 |          13 |          13 |          13 |          13 |          13 |          13 |          13 |          13 |          13 |          13 |          13 |          13 |          13 |           13 |           13 |           13 |           13 |           13 |           13 |           13 |           13 |           13 |           13 |           13 |           13 |           13 |           13 |           13 |           13 |           13 |           13 |           13 |           13 |           13 |           13 |           13 |           13 |           13 |           13 |           13 |           13 |           13 |           13 |           13 |           13 |           13 |           13 |           13 |           13 |           13 |           13 |           13 |           13 |           13 |           13 |           13 |           13 |
+-------------------+------------+------------+------------+------------+------------+------------+------------+------------+------------+------------+-------------+-------------+-------------+-------------+-------------+-------------+-------------+-------------+-------------+-------------+-------------+-------------+-------------+-------------+-------------+-------------+-------------+-------------+-------------+-------------+-------------+-------------+-------------+-------------+-------------+-------------+-------------+-------------+-------------+-------------+-------------+-------------+-------------+-------------+-------------+-------------+-------------+-------------+-------------+-------------+-------------+-------------+-------------+-------------+-------------+-------------+-------------+-------------+-------------+-------------+-------------+-------------+-------------+-------------+-------------+-------------+-------------+-------------+-------------+-------------+-------------+-------------+-------------+-------------+-------------+-------------+-------------+-------------+-------------+-------------+-------------+-------------+-------------+-------------+-------------+-------------+-------------+-------------+-------------+-------------+-------------+-------------+-------------+-------------+-------------+-------------+-------------+-------------+-------------+-------------+--------------+--------------+--------------+--------------+--------------+--------------+--------------+--------------+--------------+--------------+--------------+--------------+--------------+--------------+--------------+--------------+--------------+--------------+--------------+--------------+--------------+--------------+--------------+--------------+--------------+--------------+--------------+--------------+--------------+--------------+--------------+--------------+--------------+--------------+--------------+--------------+--------------+--------------+--------------+--------------+--------------+--------------+--------------+--------------+

+----------------------+---------+---------------+---------------+---------------+---------------+---------------+---------------+---------------+---------------+---------------+---------------+---------------+---------------+---------------+---------------+---------------+---------------+---------------+---------------+---------------+---------------+---------------+---------------+---------------+---------------+---------------+---------------+---------------+---------------+---------------+---------------+---------------+---------------+---------------+---------------+---------------+---------------+---------------+---------------+---------------+---------------+---------------+---------------+---------------+---------------+---------------+---------------+---------------+---------------+---------------+---------------+---------------+---------------+---------------+---------------+---------------+---------------+---------------+---------------+---------------+---------------+---------------+---------------+---------------+---------------+---------------+---------------+---------------+---------------+---------------+---------------+---------------+---------------+---------------+---------------+---------------+---------------+---------------+---------------+---------------+---------------+---------------+---------------+---------------+---------------+---------------+---------------+---------------+---------------+---------------+---------------+---------------+---------------+---------------+---------------+---------------+---------------+---------------+---------------+---------------+---------------+---------------+---------------+---------------+---------------+---------------+---------------+---------------+---------------+---------------+---------------+---------------+---------------+---------------+---------------+---------------+---------------+---------------+---------------+---------------+---------------+---------------+---------------+---------------+---------------+---------------+---------------+---------------+---------------+---------------+---------------+---------------+---------------+---------------+---------------+---------------+---------------+---------------+---------------+---------------+---------------+---------------+---------------+---------------+---------------+
|         Event        | Counter |   HWThread 0  |   HWThread 1  |   HWThread 2  |   HWThread 3  |   HWThread 4  |   HWThread 5  |   HWThread 6  |   HWThread 7  |   HWThread 8  |   HWThread 9  |  HWThread 10  |  HWThread 11  |  HWThread 12  |  HWThread 13  |  HWThread 14  |  HWThread 15  |  HWThread 16  |  HWThread 17  |  HWThread 18  |  HWThread 19  |  HWThread 20  |  HWThread 21  |  HWThread 22  |  HWThread 23  |  HWThread 24  |  HWThread 25  |  HWThread 26  |  HWThread 27  |  HWThread 28  |  HWThread 29  |  HWThread 30  |  HWThread 31  |  HWThread 32  |  HWThread 33  |  HWThread 34  |  HWThread 35  |  HWThread 36  |  HWThread 37  |  HWThread 38  |  HWThread 39  |  HWThread 40  |  HWThread 41  |  HWThread 42  |  HWThread 43  |  HWThread 44  |  HWThread 45  |  HWThread 46  |  HWThread 47  |  HWThread 48  |  HWThread 49  |  HWThread 50  |  HWThread 51  |  HWThread 52  |  HWThread 53  |  HWThread 54  |  HWThread 55  |  HWThread 56  |  HWThread 57  |  HWThread 58  |  HWThread 59  |  HWThread 60  |  HWThread 61  |  HWThread 62  |  HWThread 63  |  HWThread 64  |  HWThread 65  |  HWThread 66  |  HWThread 67  |  HWThread 68  |  HWThread 69  |  HWThread 70  |  HWThread 71  |  HWThread 72  |  HWThread 73  |  HWThread 74  |  HWThread 75  |  HWThread 76  |  HWThread 77  |  HWThread 78  |  HWThread 79  |  HWThread 80  |  HWThread 81  |  HWThread 82  |  HWThread 83  |  HWThread 84  |  HWThread 85  |  HWThread 86  |  HWThread 87  |  HWThread 88  |  HWThread 89  |  HWThread 90  |  HWThread 91  |  HWThread 92  |  HWThread 93  |  HWThread 94  |  HWThread 95  |  HWThread 96  |  HWThread 97  |  HWThread 98  |  HWThread 99  |  HWThread 100 |  HWThread 101 |  HWThread 102 |  HWThread 103 |  HWThread 104 |  HWThread 105 |  HWThread 106 |  HWThread 107 |  HWThread 108 |  HWThread 109 |  HWThread 110 |  HWThread 111 |  HWThread 112 |  HWThread 113 |  HWThread 114 |  HWThread 115 |  HWThread 116 |  HWThread 117 |  HWThread 118 |  HWThread 119 |  HWThread 120 |  HWThread 121 |  HWThread 122 |  HWThread 123 |  HWThread 124 |  HWThread 125 |  HWThread 126 |  HWThread 127 |  HWThread 128 |  HWThread 129 |  HWThread 130 |  HWThread 131 |  HWThread 132 |  HWThread 133 |  HWThread 134 |  HWThread 135 |  HWThread 136 |  HWThread 137 |  HWThread 138 |  HWThread 139 |  HWThread 140 |  HWThread 141 |  HWThread 142 |  HWThread 143 |
+----------------------+---------+---------------+---------------+---------------+---------------+---------------+---------------+---------------+---------------+---------------+---------------+---------------+---------------+---------------+---------------+---------------+---------------+---------------+---------------+---------------+---------------+---------------+---------------+---------------+---------------+---------------+---------------+---------------+---------------+---------------+---------------+---------------+---------------+---------------+---------------+---------------+---------------+---------------+---------------+---------------+---------------+---------------+---------------+---------------+---------------+---------------+---------------+---------------+---------------+---------------+---------------+---------------+---------------+---------------+---------------+---------------+---------------+---------------+---------------+---------------+---------------+---------------+---------------+---------------+---------------+---------------+---------------+---------------+---------------+---------------+---------------+---------------+---------------+---------------+---------------+---------------+---------------+---------------+---------------+---------------+---------------+---------------+---------------+---------------+---------------+---------------+---------------+---------------+---------------+---------------+---------------+---------------+---------------+---------------+---------------+---------------+---------------+---------------+---------------+---------------+---------------+---------------+---------------+---------------+---------------+---------------+---------------+---------------+---------------+---------------+---------------+---------------+---------------+---------------+---------------+---------------+---------------+---------------+---------------+---------------+---------------+---------------+---------------+---------------+---------------+---------------+---------------+---------------+---------------+---------------+---------------+---------------+---------------+---------------+---------------+---------------+---------------+---------------+---------------+---------------+---------------+---------------+---------------+---------------+---------------+
|   ACTUAL_CPU_CLOCK   |  FIXC1  | 2628422000000 | 2625299000000 | 2625718000000 | 2625295000000 | 2625845000000 | 2625006000000 | 2626109000000 | 2625632000000 | 2625615000000 | 2625060000000 | 2625232000000 | 2625409000000 | 2625601000000 | 2625174000000 | 2626465000000 | 2625204000000 | 2625967000000 | 2625563000000 | 2625855000000 | 2625625000000 | 2626128000000 | 2626206000000 | 2625457000000 | 2625238000000 | 2625959000000 | 2626044000000 | 2625654000000 | 2626188000000 | 2624832000000 | 2626306000000 | 2625584000000 | 2625535000000 | 2624937000000 | 2625604000000 | 2625555000000 | 2625524000000 | 2625609000000 | 2624565000000 | 2625227000000 | 2625332000000 | 2626035000000 | 2625378000000 | 2626101000000 | 2626235000000 | 2625890000000 | 2625878000000 | 2625638000000 | 2625837000000 | 2625666000000 | 2625870000000 | 2626240000000 | 2625816000000 | 2625959000000 | 2625693000000 | 2625398000000 | 2625986000000 | 2624842000000 | 2624879000000 | 2625287000000 | 2624724000000 | 2624900000000 | 2625390000000 | 2624641000000 | 2625288000000 | 2626161000000 | 2625859000000 | 2625827000000 | 2625642000000 | 2626199000000 | 2626395000000 | 2626504000000 | 2626176000000 | 2626383000000 | 2625881000000 | 2625357000000 | 2626369000000 | 2626450000000 | 2626141000000 | 2625853000000 | 2626384000000 | 2624817000000 | 2625135000000 | 2625502000000 | 2625366000000 | 2625313000000 | 2625634000000 | 2625541000000 | 2625512000000 | 2625414000000 | 2625643000000 | 2625795000000 | 2625887000000 | 2626061000000 | 2625899000000 | 2625432000000 | 2626091000000 | 2636058000000 | 2635841000000 | 2636423000000 | 2636275000000 | 2636189000000 | 2636116000000 | 2636194000000 | 2636358000000 | 2635287000000 | 2635566000000 | 2635536000000 | 2635618000000 | 2635643000000 | 2634821000000 | 2636036000000 | 2635684000000 | 2636674000000 | 2635000000000 | 2635861000000 | 2636722000000 | 2636193000000 | 2636419000000 | 2636330000000 | 2636523000000 | 2635513000000 | 2636245000000 | 2635432000000 | 2635897000000 | 2635823000000 | 2635625000000 | 2636595000000 | 2636199000000 | 2636111000000 | 2636419000000 | 2636293000000 | 2636067000000 | 2635773000000 | 2636064000000 | 2635555000000 | 2636014000000 | 2636361000000 | 2636649000000 | 2636794000000 | 2636480000000 | 2635839000000 | 2637062000000 | 2636302000000 | 2636757000000 |
|     MAX_CPU_CLOCK    |  FIXC2  | 1855320000000 | 1853814000000 | 1853767000000 | 1853475000000 | 1853885000000 | 1853309000000 | 1854052000000 | 1853718000000 | 1853725000000 | 1853338000000 | 1853442000000 | 1853503000000 | 1853684000000 | 1853405000000 | 1854192000000 | 1853337000000 | 1853836000000 | 1853701000000 | 1853962000000 | 1853794000000 | 1854081000000 | 1854023000000 | 1853686000000 | 1853410000000 | 1853948000000 | 1854020000000 | 1853641000000 | 1854020000000 | 1853194000000 | 1854211000000 | 1853704000000 | 1853533000000 | 1853206000000 | 1853752000000 | 1853550000000 | 1853660000000 | 1853703000000 | 1852998000000 | 1853362000000 | 1853522000000 | 1854025000000 | 1853544000000 | 1854003000000 | 1854055000000 | 1853886000000 | 1853745000000 | 1853750000000 | 1853693000000 | 1853712000000 | 1853921000000 | 1854019000000 | 1853732000000 | 1853973000000 | 1853768000000 | 1853563000000 | 1853947000000 | 1853174000000 | 1853260000000 | 1853526000000 | 1853179000000 | 1853260000000 | 1853473000000 | 1853019000000 | 1853526000000 | 1854129000000 | 1853881000000 | 1853756000000 | 1853791000000 | 1854116000000 | 1854291000000 | 1854280000000 | 1854083000000 | 1854104000000 | 1853921000000 | 1853587000000 | 1854235000000 | 1854284000000 | 1854111000000 | 1853895000000 | 1854229000000 | 1853158000000 | 1853441000000 | 1853629000000 | 1853555000000 | 1853511000000 | 1853731000000 | 1853538000000 | 1853513000000 | 1853599000000 | 1853729000000 | 1853735000000 | 1853912000000 | 1853949000000 | 1853898000000 | 1853589000000 | 1853960000000 | 1853980000000 | 1853684000000 | 1854222000000 | 1854097000000 | 1854052000000 | 1853987000000 | 1854045000000 | 1854066000000 | 1853407000000 | 1853599000000 | 1853595000000 | 1853405000000 | 1853555000000 | 1853099000000 | 1853895000000 | 1853679000000 | 1854351000000 | 1853116000000 | 1853832000000 | 1854400000000 | 1854113000000 | 1854209000000 | 1854125000000 | 1854277000000 | 1853588000000 | 1854067000000 | 1853575000000 | 1853827000000 | 1853787000000 | 1853612000000 | 1854351000000 | 1853947000000 | 1853995000000 | 1854108000000 | 1854086000000 | 1853828000000 | 1853736000000 | 1853903000000 | 1853616000000 | 1853701000000 | 1854174000000 | 1854261000000 | 1854454000000 | 1854223000000 | 1853848000000 | 1854662000000 | 1854115000000 | 1854451000000 |
| RETIRED_INSTRUCTIONS |   PMC0  | 1821433000000 | 1822278000000 | 1825293000000 | 1818213000000 | 1831506000000 | 1817837000000 | 1824930000000 | 1826463000000 | 2099053000000 | 2107186000000 | 2105346000000 | 2099744000000 | 2093496000000 | 2098571000000 | 2103931000000 | 2100344000000 | 1856160000000 | 1850978000000 | 1867307000000 | 1852487000000 | 1850924000000 | 1850327000000 | 1856127000000 | 1857607000000 | 1832125000000 | 1834778000000 | 1827355000000 | 1826945000000 | 1832507000000 | 1830882000000 | 1831017000000 | 1829839000000 | 2080096000000 | 2079265000000 | 2087052000000 | 2091570000000 | 2087055000000 | 2081062000000 | 2082867000000 | 2084648000000 | 1851368000000 | 1846761000000 | 1854948000000 | 1845068000000 | 1850586000000 | 1839649000000 | 1842235000000 | 1840823000000 | 1847799000000 | 1843950000000 | 1850266000000 | 1846962000000 | 1860946000000 | 1843666000000 | 1841073000000 | 1844975000000 | 2114364000000 | 2103334000000 | 2107963000000 | 2097711000000 | 2113122000000 | 2103166000000 | 2111659000000 | 2103688000000 | 1853778000000 | 1864517000000 | 1863167000000 | 1856776000000 | 1856168000000 | 1862154000000 | 1869379000000 | 1847580000000 | 1825737000000 | 1822630000000 | 1825887000000 | 1825595000000 | 1816111000000 | 1820072000000 | 1816314000000 | 1819228000000 | 2097856000000 | 2105003000000 | 2098764000000 | 2103704000000 | 2098668000000 | 2101404000000 | 2095844000000 | 2087666000000 | 1859694000000 | 1858317000000 | 1856054000000 | 1851317000000 | 1854215000000 | 1848947000000 | 1859222000000 | 1854237000000 | 1670996000000 | 1685727000000 | 1690984000000 | 1682185000000 | 1684879000000 | 1685468000000 | 1677533000000 | 1678682000000 | 2043713000000 | 2046489000000 | 2042267000000 | 2044683000000 | 2037860000000 | 2033972000000 | 2039290000000 | 2042813000000 | 1701016000000 | 1704084000000 | 1700851000000 | 1703754000000 | 1705353000000 | 1705533000000 | 1695162000000 | 1692833000000 | 1683860000000 | 1679488000000 | 1683038000000 | 1677731000000 | 1682637000000 | 1682788000000 | 1687244000000 | 1681278000000 | 2033269000000 | 2036643000000 | 2034459000000 | 2035022000000 | 2042209000000 | 2031947000000 | 2030374000000 | 2031779000000 | 1698263000000 | 1694495000000 | 1697660000000 | 1687628000000 | 1688736000000 | 1692398000000 | 1692568000000 | 1685942000000 |
|  CPU_CLOCKS_UNHALTED |   PMC1  | 2610638000000 | 2608786000000 | 2610414000000 | 2608944000000 | 2610276000000 | 2609525000000 | 2610842000000 | 2609567000000 | 2607982000000 | 2608979000000 | 2608846000000 | 2608587000000 | 2608769000000 | 2608725000000 | 2610185000000 | 2608832000000 | 2609667000000 | 2610198000000 | 2609571000000 | 2609471000000 | 2610987000000 | 2610017000000 | 2609530000000 | 2609013000000 | 2610357000000 | 2609386000000 | 2609708000000 | 2609372000000 | 2609308000000 | 2609982000000 | 2610195000000 | 2608932000000 | 2608144000000 | 2608970000000 | 2608742000000 | 2608940000000 | 2608308000000 | 2607486000000 | 2608399000000 | 2608305000000 | 2610401000000 | 2609762000000 | 2610203000000 | 2610912000000 | 2610180000000 | 2610116000000 | 2609647000000 | 2610697000000 | 2609305000000 | 2609730000000 | 2609874000000 | 2609414000000 | 2609789000000 | 2609562000000 | 2609120000000 | 2609559000000 | 2608390000000 | 2608039000000 | 2608858000000 | 2608517000000 | 2608424000000 | 2608846000000 | 2607479000000 | 2608250000000 | 2609995000000 | 2608962000000 | 2609908000000 | 2609063000000 | 2610123000000 | 2609542000000 | 2609880000000 | 2609827000000 | 2609455000000 | 2609363000000 | 2608903000000 | 2609949000000 | 2609874000000 | 2610190000000 | 2609884000000 | 2610090000000 | 2607709000000 | 2608349000000 | 2608554000000 | 2608561000000 | 2608343000000 | 2608639000000 | 2608419000000 | 2608404000000 | 2609753000000 | 2610012000000 | 2609852000000 | 2609967000000 | 2610015000000 | 2610118000000 | 2610096000000 | 2610482000000 | 2622108000000 | 2622577000000 | 2623276000000 | 2622490000000 | 2622687000000 | 2623208000000 | 2622677000000 | 2623148000000 | 2620299000000 | 2620282000000 | 2620930000000 | 2620439000000 | 2620853000000 | 2619886000000 | 2620998000000 | 2620843000000 | 2623195000000 | 2621577000000 | 2622260000000 | 2623207000000 | 2622604000000 | 2623177000000 | 2622628000000 | 2623040000000 | 2622128000000 | 2622292000000 | 2621494000000 | 2622359000000 | 2621846000000 | 2621988000000 | 2622298000000 | 2622790000000 | 2621539000000 | 2621574000000 | 2621780000000 | 2621412000000 | 2621136000000 | 2621230000000 | 2620392000000 | 2621077000000 | 2622297000000 | 2622926000000 | 2623094000000 | 2622661000000 | 2622451000000 | 2622942000000 | 2622518000000 | 2622356000000 |
|      CAS_CMD_RD      |  UMC0C0 |  223531200000 |             0 |             0 |             0 |             0 |             0 |             0 |             0 |             0 |             0 |             0 |             0 |             0 |             0 |             0 |             0 |             0 |             0 |             0 |             0 |             0 |             0 |             0 |             0 |             0 |             0 |             0 |             0 |             0 |             0 |             0 |             0 |             0 |             0 |             0 |             0 |             0 |             0 |             0 |             0 |             0 |             0 |             0 |             0 |             0 |             0 |             0 |             0 |             0 |             0 |             0 |             0 |             0 |             0 |             0 |             0 |             0 |             0 |             0 |             0 |             0 |             0 |             0 |             0 |             0 |             0 |             0 |             0 |             0 |             0 |             0 |             0 |             0 |             0 |             0 |             0 |             0 |             0 |             0 |             0 |             0 |             0 |             0 |             0 |             0 |             0 |             0 |             0 |             0 |             0 |             0 |             0 |             0 |             0 |             0 |             0 |  101374900000 |             0 |             0 |             0 |             0 |             0 |             0 |             0 |             0 |             0 |             0 |             0 |             0 |             0 |             0 |             0 |             0 |             0 |             0 |             0 |             0 |             0 |             0 |             0 |             0 |             0 |             0 |             0 |             0 |             0 |             0 |             0 |             0 |             0 |             0 |             0 |             0 |             0 |             0 |             0 |             0 |             0 |             0 |             0 |             0 |             0 |             0 |             0 |
|      CAS_CMD_WR      |  UMC0C1 |     428405800 |             0 |             0 |             0 |             0 |             0 |             0 |             0 |             0 |             0 |             0 |             0 |             0 |             0 |             0 |             0 |             0 |             0 |             0 |             0 |             0 |             0 |             0 |             0 |             0 |             0 |             0 |             0 |             0 |             0 |             0 |             0 |             0 |             0 |             0 |             0 |             0 |             0 |             0 |             0 |             0 |             0 |             0 |             0 |             0 |             0 |             0 |             0 |             0 |             0 |             0 |             0 |             0 |             0 |             0 |             0 |             0 |             0 |             0 |             0 |             0 |             0 |             0 |             0 |             0 |             0 |             0 |             0 |             0 |             0 |             0 |             0 |             0 |             0 |             0 |             0 |             0 |             0 |             0 |             0 |             0 |             0 |             0 |             0 |             0 |             0 |             0 |             0 |             0 |             0 |             0 |             0 |             0 |             0 |             0 |             0 |     203554500 |             0 |             0 |             0 |             0 |             0 |             0 |             0 |             0 |             0 |             0 |             0 |             0 |             0 |             0 |             0 |             0 |             0 |             0 |             0 |             0 |             0 |             0 |             0 |             0 |             0 |             0 |             0 |             0 |             0 |             0 |             0 |             0 |             0 |             0 |             0 |             0 |             0 |             0 |             0 |             0 |             0 |             0 |             0 |             0 |             0 |             0 |             0 |
|      CAS_CMD_RD      |  UMC1C0 |  223336700000 |             0 |             0 |             0 |             0 |             0 |             0 |             0 |             0 |             0 |             0 |             0 |             0 |             0 |             0 |             0 |             0 |             0 |             0 |             0 |             0 |             0 |             0 |             0 |             0 |             0 |             0 |             0 |             0 |             0 |             0 |             0 |             0 |             0 |             0 |             0 |             0 |             0 |             0 |             0 |             0 |             0 |             0 |             0 |             0 |             0 |             0 |             0 |             0 |             0 |             0 |             0 |             0 |             0 |             0 |             0 |             0 |             0 |             0 |             0 |             0 |             0 |             0 |             0 |             0 |             0 |             0 |             0 |             0 |             0 |             0 |             0 |             0 |             0 |             0 |             0 |             0 |             0 |             0 |             0 |             0 |             0 |             0 |             0 |             0 |             0 |             0 |             0 |             0 |             0 |             0 |             0 |             0 |             0 |             0 |             0 |  101809800000 |             0 |             0 |             0 |             0 |             0 |             0 |             0 |             0 |             0 |             0 |             0 |             0 |             0 |             0 |             0 |             0 |             0 |             0 |             0 |             0 |             0 |             0 |             0 |             0 |             0 |             0 |             0 |             0 |             0 |             0 |             0 |             0 |             0 |             0 |             0 |             0 |             0 |             0 |             0 |             0 |             0 |             0 |             0 |             0 |             0 |             0 |             0 |
|      CAS_CMD_WR      |  UMC1C1 |     427133900 |             0 |             0 |             0 |             0 |             0 |             0 |             0 |             0 |             0 |             0 |             0 |             0 |             0 |             0 |             0 |             0 |             0 |             0 |             0 |             0 |             0 |             0 |             0 |             0 |             0 |             0 |             0 |             0 |             0 |             0 |             0 |             0 |             0 |             0 |             0 |             0 |             0 |             0 |             0 |             0 |             0 |             0 |             0 |             0 |             0 |             0 |             0 |             0 |             0 |             0 |             0 |             0 |             0 |             0 |             0 |             0 |             0 |             0 |             0 |             0 |             0 |             0 |             0 |             0 |             0 |             0 |             0 |             0 |             0 |             0 |             0 |             0 |             0 |             0 |             0 |             0 |             0 |             0 |             0 |             0 |             0 |             0 |             0 |             0 |             0 |             0 |             0 |             0 |             0 |             0 |             0 |             0 |             0 |             0 |             0 |     204778900 |             0 |             0 |             0 |             0 |             0 |             0 |             0 |             0 |             0 |             0 |             0 |             0 |             0 |             0 |             0 |             0 |             0 |             0 |             0 |             0 |             0 |             0 |             0 |             0 |             0 |             0 |             0 |             0 |             0 |             0 |             0 |             0 |             0 |             0 |             0 |             0 |             0 |             0 |             0 |             0 |             0 |             0 |             0 |             0 |             0 |             0 |             0 |
|      CAS_CMD_RD      |  UMC2C0 |  223646600000 |             0 |             0 |             0 |             0 |             0 |             0 |             0 |             0 |             0 |             0 |             0 |             0 |             0 |             0 |             0 |             0 |             0 |             0 |             0 |             0 |             0 |             0 |             0 |             0 |             0 |             0 |             0 |             0 |             0 |             0 |             0 |             0 |             0 |             0 |             0 |             0 |             0 |             0 |             0 |             0 |             0 |             0 |             0 |             0 |             0 |             0 |             0 |             0 |             0 |             0 |             0 |             0 |             0 |             0 |             0 |             0 |             0 |             0 |             0 |             0 |             0 |             0 |             0 |             0 |             0 |             0 |             0 |             0 |             0 |             0 |             0 |             0 |             0 |             0 |             0 |             0 |             0 |             0 |             0 |             0 |             0 |             0 |             0 |             0 |             0 |             0 |             0 |             0 |             0 |             0 |             0 |             0 |             0 |             0 |             0 |  101675700000 |             0 |             0 |             0 |             0 |             0 |             0 |             0 |             0 |             0 |             0 |             0 |             0 |             0 |             0 |             0 |             0 |             0 |             0 |             0 |             0 |             0 |             0 |             0 |             0 |             0 |             0 |             0 |             0 |             0 |             0 |             0 |             0 |             0 |             0 |             0 |             0 |             0 |             0 |             0 |             0 |             0 |             0 |             0 |             0 |             0 |             0 |             0 |
|      CAS_CMD_WR      |  UMC2C1 |     436722000 |             0 |             0 |             0 |             0 |             0 |             0 |             0 |             0 |             0 |             0 |             0 |             0 |             0 |             0 |             0 |             0 |             0 |             0 |             0 |             0 |             0 |             0 |             0 |             0 |             0 |             0 |             0 |             0 |             0 |             0 |             0 |             0 |             0 |             0 |             0 |             0 |             0 |             0 |             0 |             0 |             0 |             0 |             0 |             0 |             0 |             0 |             0 |             0 |             0 |             0 |             0 |             0 |             0 |             0 |             0 |             0 |             0 |             0 |             0 |             0 |             0 |             0 |             0 |             0 |             0 |             0 |             0 |             0 |             0 |             0 |             0 |             0 |             0 |             0 |             0 |             0 |             0 |             0 |             0 |             0 |             0 |             0 |             0 |             0 |             0 |             0 |             0 |             0 |             0 |             0 |             0 |             0 |             0 |             0 |             0 |     203072200 |             0 |             0 |             0 |             0 |             0 |             0 |             0 |             0 |             0 |             0 |             0 |             0 |             0 |             0 |             0 |             0 |             0 |             0 |             0 |             0 |             0 |             0 |             0 |             0 |             0 |             0 |             0 |             0 |             0 |             0 |             0 |             0 |             0 |             0 |             0 |             0 |             0 |             0 |             0 |             0 |             0 |             0 |             0 |             0 |             0 |             0 |             0 |
|      CAS_CMD_RD      |  UMC3C0 |  223294900000 |             0 |             0 |             0 |             0 |             0 |             0 |             0 |             0 |             0 |             0 |             0 |             0 |             0 |             0 |             0 |             0 |             0 |             0 |             0 |             0 |             0 |             0 |             0 |             0 |             0 |             0 |             0 |             0 |             0 |             0 |             0 |             0 |             0 |             0 |             0 |             0 |             0 |             0 |             0 |             0 |             0 |             0 |             0 |             0 |             0 |             0 |             0 |             0 |             0 |             0 |             0 |             0 |             0 |             0 |             0 |             0 |             0 |             0 |             0 |             0 |             0 |             0 |             0 |             0 |             0 |             0 |             0 |             0 |             0 |             0 |             0 |             0 |             0 |             0 |             0 |             0 |             0 |             0 |             0 |             0 |             0 |             0 |             0 |             0 |             0 |             0 |             0 |             0 |             0 |             0 |             0 |             0 |             0 |             0 |             0 |  101611500000 |             0 |             0 |             0 |             0 |             0 |             0 |             0 |             0 |             0 |             0 |             0 |             0 |             0 |             0 |             0 |             0 |             0 |             0 |             0 |             0 |             0 |             0 |             0 |             0 |             0 |             0 |             0 |             0 |             0 |             0 |             0 |             0 |             0 |             0 |             0 |             0 |             0 |             0 |             0 |             0 |             0 |             0 |             0 |             0 |             0 |             0 |             0 |
|      CAS_CMD_WR      |  UMC3C1 |     425092100 |             0 |             0 |             0 |             0 |             0 |             0 |             0 |             0 |             0 |             0 |             0 |             0 |             0 |             0 |             0 |             0 |             0 |             0 |             0 |             0 |             0 |             0 |             0 |             0 |             0 |             0 |             0 |             0 |             0 |             0 |             0 |             0 |             0 |             0 |             0 |             0 |             0 |             0 |             0 |             0 |             0 |             0 |             0 |             0 |             0 |             0 |             0 |             0 |             0 |             0 |             0 |             0 |             0 |             0 |             0 |             0 |             0 |             0 |             0 |             0 |             0 |             0 |             0 |             0 |             0 |             0 |             0 |             0 |             0 |             0 |             0 |             0 |             0 |             0 |             0 |             0 |             0 |             0 |             0 |             0 |             0 |             0 |             0 |             0 |             0 |             0 |             0 |             0 |             0 |             0 |             0 |             0 |             0 |             0 |             0 |     202620900 |             0 |             0 |             0 |             0 |             0 |             0 |             0 |             0 |             0 |             0 |             0 |             0 |             0 |             0 |             0 |             0 |             0 |             0 |             0 |             0 |             0 |             0 |             0 |             0 |             0 |             0 |             0 |             0 |             0 |             0 |             0 |             0 |             0 |             0 |             0 |             0 |             0 |             0 |             0 |             0 |             0 |             0 |             0 |             0 |             0 |             0 |             0 |
|      CAS_CMD_RD      |  UMC4C0 |  223454700000 |             0 |             0 |             0 |             0 |             0 |             0 |             0 |             0 |             0 |             0 |             0 |             0 |             0 |             0 |             0 |             0 |             0 |             0 |             0 |             0 |             0 |             0 |             0 |             0 |             0 |             0 |             0 |             0 |             0 |             0 |             0 |             0 |             0 |             0 |             0 |             0 |             0 |             0 |             0 |             0 |             0 |             0 |             0 |             0 |             0 |             0 |             0 |             0 |             0 |             0 |             0 |             0 |             0 |             0 |             0 |             0 |             0 |             0 |             0 |             0 |             0 |             0 |             0 |             0 |             0 |             0 |             0 |             0 |             0 |             0 |             0 |             0 |             0 |             0 |             0 |             0 |             0 |             0 |             0 |             0 |             0 |             0 |             0 |             0 |             0 |             0 |             0 |             0 |             0 |             0 |             0 |             0 |             0 |             0 |             0 |  101883900000 |             0 |             0 |             0 |             0 |             0 |             0 |             0 |             0 |             0 |             0 |             0 |             0 |             0 |             0 |             0 |             0 |             0 |             0 |             0 |             0 |             0 |             0 |             0 |             0 |             0 |             0 |             0 |             0 |             0 |             0 |             0 |             0 |             0 |             0 |             0 |             0 |             0 |             0 |             0 |             0 |             0 |             0 |             0 |             0 |             0 |             0 |             0 |
|      CAS_CMD_WR      |  UMC4C1 |     422419700 |             0 |             0 |             0 |             0 |             0 |             0 |             0 |             0 |             0 |             0 |             0 |             0 |             0 |             0 |             0 |             0 |             0 |             0 |             0 |             0 |             0 |             0 |             0 |             0 |             0 |             0 |             0 |             0 |             0 |             0 |             0 |             0 |             0 |             0 |             0 |             0 |             0 |             0 |             0 |             0 |             0 |             0 |             0 |             0 |             0 |             0 |             0 |             0 |             0 |             0 |             0 |             0 |             0 |             0 |             0 |             0 |             0 |             0 |             0 |             0 |             0 |             0 |             0 |             0 |             0 |             0 |             0 |             0 |             0 |             0 |             0 |             0 |             0 |             0 |             0 |             0 |             0 |             0 |             0 |             0 |             0 |             0 |             0 |             0 |             0 |             0 |             0 |             0 |             0 |             0 |             0 |             0 |             0 |             0 |             0 |     202820900 |             0 |             0 |             0 |             0 |             0 |             0 |             0 |             0 |             0 |             0 |             0 |             0 |             0 |             0 |             0 |             0 |             0 |             0 |             0 |             0 |             0 |             0 |             0 |             0 |             0 |             0 |             0 |             0 |             0 |             0 |             0 |             0 |             0 |             0 |             0 |             0 |             0 |             0 |             0 |             0 |             0 |             0 |             0 |             0 |             0 |             0 |             0 |
|      CAS_CMD_RD      |  UMC5C0 |  223729800000 |             0 |             0 |             0 |             0 |             0 |             0 |             0 |             0 |             0 |             0 |             0 |             0 |             0 |             0 |             0 |             0 |             0 |             0 |             0 |             0 |             0 |             0 |             0 |             0 |             0 |             0 |             0 |             0 |             0 |             0 |             0 |             0 |             0 |             0 |             0 |             0 |             0 |             0 |             0 |             0 |             0 |             0 |             0 |             0 |             0 |             0 |             0 |             0 |             0 |             0 |             0 |             0 |             0 |             0 |             0 |             0 |             0 |             0 |             0 |             0 |             0 |             0 |             0 |             0 |             0 |             0 |             0 |             0 |             0 |             0 |             0 |             0 |             0 |             0 |             0 |             0 |             0 |             0 |             0 |             0 |             0 |             0 |             0 |             0 |             0 |             0 |             0 |             0 |             0 |             0 |             0 |             0 |             0 |             0 |             0 |  101764600000 |             0 |             0 |             0 |             0 |             0 |             0 |             0 |             0 |             0 |             0 |             0 |             0 |             0 |             0 |             0 |             0 |             0 |             0 |             0 |             0 |             0 |             0 |             0 |             0 |             0 |             0 |             0 |             0 |             0 |             0 |             0 |             0 |             0 |             0 |             0 |             0 |             0 |             0 |             0 |             0 |             0 |             0 |             0 |             0 |             0 |             0 |             0 |
|      CAS_CMD_WR      |  UMC5C1 |     423354600 |             0 |             0 |             0 |             0 |             0 |             0 |             0 |             0 |             0 |             0 |             0 |             0 |             0 |             0 |             0 |             0 |             0 |             0 |             0 |             0 |             0 |             0 |             0 |             0 |             0 |             0 |             0 |             0 |             0 |             0 |             0 |             0 |             0 |             0 |             0 |             0 |             0 |             0 |             0 |             0 |             0 |             0 |             0 |             0 |             0 |             0 |             0 |             0 |             0 |             0 |             0 |             0 |             0 |             0 |             0 |             0 |             0 |             0 |             0 |             0 |             0 |             0 |             0 |             0 |             0 |             0 |             0 |             0 |             0 |             0 |             0 |             0 |             0 |             0 |             0 |             0 |             0 |             0 |             0 |             0 |             0 |             0 |             0 |             0 |             0 |             0 |             0 |             0 |             0 |             0 |             0 |             0 |             0 |             0 |             0 |     200471900 |             0 |             0 |             0 |             0 |             0 |             0 |             0 |             0 |             0 |             0 |             0 |             0 |             0 |             0 |             0 |             0 |             0 |             0 |             0 |             0 |             0 |             0 |             0 |             0 |             0 |             0 |             0 |             0 |             0 |             0 |             0 |             0 |             0 |             0 |             0 |             0 |             0 |             0 |             0 |             0 |             0 |             0 |             0 |             0 |             0 |             0 |             0 |
|      CAS_CMD_RD      |  UMC6C0 |  223470600000 |             0 |             0 |             0 |             0 |             0 |             0 |             0 |             0 |             0 |             0 |             0 |             0 |             0 |             0 |             0 |             0 |             0 |             0 |             0 |             0 |             0 |             0 |             0 |             0 |             0 |             0 |             0 |             0 |             0 |             0 |             0 |             0 |             0 |             0 |             0 |             0 |             0 |             0 |             0 |             0 |             0 |             0 |             0 |             0 |             0 |             0 |             0 |             0 |             0 |             0 |             0 |             0 |             0 |             0 |             0 |             0 |             0 |             0 |             0 |             0 |             0 |             0 |             0 |             0 |             0 |             0 |             0 |             0 |             0 |             0 |             0 |             0 |             0 |             0 |             0 |             0 |             0 |             0 |             0 |             0 |             0 |             0 |             0 |             0 |             0 |             0 |             0 |             0 |             0 |             0 |             0 |             0 |             0 |             0 |             0 |  101711800000 |             0 |             0 |             0 |             0 |             0 |             0 |             0 |             0 |             0 |             0 |             0 |             0 |             0 |             0 |             0 |             0 |             0 |             0 |             0 |             0 |             0 |             0 |             0 |             0 |             0 |             0 |             0 |             0 |             0 |             0 |             0 |             0 |             0 |             0 |             0 |             0 |             0 |             0 |             0 |             0 |             0 |             0 |             0 |             0 |             0 |             0 |             0 |
|      CAS_CMD_WR      |  UMC6C1 |     423429300 |             0 |             0 |             0 |             0 |             0 |             0 |             0 |             0 |             0 |             0 |             0 |             0 |             0 |             0 |             0 |             0 |             0 |             0 |             0 |             0 |             0 |             0 |             0 |             0 |             0 |             0 |             0 |             0 |             0 |             0 |             0 |             0 |             0 |             0 |             0 |             0 |             0 |             0 |             0 |             0 |             0 |             0 |             0 |             0 |             0 |             0 |             0 |             0 |             0 |             0 |             0 |             0 |             0 |             0 |             0 |             0 |             0 |             0 |             0 |             0 |             0 |             0 |             0 |             0 |             0 |             0 |             0 |             0 |             0 |             0 |             0 |             0 |             0 |             0 |             0 |             0 |             0 |             0 |             0 |             0 |             0 |             0 |             0 |             0 |             0 |             0 |             0 |             0 |             0 |             0 |             0 |             0 |             0 |             0 |             0 |     202696600 |             0 |             0 |             0 |             0 |             0 |             0 |             0 |             0 |             0 |             0 |             0 |             0 |             0 |             0 |             0 |             0 |             0 |             0 |             0 |             0 |             0 |             0 |             0 |             0 |             0 |             0 |             0 |             0 |             0 |             0 |             0 |             0 |             0 |             0 |             0 |             0 |             0 |             0 |             0 |             0 |             0 |             0 |             0 |             0 |             0 |             0 |             0 |
|      CAS_CMD_RD      |  UMC7C0 |  223118100000 |             0 |             0 |             0 |             0 |             0 |             0 |             0 |             0 |             0 |             0 |             0 |             0 |             0 |             0 |             0 |             0 |             0 |             0 |             0 |             0 |             0 |             0 |             0 |             0 |             0 |             0 |             0 |             0 |             0 |             0 |             0 |             0 |             0 |             0 |             0 |             0 |             0 |             0 |             0 |             0 |             0 |             0 |             0 |             0 |             0 |             0 |             0 |             0 |             0 |             0 |             0 |             0 |             0 |             0 |             0 |             0 |             0 |             0 |             0 |             0 |             0 |             0 |             0 |             0 |             0 |             0 |             0 |             0 |             0 |             0 |             0 |             0 |             0 |             0 |             0 |             0 |             0 |             0 |             0 |             0 |             0 |             0 |             0 |             0 |             0 |             0 |             0 |             0 |             0 |             0 |             0 |             0 |             0 |             0 |             0 |  101701600000 |             0 |             0 |             0 |             0 |             0 |             0 |             0 |             0 |             0 |             0 |             0 |             0 |             0 |             0 |             0 |             0 |             0 |             0 |             0 |             0 |             0 |             0 |             0 |             0 |             0 |             0 |             0 |             0 |             0 |             0 |             0 |             0 |             0 |             0 |             0 |             0 |             0 |             0 |             0 |             0 |             0 |             0 |             0 |             0 |             0 |             0 |             0 |
|      CAS_CMD_WR      |  UMC7C1 |     430298800 |             0 |             0 |             0 |             0 |             0 |             0 |             0 |             0 |             0 |             0 |             0 |             0 |             0 |             0 |             0 |             0 |             0 |             0 |             0 |             0 |             0 |             0 |             0 |             0 |             0 |             0 |             0 |             0 |             0 |             0 |             0 |             0 |             0 |             0 |             0 |             0 |             0 |             0 |             0 |             0 |             0 |             0 |             0 |             0 |             0 |             0 |             0 |             0 |             0 |             0 |             0 |             0 |             0 |             0 |             0 |             0 |             0 |             0 |             0 |             0 |             0 |             0 |             0 |             0 |             0 |             0 |             0 |             0 |             0 |             0 |             0 |             0 |             0 |             0 |             0 |             0 |             0 |             0 |             0 |             0 |             0 |             0 |             0 |             0 |             0 |             0 |             0 |             0 |             0 |             0 |             0 |             0 |             0 |             0 |             0 |     203074900 |             0 |             0 |             0 |             0 |             0 |             0 |             0 |             0 |             0 |             0 |             0 |             0 |             0 |             0 |             0 |             0 |             0 |             0 |             0 |             0 |             0 |             0 |             0 |             0 |             0 |             0 |             0 |             0 |             0 |             0 |             0 |             0 |             0 |             0 |             0 |             0 |             0 |             0 |             0 |             0 |             0 |             0 |             0 |             0 |             0 |             0 |             0 |
|      CAS_CMD_RD      |  UMC8C0 |  223093300000 |             0 |             0 |             0 |             0 |             0 |             0 |             0 |             0 |             0 |             0 |             0 |             0 |             0 |             0 |             0 |             0 |             0 |             0 |             0 |             0 |             0 |             0 |             0 |             0 |             0 |             0 |             0 |             0 |             0 |             0 |             0 |             0 |             0 |             0 |             0 |             0 |             0 |             0 |             0 |             0 |             0 |             0 |             0 |             0 |             0 |             0 |             0 |             0 |             0 |             0 |             0 |             0 |             0 |             0 |             0 |             0 |             0 |             0 |             0 |             0 |             0 |             0 |             0 |             0 |             0 |             0 |             0 |             0 |             0 |             0 |             0 |             0 |             0 |             0 |             0 |             0 |             0 |             0 |             0 |             0 |             0 |             0 |             0 |             0 |             0 |             0 |             0 |             0 |             0 |             0 |             0 |             0 |             0 |             0 |             0 |  101725400000 |             0 |             0 |             0 |             0 |             0 |             0 |             0 |             0 |             0 |             0 |             0 |             0 |             0 |             0 |             0 |             0 |             0 |             0 |             0 |             0 |             0 |             0 |             0 |             0 |             0 |             0 |             0 |             0 |             0 |             0 |             0 |             0 |             0 |             0 |             0 |             0 |             0 |             0 |             0 |             0 |             0 |             0 |             0 |             0 |             0 |             0 |             0 |
|      CAS_CMD_WR      |  UMC8C1 |     426311300 |             0 |             0 |             0 |             0 |             0 |             0 |             0 |             0 |             0 |             0 |             0 |             0 |             0 |             0 |             0 |             0 |             0 |             0 |             0 |             0 |             0 |             0 |             0 |             0 |             0 |             0 |             0 |             0 |             0 |             0 |             0 |             0 |             0 |             0 |             0 |             0 |             0 |             0 |             0 |             0 |             0 |             0 |             0 |             0 |             0 |             0 |             0 |             0 |             0 |             0 |             0 |             0 |             0 |             0 |             0 |             0 |             0 |             0 |             0 |             0 |             0 |             0 |             0 |             0 |             0 |             0 |             0 |             0 |             0 |             0 |             0 |             0 |             0 |             0 |             0 |             0 |             0 |             0 |             0 |             0 |             0 |             0 |             0 |             0 |             0 |             0 |             0 |             0 |             0 |             0 |             0 |             0 |             0 |             0 |             0 |     203216400 |             0 |             0 |             0 |             0 |             0 |             0 |             0 |             0 |             0 |             0 |             0 |             0 |             0 |             0 |             0 |             0 |             0 |             0 |             0 |             0 |             0 |             0 |             0 |             0 |             0 |             0 |             0 |             0 |             0 |             0 |             0 |             0 |             0 |             0 |             0 |             0 |             0 |             0 |             0 |             0 |             0 |             0 |             0 |             0 |             0 |             0 |             0 |
|      CAS_CMD_RD      |  UMC9C0 |  223694700000 |             0 |             0 |             0 |             0 |             0 |             0 |             0 |             0 |             0 |             0 |             0 |             0 |             0 |             0 |             0 |             0 |             0 |             0 |             0 |             0 |             0 |             0 |             0 |             0 |             0 |             0 |             0 |             0 |             0 |             0 |             0 |             0 |             0 |             0 |             0 |             0 |             0 |             0 |             0 |             0 |             0 |             0 |             0 |             0 |             0 |             0 |             0 |             0 |             0 |             0 |             0 |             0 |             0 |             0 |             0 |             0 |             0 |             0 |             0 |             0 |             0 |             0 |             0 |             0 |             0 |             0 |             0 |             0 |             0 |             0 |             0 |             0 |             0 |             0 |             0 |             0 |             0 |             0 |             0 |             0 |             0 |             0 |             0 |             0 |             0 |             0 |             0 |             0 |             0 |             0 |             0 |             0 |             0 |             0 |             0 |  101613500000 |             0 |             0 |             0 |             0 |             0 |             0 |             0 |             0 |             0 |             0 |             0 |             0 |             0 |             0 |             0 |             0 |             0 |             0 |             0 |             0 |             0 |             0 |             0 |             0 |             0 |             0 |             0 |             0 |             0 |             0 |             0 |             0 |             0 |             0 |             0 |             0 |             0 |             0 |             0 |             0 |             0 |             0 |             0 |             0 |             0 |             0 |             0 |
|      CAS_CMD_WR      |  UMC9C1 |     421844800 |             0 |             0 |             0 |             0 |             0 |             0 |             0 |             0 |             0 |             0 |             0 |             0 |             0 |             0 |             0 |             0 |             0 |             0 |             0 |             0 |             0 |             0 |             0 |             0 |             0 |             0 |             0 |             0 |             0 |             0 |             0 |             0 |             0 |             0 |             0 |             0 |             0 |             0 |             0 |             0 |             0 |             0 |             0 |             0 |             0 |             0 |             0 |             0 |             0 |             0 |             0 |             0 |             0 |             0 |             0 |             0 |             0 |             0 |             0 |             0 |             0 |             0 |             0 |             0 |             0 |             0 |             0 |             0 |             0 |             0 |             0 |             0 |             0 |             0 |             0 |             0 |             0 |             0 |             0 |             0 |             0 |             0 |             0 |             0 |             0 |             0 |             0 |             0 |             0 |             0 |             0 |             0 |             0 |             0 |             0 |     201982800 |             0 |             0 |             0 |             0 |             0 |             0 |             0 |             0 |             0 |             0 |             0 |             0 |             0 |             0 |             0 |             0 |             0 |             0 |             0 |             0 |             0 |             0 |             0 |             0 |             0 |             0 |             0 |             0 |             0 |             0 |             0 |             0 |             0 |             0 |             0 |             0 |             0 |             0 |             0 |             0 |             0 |             0 |             0 |             0 |             0 |             0 |             0 |
|      CAS_CMD_RD      | UMC10C0 |  223549500000 |             0 |             0 |             0 |             0 |             0 |             0 |             0 |             0 |             0 |             0 |             0 |             0 |             0 |             0 |             0 |             0 |             0 |             0 |             0 |             0 |             0 |             0 |             0 |             0 |             0 |             0 |             0 |             0 |             0 |             0 |             0 |             0 |             0 |             0 |             0 |             0 |             0 |             0 |             0 |             0 |             0 |             0 |             0 |             0 |             0 |             0 |             0 |             0 |             0 |             0 |             0 |             0 |             0 |             0 |             0 |             0 |             0 |             0 |             0 |             0 |             0 |             0 |             0 |             0 |             0 |             0 |             0 |             0 |             0 |             0 |             0 |             0 |             0 |             0 |             0 |             0 |             0 |             0 |             0 |             0 |             0 |             0 |             0 |             0 |             0 |             0 |             0 |             0 |             0 |             0 |             0 |             0 |             0 |             0 |             0 |  102070300000 |             0 |             0 |             0 |             0 |             0 |             0 |             0 |             0 |             0 |             0 |             0 |             0 |             0 |             0 |             0 |             0 |             0 |             0 |             0 |             0 |             0 |             0 |             0 |             0 |             0 |             0 |             0 |             0 |             0 |             0 |             0 |             0 |             0 |             0 |             0 |             0 |             0 |             0 |             0 |             0 |             0 |             0 |             0 |             0 |             0 |             0 |             0 |
|      CAS_CMD_WR      | UMC10C1 |     429323400 |             0 |             0 |             0 |             0 |             0 |             0 |             0 |             0 |             0 |             0 |             0 |             0 |             0 |             0 |             0 |             0 |             0 |             0 |             0 |             0 |             0 |             0 |             0 |             0 |             0 |             0 |             0 |             0 |             0 |             0 |             0 |             0 |             0 |             0 |             0 |             0 |             0 |             0 |             0 |             0 |             0 |             0 |             0 |             0 |             0 |             0 |             0 |             0 |             0 |             0 |             0 |             0 |             0 |             0 |             0 |             0 |             0 |             0 |             0 |             0 |             0 |             0 |             0 |             0 |             0 |             0 |             0 |             0 |             0 |             0 |             0 |             0 |             0 |             0 |             0 |             0 |             0 |             0 |             0 |             0 |             0 |             0 |             0 |             0 |             0 |             0 |             0 |             0 |             0 |             0 |             0 |             0 |             0 |             0 |             0 |     207325400 |             0 |             0 |             0 |             0 |             0 |             0 |             0 |             0 |             0 |             0 |             0 |             0 |             0 |             0 |             0 |             0 |             0 |             0 |             0 |             0 |             0 |             0 |             0 |             0 |             0 |             0 |             0 |             0 |             0 |             0 |             0 |             0 |             0 |             0 |             0 |             0 |             0 |             0 |             0 |             0 |             0 |             0 |             0 |             0 |             0 |             0 |             0 |
|      CAS_CMD_RD      | UMC11C0 |  223571500000 |             0 |             0 |             0 |             0 |             0 |             0 |             0 |             0 |             0 |             0 |             0 |             0 |             0 |             0 |             0 |             0 |             0 |             0 |             0 |             0 |             0 |             0 |             0 |             0 |             0 |             0 |             0 |             0 |             0 |             0 |             0 |             0 |             0 |             0 |             0 |             0 |             0 |             0 |             0 |             0 |             0 |             0 |             0 |             0 |             0 |             0 |             0 |             0 |             0 |             0 |             0 |             0 |             0 |             0 |             0 |             0 |             0 |             0 |             0 |             0 |             0 |             0 |             0 |             0 |             0 |             0 |             0 |             0 |             0 |             0 |             0 |             0 |             0 |             0 |             0 |             0 |             0 |             0 |             0 |             0 |             0 |             0 |             0 |             0 |             0 |             0 |             0 |             0 |             0 |             0 |             0 |             0 |             0 |             0 |             0 |  101831500000 |             0 |             0 |             0 |             0 |             0 |             0 |             0 |             0 |             0 |             0 |             0 |             0 |             0 |             0 |             0 |             0 |             0 |             0 |             0 |             0 |             0 |             0 |             0 |             0 |             0 |             0 |             0 |             0 |             0 |             0 |             0 |             0 |             0 |             0 |             0 |             0 |             0 |             0 |             0 |             0 |             0 |             0 |             0 |             0 |             0 |             0 |             0 |
|      CAS_CMD_WR      | UMC11C1 |     438272200 |             0 |             0 |             0 |             0 |             0 |             0 |             0 |             0 |             0 |             0 |             0 |             0 |             0 |             0 |             0 |             0 |             0 |             0 |             0 |             0 |             0 |             0 |             0 |             0 |             0 |             0 |             0 |             0 |             0 |             0 |             0 |             0 |             0 |             0 |             0 |             0 |             0 |             0 |             0 |             0 |             0 |             0 |             0 |             0 |             0 |             0 |             0 |             0 |             0 |             0 |             0 |             0 |             0 |             0 |             0 |             0 |             0 |             0 |             0 |             0 |             0 |             0 |             0 |             0 |             0 |             0 |             0 |             0 |             0 |             0 |             0 |             0 |             0 |             0 |             0 |             0 |             0 |             0 |             0 |             0 |             0 |             0 |             0 |             0 |             0 |             0 |             0 |             0 |             0 |             0 |             0 |             0 |             0 |             0 |             0 |     202633500 |             0 |             0 |             0 |             0 |             0 |             0 |             0 |             0 |             0 |             0 |             0 |             0 |             0 |             0 |             0 |             0 |             0 |             0 |             0 |             0 |             0 |             0 |             0 |             0 |             0 |             0 |             0 |             0 |             0 |             0 |             0 |             0 |             0 |             0 |             0 |             0 |             0 |             0 |             0 |             0 |             0 |             0 |             0 |             0 |             0 |             0 |             0 |
+----------------------+---------+---------------+---------------+---------------+---------------+---------------+---------------+---------------+---------------+---------------+---------------+---------------+---------------+---------------+---------------+---------------+---------------+---------------+---------------+---------------+---------------+---------------+---------------+---------------+---------------+---------------+---------------+---------------+---------------+---------------+---------------+---------------+---------------+---------------+---------------+---------------+---------------+---------------+---------------+---------------+---------------+---------------+---------------+---------------+---------------+---------------+---------------+---------------+---------------+---------------+---------------+---------------+---------------+---------------+---------------+---------------+---------------+---------------+---------------+---------------+---------------+---------------+---------------+---------------+---------------+---------------+---------------+---------------+---------------+---------------+---------------+---------------+---------------+---------------+---------------+---------------+---------------+---------------+---------------+---------------+---------------+---------------+---------------+---------------+---------------+---------------+---------------+---------------+---------------+---------------+---------------+---------------+---------------+---------------+---------------+---------------+---------------+---------------+---------------+---------------+---------------+---------------+---------------+---------------+---------------+---------------+---------------+---------------+---------------+---------------+---------------+---------------+---------------+---------------+---------------+---------------+---------------+---------------+---------------+---------------+---------------+---------------+---------------+---------------+---------------+---------------+---------------+---------------+---------------+---------------+---------------+---------------+---------------+---------------+---------------+---------------+---------------+---------------+---------------+---------------+---------------+---------------+---------------+---------------+---------------+

+---------------------------+---------+-----------------+---------------+---------------+---------------+
|           Event           | Counter |       Sum       |      Min      |      Max      |      Avg      |
+---------------------------+---------+-----------------+---------------+---------------+---------------+
|   ACTUAL_CPU_CLOCK STAT   |  FIXC1  | 378597010000000 | 2624565000000 | 2637062000000 |  2.629146e+12 |
|     MAX_CPU_CLOCK STAT    |  FIXC2  | 266948081000000 | 1852998000000 | 1855320000000 |  1.853806e+12 |
| RETIRED_INSTRUCTIONS STAT |   PMC0  | 271706274000000 | 1670996000000 | 2114364000000 | 1886849125000 |
|  CPU_CLOCKS_UNHALTED STAT |   PMC1  | 376357209000000 | 2607479000000 | 2623276000000 |  2.613592e+12 |
|      CAS_CMD_RD STAT      |  UMC0C0 |    324906100000 |             0 |  223531200000 |  2.256292e+09 |
|      CAS_CMD_WR STAT      |  UMC0C1 |       631960300 |             0 |     428405800 |  4.388613e+06 |
|      CAS_CMD_RD STAT      |  UMC1C0 |    325146500000 |             0 |  223336700000 |  2.257962e+09 |
|      CAS_CMD_WR STAT      |  UMC1C1 |       631912800 |             0 |     427133900 |  4.388283e+06 |
|      CAS_CMD_RD STAT      |  UMC2C0 |    325322300000 |             0 |  223646600000 |  2.259183e+09 |
|      CAS_CMD_WR STAT      |  UMC2C1 |       639794200 |             0 |     436722000 |  4.443015e+06 |
|      CAS_CMD_RD STAT      |  UMC3C0 |    324906400000 |             0 |  223294900000 |  2.256294e+09 |
|      CAS_CMD_WR STAT      |  UMC3C1 |       627713000 |             0 |     425092100 |  4.359118e+06 |
|      CAS_CMD_RD STAT      |  UMC4C0 |    325338600000 |             0 |  223454700000 |  2.259296e+09 |
|      CAS_CMD_WR STAT      |  UMC4C1 |       625240600 |             0 |     422419700 |  4.341949e+06 |
|      CAS_CMD_RD STAT      |  UMC5C0 |    325494400000 |             0 |  223729800000 |  2.260378e+09 |
|      CAS_CMD_WR STAT      |  UMC5C1 |       623826500 |             0 |     423354600 |  4.332128e+06 |
|      CAS_CMD_RD STAT      |  UMC6C0 |    325182400000 |             0 |  223470600000 |  2.258211e+09 |
|      CAS_CMD_WR STAT      |  UMC6C1 |       626125900 |             0 |     423429300 |  4.348097e+06 |
|      CAS_CMD_RD STAT      |  UMC7C0 |    324819700000 |             0 |  223118100000 |  2.255692e+09 |
|      CAS_CMD_WR STAT      |  UMC7C1 |       633373700 |             0 |     430298800 |  4.398428e+06 |
|      CAS_CMD_RD STAT      |  UMC8C0 |    324818700000 |             0 |  223093300000 |  2.255685e+09 |
|      CAS_CMD_WR STAT      |  UMC8C1 |       629527700 |             0 |     426311300 |  4.371720e+06 |
|      CAS_CMD_RD STAT      |  UMC9C0 |    325308200000 |             0 |  223694700000 |  2.259085e+09 |
|      CAS_CMD_WR STAT      |  UMC9C1 |       623827600 |             0 |     421844800 |  4.332136e+06 |
|      CAS_CMD_RD STAT      | UMC10C0 |    325619800000 |             0 |  223549500000 |  2.261249e+09 |
|      CAS_CMD_WR STAT      | UMC10C1 |       636648800 |             0 |     429323400 |  4.421172e+06 |
|      CAS_CMD_RD STAT      | UMC11C0 |    325403000000 |             0 |  223571500000 |  2.259743e+09 |
|      CAS_CMD_WR STAT      | UMC11C1 |       640905700 |             0 |     438272200 |  4.450734e+06 |
+---------------------------+---------+-----------------+---------------+---------------+---------------+

+-----------------------------------+-------------+------------+------------+------------+------------+------------+------------+------------+------------+------------+-------------+-------------+-------------+-------------+-------------+-------------+-------------+-------------+-------------+-------------+-------------+-------------+-------------+-------------+-------------+-------------+-------------+-------------+-------------+-------------+-------------+-------------+-------------+-------------+-------------+-------------+-------------+-------------+-------------+-------------+-------------+-------------+-------------+-------------+-------------+-------------+-------------+-------------+-------------+-------------+-------------+-------------+-------------+-------------+-------------+-------------+-------------+-------------+-------------+-------------+-------------+-------------+-------------+-------------+-------------+-------------+-------------+-------------+-------------+-------------+-------------+-------------+-------------+-------------+-------------+-------------+-------------+-------------+-------------+-------------+-------------+-------------+-------------+-------------+-------------+-------------+-------------+-------------+-------------+-------------+-------------+-------------+-------------+-------------+-------------+-------------+-------------+-------------+-------------+-------------+--------------+--------------+--------------+--------------+--------------+--------------+--------------+--------------+--------------+--------------+--------------+--------------+--------------+--------------+--------------+--------------+--------------+--------------+--------------+--------------+--------------+--------------+--------------+--------------+--------------+--------------+--------------+--------------+--------------+--------------+--------------+--------------+--------------+--------------+--------------+--------------+--------------+--------------+--------------+--------------+--------------+--------------+--------------+--------------+
|               Metric              |  HWThread 0 | HWThread 1 | HWThread 2 | HWThread 3 | HWThread 4 | HWThread 5 | HWThread 6 | HWThread 7 | HWThread 8 | HWThread 9 | HWThread 10 | HWThread 11 | HWThread 12 | HWThread 13 | HWThread 14 | HWThread 15 | HWThread 16 | HWThread 17 | HWThread 18 | HWThread 19 | HWThread 20 | HWThread 21 | HWThread 22 | HWThread 23 | HWThread 24 | HWThread 25 | HWThread 26 | HWThread 27 | HWThread 28 | HWThread 29 | HWThread 30 | HWThread 31 | HWThread 32 | HWThread 33 | HWThread 34 | HWThread 35 | HWThread 36 | HWThread 37 | HWThread 38 | HWThread 39 | HWThread 40 | HWThread 41 | HWThread 42 | HWThread 43 | HWThread 44 | HWThread 45 | HWThread 46 | HWThread 47 | HWThread 48 | HWThread 49 | HWThread 50 | HWThread 51 | HWThread 52 | HWThread 53 | HWThread 54 | HWThread 55 | HWThread 56 | HWThread 57 | HWThread 58 | HWThread 59 | HWThread 60 | HWThread 61 | HWThread 62 | HWThread 63 | HWThread 64 | HWThread 65 | HWThread 66 | HWThread 67 | HWThread 68 | HWThread 69 | HWThread 70 | HWThread 71 | HWThread 72 | HWThread 73 | HWThread 74 | HWThread 75 | HWThread 76 | HWThread 77 | HWThread 78 | HWThread 79 | HWThread 80 | HWThread 81 | HWThread 82 | HWThread 83 | HWThread 84 | HWThread 85 | HWThread 86 | HWThread 87 | HWThread 88 | HWThread 89 | HWThread 90 | HWThread 91 | HWThread 92 | HWThread 93 | HWThread 94 | HWThread 95 | HWThread 96 | HWThread 97 | HWThread 98 | HWThread 99 | HWThread 100 | HWThread 101 | HWThread 102 | HWThread 103 | HWThread 104 | HWThread 105 | HWThread 106 | HWThread 107 | HWThread 108 | HWThread 109 | HWThread 110 | HWThread 111 | HWThread 112 | HWThread 113 | HWThread 114 | HWThread 115 | HWThread 116 | HWThread 117 | HWThread 118 | HWThread 119 | HWThread 120 | HWThread 121 | HWThread 122 | HWThread 123 | HWThread 124 | HWThread 125 | HWThread 126 | HWThread 127 | HWThread 128 | HWThread 129 | HWThread 130 | HWThread 131 | HWThread 132 | HWThread 133 | HWThread 134 | HWThread 135 | HWThread 136 | HWThread 137 | HWThread 138 | HWThread 139 | HWThread 140 | HWThread 141 | HWThread 142 | HWThread 143 |
+-----------------------------------+-------------+------------+------------+------------+------------+------------+------------+------------+------------+------------+-------------+-------------+-------------+-------------+-------------+-------------+-------------+-------------+-------------+-------------+-------------+-------------+-------------+-------------+-------------+-------------+-------------+-------------+-------------+-------------+-------------+-------------+-------------+-------------+-------------+-------------+-------------+-------------+-------------+-------------+-------------+-------------+-------------+-------------+-------------+-------------+-------------+-------------+-------------+-------------+-------------+-------------+-------------+-------------+-------------+-------------+-------------+-------------+-------------+-------------+-------------+-------------+-------------+-------------+-------------+-------------+-------------+-------------+-------------+-------------+-------------+-------------+-------------+-------------+-------------+-------------+-------------+-------------+-------------+-------------+-------------+-------------+-------------+-------------+-------------+-------------+-------------+-------------+-------------+-------------+-------------+-------------+-------------+-------------+-------------+-------------+-------------+-------------+-------------+-------------+--------------+--------------+--------------+--------------+--------------+--------------+--------------+--------------+--------------+--------------+--------------+--------------+--------------+--------------+--------------+--------------+--------------+--------------+--------------+--------------+--------------+--------------+--------------+--------------+--------------+--------------+--------------+--------------+--------------+--------------+--------------+--------------+--------------+--------------+--------------+--------------+--------------+--------------+--------------+--------------+--------------+--------------+--------------+--------------+
|        Runtime (RDTSC) [s]        |    751.7496 |   756.3824 |   752.0563 |   735.7505 |   737.5688 |   739.4685 |   735.7519 |   725.8997 |   733.5683 |   733.5688 |    755.1564 |    740.6761 |    740.0683 |    731.4821 |    754.2432 |    756.6917 |    754.5556 |    749.4233 |    731.8072 |    714.3046 |    737.2636 |    742.7173 |    736.2749 |    750.0468 |    721.6274 |    743.6340 |    734.3957 |    732.1050 |    743.6341 |    734.3965 |    748.2099 |    732.1058 |    741.2865 |    734.9205 |    723.8728 |    747.2167 |    743.3262 |    732.9436 |    755.4631 |    744.4651 |    729.1420 |    727.8039 |    730.7992 |    745.9317 |    727.8026 |    713.7419 |    732.6397 |    738.5460 |    728.3276 |    728.3271 |    731.1729 |    753.6346 |    748.5831 |    720.9516 |    715.4559 |    715.4562 |    741.5941 |    729.4482 |    755.7664 |    753.9410 |    725.0189 |    729.4477 |    725.0198 |    729.4477 |    730.1844 |    713.9828 |    727.4374 |    714.6114 |    748.8989 |    728.8435 |    714.9179 |    748.8976 |    743.0206 |    738.1787 |    725.5943 |    741.8999 |    723.5019 |    744.1567 |    751.3795 |    714.9170 |    734.0952 |    742.2049 |    742.2046 |    724.1813 |    736.8944 |    724.1820 |    756.0702 |    733.2621 |    739.4657 |    753.2635 |    754.8536 |    751.7528 |    740.3725 |    735.2223 |    735.2229 |    740.9808 |    745.9289 |    720.2891 |    751.0187 |    717.3744 |     752.6660 |     752.3916 |     744.4656 |     719.5605 |     724.1817 |     725.8982 |     750.4164 |     750.4166 |     726.5874 |     726.5873 |     726.5879 |     718.4616 |     717.7394 |     756.6922 |     719.1941 |     736.2742 |     737.2640 |     749.2069 |     738.8592 |     738.8590 |     747.5914 |     722.3105 |     746.3395 |     722.3109 |     746.6225 |     722.3107 |     720.2883 |     747.5915 |     718.0994 |     752.0551 |     716.3014 |     716.3010 |     718.8267 |     716.3010 |     721.6273 |     716.9026 |     715.4553 |     745.0893 |     719.9216 |     720.9520 |     745.0890 |     730.1839 |     723.1395 |     745.0890 |
|        Runtime unhalted [s]       |   1010.9374 |  1009.7363 |  1009.8974 |  1009.7347 |  1009.9463 |  1009.6236 |  1010.0478 |  1009.8644 |  1009.8578 |  1009.6444 |   1009.7105 |   1009.7786 |   1009.8524 |   1009.6882 |   1010.1847 |   1009.6997 |   1009.9932 |   1009.8378 |   1009.9501 |   1009.8617 |   1010.0551 |   1010.0851 |   1009.7971 |   1009.7128 |   1009.9901 |   1010.0228 |   1009.8728 |   1010.0782 |   1009.5567 |   1010.1236 |   1009.8459 |   1009.8271 |   1009.5970 |   1009.8536 |   1009.8347 |   1009.8228 |   1009.8555 |   1009.4540 |   1009.7086 |   1009.7490 |   1010.0194 |   1009.7667 |   1010.0447 |   1010.0963 |   1009.9636 |   1009.9590 |   1009.8667 |   1009.9432 |   1009.8774 |   1009.9559 |   1010.0982 |   1009.9351 |   1009.9901 |   1009.8878 |   1009.7744 |   1010.0005 |   1009.5605 |   1009.5747 |   1009.7317 |   1009.5151 |   1009.5828 |   1009.7713 |   1009.4832 |   1009.7320 |   1010.0678 |   1009.9517 |   1009.9394 |   1009.8682 |   1010.0824 |   1010.1578 |   1010.1997 |   1010.0736 |   1010.1532 |   1009.9601 |   1009.7586 |   1010.1478 |   1010.1790 |   1010.0601 |   1009.9494 |   1010.1536 |   1009.5509 |   1009.6732 |   1009.8144 |   1009.7621 |   1009.7417 |   1009.8651 |   1009.8294 |   1009.8182 |   1009.7805 |   1009.8686 |   1009.9271 |   1009.9624 |   1010.0294 |   1009.9671 |   1009.7874 |   1010.0409 |   1013.8744 |   1013.7909 |   1014.0148 |   1013.9578 |    1013.9248 |    1013.8967 |    1013.9267 |    1013.9898 |    1013.5778 |    1013.6851 |    1013.6736 |    1013.7052 |    1013.7148 |    1013.3986 |    1013.8659 |    1013.7305 |    1014.1113 |    1013.4675 |    1013.7986 |    1014.1298 |    1013.9263 |    1014.0132 |    1013.9790 |    1014.0532 |    1013.6648 |    1013.9463 |    1013.6336 |    1013.8125 |    1013.7840 |    1013.7078 |    1014.0809 |    1013.9286 |    1013.8948 |    1014.0132 |    1013.9648 |    1013.8778 |    1013.7648 |    1013.8767 |    1013.6809 |    1013.8575 |    1013.9909 |    1014.1017 |    1014.1575 |    1014.0367 |    1013.7902 |    1014.2605 |    1013.9682 |    1014.1432 |
|            Clock [MHz]            |   3683.3847 |  3681.9970 |  3682.6780 |  3682.6648 |  3682.6217 |  3682.5892 |  3682.6602 |  3682.6547 |  3682.6170 |  3682.6074 |   3682.6420 |   3682.7691 |   3682.6788 |   3682.6341 |   3682.8813 |   3682.8114 |   3682.8901 |   3682.5917 |   3682.4828 |   3682.4939 |   3682.6293 |   3682.8538 |   3682.4728 |   3682.7140 |   3682.6564 |   3682.6326 |   3682.8386 |   3682.8346 |   3682.5736 |   3682.6207 |   3682.6152 |   3682.8862 |   3682.6971 |   3682.5479 |   3682.8805 |   3682.6185 |   3682.6523 |   3682.5885 |   3682.7939 |   3682.6233 |   3682.6101 |   3682.6441 |   3682.7463 |   3682.8309 |   3682.6828 |   3682.9461 |   3682.5996 |   3682.9919 |   3682.7143 |   3682.5853 |   3682.9095 |   3682.8850 |   3682.6068 |   3682.6409 |   3682.6344 |   3682.6963 |   3682.6274 |   3682.5084 |   3682.5523 |   3682.4519 |   3682.5379 |   3682.8020 |   3682.6534 |   3682.5537 |   3682.5802 |   3682.6493 |   3682.8527 |   3682.5237 |   3682.6593 |   3682.5866 |   3682.7612 |   3682.6926 |   3682.9412 |   3682.6007 |   3682.5292 |   3682.6613 |   3682.6776 |   3682.5879 |   3682.6131 |   3682.6943 |   3682.6241 |   3682.5079 |   3682.6492 |   3682.6054 |   3682.6185 |   3682.6317 |   3682.8847 |   3682.8937 |   3682.5854 |   3682.6483 |   3682.8496 |   3682.6270 |   3682.7975 |   3682.6716 |   3682.6305 |   3682.8177 |   3696.7555 |   3697.0414 |   3696.7848 |   3696.8265 |    3696.7957 |    3696.8229 |    3696.8166 |    3697.0047 |    3696.8168 |    3696.8253 |    3696.7911 |    3697.2852 |    3697.0210 |    3696.7775 |    3696.8941 |    3696.8312 |    3696.8796 |    3696.9947 |    3696.7743 |    3696.8492 |    3696.6796 |    3696.8051 |    3696.8478 |    3696.8154 |    3696.7728 |    3696.8443 |    3696.6852 |    3696.8348 |    3696.8108 |    3696.8821 |    3696.7688 |    3697.0191 |    3696.7999 |    3697.0065 |    3696.8737 |    3697.0712 |    3696.8424 |    3696.9175 |    3696.7759 |    3697.2502 |    3696.7936 |    3697.0240 |    3696.8425 |    3696.8628 |    3696.7116 |    3696.8036 |    3696.8285 |    3696.7966 |
|                CPI                |      1.4333 |     1.4316 |     1.4301 |     1.4349 |     1.4252 |     1.4355 |     1.4307 |     1.4288 |     1.2425 |     1.2381 |      1.2392 |      1.2423 |      1.2461 |      1.2431 |      1.2406 |      1.2421 |      1.4059 |      1.4102 |      1.3975 |      1.4086 |      1.4106 |      1.4106 |      1.4059 |      1.4045 |      1.4248 |      1.4222 |      1.4281 |      1.4283 |      1.4239 |      1.4255 |      1.4255 |      1.4258 |      1.2539 |      1.2548 |      1.2500 |      1.2474 |      1.2498 |      1.2530 |      1.2523 |      1.2512 |      1.4100 |      1.4132 |      1.4072 |      1.4151 |      1.4105 |      1.4188 |      1.4166 |      1.4182 |      1.4121 |      1.4153 |      1.4105 |      1.4128 |      1.4024 |      1.4154 |      1.4172 |      1.4144 |      1.2337 |      1.2400 |      1.2376 |      1.2435 |      1.2344 |      1.2404 |      1.2348 |      1.2398 |      1.4079 |      1.3993 |      1.4008 |      1.4052 |      1.4062 |      1.4014 |      1.3961 |      1.4126 |      1.4293 |      1.4316 |      1.4288 |      1.4296 |      1.4371 |      1.4341 |      1.4369 |      1.4347 |      1.2430 |      1.2391 |      1.2429 |      1.2400 |      1.2429 |      1.2414 |      1.2446 |      1.2494 |      1.4033 |      1.4045 |      1.4061 |      1.4098 |      1.4076 |      1.4117 |      1.4039 |      1.4078 |      1.5692 |      1.5558 |      1.5513 |      1.5590 |       1.5566 |       1.5564 |       1.5634 |       1.5626 |       1.2821 |       1.2804 |       1.2833 |       1.2816 |       1.2861 |       1.2881 |       1.2853 |       1.2830 |       1.5421 |       1.5384 |       1.5417 |       1.5397 |       1.5379 |       1.5380 |       1.5471 |       1.5495 |       1.5572 |       1.5614 |       1.5576 |       1.5630 |       1.5582 |       1.5581 |       1.5542 |       1.5600 |       1.2893 |       1.2872 |       1.2887 |       1.2881 |       1.2835 |       1.2900 |       1.2906 |       1.2900 |       1.5441 |       1.5479 |       1.5451 |       1.5541 |       1.5529 |       1.5498 |       1.5494 |       1.5554 |
|  Memory read bandwidth [MBytes/s] | 228288.0661 |          0 |          0 |          0 |          0 |          0 |          0 |          0 |          0 |          0 |           0 |           0 |           0 |           0 |           0 |           0 |           0 |           0 |           0 |           0 |           0 |           0 |           0 |           0 |           0 |           0 |           0 |           0 |           0 |           0 |           0 |           0 |           0 |           0 |           0 |           0 |           0 |           0 |           0 |           0 |           0 |           0 |           0 |           0 |           0 |           0 |           0 |           0 |           0 |           0 |           0 |           0 |           0 |           0 |           0 |           0 |           0 |           0 |           0 |           0 |           0 |           0 |           0 |           0 |           0 |           0 |           0 |           0 |           0 |           0 |           0 |           0 |           0 |           0 |           0 |           0 |           0 |           0 |           0 |           0 |           0 |           0 |           0 |           0 |           0 |           0 |           0 |           0 |           0 |           0 |           0 |           0 |           0 |           0 |           0 |           0 | 104741.3071 |           0 |           0 |           0 |            0 |            0 |            0 |            0 |            0 |            0 |            0 |            0 |            0 |            0 |            0 |            0 |            0 |            0 |            0 |            0 |            0 |            0 |            0 |            0 |            0 |            0 |            0 |            0 |            0 |            0 |            0 |            0 |            0 |            0 |            0 |            0 |            0 |            0 |            0 |            0 |            0 |            0 |            0 |            0 |            0 |            0 |            0 |            0 |
|  Memory read data volume [GBytes] | 171615.4624 |          0 |          0 |          0 |          0 |          0 |          0 |          0 |          0 |          0 |           0 |           0 |           0 |           0 |           0 |           0 |           0 |           0 |           0 |           0 |           0 |           0 |           0 |           0 |           0 |           0 |           0 |           0 |           0 |           0 |           0 |           0 |           0 |           0 |           0 |           0 |           0 |           0 |           0 |           0 |           0 |           0 |           0 |           0 |           0 |           0 |           0 |           0 |           0 |           0 |           0 |           0 |           0 |           0 |           0 |           0 |           0 |           0 |           0 |           0 |           0 |           0 |           0 |           0 |           0 |           0 |           0 |           0 |           0 |           0 |           0 |           0 |           0 |           0 |           0 |           0 |           0 |           0 |           0 |           0 |           0 |           0 |           0 |           0 |           0 |           0 |           0 |           0 |           0 |           0 |           0 |           0 |           0 |           0 |           0 |           0 |  78129.5680 |           0 |           0 |           0 |            0 |            0 |            0 |            0 |            0 |            0 |            0 |            0 |            0 |            0 |            0 |            0 |            0 |            0 |            0 |            0 |            0 |            0 |            0 |            0 |            0 |            0 |            0 |            0 |            0 |            0 |            0 |            0 |            0 |            0 |            0 |            0 |            0 |            0 |            0 |            0 |            0 |            0 |            0 |            0 |            0 |            0 |            0 |            0 |
| Memory write bandwidth [MBytes/s] |    436.9632 |          0 |          0 |          0 |          0 |          0 |          0 |          0 |          0 |          0 |           0 |           0 |           0 |           0 |           0 |           0 |           0 |           0 |           0 |           0 |           0 |           0 |           0 |           0 |           0 |           0 |           0 |           0 |           0 |           0 |           0 |           0 |           0 |           0 |           0 |           0 |           0 |           0 |           0 |           0 |           0 |           0 |           0 |           0 |           0 |           0 |           0 |           0 |           0 |           0 |           0 |           0 |           0 |           0 |           0 |           0 |           0 |           0 |           0 |           0 |           0 |           0 |           0 |           0 |           0 |           0 |           0 |           0 |           0 |           0 |           0 |           0 |           0 |           0 |           0 |           0 |           0 |           0 |           0 |           0 |           0 |           0 |           0 |           0 |           0 |           0 |           0 |           0 |           0 |           0 |           0 |           0 |           0 |           0 |           0 |           0 |    209.1995 |           0 |           0 |           0 |            0 |            0 |            0 |            0 |            0 |            0 |            0 |            0 |            0 |            0 |            0 |            0 |            0 |            0 |            0 |            0 |            0 |            0 |            0 |            0 |            0 |            0 |            0 |            0 |            0 |            0 |            0 |            0 |            0 |            0 |            0 |            0 |            0 |            0 |            0 |            0 |            0 |            0 |            0 |            0 |            0 |            0 |            0 |            0 |
| Memory write data volume [GBytes] |    328.4869 |          0 |          0 |          0 |          0 |          0 |          0 |          0 |          0 |          0 |           0 |           0 |           0 |           0 |           0 |           0 |           0 |           0 |           0 |           0 |           0 |           0 |           0 |           0 |           0 |           0 |           0 |           0 |           0 |           0 |           0 |           0 |           0 |           0 |           0 |           0 |           0 |           0 |           0 |           0 |           0 |           0 |           0 |           0 |           0 |           0 |           0 |           0 |           0 |           0 |           0 |           0 |           0 |           0 |           0 |           0 |           0 |           0 |           0 |           0 |           0 |           0 |           0 |           0 |           0 |           0 |           0 |           0 |           0 |           0 |           0 |           0 |           0 |           0 |           0 |           0 |           0 |           0 |           0 |           0 |           0 |           0 |           0 |           0 |           0 |           0 |           0 |           0 |           0 |           0 |           0 |           0 |           0 |           0 |           0 |           0 |    156.0479 |           0 |           0 |           0 |            0 |            0 |            0 |            0 |            0 |            0 |            0 |            0 |            0 |            0 |            0 |            0 |            0 |            0 |            0 |            0 |            0 |            0 |            0 |            0 |            0 |            0 |            0 |            0 |            0 |            0 |            0 |            0 |            0 |            0 |            0 |            0 |            0 |            0 |            0 |            0 |            0 |            0 |            0 |            0 |            0 |            0 |            0 |            0 |
|    Memory bandwidth [MBytes/s]    | 228725.0293 |          0 |          0 |          0 |          0 |          0 |          0 |          0 |          0 |          0 |           0 |           0 |           0 |           0 |           0 |           0 |           0 |           0 |           0 |           0 |           0 |           0 |           0 |           0 |           0 |           0 |           0 |           0 |           0 |           0 |           0 |           0 |           0 |           0 |           0 |           0 |           0 |           0 |           0 |           0 |           0 |           0 |           0 |           0 |           0 |           0 |           0 |           0 |           0 |           0 |           0 |           0 |           0 |           0 |           0 |           0 |           0 |           0 |           0 |           0 |           0 |           0 |           0 |           0 |           0 |           0 |           0 |           0 |           0 |           0 |           0 |           0 |           0 |           0 |           0 |           0 |           0 |           0 |           0 |           0 |           0 |           0 |           0 |           0 |           0 |           0 |           0 |           0 |           0 |           0 |           0 |           0 |           0 |           0 |           0 |           0 | 104950.5066 |           0 |           0 |           0 |            0 |            0 |            0 |            0 |            0 |            0 |            0 |            0 |            0 |            0 |            0 |            0 |            0 |            0 |            0 |            0 |            0 |            0 |            0 |            0 |            0 |            0 |            0 |            0 |            0 |            0 |            0 |            0 |            0 |            0 |            0 |            0 |            0 |            0 |            0 |            0 |            0 |            0 |            0 |            0 |            0 |            0 |            0 |            0 |
|    Memory data volume [GBytes]    | 171943.9493 |          0 |          0 |          0 |          0 |          0 |          0 |          0 |          0 |          0 |           0 |           0 |           0 |           0 |           0 |           0 |           0 |           0 |           0 |           0 |           0 |           0 |           0 |           0 |           0 |           0 |           0 |           0 |           0 |           0 |           0 |           0 |           0 |           0 |           0 |           0 |           0 |           0 |           0 |           0 |           0 |           0 |           0 |           0 |           0 |           0 |           0 |           0 |           0 |           0 |           0 |           0 |           0 |           0 |           0 |           0 |           0 |           0 |           0 |           0 |           0 |           0 |           0 |           0 |           0 |           0 |           0 |           0 |           0 |           0 |           0 |           0 |           0 |           0 |           0 |           0 |           0 |           0 |           0 |           0 |           0 |           0 |           0 |           0 |           0 |           0 |           0 |           0 |           0 |           0 |           0 |           0 |           0 |           0 |           0 |           0 |  78285.6159 |           0 |           0 |           0 |            0 |            0 |            0 |            0 |            0 |            0 |            0 |            0 |            0 |            0 |            0 |            0 |            0 |            0 |            0 |            0 |            0 |            0 |            0 |            0 |            0 |            0 |            0 |            0 |            0 |            0 |            0 |            0 |            0 |            0 |            0 |            0 |            0 |            0 |            0 |            0 |            0 |            0 |            0 |            0 |            0 |            0 |            0 |            0 |
+-----------------------------------+-------------+------------+------------+------------+------------+------------+------------+------------+------------+------------+-------------+-------------+-------------+-------------+-------------+-------------+-------------+-------------+-------------+-------------+-------------+-------------+-------------+-------------+-------------+-------------+-------------+-------------+-------------+-------------+-------------+-------------+-------------+-------------+-------------+-------------+-------------+-------------+-------------+-------------+-------------+-------------+-------------+-------------+-------------+-------------+-------------+-------------+-------------+-------------+-------------+-------------+-------------+-------------+-------------+-------------+-------------+-------------+-------------+-------------+-------------+-------------+-------------+-------------+-------------+-------------+-------------+-------------+-------------+-------------+-------------+-------------+-------------+-------------+-------------+-------------+-------------+-------------+-------------+-------------+-------------+-------------+-------------+-------------+-------------+-------------+-------------+-------------+-------------+-------------+-------------+-------------+-------------+-------------+-------------+-------------+-------------+-------------+-------------+-------------+--------------+--------------+--------------+--------------+--------------+--------------+--------------+--------------+--------------+--------------+--------------+--------------+--------------+--------------+--------------+--------------+--------------+--------------+--------------+--------------+--------------+--------------+--------------+--------------+--------------+--------------+--------------+--------------+--------------+--------------+--------------+--------------+--------------+--------------+--------------+--------------+--------------+--------------+--------------+--------------+--------------+--------------+--------------+--------------+

+----------------------------------------+-------------+-----------+-------------+-----------+
|                 Metric                 |     Sum     |    Min    |     Max     |    Avg    |
+----------------------------------------+-------------+-----------+-------------+-----------+
|        Runtime (RDTSC) [s] STAT        | 105886.3502 |  713.7419 |    756.6922 |  735.3219 |
|        Runtime unhalted [s] STAT       | 145615.0848 | 1009.4540 |   1014.2605 | 1011.2159 |
|            Clock [MHz] STAT            | 530986.6991 | 3681.9970 |   3697.2852 | 3687.4076 |
|                CPI STAT                |    200.7123 |    1.2337 |      1.5692 |    1.3938 |
|  Memory read bandwidth [MBytes/s] STAT | 333029.3732 |         0 | 228288.0661 | 2312.7040 |
|  Memory read data volume [GBytes] STAT | 249745.0304 |         0 | 171615.4624 | 1734.3405 |
| Memory write bandwidth [MBytes/s] STAT |    646.1627 |         0 |    436.9632 |    4.4872 |
| Memory write data volume [GBytes] STAT |    484.5348 |         0 |    328.4869 |    3.3648 |
|    Memory bandwidth [MBytes/s] STAT    | 333675.5359 |         0 | 228725.0293 | 2317.1912 |
|    Memory data volume [GBytes] STAT    | 250229.5652 |         0 | 171943.9493 | 1737.7053 |
+----------------------------------------+-------------+-----------+-------------+-----------+

