INFO: You are running LIKWID in a cpuset with 160 CPUs. Taking given IDs as logical ID in cpuset
--------------------------------------------------------------------------------
CPU name:	AMD EPYC 9A14 96-Core Processor                
CPU type:	AMD K19 (Zen4) architecture
CPU clock:	2.60 GHz
--------------------------------------------------------------------------------
Sys.CPU_THREADS       192
SLURM_CPUS_PER_TASK   160
OMP_NUM_THREADS       160
OMP_PROC_BIND         close
OMP_PLACES            cores
BLAS_NUM_THREADS      1
Threads.nthreads()    1

Successfully read data from: /public/home/halili/jld2file/cc-pvdz/h2o-1.0-cc-pvdz.jld2
  name: h2o
  ratio: 1.0
  basis: cc-pvdz
  nα: 5, nβ: 5, ne: 10, norb: 24, nq: 48

  ngs: 25495
  ncs: 128793

Warming up JIT and Hardware...
Warm-up completed.
  Step 001:  residual: 9.9885e-01,  e: -76.02676073376648
  Step 002:  residual: 3.3618e-01,  e: -76.22561643779915
  Step 003:  residual: 9.9286e-02,  e: -76.24222290584441
  Step 004:  residual: 3.2400e-02,  e: -76.24360734427427
  Step 005:  residual: 1.2871e-02,  e: -76.24376885653840
  Step 006:  residual: 4.3599e-03,  e: -76.24379383490481
  Step 007:  residual: 1.6905e-03,  e: -76.24379667642279
  Step 008:  residual: 7.0448e-04,  e: -76.24379712049144
  Step 009:  residual: 3.1828e-04,  e: -76.24379720589910
  Step 010:  residual: 1.2649e-04,  e: -76.24379722155611
  Step 011:  residual: 4.7677e-05,  e: -76.24379722386456
  Step 012:  residual: 1.7064e-05,  e: -76.24379722415716
  Step 013:  residual: 6.0873e-06,  e: -76.24379722419420

Convergence reached!
742.506792 seconds (7.21 M allocations: 91.224 GiB, 0.07% gc time, 0.27% compilation time)
--------------------------------------------------------------------------------
Region hvec_direct_agg, Group 1: MEM
+-------------------+------------+------------+------------+------------+------------+------------+------------+------------+------------+------------+-------------+-------------+-------------+-------------+-------------+-------------+-------------+-------------+-------------+-------------+-------------+-------------+-------------+-------------+-------------+-------------+-------------+-------------+-------------+-------------+-------------+-------------+-------------+-------------+-------------+-------------+-------------+-------------+-------------+-------------+-------------+-------------+-------------+-------------+-------------+-------------+-------------+-------------+-------------+-------------+-------------+-------------+-------------+-------------+-------------+-------------+-------------+-------------+-------------+-------------+-------------+-------------+-------------+-------------+-------------+-------------+-------------+-------------+-------------+-------------+-------------+-------------+-------------+-------------+-------------+-------------+-------------+-------------+-------------+-------------+-------------+-------------+-------------+-------------+-------------+-------------+-------------+-------------+-------------+-------------+-------------+-------------+-------------+-------------+-------------+-------------+-------------+-------------+-------------+-------------+--------------+--------------+--------------+--------------+--------------+--------------+--------------+--------------+--------------+--------------+--------------+--------------+--------------+--------------+--------------+--------------+--------------+--------------+--------------+--------------+--------------+--------------+--------------+--------------+--------------+--------------+--------------+--------------+--------------+--------------+--------------+--------------+--------------+--------------+--------------+--------------+--------------+--------------+--------------+--------------+--------------+--------------+--------------+--------------+--------------+--------------+--------------+--------------+--------------+--------------+--------------+--------------+--------------+--------------+--------------+--------------+--------------+--------------+--------------+--------------+
|    Region Info    | HWThread 0 | HWThread 1 | HWThread 2 | HWThread 3 | HWThread 4 | HWThread 5 | HWThread 6 | HWThread 7 | HWThread 8 | HWThread 9 | HWThread 10 | HWThread 11 | HWThread 12 | HWThread 13 | HWThread 14 | HWThread 15 | HWThread 16 | HWThread 17 | HWThread 18 | HWThread 19 | HWThread 20 | HWThread 21 | HWThread 22 | HWThread 23 | HWThread 24 | HWThread 25 | HWThread 26 | HWThread 27 | HWThread 28 | HWThread 29 | HWThread 30 | HWThread 31 | HWThread 32 | HWThread 33 | HWThread 34 | HWThread 35 | HWThread 36 | HWThread 37 | HWThread 38 | HWThread 39 | HWThread 40 | HWThread 41 | HWThread 42 | HWThread 43 | HWThread 44 | HWThread 45 | HWThread 46 | HWThread 47 | HWThread 48 | HWThread 49 | HWThread 50 | HWThread 51 | HWThread 52 | HWThread 53 | HWThread 54 | HWThread 55 | HWThread 56 | HWThread 57 | HWThread 58 | HWThread 59 | HWThread 60 | HWThread 61 | HWThread 62 | HWThread 63 | HWThread 64 | HWThread 65 | HWThread 66 | HWThread 67 | HWThread 68 | HWThread 69 | HWThread 70 | HWThread 71 | HWThread 72 | HWThread 73 | HWThread 74 | HWThread 75 | HWThread 76 | HWThread 77 | HWThread 78 | HWThread 79 | HWThread 80 | HWThread 81 | HWThread 82 | HWThread 83 | HWThread 84 | HWThread 85 | HWThread 86 | HWThread 87 | HWThread 88 | HWThread 89 | HWThread 90 | HWThread 91 | HWThread 92 | HWThread 93 | HWThread 94 | HWThread 95 | HWThread 96 | HWThread 97 | HWThread 98 | HWThread 99 | HWThread 100 | HWThread 101 | HWThread 102 | HWThread 103 | HWThread 104 | HWThread 105 | HWThread 106 | HWThread 107 | HWThread 108 | HWThread 109 | HWThread 110 | HWThread 111 | HWThread 112 | HWThread 113 | HWThread 114 | HWThread 115 | HWThread 116 | HWThread 117 | HWThread 118 | HWThread 119 | HWThread 120 | HWThread 121 | HWThread 122 | HWThread 123 | HWThread 124 | HWThread 125 | HWThread 126 | HWThread 127 | HWThread 128 | HWThread 129 | HWThread 130 | HWThread 131 | HWThread 132 | HWThread 133 | HWThread 134 | HWThread 135 | HWThread 136 | HWThread 137 | HWThread 138 | HWThread 139 | HWThread 140 | HWThread 141 | HWThread 142 | HWThread 143 | HWThread 144 | HWThread 145 | HWThread 146 | HWThread 147 | HWThread 148 | HWThread 149 | HWThread 150 | HWThread 151 | HWThread 152 | HWThread 153 | HWThread 154 | HWThread 155 | HWThread 156 | HWThread 157 | HWThread 158 | HWThread 159 |
+-------------------+------------+------------+------------+------------+------------+------------+------------+------------+------------+------------+-------------+-------------+-------------+-------------+-------------+-------------+-------------+-------------+-------------+-------------+-------------+-------------+-------------+-------------+-------------+-------------+-------------+-------------+-------------+-------------+-------------+-------------+-------------+-------------+-------------+-------------+-------------+-------------+-------------+-------------+-------------+-------------+-------------+-------------+-------------+-------------+-------------+-------------+-------------+-------------+-------------+-------------+-------------+-------------+-------------+-------------+-------------+-------------+-------------+-------------+-------------+-------------+-------------+-------------+-------------+-------------+-------------+-------------+-------------+-------------+-------------+-------------+-------------+-------------+-------------+-------------+-------------+-------------+-------------+-------------+-------------+-------------+-------------+-------------+-------------+-------------+-------------+-------------+-------------+-------------+-------------+-------------+-------------+-------------+-------------+-------------+-------------+-------------+-------------+-------------+--------------+--------------+--------------+--------------+--------------+--------------+--------------+--------------+--------------+--------------+--------------+--------------+--------------+--------------+--------------+--------------+--------------+--------------+--------------+--------------+--------------+--------------+--------------+--------------+--------------+--------------+--------------+--------------+--------------+--------------+--------------+--------------+--------------+--------------+--------------+--------------+--------------+--------------+--------------+--------------+--------------+--------------+--------------+--------------+--------------+--------------+--------------+--------------+--------------+--------------+--------------+--------------+--------------+--------------+--------------+--------------+--------------+--------------+--------------+--------------+
| RDTSC Runtime [s] | 719.980300 | 710.293300 | 725.527800 | 711.578900 | 716.431000 | 709.488800 | 711.088100 | 707.169300 | 712.539100 | 702.545700 |  702.020700 |  699.185900 |  706.646200 |  700.645600 |  699.774600 |  715.895100 |  723.575100 |  710.025600 |  714.212900 |  694.066500 |  694.066400 |  697.775600 |  682.598400 |  697.232600 |  706.115600 |  684.424800 |  724.181900 |  707.435400 |  702.282300 |  719.375300 |  706.115500 |  701.489000 |  724.785900 |  723.074100 |  716.698700 |  716.699100 |  682.812500 |  724.785800 |  716.698500 |  682.812500 |  717.894500 |  711.859400 |  715.100800 |  713.614800 |  721.797300 |  711.576800 |  689.834500 |  716.166600 |  712.864800 |  710.550100 |  712.866100 |  725.527100 |  707.697600 |  719.105700 |  711.087800 |  703.979400 |  705.563800 |  704.697700 |  703.326800 |  703.327400 |  708.298700 |  703.326800 |  708.887400 |  706.906000 |  715.431800 |  708.628200 |  683.560900 |  725.809600 |  718.222500 |  722.409800 |  715.431200 |  725.256700 |  704.239400 |  703.067700 |  700.965800 |  704.238400 |  699.510100 |  696.044000 |  696.907900 |  695.383800 |  701.230500 |  710.818300 |  685.392600 |  701.755600 |  721.467100 |  709.755700 |  705.235000 |  702.804600 |  724.515700 |  718.774000 |  688.036700 |  685.651400 |  685.652600 |  685.072900 |  686.747900 |  714.539700 |  707.960100 |  708.886300 |  717.349900 |  683.884400 |   705.562800 |   689.207000 |   717.349500 |   683.884300 |   690.478400 |   690.156300 |   694.864600 |   690.695800 |   693.754100 |   690.478600 |   690.157300 |   694.864700 |   721.150200 |   687.071600 |   722.072500 |   684.746400 |   687.393400 |   687.072300 |   711.859000 |   687.394400 |   700.323700 |   691.338500 |   720.202500 |   696.366200 |   691.956800 |   696.366300 |   723.841900 |   688.356500 |   697.231900 |   697.775100 |   686.440800 |   704.499700 |   722.740200 |   694.065900 |   722.740300 |   695.710300 |   698.358400 |   686.111200 |   719.650000 |   720.827500 |   693.436200 |   689.523600 |   719.650500 |   691.648200 |   699.773800 |   718.222500 |   692.794900 |   692.266400 |   692.266300 |   692.266500 |   692.793900 |   714.540000 |   720.511600 |   688.688300 |   698.664800 |   698.664700 |   712.865100 |   688.689000 |   713.364300 |   682.811800 |
|     call count    |         13 |         13 |         13 |         13 |         13 |         13 |         13 |         13 |         13 |         13 |          13 |          13 |          13 |          13 |          13 |          13 |          13 |          13 |          13 |          13 |          13 |          13 |          13 |          13 |          13 |          13 |          13 |          13 |          13 |          13 |          13 |          13 |          13 |          13 |          13 |          13 |          13 |          13 |          13 |          13 |          13 |          13 |          13 |          13 |          13 |          13 |          13 |          13 |          13 |          13 |          13 |          13 |          13 |          13 |          13 |          13 |          13 |          13 |          13 |          13 |          13 |          13 |          13 |          13 |          13 |          13 |          13 |          13 |          13 |          13 |          13 |          13 |          13 |          13 |          13 |          13 |          13 |          13 |          13 |          13 |          13 |          13 |          13 |          13 |          13 |          13 |          13 |          13 |          13 |          13 |          13 |          13 |          13 |          13 |          13 |          13 |          13 |          13 |          13 |          13 |           13 |           13 |           13 |           13 |           13 |           13 |           13 |           13 |           13 |           13 |           13 |           13 |           13 |           13 |           13 |           13 |           13 |           13 |           13 |           13 |           13 |           13 |           13 |           13 |           13 |           13 |           13 |           13 |           13 |           13 |           13 |           13 |           13 |           13 |           13 |           13 |           13 |           13 |           13 |           13 |           13 |           13 |           13 |           13 |           13 |           13 |           13 |           13 |           13 |           13 |           13 |           13 |           13 |           13 |           13 |           13 |           13 |           13 |           13 |           13 |
+-------------------+------------+------------+------------+------------+------------+------------+------------+------------+------------+------------+-------------+-------------+-------------+-------------+-------------+-------------+-------------+-------------+-------------+-------------+-------------+-------------+-------------+-------------+-------------+-------------+-------------+-------------+-------------+-------------+-------------+-------------+-------------+-------------+-------------+-------------+-------------+-------------+-------------+-------------+-------------+-------------+-------------+-------------+-------------+-------------+-------------+-------------+-------------+-------------+-------------+-------------+-------------+-------------+-------------+-------------+-------------+-------------+-------------+-------------+-------------+-------------+-------------+-------------+-------------+-------------+-------------+-------------+-------------+-------------+-------------+-------------+-------------+-------------+-------------+-------------+-------------+-------------+-------------+-------------+-------------+-------------+-------------+-------------+-------------+-------------+-------------+-------------+-------------+-------------+-------------+-------------+-------------+-------------+-------------+-------------+-------------+-------------+-------------+-------------+--------------+--------------+--------------+--------------+--------------+--------------+--------------+--------------+--------------+--------------+--------------+--------------+--------------+--------------+--------------+--------------+--------------+--------------+--------------+--------------+--------------+--------------+--------------+--------------+--------------+--------------+--------------+--------------+--------------+--------------+--------------+--------------+--------------+--------------+--------------+--------------+--------------+--------------+--------------+--------------+--------------+--------------+--------------+--------------+--------------+--------------+--------------+--------------+--------------+--------------+--------------+--------------+--------------+--------------+--------------+--------------+--------------+--------------+--------------+--------------+

+----------------------+---------+---------------+---------------+---------------+---------------+---------------+---------------+---------------+---------------+---------------+---------------+---------------+---------------+---------------+---------------+---------------+---------------+---------------+---------------+---------------+---------------+---------------+---------------+---------------+---------------+---------------+---------------+---------------+---------------+---------------+---------------+---------------+---------------+---------------+---------------+---------------+---------------+---------------+---------------+---------------+---------------+---------------+---------------+---------------+---------------+---------------+---------------+---------------+---------------+---------------+---------------+---------------+---------------+---------------+---------------+---------------+---------------+---------------+---------------+---------------+---------------+---------------+---------------+---------------+---------------+---------------+---------------+---------------+---------------+---------------+---------------+---------------+---------------+---------------+---------------+---------------+---------------+---------------+---------------+---------------+---------------+---------------+---------------+---------------+---------------+---------------+---------------+---------------+---------------+---------------+---------------+---------------+---------------+---------------+---------------+---------------+---------------+---------------+---------------+---------------+---------------+---------------+---------------+---------------+---------------+---------------+---------------+---------------+---------------+---------------+---------------+---------------+---------------+---------------+---------------+---------------+---------------+---------------+---------------+---------------+---------------+---------------+---------------+---------------+---------------+---------------+---------------+---------------+---------------+---------------+---------------+---------------+---------------+---------------+---------------+---------------+---------------+---------------+---------------+---------------+---------------+---------------+---------------+---------------+---------------+---------------+---------------+---------------+---------------+---------------+---------------+---------------+---------------+---------------+---------------+---------------+---------------+---------------+---------------+---------------+---------------+
|         Event        | Counter |   HWThread 0  |   HWThread 1  |   HWThread 2  |   HWThread 3  |   HWThread 4  |   HWThread 5  |   HWThread 6  |   HWThread 7  |   HWThread 8  |   HWThread 9  |  HWThread 10  |  HWThread 11  |  HWThread 12  |  HWThread 13  |  HWThread 14  |  HWThread 15  |  HWThread 16  |  HWThread 17  |  HWThread 18  |  HWThread 19  |  HWThread 20  |  HWThread 21  |  HWThread 22  |  HWThread 23  |  HWThread 24  |  HWThread 25  |  HWThread 26  |  HWThread 27  |  HWThread 28  |  HWThread 29  |  HWThread 30  |  HWThread 31  |  HWThread 32  |  HWThread 33  |  HWThread 34  |  HWThread 35  |  HWThread 36  |  HWThread 37  |  HWThread 38  |  HWThread 39  |  HWThread 40  |  HWThread 41  |  HWThread 42  |  HWThread 43  |  HWThread 44  |  HWThread 45  |  HWThread 46  |  HWThread 47  |  HWThread 48  |  HWThread 49  |  HWThread 50  |  HWThread 51  |  HWThread 52  |  HWThread 53  |  HWThread 54  |  HWThread 55  |  HWThread 56  |  HWThread 57  |  HWThread 58  |  HWThread 59  |  HWThread 60  |  HWThread 61  |  HWThread 62  |  HWThread 63  |  HWThread 64  |  HWThread 65  |  HWThread 66  |  HWThread 67  |  HWThread 68  |  HWThread 69  |  HWThread 70  |  HWThread 71  |  HWThread 72  |  HWThread 73  |  HWThread 74  |  HWThread 75  |  HWThread 76  |  HWThread 77  |  HWThread 78  |  HWThread 79  |  HWThread 80  |  HWThread 81  |  HWThread 82  |  HWThread 83  |  HWThread 84  |  HWThread 85  |  HWThread 86  |  HWThread 87  |  HWThread 88  |  HWThread 89  |  HWThread 90  |  HWThread 91  |  HWThread 92  |  HWThread 93  |  HWThread 94  |  HWThread 95  |  HWThread 96  |  HWThread 97  |  HWThread 98  |  HWThread 99  |  HWThread 100 |  HWThread 101 |  HWThread 102 |  HWThread 103 |  HWThread 104 |  HWThread 105 |  HWThread 106 |  HWThread 107 |  HWThread 108 |  HWThread 109 |  HWThread 110 |  HWThread 111 |  HWThread 112 |  HWThread 113 |  HWThread 114 |  HWThread 115 |  HWThread 116 |  HWThread 117 |  HWThread 118 |  HWThread 119 |  HWThread 120 |  HWThread 121 |  HWThread 122 |  HWThread 123 |  HWThread 124 |  HWThread 125 |  HWThread 126 |  HWThread 127 |  HWThread 128 |  HWThread 129 |  HWThread 130 |  HWThread 131 |  HWThread 132 |  HWThread 133 |  HWThread 134 |  HWThread 135 |  HWThread 136 |  HWThread 137 |  HWThread 138 |  HWThread 139 |  HWThread 140 |  HWThread 141 |  HWThread 142 |  HWThread 143 |  HWThread 144 |  HWThread 145 |  HWThread 146 |  HWThread 147 |  HWThread 148 |  HWThread 149 |  HWThread 150 |  HWThread 151 |  HWThread 152 |  HWThread 153 |  HWThread 154 |  HWThread 155 |  HWThread 156 |  HWThread 157 |  HWThread 158 |  HWThread 159 |
+----------------------+---------+---------------+---------------+---------------+---------------+---------------+---------------+---------------+---------------+---------------+---------------+---------------+---------------+---------------+---------------+---------------+---------------+---------------+---------------+---------------+---------------+---------------+---------------+---------------+---------------+---------------+---------------+---------------+---------------+---------------+---------------+---------------+---------------+---------------+---------------+---------------+---------------+---------------+---------------+---------------+---------------+---------------+---------------+---------------+---------------+---------------+---------------+---------------+---------------+---------------+---------------+---------------+---------------+---------------+---------------+---------------+---------------+---------------+---------------+---------------+---------------+---------------+---------------+---------------+---------------+---------------+---------------+---------------+---------------+---------------+---------------+---------------+---------------+---------------+---------------+---------------+---------------+---------------+---------------+---------------+---------------+---------------+---------------+---------------+---------------+---------------+---------------+---------------+---------------+---------------+---------------+---------------+---------------+---------------+---------------+---------------+---------------+---------------+---------------+---------------+---------------+---------------+---------------+---------------+---------------+---------------+---------------+---------------+---------------+---------------+---------------+---------------+---------------+---------------+---------------+---------------+---------------+---------------+---------------+---------------+---------------+---------------+---------------+---------------+---------------+---------------+---------------+---------------+---------------+---------------+---------------+---------------+---------------+---------------+---------------+---------------+---------------+---------------+---------------+---------------+---------------+---------------+---------------+---------------+---------------+---------------+---------------+---------------+---------------+---------------+---------------+---------------+---------------+---------------+---------------+---------------+---------------+---------------+---------------+---------------+---------------+
|   ACTUAL_CPU_CLOCK   |  FIXC1  | 2514256000000 | 2511708000000 | 2511778000000 | 2511737000000 | 2512148000000 | 2511427000000 | 2511742000000 | 2511602000000 | 2511398000000 | 2511646000000 | 2511171000000 | 2511194000000 | 2511057000000 | 2511504000000 | 2510782000000 | 2511258000000 | 2511350000000 | 2511594000000 | 2512042000000 | 2511270000000 | 2511516000000 | 2511881000000 | 2511785000000 | 2512482000000 | 2511237000000 | 2511038000000 | 2511743000000 | 2511190000000 | 2511673000000 | 2511364000000 | 2511659000000 | 2511777000000 | 2511282000000 | 2511090000000 | 2511559000000 | 2511284000000 | 2511438000000 | 2510936000000 | 2511041000000 | 2511382000000 | 2511777000000 | 2511491000000 | 2511531000000 | 2511830000000 | 2511267000000 | 2511688000000 | 2511026000000 | 2511733000000 | 2511054000000 | 2511462000000 | 2511592000000 | 2511968000000 | 2510993000000 | 2511608000000 | 2511379000000 | 2511368000000 | 2511081000000 | 2511259000000 | 2510958000000 | 2511177000000 | 2510403000000 | 2511019000000 | 2511183000000 | 2511787000000 | 2511350000000 | 2511628000000 | 2511784000000 | 2511400000000 | 2511637000000 | 2512621000000 | 2511072000000 | 2511607000000 | 2511566000000 | 2511262000000 | 2511459000000 | 2511423000000 | 2511997000000 | 2511417000000 | 2511563000000 | 2511718000000 | 2510614000000 | 2511251000000 | 2511637000000 | 2511218000000 | 2510855000000 | 2510802000000 | 2511463000000 | 2510921000000 | 2511924000000 | 2511945000000 | 2511542000000 | 2511361000000 | 2512211000000 | 2511953000000 | 2510732000000 | 2511466000000 | 2521189000000 | 2521013000000 | 2521643000000 | 2521913000000 | 2521531000000 | 2521048000000 | 2521526000000 | 2520932000000 | 2520321000000 | 2520601000000 | 2519477000000 | 2520558000000 | 2520049000000 | 2520057000000 | 2520023000000 | 2520106000000 | 2521760000000 | 2520947000000 | 2521163000000 | 2520814000000 | 2520976000000 | 2520759000000 | 2520825000000 | 2520828000000 | 2520925000000 | 2520809000000 | 2520687000000 | 2520914000000 | 2520401000000 | 2520981000000 | 2520974000000 | 2520758000000 | 2520471000000 | 2520347000000 | 2519963000000 | 2520412000000 | 2519640000000 | 2519864000000 | 2520513000000 | 2520450000000 | 2521192000000 | 2521152000000 | 2520910000000 | 2520936000000 | 2520556000000 | 2520807000000 | 2521015000000 | 2520347000000 | 2521017000000 | 2520220000000 | 2520407000000 | 2520299000000 | 2520326000000 | 2521078000000 | 2520567000000 | 2521224000000 | 2520552000000 | 2519700000000 | 2521101000000 | 2520490000000 | 2519954000000 | 2520557000000 | 2520909000000 | 2521241000000 |
|     MAX_CPU_CLOCK    |  FIXC2  | 1774084000000 | 1773043000000 | 1772763000000 | 1772643000000 | 1772920000000 | 1772416000000 | 1772641000000 | 1772527000000 | 1772511000000 | 1772635000000 | 1772278000000 | 1772240000000 | 1772200000000 | 1772538000000 | 1771989000000 | 1772275000000 | 1772431000000 | 1772526000000 | 1772829000000 | 1772420000000 | 1772624000000 | 1772841000000 | 1772684000000 | 1773072000000 | 1772439000000 | 1772157000000 | 1772692000000 | 1772258000000 | 1772612000000 | 1772381000000 | 1772769000000 | 1772777000000 | 1772432000000 | 1772297000000 | 1772677000000 | 1772480000000 | 1772405000000 | 1772071000000 | 1772133000000 | 1772365000000 | 1772816000000 | 1772654000000 | 1772663000000 | 1772827000000 | 1772334000000 | 1772584000000 | 1772278000000 | 1772591000000 | 1772318000000 | 1772575000000 | 1772583000000 | 1772927000000 | 1772114000000 | 1772561000000 | 1772534000000 | 1772415000000 | 1772191000000 | 1772300000000 | 1772243000000 | 1772299000000 | 1771840000000 | 1772276000000 | 1772399000000 | 1772681000000 | 1772416000000 | 1772557000000 | 1772695000000 | 1772468000000 | 1772563000000 | 1773259000000 | 1772306000000 | 1772563000000 | 1772625000000 | 1772296000000 | 1772441000000 | 1772545000000 | 1772859000000 | 1772549000000 | 1772644000000 | 1772759000000 | 1771866000000 | 1772441000000 | 1772526000000 | 1772311000000 | 1772060000000 | 1771994000000 | 1772633000000 | 1772050000000 | 1772855000000 | 1772945000000 | 1772620000000 | 1772538000000 | 1772964000000 | 1772908000000 | 1772084000000 | 1772451000000 | 1773237000000 | 1773114000000 | 1773403000000 | 1773760000000 | 1773391000000 | 1773116000000 | 1773473000000 | 1773041000000 | 1772578000000 | 1772732000000 | 1772057000000 | 1772760000000 | 1772405000000 | 1772478000000 | 1772422000000 | 1772429000000 | 1773648000000 | 1773081000000 | 1773137000000 | 1773001000000 | 1773114000000 | 1772972000000 | 1773025000000 | 1773052000000 | 1773027000000 | 1772860000000 | 1772793000000 | 1772860000000 | 1772689000000 | 1773024000000 | 1773016000000 | 1772962000000 | 1772632000000 | 1772516000000 | 1772246000000 | 1772694000000 | 1772155000000 | 1772345000000 | 1772631000000 | 1772654000000 | 1772999000000 | 1773203000000 | 1773048000000 | 1772973000000 | 1772798000000 | 1772789000000 | 1773159000000 | 1772645000000 | 1773005000000 | 1772593000000 | 1772712000000 | 1772632000000 | 1772648000000 | 1773031000000 | 1772804000000 | 1773292000000 | 1772804000000 | 1772208000000 | 1773162000000 | 1772739000000 | 1772344000000 | 1772786000000 | 1773036000000 | 1773221000000 |
| RETIRED_INSTRUCTIONS |   PMC0  | 1668713000000 | 1670506000000 | 1667952000000 | 1669783000000 | 1677796000000 | 1662820000000 | 1670783000000 | 1659738000000 | 1893891000000 | 1888583000000 | 1897365000000 | 1893506000000 | 1887787000000 | 1889809000000 | 1886008000000 | 1876744000000 | 1687968000000 | 1692947000000 | 1696813000000 | 1694212000000 | 1686409000000 | 1685645000000 | 1691964000000 | 1689140000000 | 1670901000000 | 1677913000000 | 1666941000000 | 1675527000000 | 1679247000000 | 1663373000000 | 1680937000000 | 1670235000000 | 1886195000000 | 1887025000000 | 1883178000000 | 1875600000000 | 1877818000000 | 1884476000000 | 1873704000000 | 1873873000000 | 1692406000000 | 1699401000000 | 1702897000000 | 1689693000000 | 1697715000000 | 1698821000000 | 1691422000000 | 1684239000000 | 1683588000000 | 1681383000000 | 1680964000000 | 1683841000000 | 1684662000000 | 1684528000000 | 1683841000000 | 1677871000000 | 1882593000000 | 1895095000000 | 1894783000000 | 1883404000000 | 1884662000000 | 1881759000000 | 1885324000000 | 1875195000000 | 1698147000000 | 1701340000000 | 1698674000000 | 1698148000000 | 1700514000000 | 1689821000000 | 1689855000000 | 1683334000000 | 1661695000000 | 1672937000000 | 1674310000000 | 1664730000000 | 1664934000000 | 1659408000000 | 1668625000000 | 1660764000000 | 1875888000000 | 1881917000000 | 1886902000000 | 1882039000000 | 1888534000000 | 1884590000000 | 1882184000000 | 1876228000000 | 1693920000000 | 1694475000000 | 1703183000000 | 1694919000000 | 1692255000000 | 1694538000000 | 1697082000000 | 1692254000000 | 1431939000000 | 1440627000000 | 1445221000000 | 1432590000000 | 1439772000000 | 1437969000000 | 1432395000000 | 1437050000000 | 1805285000000 | 1799933000000 | 1798130000000 | 1797272000000 | 1806655000000 | 1791659000000 | 1799734000000 | 1796292000000 | 1449538000000 | 1448051000000 | 1449022000000 | 1460380000000 | 1439433000000 | 1455681000000 | 1452229000000 | 1449865000000 | 1417603000000 | 1418162000000 | 1417908000000 | 1417803000000 | 1424628000000 | 1417006000000 | 1421258000000 | 1414833000000 | 1799492000000 | 1800963000000 | 1795803000000 | 1790364000000 | 1790605000000 | 1793749000000 | 1795217000000 | 1789141000000 | 1440356000000 | 1441905000000 | 1440218000000 | 1433980000000 | 1443714000000 | 1436101000000 | 1440063000000 | 1434971000000 | 1809750000000 | 1804052000000 | 1809161000000 | 1806111000000 | 1803013000000 | 1807735000000 | 1811312000000 | 1804456000000 | 1814117000000 | 1814180000000 | 1817213000000 | 1815149000000 | 1815508000000 | 1813584000000 | 1809325000000 | 1817577000000 |
|  CPU_CLOCKS_UNHALTED |   PMC1  | 2459501000000 | 2466648000000 | 2468933000000 | 2469072000000 | 2468110000000 | 2468349000000 | 2468130000000 | 2468988000000 | 2462126000000 | 2463455000000 | 2462451000000 | 2463319000000 | 2462915000000 | 2464519000000 | 2462731000000 | 2463473000000 | 2466811000000 | 2466315000000 | 2468748000000 | 2466159000000 | 2465927000000 | 2466924000000 | 2466924000000 | 2467962000000 | 2466695000000 | 2467382000000 | 2468328000000 | 2468266000000 | 2467772000000 | 2468492000000 | 2465808000000 | 2467328000000 | 2463358000000 | 2463838000000 | 2464796000000 | 2462592000000 | 2464801000000 | 2464962000000 | 2465207000000 | 2463379000000 | 2468606000000 | 2468189000000 | 2468617000000 | 2468511000000 | 2466604000000 | 2469795000000 | 2468190000000 | 2469879000000 | 2466545000000 | 2468478000000 | 2467264000000 | 2467783000000 | 2467336000000 | 2467036000000 | 2467099000000 | 2467780000000 | 2462179000000 | 2462681000000 | 2463301000000 | 2464110000000 | 2463851000000 | 2463743000000 | 2463209000000 | 2463728000000 | 2465881000000 | 2467199000000 | 2466983000000 | 2466925000000 | 2467185000000 | 2470157000000 | 2467797000000 | 2468199000000 | 2466972000000 | 2465975000000 | 2466224000000 | 2465683000000 | 2469771000000 | 2468779000000 | 2466712000000 | 2467050000000 | 2463166000000 | 2463538000000 | 2464686000000 | 2463164000000 | 2464680000000 | 2463418000000 | 2466063000000 | 2464214000000 | 2465572000000 | 2467243000000 | 2466455000000 | 2466575000000 | 2466953000000 | 2466585000000 | 2465894000000 | 2465514000000 | 2483712000000 | 2484114000000 | 2485555000000 | 2485892000000 | 2483958000000 | 2484448000000 | 2484660000000 | 2483568000000 | 2472692000000 | 2472732000000 | 2472014000000 | 2473672000000 | 2475109000000 | 2474101000000 | 2470331000000 | 2472594000000 | 2481920000000 | 2482426000000 | 2481886000000 | 2482107000000 | 2481685000000 | 2481101000000 | 2481819000000 | 2482513000000 | 2483059000000 | 2483267000000 | 2482552000000 | 2482390000000 | 2482239000000 | 2483319000000 | 2483180000000 | 2482605000000 | 2476118000000 | 2475934000000 | 2474869000000 | 2475768000000 | 2474987000000 | 2475249000000 | 2475937000000 | 2476002000000 | 2482039000000 | 2482800000000 | 2482422000000 | 2482930000000 | 2483081000000 | 2482300000000 | 2482136000000 | 2482543000000 | 2474898000000 | 2474347000000 | 2473748000000 | 2474014000000 | 2474060000000 | 2473384000000 | 2474662000000 | 2475702000000 | 2472556000000 | 2472070000000 | 2472884000000 | 2471881000000 | 2471333000000 | 2472215000000 | 2473203000000 | 2472708000000 |
|      CAS_CMD_RD      |  UMC0C0 |  236348600000 |             0 |             0 |             0 |             0 |             0 |             0 |             0 |             0 |             0 |             0 |             0 |             0 |             0 |             0 |             0 |             0 |             0 |             0 |             0 |             0 |             0 |             0 |             0 |             0 |             0 |             0 |             0 |             0 |             0 |             0 |             0 |             0 |             0 |             0 |             0 |             0 |             0 |             0 |             0 |             0 |             0 |             0 |             0 |             0 |             0 |             0 |             0 |             0 |             0 |             0 |             0 |             0 |             0 |             0 |             0 |             0 |             0 |             0 |             0 |             0 |             0 |             0 |             0 |             0 |             0 |             0 |             0 |             0 |             0 |             0 |             0 |             0 |             0 |             0 |             0 |             0 |             0 |             0 |             0 |             0 |             0 |             0 |             0 |             0 |             0 |             0 |             0 |             0 |             0 |             0 |             0 |             0 |             0 |             0 |             0 |   93330130000 |             0 |             0 |             0 |             0 |             0 |             0 |             0 |             0 |             0 |             0 |             0 |             0 |             0 |             0 |             0 |             0 |             0 |             0 |             0 |             0 |             0 |             0 |             0 |             0 |             0 |             0 |             0 |             0 |             0 |             0 |             0 |             0 |             0 |             0 |             0 |             0 |             0 |             0 |             0 |             0 |             0 |             0 |             0 |             0 |             0 |             0 |             0 |             0 |             0 |             0 |             0 |             0 |             0 |             0 |             0 |             0 |             0 |             0 |             0 |             0 |             0 |             0 |             0 |
|      CAS_CMD_WR      |  UMC0C1 |     419051300 |             0 |             0 |             0 |             0 |             0 |             0 |             0 |             0 |             0 |             0 |             0 |             0 |             0 |             0 |             0 |             0 |             0 |             0 |             0 |             0 |             0 |             0 |             0 |             0 |             0 |             0 |             0 |             0 |             0 |             0 |             0 |             0 |             0 |             0 |             0 |             0 |             0 |             0 |             0 |             0 |             0 |             0 |             0 |             0 |             0 |             0 |             0 |             0 |             0 |             0 |             0 |             0 |             0 |             0 |             0 |             0 |             0 |             0 |             0 |             0 |             0 |             0 |             0 |             0 |             0 |             0 |             0 |             0 |             0 |             0 |             0 |             0 |             0 |             0 |             0 |             0 |             0 |             0 |             0 |             0 |             0 |             0 |             0 |             0 |             0 |             0 |             0 |             0 |             0 |             0 |             0 |             0 |             0 |             0 |             0 |     248545400 |             0 |             0 |             0 |             0 |             0 |             0 |             0 |             0 |             0 |             0 |             0 |             0 |             0 |             0 |             0 |             0 |             0 |             0 |             0 |             0 |             0 |             0 |             0 |             0 |             0 |             0 |             0 |             0 |             0 |             0 |             0 |             0 |             0 |             0 |             0 |             0 |             0 |             0 |             0 |             0 |             0 |             0 |             0 |             0 |             0 |             0 |             0 |             0 |             0 |             0 |             0 |             0 |             0 |             0 |             0 |             0 |             0 |             0 |             0 |             0 |             0 |             0 |             0 |
|      CAS_CMD_RD      |  UMC1C0 |  236610400000 |             0 |             0 |             0 |             0 |             0 |             0 |             0 |             0 |             0 |             0 |             0 |             0 |             0 |             0 |             0 |             0 |             0 |             0 |             0 |             0 |             0 |             0 |             0 |             0 |             0 |             0 |             0 |             0 |             0 |             0 |             0 |             0 |             0 |             0 |             0 |             0 |             0 |             0 |             0 |             0 |             0 |             0 |             0 |             0 |             0 |             0 |             0 |             0 |             0 |             0 |             0 |             0 |             0 |             0 |             0 |             0 |             0 |             0 |             0 |             0 |             0 |             0 |             0 |             0 |             0 |             0 |             0 |             0 |             0 |             0 |             0 |             0 |             0 |             0 |             0 |             0 |             0 |             0 |             0 |             0 |             0 |             0 |             0 |             0 |             0 |             0 |             0 |             0 |             0 |             0 |             0 |             0 |             0 |             0 |             0 |   93222850000 |             0 |             0 |             0 |             0 |             0 |             0 |             0 |             0 |             0 |             0 |             0 |             0 |             0 |             0 |             0 |             0 |             0 |             0 |             0 |             0 |             0 |             0 |             0 |             0 |             0 |             0 |             0 |             0 |             0 |             0 |             0 |             0 |             0 |             0 |             0 |             0 |             0 |             0 |             0 |             0 |             0 |             0 |             0 |             0 |             0 |             0 |             0 |             0 |             0 |             0 |             0 |             0 |             0 |             0 |             0 |             0 |             0 |             0 |             0 |             0 |             0 |             0 |             0 |
|      CAS_CMD_WR      |  UMC1C1 |     397334900 |             0 |             0 |             0 |             0 |             0 |             0 |             0 |             0 |             0 |             0 |             0 |             0 |             0 |             0 |             0 |             0 |             0 |             0 |             0 |             0 |             0 |             0 |             0 |             0 |             0 |             0 |             0 |             0 |             0 |             0 |             0 |             0 |             0 |             0 |             0 |             0 |             0 |             0 |             0 |             0 |             0 |             0 |             0 |             0 |             0 |             0 |             0 |             0 |             0 |             0 |             0 |             0 |             0 |             0 |             0 |             0 |             0 |             0 |             0 |             0 |             0 |             0 |             0 |             0 |             0 |             0 |             0 |             0 |             0 |             0 |             0 |             0 |             0 |             0 |             0 |             0 |             0 |             0 |             0 |             0 |             0 |             0 |             0 |             0 |             0 |             0 |             0 |             0 |             0 |             0 |             0 |             0 |             0 |             0 |             0 |     248978300 |             0 |             0 |             0 |             0 |             0 |             0 |             0 |             0 |             0 |             0 |             0 |             0 |             0 |             0 |             0 |             0 |             0 |             0 |             0 |             0 |             0 |             0 |             0 |             0 |             0 |             0 |             0 |             0 |             0 |             0 |             0 |             0 |             0 |             0 |             0 |             0 |             0 |             0 |             0 |             0 |             0 |             0 |             0 |             0 |             0 |             0 |             0 |             0 |             0 |             0 |             0 |             0 |             0 |             0 |             0 |             0 |             0 |             0 |             0 |             0 |             0 |             0 |             0 |
|      CAS_CMD_RD      |  UMC2C0 |  236573500000 |             0 |             0 |             0 |             0 |             0 |             0 |             0 |             0 |             0 |             0 |             0 |             0 |             0 |             0 |             0 |             0 |             0 |             0 |             0 |             0 |             0 |             0 |             0 |             0 |             0 |             0 |             0 |             0 |             0 |             0 |             0 |             0 |             0 |             0 |             0 |             0 |             0 |             0 |             0 |             0 |             0 |             0 |             0 |             0 |             0 |             0 |             0 |             0 |             0 |             0 |             0 |             0 |             0 |             0 |             0 |             0 |             0 |             0 |             0 |             0 |             0 |             0 |             0 |             0 |             0 |             0 |             0 |             0 |             0 |             0 |             0 |             0 |             0 |             0 |             0 |             0 |             0 |             0 |             0 |             0 |             0 |             0 |             0 |             0 |             0 |             0 |             0 |             0 |             0 |             0 |             0 |             0 |             0 |             0 |             0 |   93324480000 |             0 |             0 |             0 |             0 |             0 |             0 |             0 |             0 |             0 |             0 |             0 |             0 |             0 |             0 |             0 |             0 |             0 |             0 |             0 |             0 |             0 |             0 |             0 |             0 |             0 |             0 |             0 |             0 |             0 |             0 |             0 |             0 |             0 |             0 |             0 |             0 |             0 |             0 |             0 |             0 |             0 |             0 |             0 |             0 |             0 |             0 |             0 |             0 |             0 |             0 |             0 |             0 |             0 |             0 |             0 |             0 |             0 |             0 |             0 |             0 |             0 |             0 |             0 |
|      CAS_CMD_WR      |  UMC2C1 |     427910100 |             0 |             0 |             0 |             0 |             0 |             0 |             0 |             0 |             0 |             0 |             0 |             0 |             0 |             0 |             0 |             0 |             0 |             0 |             0 |             0 |             0 |             0 |             0 |             0 |             0 |             0 |             0 |             0 |             0 |             0 |             0 |             0 |             0 |             0 |             0 |             0 |             0 |             0 |             0 |             0 |             0 |             0 |             0 |             0 |             0 |             0 |             0 |             0 |             0 |             0 |             0 |             0 |             0 |             0 |             0 |             0 |             0 |             0 |             0 |             0 |             0 |             0 |             0 |             0 |             0 |             0 |             0 |             0 |             0 |             0 |             0 |             0 |             0 |             0 |             0 |             0 |             0 |             0 |             0 |             0 |             0 |             0 |             0 |             0 |             0 |             0 |             0 |             0 |             0 |             0 |             0 |             0 |             0 |             0 |             0 |     251440300 |             0 |             0 |             0 |             0 |             0 |             0 |             0 |             0 |             0 |             0 |             0 |             0 |             0 |             0 |             0 |             0 |             0 |             0 |             0 |             0 |             0 |             0 |             0 |             0 |             0 |             0 |             0 |             0 |             0 |             0 |             0 |             0 |             0 |             0 |             0 |             0 |             0 |             0 |             0 |             0 |             0 |             0 |             0 |             0 |             0 |             0 |             0 |             0 |             0 |             0 |             0 |             0 |             0 |             0 |             0 |             0 |             0 |             0 |             0 |             0 |             0 |             0 |             0 |
|      CAS_CMD_RD      |  UMC3C0 |  235951100000 |             0 |             0 |             0 |             0 |             0 |             0 |             0 |             0 |             0 |             0 |             0 |             0 |             0 |             0 |             0 |             0 |             0 |             0 |             0 |             0 |             0 |             0 |             0 |             0 |             0 |             0 |             0 |             0 |             0 |             0 |             0 |             0 |             0 |             0 |             0 |             0 |             0 |             0 |             0 |             0 |             0 |             0 |             0 |             0 |             0 |             0 |             0 |             0 |             0 |             0 |             0 |             0 |             0 |             0 |             0 |             0 |             0 |             0 |             0 |             0 |             0 |             0 |             0 |             0 |             0 |             0 |             0 |             0 |             0 |             0 |             0 |             0 |             0 |             0 |             0 |             0 |             0 |             0 |             0 |             0 |             0 |             0 |             0 |             0 |             0 |             0 |             0 |             0 |             0 |             0 |             0 |             0 |             0 |             0 |             0 |   93356800000 |             0 |             0 |             0 |             0 |             0 |             0 |             0 |             0 |             0 |             0 |             0 |             0 |             0 |             0 |             0 |             0 |             0 |             0 |             0 |             0 |             0 |             0 |             0 |             0 |             0 |             0 |             0 |             0 |             0 |             0 |             0 |             0 |             0 |             0 |             0 |             0 |             0 |             0 |             0 |             0 |             0 |             0 |             0 |             0 |             0 |             0 |             0 |             0 |             0 |             0 |             0 |             0 |             0 |             0 |             0 |             0 |             0 |             0 |             0 |             0 |             0 |             0 |             0 |
|      CAS_CMD_WR      |  UMC3C1 |     418513600 |             0 |             0 |             0 |             0 |             0 |             0 |             0 |             0 |             0 |             0 |             0 |             0 |             0 |             0 |             0 |             0 |             0 |             0 |             0 |             0 |             0 |             0 |             0 |             0 |             0 |             0 |             0 |             0 |             0 |             0 |             0 |             0 |             0 |             0 |             0 |             0 |             0 |             0 |             0 |             0 |             0 |             0 |             0 |             0 |             0 |             0 |             0 |             0 |             0 |             0 |             0 |             0 |             0 |             0 |             0 |             0 |             0 |             0 |             0 |             0 |             0 |             0 |             0 |             0 |             0 |             0 |             0 |             0 |             0 |             0 |             0 |             0 |             0 |             0 |             0 |             0 |             0 |             0 |             0 |             0 |             0 |             0 |             0 |             0 |             0 |             0 |             0 |             0 |             0 |             0 |             0 |             0 |             0 |             0 |             0 |     246730900 |             0 |             0 |             0 |             0 |             0 |             0 |             0 |             0 |             0 |             0 |             0 |             0 |             0 |             0 |             0 |             0 |             0 |             0 |             0 |             0 |             0 |             0 |             0 |             0 |             0 |             0 |             0 |             0 |             0 |             0 |             0 |             0 |             0 |             0 |             0 |             0 |             0 |             0 |             0 |             0 |             0 |             0 |             0 |             0 |             0 |             0 |             0 |             0 |             0 |             0 |             0 |             0 |             0 |             0 |             0 |             0 |             0 |             0 |             0 |             0 |             0 |             0 |             0 |
|      CAS_CMD_RD      |  UMC4C0 |  236387900000 |             0 |             0 |             0 |             0 |             0 |             0 |             0 |             0 |             0 |             0 |             0 |             0 |             0 |             0 |             0 |             0 |             0 |             0 |             0 |             0 |             0 |             0 |             0 |             0 |             0 |             0 |             0 |             0 |             0 |             0 |             0 |             0 |             0 |             0 |             0 |             0 |             0 |             0 |             0 |             0 |             0 |             0 |             0 |             0 |             0 |             0 |             0 |             0 |             0 |             0 |             0 |             0 |             0 |             0 |             0 |             0 |             0 |             0 |             0 |             0 |             0 |             0 |             0 |             0 |             0 |             0 |             0 |             0 |             0 |             0 |             0 |             0 |             0 |             0 |             0 |             0 |             0 |             0 |             0 |             0 |             0 |             0 |             0 |             0 |             0 |             0 |             0 |             0 |             0 |             0 |             0 |             0 |             0 |             0 |             0 |   93269360000 |             0 |             0 |             0 |             0 |             0 |             0 |             0 |             0 |             0 |             0 |             0 |             0 |             0 |             0 |             0 |             0 |             0 |             0 |             0 |             0 |             0 |             0 |             0 |             0 |             0 |             0 |             0 |             0 |             0 |             0 |             0 |             0 |             0 |             0 |             0 |             0 |             0 |             0 |             0 |             0 |             0 |             0 |             0 |             0 |             0 |             0 |             0 |             0 |             0 |             0 |             0 |             0 |             0 |             0 |             0 |             0 |             0 |             0 |             0 |             0 |             0 |             0 |             0 |
|      CAS_CMD_WR      |  UMC4C1 |     399491200 |             0 |             0 |             0 |             0 |             0 |             0 |             0 |             0 |             0 |             0 |             0 |             0 |             0 |             0 |             0 |             0 |             0 |             0 |             0 |             0 |             0 |             0 |             0 |             0 |             0 |             0 |             0 |             0 |             0 |             0 |             0 |             0 |             0 |             0 |             0 |             0 |             0 |             0 |             0 |             0 |             0 |             0 |             0 |             0 |             0 |             0 |             0 |             0 |             0 |             0 |             0 |             0 |             0 |             0 |             0 |             0 |             0 |             0 |             0 |             0 |             0 |             0 |             0 |             0 |             0 |             0 |             0 |             0 |             0 |             0 |             0 |             0 |             0 |             0 |             0 |             0 |             0 |             0 |             0 |             0 |             0 |             0 |             0 |             0 |             0 |             0 |             0 |             0 |             0 |             0 |             0 |             0 |             0 |             0 |             0 |     245626900 |             0 |             0 |             0 |             0 |             0 |             0 |             0 |             0 |             0 |             0 |             0 |             0 |             0 |             0 |             0 |             0 |             0 |             0 |             0 |             0 |             0 |             0 |             0 |             0 |             0 |             0 |             0 |             0 |             0 |             0 |             0 |             0 |             0 |             0 |             0 |             0 |             0 |             0 |             0 |             0 |             0 |             0 |             0 |             0 |             0 |             0 |             0 |             0 |             0 |             0 |             0 |             0 |             0 |             0 |             0 |             0 |             0 |             0 |             0 |             0 |             0 |             0 |             0 |
|      CAS_CMD_RD      |  UMC5C0 |  236235100000 |             0 |             0 |             0 |             0 |             0 |             0 |             0 |             0 |             0 |             0 |             0 |             0 |             0 |             0 |             0 |             0 |             0 |             0 |             0 |             0 |             0 |             0 |             0 |             0 |             0 |             0 |             0 |             0 |             0 |             0 |             0 |             0 |             0 |             0 |             0 |             0 |             0 |             0 |             0 |             0 |             0 |             0 |             0 |             0 |             0 |             0 |             0 |             0 |             0 |             0 |             0 |             0 |             0 |             0 |             0 |             0 |             0 |             0 |             0 |             0 |             0 |             0 |             0 |             0 |             0 |             0 |             0 |             0 |             0 |             0 |             0 |             0 |             0 |             0 |             0 |             0 |             0 |             0 |             0 |             0 |             0 |             0 |             0 |             0 |             0 |             0 |             0 |             0 |             0 |             0 |             0 |             0 |             0 |             0 |             0 |   93278350000 |             0 |             0 |             0 |             0 |             0 |             0 |             0 |             0 |             0 |             0 |             0 |             0 |             0 |             0 |             0 |             0 |             0 |             0 |             0 |             0 |             0 |             0 |             0 |             0 |             0 |             0 |             0 |             0 |             0 |             0 |             0 |             0 |             0 |             0 |             0 |             0 |             0 |             0 |             0 |             0 |             0 |             0 |             0 |             0 |             0 |             0 |             0 |             0 |             0 |             0 |             0 |             0 |             0 |             0 |             0 |             0 |             0 |             0 |             0 |             0 |             0 |             0 |             0 |
|      CAS_CMD_WR      |  UMC5C1 |     411647600 |             0 |             0 |             0 |             0 |             0 |             0 |             0 |             0 |             0 |             0 |             0 |             0 |             0 |             0 |             0 |             0 |             0 |             0 |             0 |             0 |             0 |             0 |             0 |             0 |             0 |             0 |             0 |             0 |             0 |             0 |             0 |             0 |             0 |             0 |             0 |             0 |             0 |             0 |             0 |             0 |             0 |             0 |             0 |             0 |             0 |             0 |             0 |             0 |             0 |             0 |             0 |             0 |             0 |             0 |             0 |             0 |             0 |             0 |             0 |             0 |             0 |             0 |             0 |             0 |             0 |             0 |             0 |             0 |             0 |             0 |             0 |             0 |             0 |             0 |             0 |             0 |             0 |             0 |             0 |             0 |             0 |             0 |             0 |             0 |             0 |             0 |             0 |             0 |             0 |             0 |             0 |             0 |             0 |             0 |             0 |     245817000 |             0 |             0 |             0 |             0 |             0 |             0 |             0 |             0 |             0 |             0 |             0 |             0 |             0 |             0 |             0 |             0 |             0 |             0 |             0 |             0 |             0 |             0 |             0 |             0 |             0 |             0 |             0 |             0 |             0 |             0 |             0 |             0 |             0 |             0 |             0 |             0 |             0 |             0 |             0 |             0 |             0 |             0 |             0 |             0 |             0 |             0 |             0 |             0 |             0 |             0 |             0 |             0 |             0 |             0 |             0 |             0 |             0 |             0 |             0 |             0 |             0 |             0 |             0 |
|      CAS_CMD_RD      |  UMC6C0 |  236226100000 |             0 |             0 |             0 |             0 |             0 |             0 |             0 |             0 |             0 |             0 |             0 |             0 |             0 |             0 |             0 |             0 |             0 |             0 |             0 |             0 |             0 |             0 |             0 |             0 |             0 |             0 |             0 |             0 |             0 |             0 |             0 |             0 |             0 |             0 |             0 |             0 |             0 |             0 |             0 |             0 |             0 |             0 |             0 |             0 |             0 |             0 |             0 |             0 |             0 |             0 |             0 |             0 |             0 |             0 |             0 |             0 |             0 |             0 |             0 |             0 |             0 |             0 |             0 |             0 |             0 |             0 |             0 |             0 |             0 |             0 |             0 |             0 |             0 |             0 |             0 |             0 |             0 |             0 |             0 |             0 |             0 |             0 |             0 |             0 |             0 |             0 |             0 |             0 |             0 |             0 |             0 |             0 |             0 |             0 |             0 |   93064570000 |             0 |             0 |             0 |             0 |             0 |             0 |             0 |             0 |             0 |             0 |             0 |             0 |             0 |             0 |             0 |             0 |             0 |             0 |             0 |             0 |             0 |             0 |             0 |             0 |             0 |             0 |             0 |             0 |             0 |             0 |             0 |             0 |             0 |             0 |             0 |             0 |             0 |             0 |             0 |             0 |             0 |             0 |             0 |             0 |             0 |             0 |             0 |             0 |             0 |             0 |             0 |             0 |             0 |             0 |             0 |             0 |             0 |             0 |             0 |             0 |             0 |             0 |             0 |
|      CAS_CMD_WR      |  UMC6C1 |     415632800 |             0 |             0 |             0 |             0 |             0 |             0 |             0 |             0 |             0 |             0 |             0 |             0 |             0 |             0 |             0 |             0 |             0 |             0 |             0 |             0 |             0 |             0 |             0 |             0 |             0 |             0 |             0 |             0 |             0 |             0 |             0 |             0 |             0 |             0 |             0 |             0 |             0 |             0 |             0 |             0 |             0 |             0 |             0 |             0 |             0 |             0 |             0 |             0 |             0 |             0 |             0 |             0 |             0 |             0 |             0 |             0 |             0 |             0 |             0 |             0 |             0 |             0 |             0 |             0 |             0 |             0 |             0 |             0 |             0 |             0 |             0 |             0 |             0 |             0 |             0 |             0 |             0 |             0 |             0 |             0 |             0 |             0 |             0 |             0 |             0 |             0 |             0 |             0 |             0 |             0 |             0 |             0 |             0 |             0 |             0 |     244351600 |             0 |             0 |             0 |             0 |             0 |             0 |             0 |             0 |             0 |             0 |             0 |             0 |             0 |             0 |             0 |             0 |             0 |             0 |             0 |             0 |             0 |             0 |             0 |             0 |             0 |             0 |             0 |             0 |             0 |             0 |             0 |             0 |             0 |             0 |             0 |             0 |             0 |             0 |             0 |             0 |             0 |             0 |             0 |             0 |             0 |             0 |             0 |             0 |             0 |             0 |             0 |             0 |             0 |             0 |             0 |             0 |             0 |             0 |             0 |             0 |             0 |             0 |             0 |
|      CAS_CMD_RD      |  UMC7C0 |  236338700000 |             0 |             0 |             0 |             0 |             0 |             0 |             0 |             0 |             0 |             0 |             0 |             0 |             0 |             0 |             0 |             0 |             0 |             0 |             0 |             0 |             0 |             0 |             0 |             0 |             0 |             0 |             0 |             0 |             0 |             0 |             0 |             0 |             0 |             0 |             0 |             0 |             0 |             0 |             0 |             0 |             0 |             0 |             0 |             0 |             0 |             0 |             0 |             0 |             0 |             0 |             0 |             0 |             0 |             0 |             0 |             0 |             0 |             0 |             0 |             0 |             0 |             0 |             0 |             0 |             0 |             0 |             0 |             0 |             0 |             0 |             0 |             0 |             0 |             0 |             0 |             0 |             0 |             0 |             0 |             0 |             0 |             0 |             0 |             0 |             0 |             0 |             0 |             0 |             0 |             0 |             0 |             0 |             0 |             0 |             0 |   93211010000 |             0 |             0 |             0 |             0 |             0 |             0 |             0 |             0 |             0 |             0 |             0 |             0 |             0 |             0 |             0 |             0 |             0 |             0 |             0 |             0 |             0 |             0 |             0 |             0 |             0 |             0 |             0 |             0 |             0 |             0 |             0 |             0 |             0 |             0 |             0 |             0 |             0 |             0 |             0 |             0 |             0 |             0 |             0 |             0 |             0 |             0 |             0 |             0 |             0 |             0 |             0 |             0 |             0 |             0 |             0 |             0 |             0 |             0 |             0 |             0 |             0 |             0 |             0 |
|      CAS_CMD_WR      |  UMC7C1 |     410631800 |             0 |             0 |             0 |             0 |             0 |             0 |             0 |             0 |             0 |             0 |             0 |             0 |             0 |             0 |             0 |             0 |             0 |             0 |             0 |             0 |             0 |             0 |             0 |             0 |             0 |             0 |             0 |             0 |             0 |             0 |             0 |             0 |             0 |             0 |             0 |             0 |             0 |             0 |             0 |             0 |             0 |             0 |             0 |             0 |             0 |             0 |             0 |             0 |             0 |             0 |             0 |             0 |             0 |             0 |             0 |             0 |             0 |             0 |             0 |             0 |             0 |             0 |             0 |             0 |             0 |             0 |             0 |             0 |             0 |             0 |             0 |             0 |             0 |             0 |             0 |             0 |             0 |             0 |             0 |             0 |             0 |             0 |             0 |             0 |             0 |             0 |             0 |             0 |             0 |             0 |             0 |             0 |             0 |             0 |             0 |     248439300 |             0 |             0 |             0 |             0 |             0 |             0 |             0 |             0 |             0 |             0 |             0 |             0 |             0 |             0 |             0 |             0 |             0 |             0 |             0 |             0 |             0 |             0 |             0 |             0 |             0 |             0 |             0 |             0 |             0 |             0 |             0 |             0 |             0 |             0 |             0 |             0 |             0 |             0 |             0 |             0 |             0 |             0 |             0 |             0 |             0 |             0 |             0 |             0 |             0 |             0 |             0 |             0 |             0 |             0 |             0 |             0 |             0 |             0 |             0 |             0 |             0 |             0 |             0 |
|      CAS_CMD_RD      |  UMC8C0 |  236312100000 |             0 |             0 |             0 |             0 |             0 |             0 |             0 |             0 |             0 |             0 |             0 |             0 |             0 |             0 |             0 |             0 |             0 |             0 |             0 |             0 |             0 |             0 |             0 |             0 |             0 |             0 |             0 |             0 |             0 |             0 |             0 |             0 |             0 |             0 |             0 |             0 |             0 |             0 |             0 |             0 |             0 |             0 |             0 |             0 |             0 |             0 |             0 |             0 |             0 |             0 |             0 |             0 |             0 |             0 |             0 |             0 |             0 |             0 |             0 |             0 |             0 |             0 |             0 |             0 |             0 |             0 |             0 |             0 |             0 |             0 |             0 |             0 |             0 |             0 |             0 |             0 |             0 |             0 |             0 |             0 |             0 |             0 |             0 |             0 |             0 |             0 |             0 |             0 |             0 |             0 |             0 |             0 |             0 |             0 |             0 |   93294060000 |             0 |             0 |             0 |             0 |             0 |             0 |             0 |             0 |             0 |             0 |             0 |             0 |             0 |             0 |             0 |             0 |             0 |             0 |             0 |             0 |             0 |             0 |             0 |             0 |             0 |             0 |             0 |             0 |             0 |             0 |             0 |             0 |             0 |             0 |             0 |             0 |             0 |             0 |             0 |             0 |             0 |             0 |             0 |             0 |             0 |             0 |             0 |             0 |             0 |             0 |             0 |             0 |             0 |             0 |             0 |             0 |             0 |             0 |             0 |             0 |             0 |             0 |             0 |
|      CAS_CMD_WR      |  UMC8C1 |     424836900 |             0 |             0 |             0 |             0 |             0 |             0 |             0 |             0 |             0 |             0 |             0 |             0 |             0 |             0 |             0 |             0 |             0 |             0 |             0 |             0 |             0 |             0 |             0 |             0 |             0 |             0 |             0 |             0 |             0 |             0 |             0 |             0 |             0 |             0 |             0 |             0 |             0 |             0 |             0 |             0 |             0 |             0 |             0 |             0 |             0 |             0 |             0 |             0 |             0 |             0 |             0 |             0 |             0 |             0 |             0 |             0 |             0 |             0 |             0 |             0 |             0 |             0 |             0 |             0 |             0 |             0 |             0 |             0 |             0 |             0 |             0 |             0 |             0 |             0 |             0 |             0 |             0 |             0 |             0 |             0 |             0 |             0 |             0 |             0 |             0 |             0 |             0 |             0 |             0 |             0 |             0 |             0 |             0 |             0 |             0 |     248847200 |             0 |             0 |             0 |             0 |             0 |             0 |             0 |             0 |             0 |             0 |             0 |             0 |             0 |             0 |             0 |             0 |             0 |             0 |             0 |             0 |             0 |             0 |             0 |             0 |             0 |             0 |             0 |             0 |             0 |             0 |             0 |             0 |             0 |             0 |             0 |             0 |             0 |             0 |             0 |             0 |             0 |             0 |             0 |             0 |             0 |             0 |             0 |             0 |             0 |             0 |             0 |             0 |             0 |             0 |             0 |             0 |             0 |             0 |             0 |             0 |             0 |             0 |             0 |
|      CAS_CMD_RD      |  UMC9C0 |  236184500000 |             0 |             0 |             0 |             0 |             0 |             0 |             0 |             0 |             0 |             0 |             0 |             0 |             0 |             0 |             0 |             0 |             0 |             0 |             0 |             0 |             0 |             0 |             0 |             0 |             0 |             0 |             0 |             0 |             0 |             0 |             0 |             0 |             0 |             0 |             0 |             0 |             0 |             0 |             0 |             0 |             0 |             0 |             0 |             0 |             0 |             0 |             0 |             0 |             0 |             0 |             0 |             0 |             0 |             0 |             0 |             0 |             0 |             0 |             0 |             0 |             0 |             0 |             0 |             0 |             0 |             0 |             0 |             0 |             0 |             0 |             0 |             0 |             0 |             0 |             0 |             0 |             0 |             0 |             0 |             0 |             0 |             0 |             0 |             0 |             0 |             0 |             0 |             0 |             0 |             0 |             0 |             0 |             0 |             0 |             0 |   93348790000 |             0 |             0 |             0 |             0 |             0 |             0 |             0 |             0 |             0 |             0 |             0 |             0 |             0 |             0 |             0 |             0 |             0 |             0 |             0 |             0 |             0 |             0 |             0 |             0 |             0 |             0 |             0 |             0 |             0 |             0 |             0 |             0 |             0 |             0 |             0 |             0 |             0 |             0 |             0 |             0 |             0 |             0 |             0 |             0 |             0 |             0 |             0 |             0 |             0 |             0 |             0 |             0 |             0 |             0 |             0 |             0 |             0 |             0 |             0 |             0 |             0 |             0 |             0 |
|      CAS_CMD_WR      |  UMC9C1 |     406821700 |             0 |             0 |             0 |             0 |             0 |             0 |             0 |             0 |             0 |             0 |             0 |             0 |             0 |             0 |             0 |             0 |             0 |             0 |             0 |             0 |             0 |             0 |             0 |             0 |             0 |             0 |             0 |             0 |             0 |             0 |             0 |             0 |             0 |             0 |             0 |             0 |             0 |             0 |             0 |             0 |             0 |             0 |             0 |             0 |             0 |             0 |             0 |             0 |             0 |             0 |             0 |             0 |             0 |             0 |             0 |             0 |             0 |             0 |             0 |             0 |             0 |             0 |             0 |             0 |             0 |             0 |             0 |             0 |             0 |             0 |             0 |             0 |             0 |             0 |             0 |             0 |             0 |             0 |             0 |             0 |             0 |             0 |             0 |             0 |             0 |             0 |             0 |             0 |             0 |             0 |             0 |             0 |             0 |             0 |             0 |     246090000 |             0 |             0 |             0 |             0 |             0 |             0 |             0 |             0 |             0 |             0 |             0 |             0 |             0 |             0 |             0 |             0 |             0 |             0 |             0 |             0 |             0 |             0 |             0 |             0 |             0 |             0 |             0 |             0 |             0 |             0 |             0 |             0 |             0 |             0 |             0 |             0 |             0 |             0 |             0 |             0 |             0 |             0 |             0 |             0 |             0 |             0 |             0 |             0 |             0 |             0 |             0 |             0 |             0 |             0 |             0 |             0 |             0 |             0 |             0 |             0 |             0 |             0 |             0 |
|      CAS_CMD_RD      | UMC10C0 |  236216900000 |             0 |             0 |             0 |             0 |             0 |             0 |             0 |             0 |             0 |             0 |             0 |             0 |             0 |             0 |             0 |             0 |             0 |             0 |             0 |             0 |             0 |             0 |             0 |             0 |             0 |             0 |             0 |             0 |             0 |             0 |             0 |             0 |             0 |             0 |             0 |             0 |             0 |             0 |             0 |             0 |             0 |             0 |             0 |             0 |             0 |             0 |             0 |             0 |             0 |             0 |             0 |             0 |             0 |             0 |             0 |             0 |             0 |             0 |             0 |             0 |             0 |             0 |             0 |             0 |             0 |             0 |             0 |             0 |             0 |             0 |             0 |             0 |             0 |             0 |             0 |             0 |             0 |             0 |             0 |             0 |             0 |             0 |             0 |             0 |             0 |             0 |             0 |             0 |             0 |             0 |             0 |             0 |             0 |             0 |             0 |   93343300000 |             0 |             0 |             0 |             0 |             0 |             0 |             0 |             0 |             0 |             0 |             0 |             0 |             0 |             0 |             0 |             0 |             0 |             0 |             0 |             0 |             0 |             0 |             0 |             0 |             0 |             0 |             0 |             0 |             0 |             0 |             0 |             0 |             0 |             0 |             0 |             0 |             0 |             0 |             0 |             0 |             0 |             0 |             0 |             0 |             0 |             0 |             0 |             0 |             0 |             0 |             0 |             0 |             0 |             0 |             0 |             0 |             0 |             0 |             0 |             0 |             0 |             0 |             0 |
|      CAS_CMD_WR      | UMC10C1 |     409735600 |             0 |             0 |             0 |             0 |             0 |             0 |             0 |             0 |             0 |             0 |             0 |             0 |             0 |             0 |             0 |             0 |             0 |             0 |             0 |             0 |             0 |             0 |             0 |             0 |             0 |             0 |             0 |             0 |             0 |             0 |             0 |             0 |             0 |             0 |             0 |             0 |             0 |             0 |             0 |             0 |             0 |             0 |             0 |             0 |             0 |             0 |             0 |             0 |             0 |             0 |             0 |             0 |             0 |             0 |             0 |             0 |             0 |             0 |             0 |             0 |             0 |             0 |             0 |             0 |             0 |             0 |             0 |             0 |             0 |             0 |             0 |             0 |             0 |             0 |             0 |             0 |             0 |             0 |             0 |             0 |             0 |             0 |             0 |             0 |             0 |             0 |             0 |             0 |             0 |             0 |             0 |             0 |             0 |             0 |             0 |     251051400 |             0 |             0 |             0 |             0 |             0 |             0 |             0 |             0 |             0 |             0 |             0 |             0 |             0 |             0 |             0 |             0 |             0 |             0 |             0 |             0 |             0 |             0 |             0 |             0 |             0 |             0 |             0 |             0 |             0 |             0 |             0 |             0 |             0 |             0 |             0 |             0 |             0 |             0 |             0 |             0 |             0 |             0 |             0 |             0 |             0 |             0 |             0 |             0 |             0 |             0 |             0 |             0 |             0 |             0 |             0 |             0 |             0 |             0 |             0 |             0 |             0 |             0 |             0 |
|      CAS_CMD_RD      | UMC11C0 |  236116200000 |             0 |             0 |             0 |             0 |             0 |             0 |             0 |             0 |             0 |             0 |             0 |             0 |             0 |             0 |             0 |             0 |             0 |             0 |             0 |             0 |             0 |             0 |             0 |             0 |             0 |             0 |             0 |             0 |             0 |             0 |             0 |             0 |             0 |             0 |             0 |             0 |             0 |             0 |             0 |             0 |             0 |             0 |             0 |             0 |             0 |             0 |             0 |             0 |             0 |             0 |             0 |             0 |             0 |             0 |             0 |             0 |             0 |             0 |             0 |             0 |             0 |             0 |             0 |             0 |             0 |             0 |             0 |             0 |             0 |             0 |             0 |             0 |             0 |             0 |             0 |             0 |             0 |             0 |             0 |             0 |             0 |             0 |             0 |             0 |             0 |             0 |             0 |             0 |             0 |             0 |             0 |             0 |             0 |             0 |             0 |   93294780000 |             0 |             0 |             0 |             0 |             0 |             0 |             0 |             0 |             0 |             0 |             0 |             0 |             0 |             0 |             0 |             0 |             0 |             0 |             0 |             0 |             0 |             0 |             0 |             0 |             0 |             0 |             0 |             0 |             0 |             0 |             0 |             0 |             0 |             0 |             0 |             0 |             0 |             0 |             0 |             0 |             0 |             0 |             0 |             0 |             0 |             0 |             0 |             0 |             0 |             0 |             0 |             0 |             0 |             0 |             0 |             0 |             0 |             0 |             0 |             0 |             0 |             0 |             0 |
|      CAS_CMD_WR      | UMC11C1 |     410347100 |             0 |             0 |             0 |             0 |             0 |             0 |             0 |             0 |             0 |             0 |             0 |             0 |             0 |             0 |             0 |             0 |             0 |             0 |             0 |             0 |             0 |             0 |             0 |             0 |             0 |             0 |             0 |             0 |             0 |             0 |             0 |             0 |             0 |             0 |             0 |             0 |             0 |             0 |             0 |             0 |             0 |             0 |             0 |             0 |             0 |             0 |             0 |             0 |             0 |             0 |             0 |             0 |             0 |             0 |             0 |             0 |             0 |             0 |             0 |             0 |             0 |             0 |             0 |             0 |             0 |             0 |             0 |             0 |             0 |             0 |             0 |             0 |             0 |             0 |             0 |             0 |             0 |             0 |             0 |             0 |             0 |             0 |             0 |             0 |             0 |             0 |             0 |             0 |             0 |             0 |             0 |             0 |             0 |             0 |             0 |     250747600 |             0 |             0 |             0 |             0 |             0 |             0 |             0 |             0 |             0 |             0 |             0 |             0 |             0 |             0 |             0 |             0 |             0 |             0 |             0 |             0 |             0 |             0 |             0 |             0 |             0 |             0 |             0 |             0 |             0 |             0 |             0 |             0 |             0 |             0 |             0 |             0 |             0 |             0 |             0 |             0 |             0 |             0 |             0 |             0 |             0 |             0 |             0 |             0 |             0 |             0 |             0 |             0 |             0 |             0 |             0 |             0 |             0 |             0 |             0 |             0 |             0 |             0 |             0 |
+----------------------+---------+---------------+---------------+---------------+---------------+---------------+---------------+---------------+---------------+---------------+---------------+---------------+---------------+---------------+---------------+---------------+---------------+---------------+---------------+---------------+---------------+---------------+---------------+---------------+---------------+---------------+---------------+---------------+---------------+---------------+---------------+---------------+---------------+---------------+---------------+---------------+---------------+---------------+---------------+---------------+---------------+---------------+---------------+---------------+---------------+---------------+---------------+---------------+---------------+---------------+---------------+---------------+---------------+---------------+---------------+---------------+---------------+---------------+---------------+---------------+---------------+---------------+---------------+---------------+---------------+---------------+---------------+---------------+---------------+---------------+---------------+---------------+---------------+---------------+---------------+---------------+---------------+---------------+---------------+---------------+---------------+---------------+---------------+---------------+---------------+---------------+---------------+---------------+---------------+---------------+---------------+---------------+---------------+---------------+---------------+---------------+---------------+---------------+---------------+---------------+---------------+---------------+---------------+---------------+---------------+---------------+---------------+---------------+---------------+---------------+---------------+---------------+---------------+---------------+---------------+---------------+---------------+---------------+---------------+---------------+---------------+---------------+---------------+---------------+---------------+---------------+---------------+---------------+---------------+---------------+---------------+---------------+---------------+---------------+---------------+---------------+---------------+---------------+---------------+---------------+---------------+---------------+---------------+---------------+---------------+---------------+---------------+---------------+---------------+---------------+---------------+---------------+---------------+---------------+---------------+---------------+---------------+---------------+---------------+---------------+---------------+

+---------------------------+---------+-----------------+---------------+---------------+---------------+
|           Event           | Counter |       Sum       |      Min      |      Max      |      Avg      |
+---------------------------+---------+-----------------+---------------+---------------+---------------+
|   ACTUAL_CPU_CLOCK STAT   |  FIXC1  | 402426779000000 | 2510403000000 | 2521913000000 | 2515167368750 |
|     MAX_CPU_CLOCK STAT    |  FIXC2  | 283625030000000 | 1771840000000 | 1774084000000 | 1772656437500 |
| RETIRED_INSTRUCTIONS STAT |   PMC0  | 271706864000000 | 1414833000000 | 1897365000000 | 1698167900000 |
|  CPU_CLOCKS_UNHALTED STAT |   PMC1  | 395363220000000 | 2459501000000 | 2485892000000 | 2471020125000 |
|      CAS_CMD_RD STAT      |  UMC0C0 |    329678730000 |             0 |  236348600000 |  2.060492e+09 |
|      CAS_CMD_WR STAT      |  UMC0C1 |       667596700 |             0 |     419051300 |  4.172479e+06 |
|      CAS_CMD_RD STAT      |  UMC1C0 |    329833250000 |             0 |  236610400000 |  2.061458e+09 |
|      CAS_CMD_WR STAT      |  UMC1C1 |       646313200 |             0 |     397334900 |  4.039458e+06 |
|      CAS_CMD_RD STAT      |  UMC2C0 |    329897980000 |             0 |  236573500000 |    2061862375 |
|      CAS_CMD_WR STAT      |  UMC2C1 |       679350400 |             0 |     427910100 |       4245940 |
|      CAS_CMD_RD STAT      |  UMC3C0 |    329307900000 |             0 |  235951100000 |    2058174375 |
|      CAS_CMD_WR STAT      |  UMC3C1 |       665244500 |             0 |     418513600 |  4.157778e+06 |
|      CAS_CMD_RD STAT      |  UMC4C0 |    329657260000 |             0 |  236387900000 |    2060357875 |
|      CAS_CMD_WR STAT      |  UMC4C1 |       645118100 |             0 |     399491200 |  4.031988e+06 |
|      CAS_CMD_RD STAT      |  UMC5C0 |    329513450000 |             0 |  236235100000 |  2.059459e+09 |
|      CAS_CMD_WR STAT      |  UMC5C1 |       657464600 |             0 |     411647600 |  4.109154e+06 |
|      CAS_CMD_RD STAT      |  UMC6C0 |    329290670000 |             0 |  236226100000 |  2.058067e+09 |
|      CAS_CMD_WR STAT      |  UMC6C1 |       659984400 |             0 |     415632800 |  4.124902e+06 |
|      CAS_CMD_RD STAT      |  UMC7C0 |    329549710000 |             0 |  236338700000 |  2.059686e+09 |
|      CAS_CMD_WR STAT      |  UMC7C1 |       659071100 |             0 |     410631800 |  4.119194e+06 |
|      CAS_CMD_RD STAT      |  UMC8C0 |    329606160000 |             0 |  236312100000 |    2060038500 |
|      CAS_CMD_WR STAT      |  UMC8C1 |       673684100 |             0 |     424836900 |  4.210526e+06 |
|      CAS_CMD_RD STAT      |  UMC9C0 |    329533290000 |             0 |  236184500000 |  2.059583e+09 |
|      CAS_CMD_WR STAT      |  UMC9C1 |       652911700 |             0 |     406821700 |  4.080698e+06 |
|      CAS_CMD_RD STAT      | UMC10C0 |    329560200000 |             0 |  236216900000 |    2059751250 |
|      CAS_CMD_WR STAT      | UMC10C1 |       660787000 |             0 |     409735600 |  4.129919e+06 |
|      CAS_CMD_RD STAT      | UMC11C0 |    329410980000 |             0 |  236116200000 |    2058818625 |
|      CAS_CMD_WR STAT      | UMC11C1 |       661094700 |             0 |     410347100 |  4.131842e+06 |
+---------------------------+---------+-----------------+---------------+---------------+---------------+

+-----------------------------------+-------------+------------+------------+------------+------------+------------+------------+------------+------------+------------+-------------+-------------+-------------+-------------+-------------+-------------+-------------+-------------+-------------+-------------+-------------+-------------+-------------+-------------+-------------+-------------+-------------+-------------+-------------+-------------+-------------+-------------+-------------+-------------+-------------+-------------+-------------+-------------+-------------+-------------+-------------+-------------+-------------+-------------+-------------+-------------+-------------+-------------+-------------+-------------+-------------+-------------+-------------+-------------+-------------+-------------+-------------+-------------+-------------+-------------+-------------+-------------+-------------+-------------+-------------+-------------+-------------+-------------+-------------+-------------+-------------+-------------+-------------+-------------+-------------+-------------+-------------+-------------+-------------+-------------+-------------+-------------+-------------+-------------+-------------+-------------+-------------+-------------+-------------+-------------+-------------+-------------+-------------+-------------+-------------+-------------+-------------+-------------+-------------+-------------+--------------+--------------+--------------+--------------+--------------+--------------+--------------+--------------+--------------+--------------+--------------+--------------+--------------+--------------+--------------+--------------+--------------+--------------+--------------+--------------+--------------+--------------+--------------+--------------+--------------+--------------+--------------+--------------+--------------+--------------+--------------+--------------+--------------+--------------+--------------+--------------+--------------+--------------+--------------+--------------+--------------+--------------+--------------+--------------+--------------+--------------+--------------+--------------+--------------+--------------+--------------+--------------+--------------+--------------+--------------+--------------+--------------+--------------+--------------+--------------+
|               Metric              |  HWThread 0 | HWThread 1 | HWThread 2 | HWThread 3 | HWThread 4 | HWThread 5 | HWThread 6 | HWThread 7 | HWThread 8 | HWThread 9 | HWThread 10 | HWThread 11 | HWThread 12 | HWThread 13 | HWThread 14 | HWThread 15 | HWThread 16 | HWThread 17 | HWThread 18 | HWThread 19 | HWThread 20 | HWThread 21 | HWThread 22 | HWThread 23 | HWThread 24 | HWThread 25 | HWThread 26 | HWThread 27 | HWThread 28 | HWThread 29 | HWThread 30 | HWThread 31 | HWThread 32 | HWThread 33 | HWThread 34 | HWThread 35 | HWThread 36 | HWThread 37 | HWThread 38 | HWThread 39 | HWThread 40 | HWThread 41 | HWThread 42 | HWThread 43 | HWThread 44 | HWThread 45 | HWThread 46 | HWThread 47 | HWThread 48 | HWThread 49 | HWThread 50 | HWThread 51 | HWThread 52 | HWThread 53 | HWThread 54 | HWThread 55 | HWThread 56 | HWThread 57 | HWThread 58 | HWThread 59 | HWThread 60 | HWThread 61 | HWThread 62 | HWThread 63 | HWThread 64 | HWThread 65 | HWThread 66 | HWThread 67 | HWThread 68 | HWThread 69 | HWThread 70 | HWThread 71 | HWThread 72 | HWThread 73 | HWThread 74 | HWThread 75 | HWThread 76 | HWThread 77 | HWThread 78 | HWThread 79 | HWThread 80 | HWThread 81 | HWThread 82 | HWThread 83 | HWThread 84 | HWThread 85 | HWThread 86 | HWThread 87 | HWThread 88 | HWThread 89 | HWThread 90 | HWThread 91 | HWThread 92 | HWThread 93 | HWThread 94 | HWThread 95 | HWThread 96 | HWThread 97 | HWThread 98 | HWThread 99 | HWThread 100 | HWThread 101 | HWThread 102 | HWThread 103 | HWThread 104 | HWThread 105 | HWThread 106 | HWThread 107 | HWThread 108 | HWThread 109 | HWThread 110 | HWThread 111 | HWThread 112 | HWThread 113 | HWThread 114 | HWThread 115 | HWThread 116 | HWThread 117 | HWThread 118 | HWThread 119 | HWThread 120 | HWThread 121 | HWThread 122 | HWThread 123 | HWThread 124 | HWThread 125 | HWThread 126 | HWThread 127 | HWThread 128 | HWThread 129 | HWThread 130 | HWThread 131 | HWThread 132 | HWThread 133 | HWThread 134 | HWThread 135 | HWThread 136 | HWThread 137 | HWThread 138 | HWThread 139 | HWThread 140 | HWThread 141 | HWThread 142 | HWThread 143 | HWThread 144 | HWThread 145 | HWThread 146 | HWThread 147 | HWThread 148 | HWThread 149 | HWThread 150 | HWThread 151 | HWThread 152 | HWThread 153 | HWThread 154 | HWThread 155 | HWThread 156 | HWThread 157 | HWThread 158 | HWThread 159 |
+-----------------------------------+-------------+------------+------------+------------+------------+------------+------------+------------+------------+------------+-------------+-------------+-------------+-------------+-------------+-------------+-------------+-------------+-------------+-------------+-------------+-------------+-------------+-------------+-------------+-------------+-------------+-------------+-------------+-------------+-------------+-------------+-------------+-------------+-------------+-------------+-------------+-------------+-------------+-------------+-------------+-------------+-------------+-------------+-------------+-------------+-------------+-------------+-------------+-------------+-------------+-------------+-------------+-------------+-------------+-------------+-------------+-------------+-------------+-------------+-------------+-------------+-------------+-------------+-------------+-------------+-------------+-------------+-------------+-------------+-------------+-------------+-------------+-------------+-------------+-------------+-------------+-------------+-------------+-------------+-------------+-------------+-------------+-------------+-------------+-------------+-------------+-------------+-------------+-------------+-------------+-------------+-------------+-------------+-------------+-------------+-------------+-------------+-------------+-------------+--------------+--------------+--------------+--------------+--------------+--------------+--------------+--------------+--------------+--------------+--------------+--------------+--------------+--------------+--------------+--------------+--------------+--------------+--------------+--------------+--------------+--------------+--------------+--------------+--------------+--------------+--------------+--------------+--------------+--------------+--------------+--------------+--------------+--------------+--------------+--------------+--------------+--------------+--------------+--------------+--------------+--------------+--------------+--------------+--------------+--------------+--------------+--------------+--------------+--------------+--------------+--------------+--------------+--------------+--------------+--------------+--------------+--------------+--------------+--------------+
|        Runtime (RDTSC) [s]        |    719.9803 |   710.2933 |   725.5278 |   711.5789 |   716.4310 |   709.4888 |   711.0881 |   707.1693 |   712.5391 |   702.5457 |    702.0207 |    699.1859 |    706.6462 |    700.6456 |    699.7746 |    715.8951 |    723.5751 |    710.0256 |    714.2129 |    694.0665 |    694.0664 |    697.7756 |    682.5984 |    697.2326 |    706.1156 |    684.4248 |    724.1819 |    707.4354 |    702.2823 |    719.3753 |    706.1155 |    701.4890 |    724.7859 |    723.0741 |    716.6987 |    716.6991 |    682.8125 |    724.7858 |    716.6985 |    682.8125 |    717.8945 |    711.8594 |    715.1008 |    713.6148 |    721.7973 |    711.5768 |    689.8345 |    716.1666 |    712.8648 |    710.5501 |    712.8661 |    725.5271 |    707.6976 |    719.1057 |    711.0878 |    703.9794 |    705.5638 |    704.6977 |    703.3268 |    703.3274 |    708.2987 |    703.3268 |    708.8874 |    706.9060 |    715.4318 |    708.6282 |    683.5609 |    725.8096 |    718.2225 |    722.4098 |    715.4312 |    725.2567 |    704.2394 |    703.0677 |    700.9658 |    704.2384 |    699.5101 |    696.0440 |    696.9079 |    695.3838 |    701.2305 |    710.8183 |    685.3926 |    701.7556 |    721.4671 |    709.7557 |    705.2350 |    702.8046 |    724.5157 |    718.7740 |    688.0367 |    685.6514 |    685.6526 |    685.0729 |    686.7479 |    714.5397 |    707.9601 |    708.8863 |    717.3499 |    683.8844 |     705.5628 |     689.2070 |     717.3495 |     683.8843 |     690.4784 |     690.1563 |     694.8646 |     690.6958 |     693.7541 |     690.4786 |     690.1573 |     694.8647 |     721.1502 |     687.0716 |     722.0725 |     684.7464 |     687.3934 |     687.0723 |     711.8590 |     687.3944 |     700.3237 |     691.3385 |     720.2025 |     696.3662 |     691.9568 |     696.3663 |     723.8419 |     688.3565 |     697.2319 |     697.7751 |     686.4408 |     704.4997 |     722.7402 |     694.0659 |     722.7403 |     695.7103 |     698.3584 |     686.1112 |     719.6500 |     720.8275 |     693.4362 |     689.5236 |     719.6505 |     691.6482 |     699.7738 |     718.2225 |     692.7949 |     692.2664 |     692.2663 |     692.2665 |     692.7939 |     714.5400 |     720.5116 |     688.6883 |     698.6648 |     698.6647 |     712.8651 |     688.6890 |     713.3643 |     682.8118 |
|        Runtime unhalted [s]       |    967.0233 |   966.0433 |   966.0702 |   966.0544 |   966.2125 |   965.9352 |   966.0564 |   966.0025 |   965.9240 |   966.0194 |    965.8367 |    965.8456 |    965.7929 |    965.9648 |    965.6871 |    965.8702 |    965.9056 |    965.9994 |    966.1717 |    965.8748 |    965.9694 |    966.1098 |    966.0729 |    966.3410 |    965.8621 |    965.7856 |    966.0567 |    965.8440 |    966.0298 |    965.9110 |    966.0244 |    966.0698 |    965.8794 |    965.8056 |    965.9860 |    965.8802 |    965.9394 |    965.7464 |    965.7867 |    965.9179 |    966.0698 |    965.9598 |    965.9752 |    966.0902 |    965.8737 |    966.0356 |    965.7810 |    966.0529 |    965.7917 |    965.9487 |    965.9987 |    966.1433 |    965.7683 |    966.0048 |    965.9167 |    965.9125 |    965.8021 |    965.8706 |    965.7548 |    965.8390 |    965.5414 |    965.7783 |    965.8414 |    966.0737 |    965.9056 |    966.0125 |    966.0725 |    965.9248 |    966.0160 |    966.3944 |    965.7987 |    966.0044 |    965.9887 |    965.8717 |    965.9475 |    965.9337 |    966.1544 |    965.9314 |    965.9875 |    966.0471 |    965.6225 |    965.8675 |    966.0160 |    965.8548 |    965.7152 |    965.6948 |    965.9490 |    965.7406 |    966.1264 |    966.1344 |    965.9794 |    965.9098 |    966.2367 |    966.1375 |    965.6679 |    965.9502 |    969.6898 |    969.6221 |    969.8644 |    969.9683 |     969.8214 |     969.6356 |     969.8194 |     969.5910 |     969.3560 |     969.4637 |     969.0314 |     969.4471 |     969.2514 |     969.2544 |     969.2414 |     969.2733 |     969.9094 |     969.5967 |     969.6798 |     969.5456 |     969.6079 |     969.5244 |     969.5498 |     969.5510 |     969.5883 |     969.5437 |     969.4967 |     969.5841 |     969.3867 |     969.6098 |     969.6071 |     969.5241 |     969.4137 |     969.3660 |     969.2183 |     969.3910 |     969.0941 |     969.1802 |     969.4298 |     969.4056 |     969.6910 |     969.6756 |     969.5825 |     969.5925 |     969.4464 |     969.5429 |     969.6229 |     969.3660 |     969.6237 |     969.3171 |     969.3891 |     969.3475 |     969.3579 |     969.6471 |     969.4506 |     969.7033 |     969.4448 |     969.1171 |     969.6560 |     969.4210 |     969.2148 |     969.4467 |     969.5821 |     969.7098 |
|            Clock [MHz]            |   3684.7488 |  3683.1758 |  3683.8602 |  3684.0494 |  3684.0766 |  3684.0665 |  3684.0609 |  3684.0925 |  3683.8265 |  3683.9326 |   3683.9778 |   3684.0906 |   3683.9727 |   3683.9259 |   3684.0079 |   3684.1117 |   3683.9224 |   3684.0829 |   3684.1102 |   3683.8279 |   3683.7648 |   3683.8492 |   3684.0346 |   3684.2505 |   3683.7400 |   3684.0342 |   3683.9564 |   3684.0473 |   3684.0200 |   3684.0469 |   3683.6732 |   3683.8296 |   3683.8206 |   3683.8195 |   3683.7177 |   3683.7237 |   3684.1055 |   3684.0634 |   3684.0885 |   3684.1065 |   3683.7486 |   3683.6658 |   3683.7057 |   3683.8035 |   3684.0023 |   3684.1002 |   3683.7651 |   3684.1516 |   3683.7230 |   3683.7874 |   3683.9615 |   3683.7981 |   3684.0576 |   3684.0306 |   3683.7509 |   3683.9821 |   3684.0266 |   3684.0612 |   3683.7381 |   3683.9430 |   3683.7615 |   3683.7590 |   3683.7439 |   3684.0438 |   3683.9536 |   3684.0683 |   3684.0103 |   3683.9188 |   3684.0690 |   3684.0658 |   3683.7744 |   3684.0250 |   3683.8360 |   3684.0739 |   3684.0615 |   3683.7925 |   3683.9819 |   3683.7754 |   3683.7921 |   3683.7805 |   3684.0171 |   3683.7564 |   3684.1459 |   3683.9782 |   3683.9674 |   3684.0268 |   3683.6683 |   3684.0850 |   3683.8831 |   3683.7269 |   3683.8112 |   3683.7161 |   3684.0775 |   3683.8155 |   3683.7370 |   3684.0510 |   3696.6743 |   3696.6726 |   3696.9939 |   3696.6455 |    3696.8547 |    3696.7198 |    3696.6764 |    3696.7061 |    3696.7754 |    3696.8650 |    3696.6240 |    3696.7435 |    3696.7373 |    3696.5967 |    3696.6637 |    3696.7708 |    3696.6547 |    3696.6447 |    3696.8446 |    3696.6164 |    3696.6184 |    3696.5962 |    3696.5825 |    3696.5306 |    3696.7250 |    3696.9031 |    3696.8639 |    3697.0571 |    3696.6613 |    3696.8134 |    3696.8198 |    3696.6156 |    3696.8828 |    3696.9429 |    3696.9428 |    3696.6670 |    3696.6587 |    3696.5910 |    3696.9465 |    3696.8061 |    3697.1749 |    3696.6909 |    3696.6592 |    3696.8537 |    3696.6613 |    3697.0482 |    3696.5818 |    3696.6738 |    3696.9058 |    3696.5960 |    3696.6221 |    3696.6305 |    3696.6368 |    3696.9410 |    3696.6649 |    3696.6109 |    3696.6429 |    3696.6362 |    3696.7016 |    3696.6876 |    3696.7251 |    3696.6878 |    3696.6828 |    3696.7839 |
|                CPI                |      1.4739 |     1.4766 |     1.4802 |     1.4787 |     1.4710 |     1.4844 |     1.4772 |     1.4876 |     1.3000 |     1.3044 |      1.2978 |      1.3009 |      1.3047 |      1.3041 |      1.3058 |      1.3126 |      1.4614 |      1.4568 |      1.4549 |      1.4556 |      1.4622 |      1.4635 |      1.4580 |      1.4611 |      1.4763 |      1.4705 |      1.4808 |      1.4731 |      1.4696 |      1.4840 |      1.4669 |      1.4772 |      1.3060 |      1.3057 |      1.3088 |      1.3130 |      1.3126 |      1.3080 |      1.3157 |      1.3146 |      1.4586 |      1.4524 |      1.4497 |      1.4609 |      1.4529 |      1.4538 |      1.4592 |      1.4665 |      1.4651 |      1.4681 |      1.4678 |      1.4656 |      1.4646 |      1.4645 |      1.4652 |      1.4708 |      1.3079 |      1.2995 |      1.3000 |      1.3083 |      1.3073 |      1.3093 |      1.3065 |      1.3139 |      1.4521 |      1.4502 |      1.4523 |      1.4527 |      1.4508 |      1.4618 |      1.4604 |      1.4663 |      1.4846 |      1.4740 |      1.4730 |      1.4811 |      1.4834 |      1.4877 |      1.4783 |      1.4855 |      1.3131 |      1.3091 |      1.3062 |      1.3088 |      1.3051 |      1.3071 |      1.3102 |      1.3134 |      1.4555 |      1.4561 |      1.4481 |      1.4553 |      1.4578 |      1.4556 |      1.4530 |      1.4569 |      1.7345 |      1.7243 |      1.7198 |      1.7352 |       1.7252 |       1.7277 |       1.7346 |       1.7282 |       1.3697 |       1.3738 |       1.3748 |       1.3763 |       1.3700 |       1.3809 |       1.3726 |       1.3765 |       1.7122 |       1.7143 |       1.7128 |       1.6996 |       1.7241 |       1.7044 |       1.7090 |       1.7122 |       1.7516 |       1.7510 |       1.7509 |       1.7509 |       1.7424 |       1.7525 |       1.7472 |       1.7547 |       1.3760 |       1.3748 |       1.3781 |       1.3828 |       1.3822 |       1.3799 |       1.3792 |       1.3839 |       1.7232 |       1.7219 |       1.7236 |       1.7315 |       1.7199 |       1.7285 |       1.7236 |       1.7300 |       1.3675 |       1.3715 |       1.3673 |       1.3698 |       1.3722 |       1.3682 |       1.3662 |       1.3720 |       1.3630 |       1.3626 |       1.3608 |       1.3618 |       1.3612 |       1.3632 |       1.3669 |       1.3604 |
|  Memory read bandwidth [MBytes/s] | 252051.4386 |          0 |          0 |          0 |          0 |          0 |          0 |          0 |          0 |          0 |           0 |           0 |           0 |           0 |           0 |           0 |           0 |           0 |           0 |           0 |           0 |           0 |           0 |           0 |           0 |           0 |           0 |           0 |           0 |           0 |           0 |           0 |           0 |           0 |           0 |           0 |           0 |           0 |           0 |           0 |           0 |           0 |           0 |           0 |           0 |           0 |           0 |           0 |           0 |           0 |           0 |           0 |           0 |           0 |           0 |           0 |           0 |           0 |           0 |           0 |           0 |           0 |           0 |           0 |           0 |           0 |           0 |           0 |           0 |           0 |           0 |           0 |           0 |           0 |           0 |           0 |           0 |           0 |           0 |           0 |           0 |           0 |           0 |           0 |           0 |           0 |           0 |           0 |           0 |           0 |           0 |           0 |           0 |           0 |           0 |           0 | 101188.8420 |           0 |           0 |           0 |            0 |            0 |            0 |            0 |            0 |            0 |            0 |            0 |            0 |            0 |            0 |            0 |            0 |            0 |            0 |            0 |            0 |            0 |            0 |            0 |            0 |            0 |            0 |            0 |            0 |            0 |            0 |            0 |            0 |            0 |            0 |            0 |            0 |            0 |            0 |            0 |            0 |            0 |            0 |            0 |            0 |            0 |            0 |            0 |            0 |            0 |            0 |            0 |            0 |            0 |            0 |            0 |            0 |            0 |            0 |            0 |            0 |            0 |            0 |            0 |
|  Memory read data volume [GBytes] | 181472.0704 |          0 |          0 |          0 |          0 |          0 |          0 |          0 |          0 |          0 |           0 |           0 |           0 |           0 |           0 |           0 |           0 |           0 |           0 |           0 |           0 |           0 |           0 |           0 |           0 |           0 |           0 |           0 |           0 |           0 |           0 |           0 |           0 |           0 |           0 |           0 |           0 |           0 |           0 |           0 |           0 |           0 |           0 |           0 |           0 |           0 |           0 |           0 |           0 |           0 |           0 |           0 |           0 |           0 |           0 |           0 |           0 |           0 |           0 |           0 |           0 |           0 |           0 |           0 |           0 |           0 |           0 |           0 |           0 |           0 |           0 |           0 |           0 |           0 |           0 |           0 |           0 |           0 |           0 |           0 |           0 |           0 |           0 |           0 |           0 |           0 |           0 |           0 |           0 |           0 |           0 |           0 |           0 |           0 |           0 |           0 |  71637.6627 |           0 |           0 |           0 |            0 |            0 |            0 |            0 |            0 |            0 |            0 |            0 |            0 |            0 |            0 |            0 |            0 |            0 |            0 |            0 |            0 |            0 |            0 |            0 |            0 |            0 |            0 |            0 |            0 |            0 |            0 |            0 |            0 |            0 |            0 |            0 |            0 |            0 |            0 |            0 |            0 |            0 |            0 |            0 |            0 |            0 |            0 |            0 |            0 |            0 |            0 |            0 |            0 |            0 |            0 |            0 |            0 |            0 |            0 |            0 |            0 |            0 |            0 |            0 |
| Memory write bandwidth [MBytes/s] |    440.1858 |          0 |          0 |          0 |          0 |          0 |          0 |          0 |          0 |          0 |           0 |           0 |           0 |           0 |           0 |           0 |           0 |           0 |           0 |           0 |           0 |           0 |           0 |           0 |           0 |           0 |           0 |           0 |           0 |           0 |           0 |           0 |           0 |           0 |           0 |           0 |           0 |           0 |           0 |           0 |           0 |           0 |           0 |           0 |           0 |           0 |           0 |           0 |           0 |           0 |           0 |           0 |           0 |           0 |           0 |           0 |           0 |           0 |           0 |           0 |           0 |           0 |           0 |           0 |           0 |           0 |           0 |           0 |           0 |           0 |           0 |           0 |           0 |           0 |           0 |           0 |           0 |           0 |           0 |           0 |           0 |           0 |           0 |           0 |           0 |           0 |           0 |           0 |           0 |           0 |           0 |           0 |           0 |           0 |           0 |           0 |    269.0923 |           0 |           0 |           0 |            0 |            0 |            0 |            0 |            0 |            0 |            0 |            0 |            0 |            0 |            0 |            0 |            0 |            0 |            0 |            0 |            0 |            0 |            0 |            0 |            0 |            0 |            0 |            0 |            0 |            0 |            0 |            0 |            0 |            0 |            0 |            0 |            0 |            0 |            0 |            0 |            0 |            0 |            0 |            0 |            0 |            0 |            0 |            0 |            0 |            0 |            0 |            0 |            0 |            0 |            0 |            0 |            0 |            0 |            0 |            0 |            0 |            0 |            0 |            0 |
| Memory write data volume [GBytes] |    316.9251 |          0 |          0 |          0 |          0 |          0 |          0 |          0 |          0 |          0 |           0 |           0 |           0 |           0 |           0 |           0 |           0 |           0 |           0 |           0 |           0 |           0 |           0 |           0 |           0 |           0 |           0 |           0 |           0 |           0 |           0 |           0 |           0 |           0 |           0 |           0 |           0 |           0 |           0 |           0 |           0 |           0 |           0 |           0 |           0 |           0 |           0 |           0 |           0 |           0 |           0 |           0 |           0 |           0 |           0 |           0 |           0 |           0 |           0 |           0 |           0 |           0 |           0 |           0 |           0 |           0 |           0 |           0 |           0 |           0 |           0 |           0 |           0 |           0 |           0 |           0 |           0 |           0 |           0 |           0 |           0 |           0 |           0 |           0 |           0 |           0 |           0 |           0 |           0 |           0 |           0 |           0 |           0 |           0 |           0 |           0 |    190.5066 |           0 |           0 |           0 |            0 |            0 |            0 |            0 |            0 |            0 |            0 |            0 |            0 |            0 |            0 |            0 |            0 |            0 |            0 |            0 |            0 |            0 |            0 |            0 |            0 |            0 |            0 |            0 |            0 |            0 |            0 |            0 |            0 |            0 |            0 |            0 |            0 |            0 |            0 |            0 |            0 |            0 |            0 |            0 |            0 |            0 |            0 |            0 |            0 |            0 |            0 |            0 |            0 |            0 |            0 |            0 |            0 |            0 |            0 |            0 |            0 |            0 |            0 |            0 |
|    Memory bandwidth [MBytes/s]    | 252491.6244 |          0 |          0 |          0 |          0 |          0 |          0 |          0 |          0 |          0 |           0 |           0 |           0 |           0 |           0 |           0 |           0 |           0 |           0 |           0 |           0 |           0 |           0 |           0 |           0 |           0 |           0 |           0 |           0 |           0 |           0 |           0 |           0 |           0 |           0 |           0 |           0 |           0 |           0 |           0 |           0 |           0 |           0 |           0 |           0 |           0 |           0 |           0 |           0 |           0 |           0 |           0 |           0 |           0 |           0 |           0 |           0 |           0 |           0 |           0 |           0 |           0 |           0 |           0 |           0 |           0 |           0 |           0 |           0 |           0 |           0 |           0 |           0 |           0 |           0 |           0 |           0 |           0 |           0 |           0 |           0 |           0 |           0 |           0 |           0 |           0 |           0 |           0 |           0 |           0 |           0 |           0 |           0 |           0 |           0 |           0 | 101457.9343 |           0 |           0 |           0 |            0 |            0 |            0 |            0 |            0 |            0 |            0 |            0 |            0 |            0 |            0 |            0 |            0 |            0 |            0 |            0 |            0 |            0 |            0 |            0 |            0 |            0 |            0 |            0 |            0 |            0 |            0 |            0 |            0 |            0 |            0 |            0 |            0 |            0 |            0 |            0 |            0 |            0 |            0 |            0 |            0 |            0 |            0 |            0 |            0 |            0 |            0 |            0 |            0 |            0 |            0 |            0 |            0 |            0 |            0 |            0 |            0 |            0 |            0 |            0 |
|    Memory data volume [GBytes]    | 181788.9955 |          0 |          0 |          0 |          0 |          0 |          0 |          0 |          0 |          0 |           0 |           0 |           0 |           0 |           0 |           0 |           0 |           0 |           0 |           0 |           0 |           0 |           0 |           0 |           0 |           0 |           0 |           0 |           0 |           0 |           0 |           0 |           0 |           0 |           0 |           0 |           0 |           0 |           0 |           0 |           0 |           0 |           0 |           0 |           0 |           0 |           0 |           0 |           0 |           0 |           0 |           0 |           0 |           0 |           0 |           0 |           0 |           0 |           0 |           0 |           0 |           0 |           0 |           0 |           0 |           0 |           0 |           0 |           0 |           0 |           0 |           0 |           0 |           0 |           0 |           0 |           0 |           0 |           0 |           0 |           0 |           0 |           0 |           0 |           0 |           0 |           0 |           0 |           0 |           0 |           0 |           0 |           0 |           0 |           0 |           0 |  71828.1693 |           0 |           0 |           0 |            0 |            0 |            0 |            0 |            0 |            0 |            0 |            0 |            0 |            0 |            0 |            0 |            0 |            0 |            0 |            0 |            0 |            0 |            0 |            0 |            0 |            0 |            0 |            0 |            0 |            0 |            0 |            0 |            0 |            0 |            0 |            0 |            0 |            0 |            0 |            0 |            0 |            0 |            0 |            0 |            0 |            0 |            0 |            0 |            0 |            0 |            0 |            0 |            0 |            0 |            0 |            0 |            0 |            0 |            0 |            0 |            0 |            0 |            0 |            0 |
+-----------------------------------+-------------+------------+------------+------------+------------+------------+------------+------------+------------+------------+-------------+-------------+-------------+-------------+-------------+-------------+-------------+-------------+-------------+-------------+-------------+-------------+-------------+-------------+-------------+-------------+-------------+-------------+-------------+-------------+-------------+-------------+-------------+-------------+-------------+-------------+-------------+-------------+-------------+-------------+-------------+-------------+-------------+-------------+-------------+-------------+-------------+-------------+-------------+-------------+-------------+-------------+-------------+-------------+-------------+-------------+-------------+-------------+-------------+-------------+-------------+-------------+-------------+-------------+-------------+-------------+-------------+-------------+-------------+-------------+-------------+-------------+-------------+-------------+-------------+-------------+-------------+-------------+-------------+-------------+-------------+-------------+-------------+-------------+-------------+-------------+-------------+-------------+-------------+-------------+-------------+-------------+-------------+-------------+-------------+-------------+-------------+-------------+-------------+-------------+--------------+--------------+--------------+--------------+--------------+--------------+--------------+--------------+--------------+--------------+--------------+--------------+--------------+--------------+--------------+--------------+--------------+--------------+--------------+--------------+--------------+--------------+--------------+--------------+--------------+--------------+--------------+--------------+--------------+--------------+--------------+--------------+--------------+--------------+--------------+--------------+--------------+--------------+--------------+--------------+--------------+--------------+--------------+--------------+--------------+--------------+--------------+--------------+--------------+--------------+--------------+--------------+--------------+--------------+--------------+--------------+--------------+--------------+--------------+--------------+

+----------------------------------------+-------------+-----------+-------------+-----------+
|                 Metric                 |     Sum     |    Min    |     Max     |    Avg    |
+----------------------------------------+-------------+-----------+-------------+-----------+
|        Runtime (RDTSC) [s] STAT        | 112679.2064 |  682.5984 |    725.8096 |  704.2450 |
|        Runtime unhalted [s] STAT       | 154779.8088 |  965.5414 |    969.9683 |  967.3738 |
|            Clock [MHz] STAT            | 590248.3699 | 3683.1758 |   3697.1749 | 3689.0523 |
|                CPI STAT                |    234.8677 |    1.2978 |      1.7547 |    1.4679 |
|  Memory read bandwidth [MBytes/s] STAT | 353240.2806 |         0 | 252051.4386 | 2207.7518 |
|  Memory read data volume [GBytes] STAT | 253109.7331 |         0 | 181472.0704 | 1581.9358 |
| Memory write bandwidth [MBytes/s] STAT |    709.2781 |         0 |    440.1858 |    4.4330 |
| Memory write data volume [GBytes] STAT |    507.4317 |         0 |    316.9251 |    3.1714 |
|    Memory bandwidth [MBytes/s] STAT    | 353949.5587 |         0 | 252491.6244 | 2212.1847 |
|    Memory data volume [GBytes] STAT    | 253617.1648 |         0 | 181788.9955 | 1585.1073 |
+----------------------------------------+-------------+-----------+-------------+-----------+

