INFO: You are running LIKWID in a cpuset with 176 CPUs. Taking given IDs as logical ID in cpuset
--------------------------------------------------------------------------------
CPU name:	AMD EPYC 9A14 96-Core Processor                
CPU type:	AMD K19 (Zen4) architecture
CPU clock:	2.60 GHz
--------------------------------------------------------------------------------
Sys.CPU_THREADS       192
SLURM_CPUS_PER_TASK   176
OMP_NUM_THREADS       176
OMP_PROC_BIND         close
OMP_PLACES            cores
BLAS_NUM_THREADS      1
Threads.nthreads()    1

Successfully read data from: /public/home/halili/jld2file/cc-pvdz/h2o-1.0-cc-pvdz.jld2
  name: h2o
  ratio: 1.0
  basis: cc-pvdz
  nα: 5, nβ: 5, ne: 10, norb: 24, nq: 48

  ngs: 25495
  ncs: 128793

Warming up JIT and Hardware...
Warm-up completed.
  Step 001:  residual: 9.9885e-01,  e: -76.02676073376631
  Step 002:  residual: 3.3618e-01,  e: -76.22561643779898
  Step 003:  residual: 9.9286e-02,  e: -76.24222290584426
  Step 004:  residual: 3.2400e-02,  e: -76.24360734427410
  Step 005:  residual: 1.2871e-02,  e: -76.24376885653824
  Step 006:  residual: 4.3599e-03,  e: -76.24379383490464
  Step 007:  residual: 1.6905e-03,  e: -76.24379667642263
  Step 008:  residual: 7.0448e-04,  e: -76.24379712049121
  Step 009:  residual: 3.1828e-04,  e: -76.24379720589894
  Step 010:  residual: 1.2649e-04,  e: -76.24379722155597
  Step 011:  residual: 4.7677e-05,  e: -76.24379722386439
  Step 012:  residual: 1.7064e-05,  e: -76.24379722415701
  Step 013:  residual: 6.0873e-06,  e: -76.24379722419405

Convergence reached!
757.379375 seconds (7.21 M allocations: 91.224 GiB, 0.06% gc time, 0.27% compilation time)
--------------------------------------------------------------------------------
Region hvec_direct_agg, Group 1: MEM
+-------------------+------------+------------+------------+------------+------------+------------+------------+------------+------------+------------+-------------+-------------+-------------+-------------+-------------+-------------+-------------+-------------+-------------+-------------+-------------+-------------+-------------+-------------+-------------+-------------+-------------+-------------+-------------+-------------+-------------+-------------+-------------+-------------+-------------+-------------+-------------+-------------+-------------+-------------+-------------+-------------+-------------+-------------+-------------+-------------+-------------+-------------+-------------+-------------+-------------+-------------+-------------+-------------+-------------+-------------+-------------+-------------+-------------+-------------+-------------+-------------+-------------+-------------+-------------+-------------+-------------+-------------+-------------+-------------+-------------+-------------+-------------+-------------+-------------+-------------+-------------+-------------+-------------+-------------+-------------+-------------+-------------+-------------+-------------+-------------+-------------+-------------+-------------+-------------+-------------+-------------+-------------+-------------+-------------+-------------+-------------+-------------+-------------+-------------+--------------+--------------+--------------+--------------+--------------+--------------+--------------+--------------+--------------+--------------+--------------+--------------+--------------+--------------+--------------+--------------+--------------+--------------+--------------+--------------+--------------+--------------+--------------+--------------+--------------+--------------+--------------+--------------+--------------+--------------+--------------+--------------+--------------+--------------+--------------+--------------+--------------+--------------+--------------+--------------+--------------+--------------+--------------+--------------+--------------+--------------+--------------+--------------+--------------+--------------+--------------+--------------+--------------+--------------+--------------+--------------+--------------+--------------+--------------+--------------+--------------+--------------+--------------+--------------+--------------+--------------+--------------+--------------+--------------+--------------+--------------+--------------+--------------+--------------+--------------+--------------+
|    Region Info    | HWThread 0 | HWThread 1 | HWThread 2 | HWThread 3 | HWThread 4 | HWThread 5 | HWThread 6 | HWThread 7 | HWThread 8 | HWThread 9 | HWThread 10 | HWThread 11 | HWThread 12 | HWThread 13 | HWThread 14 | HWThread 15 | HWThread 16 | HWThread 17 | HWThread 18 | HWThread 19 | HWThread 20 | HWThread 21 | HWThread 22 | HWThread 23 | HWThread 24 | HWThread 25 | HWThread 26 | HWThread 27 | HWThread 28 | HWThread 29 | HWThread 30 | HWThread 31 | HWThread 32 | HWThread 33 | HWThread 34 | HWThread 35 | HWThread 36 | HWThread 37 | HWThread 38 | HWThread 39 | HWThread 40 | HWThread 41 | HWThread 42 | HWThread 43 | HWThread 44 | HWThread 45 | HWThread 46 | HWThread 47 | HWThread 48 | HWThread 49 | HWThread 50 | HWThread 51 | HWThread 52 | HWThread 53 | HWThread 54 | HWThread 55 | HWThread 56 | HWThread 57 | HWThread 58 | HWThread 59 | HWThread 60 | HWThread 61 | HWThread 62 | HWThread 63 | HWThread 64 | HWThread 65 | HWThread 66 | HWThread 67 | HWThread 68 | HWThread 69 | HWThread 70 | HWThread 71 | HWThread 72 | HWThread 73 | HWThread 74 | HWThread 75 | HWThread 76 | HWThread 77 | HWThread 78 | HWThread 79 | HWThread 80 | HWThread 81 | HWThread 82 | HWThread 83 | HWThread 84 | HWThread 85 | HWThread 86 | HWThread 87 | HWThread 88 | HWThread 89 | HWThread 90 | HWThread 91 | HWThread 92 | HWThread 93 | HWThread 94 | HWThread 95 | HWThread 96 | HWThread 97 | HWThread 98 | HWThread 99 | HWThread 100 | HWThread 101 | HWThread 102 | HWThread 103 | HWThread 104 | HWThread 105 | HWThread 106 | HWThread 107 | HWThread 108 | HWThread 109 | HWThread 110 | HWThread 111 | HWThread 112 | HWThread 113 | HWThread 114 | HWThread 115 | HWThread 116 | HWThread 117 | HWThread 118 | HWThread 119 | HWThread 120 | HWThread 121 | HWThread 122 | HWThread 123 | HWThread 124 | HWThread 125 | HWThread 126 | HWThread 127 | HWThread 128 | HWThread 129 | HWThread 130 | HWThread 131 | HWThread 132 | HWThread 133 | HWThread 134 | HWThread 135 | HWThread 136 | HWThread 137 | HWThread 138 | HWThread 139 | HWThread 140 | HWThread 141 | HWThread 142 | HWThread 143 | HWThread 144 | HWThread 145 | HWThread 146 | HWThread 147 | HWThread 148 | HWThread 149 | HWThread 150 | HWThread 151 | HWThread 152 | HWThread 153 | HWThread 154 | HWThread 155 | HWThread 156 | HWThread 157 | HWThread 158 | HWThread 159 | HWThread 160 | HWThread 161 | HWThread 162 | HWThread 163 | HWThread 164 | HWThread 165 | HWThread 166 | HWThread 167 | HWThread 168 | HWThread 169 | HWThread 170 | HWThread 171 | HWThread 172 | HWThread 173 | HWThread 174 | HWThread 175 |
+-------------------+------------+------------+------------+------------+------------+------------+------------+------------+------------+------------+-------------+-------------+-------------+-------------+-------------+-------------+-------------+-------------+-------------+-------------+-------------+-------------+-------------+-------------+-------------+-------------+-------------+-------------+-------------+-------------+-------------+-------------+-------------+-------------+-------------+-------------+-------------+-------------+-------------+-------------+-------------+-------------+-------------+-------------+-------------+-------------+-------------+-------------+-------------+-------------+-------------+-------------+-------------+-------------+-------------+-------------+-------------+-------------+-------------+-------------+-------------+-------------+-------------+-------------+-------------+-------------+-------------+-------------+-------------+-------------+-------------+-------------+-------------+-------------+-------------+-------------+-------------+-------------+-------------+-------------+-------------+-------------+-------------+-------------+-------------+-------------+-------------+-------------+-------------+-------------+-------------+-------------+-------------+-------------+-------------+-------------+-------------+-------------+-------------+-------------+--------------+--------------+--------------+--------------+--------------+--------------+--------------+--------------+--------------+--------------+--------------+--------------+--------------+--------------+--------------+--------------+--------------+--------------+--------------+--------------+--------------+--------------+--------------+--------------+--------------+--------------+--------------+--------------+--------------+--------------+--------------+--------------+--------------+--------------+--------------+--------------+--------------+--------------+--------------+--------------+--------------+--------------+--------------+--------------+--------------+--------------+--------------+--------------+--------------+--------------+--------------+--------------+--------------+--------------+--------------+--------------+--------------+--------------+--------------+--------------+--------------+--------------+--------------+--------------+--------------+--------------+--------------+--------------+--------------+--------------+--------------+--------------+--------------+--------------+--------------+--------------+
| RDTSC Runtime [s] | 733.915000 | 730.291800 | 704.179100 | 722.683100 | 701.639900 | 733.321800 | 693.783100 | 703.020300 | 698.020800 | 730.586800 |  722.137900 |  707.088500 |  701.927300 |  722.138300 |  701.927100 |  736.796700 |  709.300800 |  708.669500 |  691.019100 |  738.941000 |  713.854400 |  724.254700 |  694.117400 |  713.853700 |  708.054000 |  738.056000 |  739.560900 |  711.500400 |  724.865700 |  712.046600 |  711.500900 |  711.838000 |  700.646800 |  732.108000 |  726.956200 |  700.646700 |  709.004300 |  700.934800 |  733.621600 |  702.726600 |  696.753500 |  701.350300 |  728.422400 |  690.789300 |  729.957600 |  723.632900 |  710.093300 |  736.449700 |  728.081000 |  697.364500 |  696.054200 |  699.576800 |  740.824900 |  732.741700 |  696.054200 |  696.054500 |  699.298100 |  723.298100 |  710.385100 |  703.601900 |  695.477600 |  694.696800 |  732.451100 |  694.696900 |  737.091400 |  699.011600 |  717.593100 |  692.197500 |  706.750200 |  713.257600 |  725.208000 |  704.473200 |  704.778400 |  706.076300 |  699.866000 |  703.890100 |  707.714200 |  705.396200 |  710.672100 |  731.438000 |  700.158600 |  738.355000 |  700.158400 |  703.310900 |  737.716500 |  695.766900 |  694.403500 |  695.193200 |  727.294700 |  734.858100 |  702.437400 |  698.678800 |  733.026600 |  709.592900 |  709.592000 |  727.294600 |  726.439600 |  733.918800 |  716.401400 |  739.901200 |   722.964300 |   691.893400 |   730.585000 |   726.442300 |   740.231200 |   729.659100 |   693.271500 |   693.272200 |   691.018600 |   705.068800 |   731.141800 |   697.036900 |   715.018300 |   712.751400 |   715.018100 |   713.256900 |   712.751800 |   715.809300 |   735.194100 |   734.552300 |   717.001100 |   718.865500 |   719.164600 |   731.773400 |   718.262100 |   714.393900 |   712.046100 |   718.864800 |   710.964000 |   719.584000 |   698.352000 |   716.103300 |   710.963600 |   734.246900 |   735.523700 |   697.694600 |   715.515200 |   720.900300 |   720.900600 |   716.701600 |   717.296100 |   708.343900 |   720.900100 |   714.723000 |   691.587700 |   740.526700 |   737.386300 |   692.532100 |   721.619100 |   692.859700 |   692.531600 |   721.619000 |   720.403300 |   720.403200 |   739.233600 |   725.823600 |   725.501400 |   725.822700 |   738.354900 |   725.501400 |   707.383600 |   729.039500 |   728.710400 |   728.710800 |   729.038600 |   717.932600 |   735.831900 |   718.562200 |   706.418600 |   719.886500 |   736.143600 |   724.253500 |   727.294300 |   723.922600 |   705.741800 |   719.885800 |
|     call count    |         13 |         13 |         13 |         13 |         13 |         13 |         13 |         13 |         13 |         13 |          13 |          13 |          13 |          13 |          13 |          13 |          13 |          13 |          13 |          13 |          13 |          13 |          13 |          13 |          13 |          13 |          13 |          13 |          13 |          13 |          13 |          13 |          13 |          13 |          13 |          13 |          13 |          13 |          13 |          13 |          13 |          13 |          13 |          13 |          13 |          13 |          13 |          13 |          13 |          13 |          13 |          13 |          13 |          13 |          13 |          13 |          13 |          13 |          13 |          13 |          13 |          13 |          13 |          13 |          13 |          13 |          13 |          13 |          13 |          13 |          13 |          13 |          13 |          13 |          13 |          13 |          13 |          13 |          13 |          13 |          13 |          13 |          13 |          13 |          13 |          13 |          13 |          13 |          13 |          13 |          13 |          13 |          13 |          13 |          13 |          13 |          13 |          13 |          13 |          13 |           13 |           13 |           13 |           13 |           13 |           13 |           13 |           13 |           13 |           13 |           13 |           13 |           13 |           13 |           13 |           13 |           13 |           13 |           13 |           13 |           13 |           13 |           13 |           13 |           13 |           13 |           13 |           13 |           13 |           13 |           13 |           13 |           13 |           13 |           13 |           13 |           13 |           13 |           13 |           13 |           13 |           13 |           13 |           13 |           13 |           13 |           13 |           13 |           13 |           13 |           13 |           13 |           13 |           13 |           13 |           13 |           13 |           13 |           13 |           13 |           13 |           13 |           13 |           13 |           13 |           13 |           13 |           13 |           13 |           13 |           13 |           13 |           13 |           13 |           13 |           13 |
+-------------------+------------+------------+------------+------------+------------+------------+------------+------------+------------+------------+-------------+-------------+-------------+-------------+-------------+-------------+-------------+-------------+-------------+-------------+-------------+-------------+-------------+-------------+-------------+-------------+-------------+-------------+-------------+-------------+-------------+-------------+-------------+-------------+-------------+-------------+-------------+-------------+-------------+-------------+-------------+-------------+-------------+-------------+-------------+-------------+-------------+-------------+-------------+-------------+-------------+-------------+-------------+-------------+-------------+-------------+-------------+-------------+-------------+-------------+-------------+-------------+-------------+-------------+-------------+-------------+-------------+-------------+-------------+-------------+-------------+-------------+-------------+-------------+-------------+-------------+-------------+-------------+-------------+-------------+-------------+-------------+-------------+-------------+-------------+-------------+-------------+-------------+-------------+-------------+-------------+-------------+-------------+-------------+-------------+-------------+-------------+-------------+-------------+-------------+--------------+--------------+--------------+--------------+--------------+--------------+--------------+--------------+--------------+--------------+--------------+--------------+--------------+--------------+--------------+--------------+--------------+--------------+--------------+--------------+--------------+--------------+--------------+--------------+--------------+--------------+--------------+--------------+--------------+--------------+--------------+--------------+--------------+--------------+--------------+--------------+--------------+--------------+--------------+--------------+--------------+--------------+--------------+--------------+--------------+--------------+--------------+--------------+--------------+--------------+--------------+--------------+--------------+--------------+--------------+--------------+--------------+--------------+--------------+--------------+--------------+--------------+--------------+--------------+--------------+--------------+--------------+--------------+--------------+--------------+--------------+--------------+--------------+--------------+--------------+--------------+

+----------------------+---------+---------------+---------------+---------------+---------------+---------------+---------------+---------------+---------------+---------------+---------------+---------------+---------------+---------------+---------------+---------------+---------------+---------------+---------------+---------------+---------------+---------------+---------------+---------------+---------------+---------------+---------------+---------------+---------------+---------------+---------------+---------------+---------------+---------------+---------------+---------------+---------------+---------------+---------------+---------------+---------------+---------------+---------------+---------------+---------------+---------------+---------------+---------------+---------------+---------------+---------------+---------------+---------------+---------------+---------------+---------------+---------------+---------------+---------------+---------------+---------------+---------------+---------------+---------------+---------------+---------------+---------------+---------------+---------------+---------------+---------------+---------------+---------------+---------------+---------------+---------------+---------------+---------------+---------------+---------------+---------------+---------------+---------------+---------------+---------------+---------------+---------------+---------------+---------------+---------------+---------------+---------------+---------------+---------------+---------------+---------------+---------------+---------------+---------------+---------------+---------------+---------------+---------------+---------------+---------------+---------------+---------------+---------------+---------------+---------------+---------------+---------------+---------------+---------------+---------------+---------------+---------------+---------------+---------------+---------------+---------------+---------------+---------------+---------------+---------------+---------------+---------------+---------------+---------------+---------------+---------------+---------------+---------------+---------------+---------------+---------------+---------------+---------------+---------------+---------------+---------------+---------------+---------------+---------------+---------------+---------------+---------------+---------------+---------------+---------------+---------------+---------------+---------------+---------------+---------------+---------------+---------------+---------------+---------------+---------------+---------------+---------------+---------------+---------------+---------------+---------------+---------------+---------------+---------------+---------------+---------------+---------------+---------------+---------------+---------------+---------------+---------------+
|         Event        | Counter |   HWThread 0  |   HWThread 1  |   HWThread 2  |   HWThread 3  |   HWThread 4  |   HWThread 5  |   HWThread 6  |   HWThread 7  |   HWThread 8  |   HWThread 9  |  HWThread 10  |  HWThread 11  |  HWThread 12  |  HWThread 13  |  HWThread 14  |  HWThread 15  |  HWThread 16  |  HWThread 17  |  HWThread 18  |  HWThread 19  |  HWThread 20  |  HWThread 21  |  HWThread 22  |  HWThread 23  |  HWThread 24  |  HWThread 25  |  HWThread 26  |  HWThread 27  |  HWThread 28  |  HWThread 29  |  HWThread 30  |  HWThread 31  |  HWThread 32  |  HWThread 33  |  HWThread 34  |  HWThread 35  |  HWThread 36  |  HWThread 37  |  HWThread 38  |  HWThread 39  |  HWThread 40  |  HWThread 41  |  HWThread 42  |  HWThread 43  |  HWThread 44  |  HWThread 45  |  HWThread 46  |  HWThread 47  |  HWThread 48  |  HWThread 49  |  HWThread 50  |  HWThread 51  |  HWThread 52  |  HWThread 53  |  HWThread 54  |  HWThread 55  |  HWThread 56  |  HWThread 57  |  HWThread 58  |  HWThread 59  |  HWThread 60  |  HWThread 61  |  HWThread 62  |  HWThread 63  |  HWThread 64  |  HWThread 65  |  HWThread 66  |  HWThread 67  |  HWThread 68  |  HWThread 69  |  HWThread 70  |  HWThread 71  |  HWThread 72  |  HWThread 73  |  HWThread 74  |  HWThread 75  |  HWThread 76  |  HWThread 77  |  HWThread 78  |  HWThread 79  |  HWThread 80  |  HWThread 81  |  HWThread 82  |  HWThread 83  |  HWThread 84  |  HWThread 85  |  HWThread 86  |  HWThread 87  |  HWThread 88  |  HWThread 89  |  HWThread 90  |  HWThread 91  |  HWThread 92  |  HWThread 93  |  HWThread 94  |  HWThread 95  |  HWThread 96  |  HWThread 97  |  HWThread 98  |  HWThread 99  |  HWThread 100 |  HWThread 101 |  HWThread 102 |  HWThread 103 |  HWThread 104 |  HWThread 105 |  HWThread 106 |  HWThread 107 |  HWThread 108 |  HWThread 109 |  HWThread 110 |  HWThread 111 |  HWThread 112 |  HWThread 113 |  HWThread 114 |  HWThread 115 |  HWThread 116 |  HWThread 117 |  HWThread 118 |  HWThread 119 |  HWThread 120 |  HWThread 121 |  HWThread 122 |  HWThread 123 |  HWThread 124 |  HWThread 125 |  HWThread 126 |  HWThread 127 |  HWThread 128 |  HWThread 129 |  HWThread 130 |  HWThread 131 |  HWThread 132 |  HWThread 133 |  HWThread 134 |  HWThread 135 |  HWThread 136 |  HWThread 137 |  HWThread 138 |  HWThread 139 |  HWThread 140 |  HWThread 141 |  HWThread 142 |  HWThread 143 |  HWThread 144 |  HWThread 145 |  HWThread 146 |  HWThread 147 |  HWThread 148 |  HWThread 149 |  HWThread 150 |  HWThread 151 |  HWThread 152 |  HWThread 153 |  HWThread 154 |  HWThread 155 |  HWThread 156 |  HWThread 157 |  HWThread 158 |  HWThread 159 |  HWThread 160 |  HWThread 161 |  HWThread 162 |  HWThread 163 |  HWThread 164 |  HWThread 165 |  HWThread 166 |  HWThread 167 |  HWThread 168 |  HWThread 169 |  HWThread 170 |  HWThread 171 |  HWThread 172 |  HWThread 173 |  HWThread 174 |  HWThread 175 |
+----------------------+---------+---------------+---------------+---------------+---------------+---------------+---------------+---------------+---------------+---------------+---------------+---------------+---------------+---------------+---------------+---------------+---------------+---------------+---------------+---------------+---------------+---------------+---------------+---------------+---------------+---------------+---------------+---------------+---------------+---------------+---------------+---------------+---------------+---------------+---------------+---------------+---------------+---------------+---------------+---------------+---------------+---------------+---------------+---------------+---------------+---------------+---------------+---------------+---------------+---------------+---------------+---------------+---------------+---------------+---------------+---------------+---------------+---------------+---------------+---------------+---------------+---------------+---------------+---------------+---------------+---------------+---------------+---------------+---------------+---------------+---------------+---------------+---------------+---------------+---------------+---------------+---------------+---------------+---------------+---------------+---------------+---------------+---------------+---------------+---------------+---------------+---------------+---------------+---------------+---------------+---------------+---------------+---------------+---------------+---------------+---------------+---------------+---------------+---------------+---------------+---------------+---------------+---------------+---------------+---------------+---------------+---------------+---------------+---------------+---------------+---------------+---------------+---------------+---------------+---------------+---------------+---------------+---------------+---------------+---------------+---------------+---------------+---------------+---------------+---------------+---------------+---------------+---------------+---------------+---------------+---------------+---------------+---------------+---------------+---------------+---------------+---------------+---------------+---------------+---------------+---------------+---------------+---------------+---------------+---------------+---------------+---------------+---------------+---------------+---------------+---------------+---------------+---------------+---------------+---------------+---------------+---------------+---------------+---------------+---------------+---------------+---------------+---------------+---------------+---------------+---------------+---------------+---------------+---------------+---------------+---------------+---------------+---------------+---------------+---------------+---------------+---------------+
|   ACTUAL_CPU_CLOCK   |  FIXC1  | 2548825000000 | 2545442000000 | 2546729000000 | 2545693000000 | 2545780000000 | 2546113000000 | 2545173000000 | 2545382000000 | 2544951000000 | 2544737000000 | 2545967000000 | 2545589000000 | 2545571000000 | 2544735000000 | 2545186000000 | 2544655000000 | 2545851000000 | 2545549000000 | 2546150000000 | 2545527000000 | 2545470000000 | 2545434000000 | 2546575000000 | 2545963000000 | 2545742000000 | 2546248000000 | 2545966000000 | 2545492000000 | 2545741000000 | 2545310000000 | 2545756000000 | 2546120000000 | 2545125000000 | 2545926000000 | 2544742000000 | 2544190000000 | 2544864000000 | 2545237000000 | 2545504000000 | 2545877000000 | 2545494000000 | 2546008000000 | 2545977000000 | 2545485000000 | 2545433000000 | 2545837000000 | 2545211000000 | 2545129000000 | 2545599000000 | 2545302000000 | 2545267000000 | 2545926000000 | 2545256000000 | 2545742000000 | 2545273000000 | 2545349000000 | 2545048000000 | 2544663000000 | 2545573000000 | 2545394000000 | 2544515000000 | 2545108000000 | 2545233000000 | 2544660000000 | 2545377000000 | 2546062000000 | 2544910000000 | 2545465000000 | 2545243000000 | 2546020000000 | 2545118000000 | 2545733000000 | 2545354000000 | 2546247000000 | 2546414000000 | 2546051000000 | 2545998000000 | 2546003000000 | 2546406000000 | 2545500000000 | 2544972000000 | 2545384000000 | 2545041000000 | 2545301000000 | 2544720000000 | 2545447000000 | 2545350000000 | 2545224000000 | 2545561000000 | 2545717000000 | 2545548000000 | 2545000000000 | 2545511000000 | 2545908000000 | 2546083000000 | 2545378000000 | 2551420000000 | 2550525000000 | 2550303000000 | 2551111000000 | 2550688000000 | 2551145000000 | 2551315000000 | 2551410000000 | 2551514000000 | 2550999000000 | 2551124000000 | 2550218000000 | 2550534000000 | 2549774000000 | 2551036000000 | 2550782000000 | 2551751000000 | 2551536000000 | 2550797000000 | 2551547000000 | 2551701000000 | 2551677000000 | 2551791000000 | 2551567000000 | 2552489000000 | 2551143000000 | 2552092000000 | 2551246000000 | 2551177000000 | 2551334000000 | 2551685000000 | 2550709000000 | 2551122000000 | 2551103000000 | 2550637000000 | 2550355000000 | 2550466000000 | 2551309000000 | 2550972000000 | 2550551000000 | 2551239000000 | 2551382000000 | 2551808000000 | 2551339000000 | 2551607000000 | 2551272000000 | 2551491000000 | 2551222000000 | 2551143000000 | 2551768000000 | 2551263000000 | 2551713000000 | 2551744000000 | 2550460000000 | 2551110000000 | 2551232000000 | 2550565000000 | 2550147000000 | 2550817000000 | 2550383000000 | 2551336000000 | 2550296000000 | 2550829000000 | 2550735000000 | 2550548000000 | 2551339000000 | 2551991000000 | 2551982000000 | 2552047000000 | 2551277000000 | 2551855000000 | 2550343000000 | 2550331000000 | 2550668000000 | 2550396000000 | 2549988000000 | 2550338000000 | 2550749000000 | 2549805000000 | 2550881000000 |
|     MAX_CPU_CLOCK    |  FIXC2  | 1795853000000 | 1794106000000 | 1794423000000 | 1793959000000 | 1794054000000 | 1794253000000 | 1793568000000 | 1793697000000 | 1793484000000 | 1793270000000 | 1794181000000 | 1793761000000 | 1793803000000 | 1793287000000 | 1793626000000 | 1793244000000 | 1793951000000 | 1793875000000 | 1794327000000 | 1793860000000 | 1793831000000 | 1793800000000 | 1794592000000 | 1794180000000 | 1794004000000 | 1794358000000 | 1794055000000 | 1793648000000 | 1794001000000 | 1793610000000 | 1793995000000 | 1794254000000 | 1793540000000 | 1793987000000 | 1793304000000 | 1792886000000 | 1793364000000 | 1793632000000 | 1793728000000 | 1794045000000 | 1793673000000 | 1794031000000 | 1793987000000 | 1793679000000 | 1793828000000 | 1794050000000 | 1793604000000 | 1793509000000 | 1793908000000 | 1793682000000 | 1793651000000 | 1794103000000 | 1793560000000 | 1794018000000 | 1793684000000 | 1793593000000 | 1793380000000 | 1793256000000 | 1793881000000 | 1793755000000 | 1793018000000 | 1793598000000 | 1793643000000 | 1793216000000 | 1793732000000 | 1794212000000 | 1793269000000 | 1793802000000 | 1793513000000 | 1794170000000 | 1793553000000 | 1794039000000 | 1793725000000 | 1794357000000 | 1794356000000 | 1794199000000 | 1794169000000 | 1794160000000 | 1794460000000 | 1793764000000 | 1793430000000 | 1793519000000 | 1793416000000 | 1793688000000 | 1793338000000 | 1793833000000 | 1793677000000 | 1793550000000 | 1793807000000 | 1793893000000 | 1793792000000 | 1793405000000 | 1793632000000 | 1793977000000 | 1794199000000 | 1793740000000 | 1794333000000 | 1793829000000 | 1793686000000 | 1794146000000 | 1793941000000 | 1794271000000 | 1794389000000 | 1794469000000 | 1794397000000 | 1794167000000 | 1794245000000 | 1793588000000 | 1793840000000 | 1793279000000 | 1794034000000 | 1794011000000 | 1794701000000 | 1794536000000 | 1794002000000 | 1794497000000 | 1794651000000 | 1794610000000 | 1794620000000 | 1794537000000 | 1795062000000 | 1794252000000 | 1794925000000 | 1794325000000 | 1794249000000 | 1794399000000 | 1794663000000 | 1793968000000 | 1794248000000 | 1794201000000 | 1793788000000 | 1793683000000 | 1793774000000 | 1794318000000 | 1794066000000 | 1793836000000 | 1794326000000 | 1794435000000 | 1794749000000 | 1794386000000 | 1794559000000 | 1794279000000 | 1794418000000 | 1794359000000 | 1794277000000 | 1794570000000 | 1794359000000 | 1794661000000 | 1794687000000 | 1793757000000 | 1794231000000 | 1794209000000 | 1793863000000 | 1793589000000 | 1794043000000 | 1793726000000 | 1794412000000 | 1793696000000 | 1794039000000 | 1793938000000 | 1793841000000 | 1794406000000 | 1794846000000 | 1794734000000 | 1794926000000 | 1794333000000 | 1794667000000 | 1793700000000 | 1793690000000 | 1793950000000 | 1793728000000 | 1793429000000 | 1793703000000 | 1794005000000 | 1793317000000 | 1794067000000 |
| RETIRED_INSTRUCTIONS |   PMC0  | 1536633000000 | 1541614000000 | 1540956000000 | 1521706000000 | 1531815000000 | 1534831000000 | 1533321000000 | 1527504000000 | 1795694000000 | 1794090000000 | 1798545000000 | 1791012000000 | 1797859000000 | 1787174000000 | 1789236000000 | 1780128000000 | 1542362000000 | 1550747000000 | 1550335000000 | 1549592000000 | 1549976000000 | 1553579000000 | 1550884000000 | 1542041000000 | 1538078000000 | 1542443000000 | 1543649000000 | 1543044000000 | 1538243000000 | 1535368000000 | 1537018000000 | 1538496000000 | 1782479000000 | 1785056000000 | 1789741000000 | 1781179000000 | 1788079000000 | 1776022000000 | 1788909000000 | 1781217000000 | 1548963000000 | 1551569000000 | 1563552000000 | 1554613000000 | 1559373000000 | 1546242000000 | 1552268000000 | 1543812000000 | 1536638000000 | 1541811000000 | 1554782000000 | 1540427000000 | 1538521000000 | 1539492000000 | 1547322000000 | 1535363000000 | 1791441000000 | 1788652000000 | 1796808000000 | 1789248000000 | 1784744000000 | 1780903000000 | 1798890000000 | 1783021000000 | 1554949000000 | 1553593000000 | 1556135000000 | 1546664000000 | 1556540000000 | 1558461000000 | 1558177000000 | 1554476000000 | 1535611000000 | 1521429000000 | 1530065000000 | 1523719000000 | 1534880000000 | 1516411000000 | 1526812000000 | 1528420000000 | 1795458000000 | 1791126000000 | 1788565000000 | 1787487000000 | 1785671000000 | 1778697000000 | 1775978000000 | 1774558000000 | 1546069000000 | 1543223000000 | 1546599000000 | 1541644000000 | 1540107000000 | 1540437000000 | 1540084000000 | 1549468000000 | 1288291000000 | 1293908000000 | 1303699000000 | 1288529000000 | 1284804000000 | 1287643000000 | 1297213000000 | 1284904000000 | 1675900000000 | 1678163000000 | 1680750000000 | 1667942000000 | 1672868000000 | 1675321000000 | 1678447000000 | 1673110000000 | 1306928000000 | 1304166000000 | 1318957000000 | 1315473000000 | 1309851000000 | 1302914000000 | 1313562000000 | 1312042000000 | 1290817000000 | 1294446000000 | 1296769000000 | 1286531000000 | 1293384000000 | 1282964000000 | 1286597000000 | 1286533000000 | 1656331000000 | 1647955000000 | 1663233000000 | 1645859000000 | 1661311000000 | 1657943000000 | 1663586000000 | 1653817000000 | 1305876000000 | 1300475000000 | 1297697000000 | 1299899000000 | 1305696000000 | 1289045000000 | 1300772000000 | 1294821000000 | 1296916000000 | 1305328000000 | 1286049000000 | 1303587000000 | 1299270000000 | 1307548000000 | 1295999000000 | 1298092000000 | 1672152000000 | 1672703000000 | 1674234000000 | 1674847000000 | 1676114000000 | 1676957000000 | 1672194000000 | 1668854000000 | 1308070000000 | 1296293000000 | 1317602000000 | 1307676000000 | 1305119000000 | 1309357000000 | 1307571000000 | 1302004000000 | 1670809000000 | 1675904000000 | 1666899000000 | 1673086000000 | 1670744000000 | 1667926000000 | 1663240000000 | 1676788000000 |
|  CPU_CLOCKS_UNHALTED |   PMC1  | 2509061000000 | 2516457000000 | 2516697000000 | 2516232000000 | 2515469000000 | 2517937000000 | 2516761000000 | 2516371000000 | 2514267000000 | 2514380000000 | 2515884000000 | 2515604000000 | 2514716000000 | 2514745000000 | 2515281000000 | 2514569000000 | 2515937000000 | 2515526000000 | 2517410000000 | 2516979000000 | 2517184000000 | 2516742000000 | 2517869000000 | 2517042000000 | 2516998000000 | 2517608000000 | 2517360000000 | 2517498000000 | 2515954000000 | 2516199000000 | 2517582000000 | 2517296000000 | 2514482000000 | 2514579000000 | 2514079000000 | 2513377000000 | 2513966000000 | 2513856000000 | 2514189000000 | 2514999000000 | 2516288000000 | 2516987000000 | 2515993000000 | 2516444000000 | 2516072000000 | 2516368000000 | 2515484000000 | 2516177000000 | 2516702000000 | 2516860000000 | 2516343000000 | 2517092000000 | 2516466000000 | 2517572000000 | 2516656000000 | 2516306000000 | 2514328000000 | 2513664000000 | 2515530000000 | 2515239000000 | 2513576000000 | 2514693000000 | 2513522000000 | 2513800000000 | 2515715000000 | 2516760000000 | 2516294000000 | 2515905000000 | 2517654000000 | 2516850000000 | 2515224000000 | 2516464000000 | 2516350000000 | 2517036000000 | 2516220000000 | 2516288000000 | 2516404000000 | 2517863000000 | 2518356000000 | 2516559000000 | 2513460000000 | 2515033000000 | 2513666000000 | 2513620000000 | 2513485000000 | 2513127000000 | 2515092000000 | 2515250000000 | 2516803000000 | 2516386000000 | 2517155000000 | 2515533000000 | 2517391000000 | 2517093000000 | 2516720000000 | 2517017000000 | 2524311000000 | 2524780000000 | 2525422000000 | 2523947000000 | 2524119000000 | 2524874000000 | 2525477000000 | 2524907000000 | 2519729000000 | 2520215000000 | 2519789000000 | 2519587000000 | 2519246000000 | 2518309000000 | 2520550000000 | 2519887000000 | 2523615000000 | 2525442000000 | 2524219000000 | 2524981000000 | 2524896000000 | 2525242000000 | 2525376000000 | 2524277000000 | 2525893000000 | 2524011000000 | 2525335000000 | 2524807000000 | 2524871000000 | 2524934000000 | 2524465000000 | 2524744000000 | 2521658000000 | 2520430000000 | 2520690000000 | 2520049000000 | 2520671000000 | 2521317000000 | 2520700000000 | 2520232000000 | 2524950000000 | 2525396000000 | 2526371000000 | 2525660000000 | 2526894000000 | 2526206000000 | 2525476000000 | 2525190000000 | 2524849000000 | 2526249000000 | 2525121000000 | 2525236000000 | 2526435000000 | 2525915000000 | 2524792000000 | 2525329000000 | 2519703000000 | 2519335000000 | 2520021000000 | 2519741000000 | 2520308000000 | 2518760000000 | 2520886000000 | 2520490000000 | 2523993000000 | 2526223000000 | 2525641000000 | 2526473000000 | 2525853000000 | 2525658000000 | 2526334000000 | 2524519000000 | 2519662000000 | 2520800000000 | 2519677000000 | 2520467000000 | 2520285000000 | 2520446000000 | 2520477000000 | 2521577000000 |
|      CAS_CMD_RD      |  UMC0C0 |  221925200000 |             0 |             0 |             0 |             0 |             0 |             0 |             0 |             0 |             0 |             0 |             0 |             0 |             0 |             0 |             0 |             0 |             0 |             0 |             0 |             0 |             0 |             0 |             0 |             0 |             0 |             0 |             0 |             0 |             0 |             0 |             0 |             0 |             0 |             0 |             0 |             0 |             0 |             0 |             0 |             0 |             0 |             0 |             0 |             0 |             0 |             0 |             0 |             0 |             0 |             0 |             0 |             0 |             0 |             0 |             0 |             0 |             0 |             0 |             0 |             0 |             0 |             0 |             0 |             0 |             0 |             0 |             0 |             0 |             0 |             0 |             0 |             0 |             0 |             0 |             0 |             0 |             0 |             0 |             0 |             0 |             0 |             0 |             0 |             0 |             0 |             0 |             0 |             0 |             0 |             0 |             0 |             0 |             0 |             0 |             0 |  111288300000 |             0 |             0 |             0 |             0 |             0 |             0 |             0 |             0 |             0 |             0 |             0 |             0 |             0 |             0 |             0 |             0 |             0 |             0 |             0 |             0 |             0 |             0 |             0 |             0 |             0 |             0 |             0 |             0 |             0 |             0 |             0 |             0 |             0 |             0 |             0 |             0 |             0 |             0 |             0 |             0 |             0 |             0 |             0 |             0 |             0 |             0 |             0 |             0 |             0 |             0 |             0 |             0 |             0 |             0 |             0 |             0 |             0 |             0 |             0 |             0 |             0 |             0 |             0 |             0 |             0 |             0 |             0 |             0 |             0 |             0 |             0 |             0 |             0 |             0 |             0 |             0 |             0 |             0 |             0 |
|      CAS_CMD_WR      |  UMC0C1 |     404078700 |             0 |             0 |             0 |             0 |             0 |             0 |             0 |             0 |             0 |             0 |             0 |             0 |             0 |             0 |             0 |             0 |             0 |             0 |             0 |             0 |             0 |             0 |             0 |             0 |             0 |             0 |             0 |             0 |             0 |             0 |             0 |             0 |             0 |             0 |             0 |             0 |             0 |             0 |             0 |             0 |             0 |             0 |             0 |             0 |             0 |             0 |             0 |             0 |             0 |             0 |             0 |             0 |             0 |             0 |             0 |             0 |             0 |             0 |             0 |             0 |             0 |             0 |             0 |             0 |             0 |             0 |             0 |             0 |             0 |             0 |             0 |             0 |             0 |             0 |             0 |             0 |             0 |             0 |             0 |             0 |             0 |             0 |             0 |             0 |             0 |             0 |             0 |             0 |             0 |             0 |             0 |             0 |             0 |             0 |             0 |     284581200 |             0 |             0 |             0 |             0 |             0 |             0 |             0 |             0 |             0 |             0 |             0 |             0 |             0 |             0 |             0 |             0 |             0 |             0 |             0 |             0 |             0 |             0 |             0 |             0 |             0 |             0 |             0 |             0 |             0 |             0 |             0 |             0 |             0 |             0 |             0 |             0 |             0 |             0 |             0 |             0 |             0 |             0 |             0 |             0 |             0 |             0 |             0 |             0 |             0 |             0 |             0 |             0 |             0 |             0 |             0 |             0 |             0 |             0 |             0 |             0 |             0 |             0 |             0 |             0 |             0 |             0 |             0 |             0 |             0 |             0 |             0 |             0 |             0 |             0 |             0 |             0 |             0 |             0 |             0 |
|      CAS_CMD_RD      |  UMC1C0 |  222077700000 |             0 |             0 |             0 |             0 |             0 |             0 |             0 |             0 |             0 |             0 |             0 |             0 |             0 |             0 |             0 |             0 |             0 |             0 |             0 |             0 |             0 |             0 |             0 |             0 |             0 |             0 |             0 |             0 |             0 |             0 |             0 |             0 |             0 |             0 |             0 |             0 |             0 |             0 |             0 |             0 |             0 |             0 |             0 |             0 |             0 |             0 |             0 |             0 |             0 |             0 |             0 |             0 |             0 |             0 |             0 |             0 |             0 |             0 |             0 |             0 |             0 |             0 |             0 |             0 |             0 |             0 |             0 |             0 |             0 |             0 |             0 |             0 |             0 |             0 |             0 |             0 |             0 |             0 |             0 |             0 |             0 |             0 |             0 |             0 |             0 |             0 |             0 |             0 |             0 |             0 |             0 |             0 |             0 |             0 |             0 |  111214600000 |             0 |             0 |             0 |             0 |             0 |             0 |             0 |             0 |             0 |             0 |             0 |             0 |             0 |             0 |             0 |             0 |             0 |             0 |             0 |             0 |             0 |             0 |             0 |             0 |             0 |             0 |             0 |             0 |             0 |             0 |             0 |             0 |             0 |             0 |             0 |             0 |             0 |             0 |             0 |             0 |             0 |             0 |             0 |             0 |             0 |             0 |             0 |             0 |             0 |             0 |             0 |             0 |             0 |             0 |             0 |             0 |             0 |             0 |             0 |             0 |             0 |             0 |             0 |             0 |             0 |             0 |             0 |             0 |             0 |             0 |             0 |             0 |             0 |             0 |             0 |             0 |             0 |             0 |             0 |
|      CAS_CMD_WR      |  UMC1C1 |     402092600 |             0 |             0 |             0 |             0 |             0 |             0 |             0 |             0 |             0 |             0 |             0 |             0 |             0 |             0 |             0 |             0 |             0 |             0 |             0 |             0 |             0 |             0 |             0 |             0 |             0 |             0 |             0 |             0 |             0 |             0 |             0 |             0 |             0 |             0 |             0 |             0 |             0 |             0 |             0 |             0 |             0 |             0 |             0 |             0 |             0 |             0 |             0 |             0 |             0 |             0 |             0 |             0 |             0 |             0 |             0 |             0 |             0 |             0 |             0 |             0 |             0 |             0 |             0 |             0 |             0 |             0 |             0 |             0 |             0 |             0 |             0 |             0 |             0 |             0 |             0 |             0 |             0 |             0 |             0 |             0 |             0 |             0 |             0 |             0 |             0 |             0 |             0 |             0 |             0 |             0 |             0 |             0 |             0 |             0 |             0 |     281648500 |             0 |             0 |             0 |             0 |             0 |             0 |             0 |             0 |             0 |             0 |             0 |             0 |             0 |             0 |             0 |             0 |             0 |             0 |             0 |             0 |             0 |             0 |             0 |             0 |             0 |             0 |             0 |             0 |             0 |             0 |             0 |             0 |             0 |             0 |             0 |             0 |             0 |             0 |             0 |             0 |             0 |             0 |             0 |             0 |             0 |             0 |             0 |             0 |             0 |             0 |             0 |             0 |             0 |             0 |             0 |             0 |             0 |             0 |             0 |             0 |             0 |             0 |             0 |             0 |             0 |             0 |             0 |             0 |             0 |             0 |             0 |             0 |             0 |             0 |             0 |             0 |             0 |             0 |             0 |
|      CAS_CMD_RD      |  UMC2C0 |  222138300000 |             0 |             0 |             0 |             0 |             0 |             0 |             0 |             0 |             0 |             0 |             0 |             0 |             0 |             0 |             0 |             0 |             0 |             0 |             0 |             0 |             0 |             0 |             0 |             0 |             0 |             0 |             0 |             0 |             0 |             0 |             0 |             0 |             0 |             0 |             0 |             0 |             0 |             0 |             0 |             0 |             0 |             0 |             0 |             0 |             0 |             0 |             0 |             0 |             0 |             0 |             0 |             0 |             0 |             0 |             0 |             0 |             0 |             0 |             0 |             0 |             0 |             0 |             0 |             0 |             0 |             0 |             0 |             0 |             0 |             0 |             0 |             0 |             0 |             0 |             0 |             0 |             0 |             0 |             0 |             0 |             0 |             0 |             0 |             0 |             0 |             0 |             0 |             0 |             0 |             0 |             0 |             0 |             0 |             0 |             0 |  111190300000 |             0 |             0 |             0 |             0 |             0 |             0 |             0 |             0 |             0 |             0 |             0 |             0 |             0 |             0 |             0 |             0 |             0 |             0 |             0 |             0 |             0 |             0 |             0 |             0 |             0 |             0 |             0 |             0 |             0 |             0 |             0 |             0 |             0 |             0 |             0 |             0 |             0 |             0 |             0 |             0 |             0 |             0 |             0 |             0 |             0 |             0 |             0 |             0 |             0 |             0 |             0 |             0 |             0 |             0 |             0 |             0 |             0 |             0 |             0 |             0 |             0 |             0 |             0 |             0 |             0 |             0 |             0 |             0 |             0 |             0 |             0 |             0 |             0 |             0 |             0 |             0 |             0 |             0 |             0 |
|      CAS_CMD_WR      |  UMC2C1 |     404447000 |             0 |             0 |             0 |             0 |             0 |             0 |             0 |             0 |             0 |             0 |             0 |             0 |             0 |             0 |             0 |             0 |             0 |             0 |             0 |             0 |             0 |             0 |             0 |             0 |             0 |             0 |             0 |             0 |             0 |             0 |             0 |             0 |             0 |             0 |             0 |             0 |             0 |             0 |             0 |             0 |             0 |             0 |             0 |             0 |             0 |             0 |             0 |             0 |             0 |             0 |             0 |             0 |             0 |             0 |             0 |             0 |             0 |             0 |             0 |             0 |             0 |             0 |             0 |             0 |             0 |             0 |             0 |             0 |             0 |             0 |             0 |             0 |             0 |             0 |             0 |             0 |             0 |             0 |             0 |             0 |             0 |             0 |             0 |             0 |             0 |             0 |             0 |             0 |             0 |             0 |             0 |             0 |             0 |             0 |             0 |     280989400 |             0 |             0 |             0 |             0 |             0 |             0 |             0 |             0 |             0 |             0 |             0 |             0 |             0 |             0 |             0 |             0 |             0 |             0 |             0 |             0 |             0 |             0 |             0 |             0 |             0 |             0 |             0 |             0 |             0 |             0 |             0 |             0 |             0 |             0 |             0 |             0 |             0 |             0 |             0 |             0 |             0 |             0 |             0 |             0 |             0 |             0 |             0 |             0 |             0 |             0 |             0 |             0 |             0 |             0 |             0 |             0 |             0 |             0 |             0 |             0 |             0 |             0 |             0 |             0 |             0 |             0 |             0 |             0 |             0 |             0 |             0 |             0 |             0 |             0 |             0 |             0 |             0 |             0 |             0 |
|      CAS_CMD_RD      |  UMC3C0 |  221927200000 |             0 |             0 |             0 |             0 |             0 |             0 |             0 |             0 |             0 |             0 |             0 |             0 |             0 |             0 |             0 |             0 |             0 |             0 |             0 |             0 |             0 |             0 |             0 |             0 |             0 |             0 |             0 |             0 |             0 |             0 |             0 |             0 |             0 |             0 |             0 |             0 |             0 |             0 |             0 |             0 |             0 |             0 |             0 |             0 |             0 |             0 |             0 |             0 |             0 |             0 |             0 |             0 |             0 |             0 |             0 |             0 |             0 |             0 |             0 |             0 |             0 |             0 |             0 |             0 |             0 |             0 |             0 |             0 |             0 |             0 |             0 |             0 |             0 |             0 |             0 |             0 |             0 |             0 |             0 |             0 |             0 |             0 |             0 |             0 |             0 |             0 |             0 |             0 |             0 |             0 |             0 |             0 |             0 |             0 |             0 |  111020700000 |             0 |             0 |             0 |             0 |             0 |             0 |             0 |             0 |             0 |             0 |             0 |             0 |             0 |             0 |             0 |             0 |             0 |             0 |             0 |             0 |             0 |             0 |             0 |             0 |             0 |             0 |             0 |             0 |             0 |             0 |             0 |             0 |             0 |             0 |             0 |             0 |             0 |             0 |             0 |             0 |             0 |             0 |             0 |             0 |             0 |             0 |             0 |             0 |             0 |             0 |             0 |             0 |             0 |             0 |             0 |             0 |             0 |             0 |             0 |             0 |             0 |             0 |             0 |             0 |             0 |             0 |             0 |             0 |             0 |             0 |             0 |             0 |             0 |             0 |             0 |             0 |             0 |             0 |             0 |
|      CAS_CMD_WR      |  UMC3C1 |     395754000 |             0 |             0 |             0 |             0 |             0 |             0 |             0 |             0 |             0 |             0 |             0 |             0 |             0 |             0 |             0 |             0 |             0 |             0 |             0 |             0 |             0 |             0 |             0 |             0 |             0 |             0 |             0 |             0 |             0 |             0 |             0 |             0 |             0 |             0 |             0 |             0 |             0 |             0 |             0 |             0 |             0 |             0 |             0 |             0 |             0 |             0 |             0 |             0 |             0 |             0 |             0 |             0 |             0 |             0 |             0 |             0 |             0 |             0 |             0 |             0 |             0 |             0 |             0 |             0 |             0 |             0 |             0 |             0 |             0 |             0 |             0 |             0 |             0 |             0 |             0 |             0 |             0 |             0 |             0 |             0 |             0 |             0 |             0 |             0 |             0 |             0 |             0 |             0 |             0 |             0 |             0 |             0 |             0 |             0 |             0 |     284568200 |             0 |             0 |             0 |             0 |             0 |             0 |             0 |             0 |             0 |             0 |             0 |             0 |             0 |             0 |             0 |             0 |             0 |             0 |             0 |             0 |             0 |             0 |             0 |             0 |             0 |             0 |             0 |             0 |             0 |             0 |             0 |             0 |             0 |             0 |             0 |             0 |             0 |             0 |             0 |             0 |             0 |             0 |             0 |             0 |             0 |             0 |             0 |             0 |             0 |             0 |             0 |             0 |             0 |             0 |             0 |             0 |             0 |             0 |             0 |             0 |             0 |             0 |             0 |             0 |             0 |             0 |             0 |             0 |             0 |             0 |             0 |             0 |             0 |             0 |             0 |             0 |             0 |             0 |             0 |
|      CAS_CMD_RD      |  UMC4C0 |  221864100000 |             0 |             0 |             0 |             0 |             0 |             0 |             0 |             0 |             0 |             0 |             0 |             0 |             0 |             0 |             0 |             0 |             0 |             0 |             0 |             0 |             0 |             0 |             0 |             0 |             0 |             0 |             0 |             0 |             0 |             0 |             0 |             0 |             0 |             0 |             0 |             0 |             0 |             0 |             0 |             0 |             0 |             0 |             0 |             0 |             0 |             0 |             0 |             0 |             0 |             0 |             0 |             0 |             0 |             0 |             0 |             0 |             0 |             0 |             0 |             0 |             0 |             0 |             0 |             0 |             0 |             0 |             0 |             0 |             0 |             0 |             0 |             0 |             0 |             0 |             0 |             0 |             0 |             0 |             0 |             0 |             0 |             0 |             0 |             0 |             0 |             0 |             0 |             0 |             0 |             0 |             0 |             0 |             0 |             0 |             0 |  110908300000 |             0 |             0 |             0 |             0 |             0 |             0 |             0 |             0 |             0 |             0 |             0 |             0 |             0 |             0 |             0 |             0 |             0 |             0 |             0 |             0 |             0 |             0 |             0 |             0 |             0 |             0 |             0 |             0 |             0 |             0 |             0 |             0 |             0 |             0 |             0 |             0 |             0 |             0 |             0 |             0 |             0 |             0 |             0 |             0 |             0 |             0 |             0 |             0 |             0 |             0 |             0 |             0 |             0 |             0 |             0 |             0 |             0 |             0 |             0 |             0 |             0 |             0 |             0 |             0 |             0 |             0 |             0 |             0 |             0 |             0 |             0 |             0 |             0 |             0 |             0 |             0 |             0 |             0 |             0 |
|      CAS_CMD_WR      |  UMC4C1 |     390312900 |             0 |             0 |             0 |             0 |             0 |             0 |             0 |             0 |             0 |             0 |             0 |             0 |             0 |             0 |             0 |             0 |             0 |             0 |             0 |             0 |             0 |             0 |             0 |             0 |             0 |             0 |             0 |             0 |             0 |             0 |             0 |             0 |             0 |             0 |             0 |             0 |             0 |             0 |             0 |             0 |             0 |             0 |             0 |             0 |             0 |             0 |             0 |             0 |             0 |             0 |             0 |             0 |             0 |             0 |             0 |             0 |             0 |             0 |             0 |             0 |             0 |             0 |             0 |             0 |             0 |             0 |             0 |             0 |             0 |             0 |             0 |             0 |             0 |             0 |             0 |             0 |             0 |             0 |             0 |             0 |             0 |             0 |             0 |             0 |             0 |             0 |             0 |             0 |             0 |             0 |             0 |             0 |             0 |             0 |             0 |     279575000 |             0 |             0 |             0 |             0 |             0 |             0 |             0 |             0 |             0 |             0 |             0 |             0 |             0 |             0 |             0 |             0 |             0 |             0 |             0 |             0 |             0 |             0 |             0 |             0 |             0 |             0 |             0 |             0 |             0 |             0 |             0 |             0 |             0 |             0 |             0 |             0 |             0 |             0 |             0 |             0 |             0 |             0 |             0 |             0 |             0 |             0 |             0 |             0 |             0 |             0 |             0 |             0 |             0 |             0 |             0 |             0 |             0 |             0 |             0 |             0 |             0 |             0 |             0 |             0 |             0 |             0 |             0 |             0 |             0 |             0 |             0 |             0 |             0 |             0 |             0 |             0 |             0 |             0 |             0 |
|      CAS_CMD_RD      |  UMC5C0 |  222030400000 |             0 |             0 |             0 |             0 |             0 |             0 |             0 |             0 |             0 |             0 |             0 |             0 |             0 |             0 |             0 |             0 |             0 |             0 |             0 |             0 |             0 |             0 |             0 |             0 |             0 |             0 |             0 |             0 |             0 |             0 |             0 |             0 |             0 |             0 |             0 |             0 |             0 |             0 |             0 |             0 |             0 |             0 |             0 |             0 |             0 |             0 |             0 |             0 |             0 |             0 |             0 |             0 |             0 |             0 |             0 |             0 |             0 |             0 |             0 |             0 |             0 |             0 |             0 |             0 |             0 |             0 |             0 |             0 |             0 |             0 |             0 |             0 |             0 |             0 |             0 |             0 |             0 |             0 |             0 |             0 |             0 |             0 |             0 |             0 |             0 |             0 |             0 |             0 |             0 |             0 |             0 |             0 |             0 |             0 |             0 |  111020900000 |             0 |             0 |             0 |             0 |             0 |             0 |             0 |             0 |             0 |             0 |             0 |             0 |             0 |             0 |             0 |             0 |             0 |             0 |             0 |             0 |             0 |             0 |             0 |             0 |             0 |             0 |             0 |             0 |             0 |             0 |             0 |             0 |             0 |             0 |             0 |             0 |             0 |             0 |             0 |             0 |             0 |             0 |             0 |             0 |             0 |             0 |             0 |             0 |             0 |             0 |             0 |             0 |             0 |             0 |             0 |             0 |             0 |             0 |             0 |             0 |             0 |             0 |             0 |             0 |             0 |             0 |             0 |             0 |             0 |             0 |             0 |             0 |             0 |             0 |             0 |             0 |             0 |             0 |             0 |
|      CAS_CMD_WR      |  UMC5C1 |     399869900 |             0 |             0 |             0 |             0 |             0 |             0 |             0 |             0 |             0 |             0 |             0 |             0 |             0 |             0 |             0 |             0 |             0 |             0 |             0 |             0 |             0 |             0 |             0 |             0 |             0 |             0 |             0 |             0 |             0 |             0 |             0 |             0 |             0 |             0 |             0 |             0 |             0 |             0 |             0 |             0 |             0 |             0 |             0 |             0 |             0 |             0 |             0 |             0 |             0 |             0 |             0 |             0 |             0 |             0 |             0 |             0 |             0 |             0 |             0 |             0 |             0 |             0 |             0 |             0 |             0 |             0 |             0 |             0 |             0 |             0 |             0 |             0 |             0 |             0 |             0 |             0 |             0 |             0 |             0 |             0 |             0 |             0 |             0 |             0 |             0 |             0 |             0 |             0 |             0 |             0 |             0 |             0 |             0 |             0 |             0 |     273733700 |             0 |             0 |             0 |             0 |             0 |             0 |             0 |             0 |             0 |             0 |             0 |             0 |             0 |             0 |             0 |             0 |             0 |             0 |             0 |             0 |             0 |             0 |             0 |             0 |             0 |             0 |             0 |             0 |             0 |             0 |             0 |             0 |             0 |             0 |             0 |             0 |             0 |             0 |             0 |             0 |             0 |             0 |             0 |             0 |             0 |             0 |             0 |             0 |             0 |             0 |             0 |             0 |             0 |             0 |             0 |             0 |             0 |             0 |             0 |             0 |             0 |             0 |             0 |             0 |             0 |             0 |             0 |             0 |             0 |             0 |             0 |             0 |             0 |             0 |             0 |             0 |             0 |             0 |             0 |
|      CAS_CMD_RD      |  UMC6C0 |  221705000000 |             0 |             0 |             0 |             0 |             0 |             0 |             0 |             0 |             0 |             0 |             0 |             0 |             0 |             0 |             0 |             0 |             0 |             0 |             0 |             0 |             0 |             0 |             0 |             0 |             0 |             0 |             0 |             0 |             0 |             0 |             0 |             0 |             0 |             0 |             0 |             0 |             0 |             0 |             0 |             0 |             0 |             0 |             0 |             0 |             0 |             0 |             0 |             0 |             0 |             0 |             0 |             0 |             0 |             0 |             0 |             0 |             0 |             0 |             0 |             0 |             0 |             0 |             0 |             0 |             0 |             0 |             0 |             0 |             0 |             0 |             0 |             0 |             0 |             0 |             0 |             0 |             0 |             0 |             0 |             0 |             0 |             0 |             0 |             0 |             0 |             0 |             0 |             0 |             0 |             0 |             0 |             0 |             0 |             0 |             0 |  110913300000 |             0 |             0 |             0 |             0 |             0 |             0 |             0 |             0 |             0 |             0 |             0 |             0 |             0 |             0 |             0 |             0 |             0 |             0 |             0 |             0 |             0 |             0 |             0 |             0 |             0 |             0 |             0 |             0 |             0 |             0 |             0 |             0 |             0 |             0 |             0 |             0 |             0 |             0 |             0 |             0 |             0 |             0 |             0 |             0 |             0 |             0 |             0 |             0 |             0 |             0 |             0 |             0 |             0 |             0 |             0 |             0 |             0 |             0 |             0 |             0 |             0 |             0 |             0 |             0 |             0 |             0 |             0 |             0 |             0 |             0 |             0 |             0 |             0 |             0 |             0 |             0 |             0 |             0 |             0 |
|      CAS_CMD_WR      |  UMC6C1 |     409730500 |             0 |             0 |             0 |             0 |             0 |             0 |             0 |             0 |             0 |             0 |             0 |             0 |             0 |             0 |             0 |             0 |             0 |             0 |             0 |             0 |             0 |             0 |             0 |             0 |             0 |             0 |             0 |             0 |             0 |             0 |             0 |             0 |             0 |             0 |             0 |             0 |             0 |             0 |             0 |             0 |             0 |             0 |             0 |             0 |             0 |             0 |             0 |             0 |             0 |             0 |             0 |             0 |             0 |             0 |             0 |             0 |             0 |             0 |             0 |             0 |             0 |             0 |             0 |             0 |             0 |             0 |             0 |             0 |             0 |             0 |             0 |             0 |             0 |             0 |             0 |             0 |             0 |             0 |             0 |             0 |             0 |             0 |             0 |             0 |             0 |             0 |             0 |             0 |             0 |             0 |             0 |             0 |             0 |             0 |             0 |     279836300 |             0 |             0 |             0 |             0 |             0 |             0 |             0 |             0 |             0 |             0 |             0 |             0 |             0 |             0 |             0 |             0 |             0 |             0 |             0 |             0 |             0 |             0 |             0 |             0 |             0 |             0 |             0 |             0 |             0 |             0 |             0 |             0 |             0 |             0 |             0 |             0 |             0 |             0 |             0 |             0 |             0 |             0 |             0 |             0 |             0 |             0 |             0 |             0 |             0 |             0 |             0 |             0 |             0 |             0 |             0 |             0 |             0 |             0 |             0 |             0 |             0 |             0 |             0 |             0 |             0 |             0 |             0 |             0 |             0 |             0 |             0 |             0 |             0 |             0 |             0 |             0 |             0 |             0 |             0 |
|      CAS_CMD_RD      |  UMC7C0 |  221748100000 |             0 |             0 |             0 |             0 |             0 |             0 |             0 |             0 |             0 |             0 |             0 |             0 |             0 |             0 |             0 |             0 |             0 |             0 |             0 |             0 |             0 |             0 |             0 |             0 |             0 |             0 |             0 |             0 |             0 |             0 |             0 |             0 |             0 |             0 |             0 |             0 |             0 |             0 |             0 |             0 |             0 |             0 |             0 |             0 |             0 |             0 |             0 |             0 |             0 |             0 |             0 |             0 |             0 |             0 |             0 |             0 |             0 |             0 |             0 |             0 |             0 |             0 |             0 |             0 |             0 |             0 |             0 |             0 |             0 |             0 |             0 |             0 |             0 |             0 |             0 |             0 |             0 |             0 |             0 |             0 |             0 |             0 |             0 |             0 |             0 |             0 |             0 |             0 |             0 |             0 |             0 |             0 |             0 |             0 |             0 |  110983800000 |             0 |             0 |             0 |             0 |             0 |             0 |             0 |             0 |             0 |             0 |             0 |             0 |             0 |             0 |             0 |             0 |             0 |             0 |             0 |             0 |             0 |             0 |             0 |             0 |             0 |             0 |             0 |             0 |             0 |             0 |             0 |             0 |             0 |             0 |             0 |             0 |             0 |             0 |             0 |             0 |             0 |             0 |             0 |             0 |             0 |             0 |             0 |             0 |             0 |             0 |             0 |             0 |             0 |             0 |             0 |             0 |             0 |             0 |             0 |             0 |             0 |             0 |             0 |             0 |             0 |             0 |             0 |             0 |             0 |             0 |             0 |             0 |             0 |             0 |             0 |             0 |             0 |             0 |             0 |
|      CAS_CMD_WR      |  UMC7C1 |     404160700 |             0 |             0 |             0 |             0 |             0 |             0 |             0 |             0 |             0 |             0 |             0 |             0 |             0 |             0 |             0 |             0 |             0 |             0 |             0 |             0 |             0 |             0 |             0 |             0 |             0 |             0 |             0 |             0 |             0 |             0 |             0 |             0 |             0 |             0 |             0 |             0 |             0 |             0 |             0 |             0 |             0 |             0 |             0 |             0 |             0 |             0 |             0 |             0 |             0 |             0 |             0 |             0 |             0 |             0 |             0 |             0 |             0 |             0 |             0 |             0 |             0 |             0 |             0 |             0 |             0 |             0 |             0 |             0 |             0 |             0 |             0 |             0 |             0 |             0 |             0 |             0 |             0 |             0 |             0 |             0 |             0 |             0 |             0 |             0 |             0 |             0 |             0 |             0 |             0 |             0 |             0 |             0 |             0 |             0 |             0 |     281881200 |             0 |             0 |             0 |             0 |             0 |             0 |             0 |             0 |             0 |             0 |             0 |             0 |             0 |             0 |             0 |             0 |             0 |             0 |             0 |             0 |             0 |             0 |             0 |             0 |             0 |             0 |             0 |             0 |             0 |             0 |             0 |             0 |             0 |             0 |             0 |             0 |             0 |             0 |             0 |             0 |             0 |             0 |             0 |             0 |             0 |             0 |             0 |             0 |             0 |             0 |             0 |             0 |             0 |             0 |             0 |             0 |             0 |             0 |             0 |             0 |             0 |             0 |             0 |             0 |             0 |             0 |             0 |             0 |             0 |             0 |             0 |             0 |             0 |             0 |             0 |             0 |             0 |             0 |             0 |
|      CAS_CMD_RD      |  UMC8C0 |  221782300000 |             0 |             0 |             0 |             0 |             0 |             0 |             0 |             0 |             0 |             0 |             0 |             0 |             0 |             0 |             0 |             0 |             0 |             0 |             0 |             0 |             0 |             0 |             0 |             0 |             0 |             0 |             0 |             0 |             0 |             0 |             0 |             0 |             0 |             0 |             0 |             0 |             0 |             0 |             0 |             0 |             0 |             0 |             0 |             0 |             0 |             0 |             0 |             0 |             0 |             0 |             0 |             0 |             0 |             0 |             0 |             0 |             0 |             0 |             0 |             0 |             0 |             0 |             0 |             0 |             0 |             0 |             0 |             0 |             0 |             0 |             0 |             0 |             0 |             0 |             0 |             0 |             0 |             0 |             0 |             0 |             0 |             0 |             0 |             0 |             0 |             0 |             0 |             0 |             0 |             0 |             0 |             0 |             0 |             0 |             0 |  110929400000 |             0 |             0 |             0 |             0 |             0 |             0 |             0 |             0 |             0 |             0 |             0 |             0 |             0 |             0 |             0 |             0 |             0 |             0 |             0 |             0 |             0 |             0 |             0 |             0 |             0 |             0 |             0 |             0 |             0 |             0 |             0 |             0 |             0 |             0 |             0 |             0 |             0 |             0 |             0 |             0 |             0 |             0 |             0 |             0 |             0 |             0 |             0 |             0 |             0 |             0 |             0 |             0 |             0 |             0 |             0 |             0 |             0 |             0 |             0 |             0 |             0 |             0 |             0 |             0 |             0 |             0 |             0 |             0 |             0 |             0 |             0 |             0 |             0 |             0 |             0 |             0 |             0 |             0 |             0 |
|      CAS_CMD_WR      |  UMC8C1 |     409981500 |             0 |             0 |             0 |             0 |             0 |             0 |             0 |             0 |             0 |             0 |             0 |             0 |             0 |             0 |             0 |             0 |             0 |             0 |             0 |             0 |             0 |             0 |             0 |             0 |             0 |             0 |             0 |             0 |             0 |             0 |             0 |             0 |             0 |             0 |             0 |             0 |             0 |             0 |             0 |             0 |             0 |             0 |             0 |             0 |             0 |             0 |             0 |             0 |             0 |             0 |             0 |             0 |             0 |             0 |             0 |             0 |             0 |             0 |             0 |             0 |             0 |             0 |             0 |             0 |             0 |             0 |             0 |             0 |             0 |             0 |             0 |             0 |             0 |             0 |             0 |             0 |             0 |             0 |             0 |             0 |             0 |             0 |             0 |             0 |             0 |             0 |             0 |             0 |             0 |             0 |             0 |             0 |             0 |             0 |             0 |     280050300 |             0 |             0 |             0 |             0 |             0 |             0 |             0 |             0 |             0 |             0 |             0 |             0 |             0 |             0 |             0 |             0 |             0 |             0 |             0 |             0 |             0 |             0 |             0 |             0 |             0 |             0 |             0 |             0 |             0 |             0 |             0 |             0 |             0 |             0 |             0 |             0 |             0 |             0 |             0 |             0 |             0 |             0 |             0 |             0 |             0 |             0 |             0 |             0 |             0 |             0 |             0 |             0 |             0 |             0 |             0 |             0 |             0 |             0 |             0 |             0 |             0 |             0 |             0 |             0 |             0 |             0 |             0 |             0 |             0 |             0 |             0 |             0 |             0 |             0 |             0 |             0 |             0 |             0 |             0 |
|      CAS_CMD_RD      |  UMC9C0 |  221706000000 |             0 |             0 |             0 |             0 |             0 |             0 |             0 |             0 |             0 |             0 |             0 |             0 |             0 |             0 |             0 |             0 |             0 |             0 |             0 |             0 |             0 |             0 |             0 |             0 |             0 |             0 |             0 |             0 |             0 |             0 |             0 |             0 |             0 |             0 |             0 |             0 |             0 |             0 |             0 |             0 |             0 |             0 |             0 |             0 |             0 |             0 |             0 |             0 |             0 |             0 |             0 |             0 |             0 |             0 |             0 |             0 |             0 |             0 |             0 |             0 |             0 |             0 |             0 |             0 |             0 |             0 |             0 |             0 |             0 |             0 |             0 |             0 |             0 |             0 |             0 |             0 |             0 |             0 |             0 |             0 |             0 |             0 |             0 |             0 |             0 |             0 |             0 |             0 |             0 |             0 |             0 |             0 |             0 |             0 |             0 |  110832300000 |             0 |             0 |             0 |             0 |             0 |             0 |             0 |             0 |             0 |             0 |             0 |             0 |             0 |             0 |             0 |             0 |             0 |             0 |             0 |             0 |             0 |             0 |             0 |             0 |             0 |             0 |             0 |             0 |             0 |             0 |             0 |             0 |             0 |             0 |             0 |             0 |             0 |             0 |             0 |             0 |             0 |             0 |             0 |             0 |             0 |             0 |             0 |             0 |             0 |             0 |             0 |             0 |             0 |             0 |             0 |             0 |             0 |             0 |             0 |             0 |             0 |             0 |             0 |             0 |             0 |             0 |             0 |             0 |             0 |             0 |             0 |             0 |             0 |             0 |             0 |             0 |             0 |             0 |             0 |
|      CAS_CMD_WR      |  UMC9C1 |     411684900 |             0 |             0 |             0 |             0 |             0 |             0 |             0 |             0 |             0 |             0 |             0 |             0 |             0 |             0 |             0 |             0 |             0 |             0 |             0 |             0 |             0 |             0 |             0 |             0 |             0 |             0 |             0 |             0 |             0 |             0 |             0 |             0 |             0 |             0 |             0 |             0 |             0 |             0 |             0 |             0 |             0 |             0 |             0 |             0 |             0 |             0 |             0 |             0 |             0 |             0 |             0 |             0 |             0 |             0 |             0 |             0 |             0 |             0 |             0 |             0 |             0 |             0 |             0 |             0 |             0 |             0 |             0 |             0 |             0 |             0 |             0 |             0 |             0 |             0 |             0 |             0 |             0 |             0 |             0 |             0 |             0 |             0 |             0 |             0 |             0 |             0 |             0 |             0 |             0 |             0 |             0 |             0 |             0 |             0 |             0 |     281983200 |             0 |             0 |             0 |             0 |             0 |             0 |             0 |             0 |             0 |             0 |             0 |             0 |             0 |             0 |             0 |             0 |             0 |             0 |             0 |             0 |             0 |             0 |             0 |             0 |             0 |             0 |             0 |             0 |             0 |             0 |             0 |             0 |             0 |             0 |             0 |             0 |             0 |             0 |             0 |             0 |             0 |             0 |             0 |             0 |             0 |             0 |             0 |             0 |             0 |             0 |             0 |             0 |             0 |             0 |             0 |             0 |             0 |             0 |             0 |             0 |             0 |             0 |             0 |             0 |             0 |             0 |             0 |             0 |             0 |             0 |             0 |             0 |             0 |             0 |             0 |             0 |             0 |             0 |             0 |
|      CAS_CMD_RD      | UMC10C0 |  221706300000 |             0 |             0 |             0 |             0 |             0 |             0 |             0 |             0 |             0 |             0 |             0 |             0 |             0 |             0 |             0 |             0 |             0 |             0 |             0 |             0 |             0 |             0 |             0 |             0 |             0 |             0 |             0 |             0 |             0 |             0 |             0 |             0 |             0 |             0 |             0 |             0 |             0 |             0 |             0 |             0 |             0 |             0 |             0 |             0 |             0 |             0 |             0 |             0 |             0 |             0 |             0 |             0 |             0 |             0 |             0 |             0 |             0 |             0 |             0 |             0 |             0 |             0 |             0 |             0 |             0 |             0 |             0 |             0 |             0 |             0 |             0 |             0 |             0 |             0 |             0 |             0 |             0 |             0 |             0 |             0 |             0 |             0 |             0 |             0 |             0 |             0 |             0 |             0 |             0 |             0 |             0 |             0 |             0 |             0 |             0 |  110819400000 |             0 |             0 |             0 |             0 |             0 |             0 |             0 |             0 |             0 |             0 |             0 |             0 |             0 |             0 |             0 |             0 |             0 |             0 |             0 |             0 |             0 |             0 |             0 |             0 |             0 |             0 |             0 |             0 |             0 |             0 |             0 |             0 |             0 |             0 |             0 |             0 |             0 |             0 |             0 |             0 |             0 |             0 |             0 |             0 |             0 |             0 |             0 |             0 |             0 |             0 |             0 |             0 |             0 |             0 |             0 |             0 |             0 |             0 |             0 |             0 |             0 |             0 |             0 |             0 |             0 |             0 |             0 |             0 |             0 |             0 |             0 |             0 |             0 |             0 |             0 |             0 |             0 |             0 |             0 |
|      CAS_CMD_WR      | UMC10C1 |     412517600 |             0 |             0 |             0 |             0 |             0 |             0 |             0 |             0 |             0 |             0 |             0 |             0 |             0 |             0 |             0 |             0 |             0 |             0 |             0 |             0 |             0 |             0 |             0 |             0 |             0 |             0 |             0 |             0 |             0 |             0 |             0 |             0 |             0 |             0 |             0 |             0 |             0 |             0 |             0 |             0 |             0 |             0 |             0 |             0 |             0 |             0 |             0 |             0 |             0 |             0 |             0 |             0 |             0 |             0 |             0 |             0 |             0 |             0 |             0 |             0 |             0 |             0 |             0 |             0 |             0 |             0 |             0 |             0 |             0 |             0 |             0 |             0 |             0 |             0 |             0 |             0 |             0 |             0 |             0 |             0 |             0 |             0 |             0 |             0 |             0 |             0 |             0 |             0 |             0 |             0 |             0 |             0 |             0 |             0 |             0 |     281886600 |             0 |             0 |             0 |             0 |             0 |             0 |             0 |             0 |             0 |             0 |             0 |             0 |             0 |             0 |             0 |             0 |             0 |             0 |             0 |             0 |             0 |             0 |             0 |             0 |             0 |             0 |             0 |             0 |             0 |             0 |             0 |             0 |             0 |             0 |             0 |             0 |             0 |             0 |             0 |             0 |             0 |             0 |             0 |             0 |             0 |             0 |             0 |             0 |             0 |             0 |             0 |             0 |             0 |             0 |             0 |             0 |             0 |             0 |             0 |             0 |             0 |             0 |             0 |             0 |             0 |             0 |             0 |             0 |             0 |             0 |             0 |             0 |             0 |             0 |             0 |             0 |             0 |             0 |             0 |
|      CAS_CMD_RD      | UMC11C0 |  221802700000 |             0 |             0 |             0 |             0 |             0 |             0 |             0 |             0 |             0 |             0 |             0 |             0 |             0 |             0 |             0 |             0 |             0 |             0 |             0 |             0 |             0 |             0 |             0 |             0 |             0 |             0 |             0 |             0 |             0 |             0 |             0 |             0 |             0 |             0 |             0 |             0 |             0 |             0 |             0 |             0 |             0 |             0 |             0 |             0 |             0 |             0 |             0 |             0 |             0 |             0 |             0 |             0 |             0 |             0 |             0 |             0 |             0 |             0 |             0 |             0 |             0 |             0 |             0 |             0 |             0 |             0 |             0 |             0 |             0 |             0 |             0 |             0 |             0 |             0 |             0 |             0 |             0 |             0 |             0 |             0 |             0 |             0 |             0 |             0 |             0 |             0 |             0 |             0 |             0 |             0 |             0 |             0 |             0 |             0 |             0 |  110808700000 |             0 |             0 |             0 |             0 |             0 |             0 |             0 |             0 |             0 |             0 |             0 |             0 |             0 |             0 |             0 |             0 |             0 |             0 |             0 |             0 |             0 |             0 |             0 |             0 |             0 |             0 |             0 |             0 |             0 |             0 |             0 |             0 |             0 |             0 |             0 |             0 |             0 |             0 |             0 |             0 |             0 |             0 |             0 |             0 |             0 |             0 |             0 |             0 |             0 |             0 |             0 |             0 |             0 |             0 |             0 |             0 |             0 |             0 |             0 |             0 |             0 |             0 |             0 |             0 |             0 |             0 |             0 |             0 |             0 |             0 |             0 |             0 |             0 |             0 |             0 |             0 |             0 |             0 |             0 |
|      CAS_CMD_WR      | UMC11C1 |     417422200 |             0 |             0 |             0 |             0 |             0 |             0 |             0 |             0 |             0 |             0 |             0 |             0 |             0 |             0 |             0 |             0 |             0 |             0 |             0 |             0 |             0 |             0 |             0 |             0 |             0 |             0 |             0 |             0 |             0 |             0 |             0 |             0 |             0 |             0 |             0 |             0 |             0 |             0 |             0 |             0 |             0 |             0 |             0 |             0 |             0 |             0 |             0 |             0 |             0 |             0 |             0 |             0 |             0 |             0 |             0 |             0 |             0 |             0 |             0 |             0 |             0 |             0 |             0 |             0 |             0 |             0 |             0 |             0 |             0 |             0 |             0 |             0 |             0 |             0 |             0 |             0 |             0 |             0 |             0 |             0 |             0 |             0 |             0 |             0 |             0 |             0 |             0 |             0 |             0 |             0 |             0 |             0 |             0 |             0 |             0 |     282357200 |             0 |             0 |             0 |             0 |             0 |             0 |             0 |             0 |             0 |             0 |             0 |             0 |             0 |             0 |             0 |             0 |             0 |             0 |             0 |             0 |             0 |             0 |             0 |             0 |             0 |             0 |             0 |             0 |             0 |             0 |             0 |             0 |             0 |             0 |             0 |             0 |             0 |             0 |             0 |             0 |             0 |             0 |             0 |             0 |             0 |             0 |             0 |             0 |             0 |             0 |             0 |             0 |             0 |             0 |             0 |             0 |             0 |             0 |             0 |             0 |             0 |             0 |             0 |             0 |             0 |             0 |             0 |             0 |             0 |             0 |             0 |             0 |             0 |             0 |             0 |             0 |             0 |             0 |             0 |
+----------------------+---------+---------------+---------------+---------------+---------------+---------------+---------------+---------------+---------------+---------------+---------------+---------------+---------------+---------------+---------------+---------------+---------------+---------------+---------------+---------------+---------------+---------------+---------------+---------------+---------------+---------------+---------------+---------------+---------------+---------------+---------------+---------------+---------------+---------------+---------------+---------------+---------------+---------------+---------------+---------------+---------------+---------------+---------------+---------------+---------------+---------------+---------------+---------------+---------------+---------------+---------------+---------------+---------------+---------------+---------------+---------------+---------------+---------------+---------------+---------------+---------------+---------------+---------------+---------------+---------------+---------------+---------------+---------------+---------------+---------------+---------------+---------------+---------------+---------------+---------------+---------------+---------------+---------------+---------------+---------------+---------------+---------------+---------------+---------------+---------------+---------------+---------------+---------------+---------------+---------------+---------------+---------------+---------------+---------------+---------------+---------------+---------------+---------------+---------------+---------------+---------------+---------------+---------------+---------------+---------------+---------------+---------------+---------------+---------------+---------------+---------------+---------------+---------------+---------------+---------------+---------------+---------------+---------------+---------------+---------------+---------------+---------------+---------------+---------------+---------------+---------------+---------------+---------------+---------------+---------------+---------------+---------------+---------------+---------------+---------------+---------------+---------------+---------------+---------------+---------------+---------------+---------------+---------------+---------------+---------------+---------------+---------------+---------------+---------------+---------------+---------------+---------------+---------------+---------------+---------------+---------------+---------------+---------------+---------------+---------------+---------------+---------------+---------------+---------------+---------------+---------------+---------------+---------------+---------------+---------------+---------------+---------------+---------------+---------------+---------------+---------------+---------------+

+---------------------------+---------+-----------------+---------------+---------------+---------------+
|           Event           | Counter |       Sum       |      Min      |      Max      |      Avg      |
+---------------------------+---------+-----------------+---------------+---------------+---------------+
|   ACTUAL_CPU_CLOCK STAT   |  FIXC1  | 448457509000000 | 2544190000000 | 2552489000000 |  2.548054e+12 |
|     MAX_CPU_CLOCK STAT    |  FIXC2  | 315741525000000 | 1792886000000 | 1795853000000 | 1793985937500 |
| RETIRED_INSTRUCTIONS STAT |   PMC0  | 271708297000000 | 1282964000000 | 1798890000000 |  1.543797e+12 |
|  CPU_CLOCKS_UNHALTED STAT |   PMC1  | 443375479000000 | 2509061000000 | 2526894000000 |  2.519179e+12 |
|      CAS_CMD_RD STAT      |  UMC0C0 |    333213500000 |             0 |  221925200000 |  1.893259e+09 |
|      CAS_CMD_WR STAT      |  UMC0C1 |       688659900 |             0 |     404078700 |  3.912840e+06 |
|      CAS_CMD_RD STAT      |  UMC1C0 |    333292300000 |             0 |  222077700000 |    1893706250 |
|      CAS_CMD_WR STAT      |  UMC1C1 |       683741100 |             0 |     402092600 |  3.884893e+06 |
|      CAS_CMD_RD STAT      |  UMC2C0 |    333328600000 |             0 |  222138300000 |    1893912500 |
|      CAS_CMD_WR STAT      |  UMC2C1 |       685436400 |             0 |     404447000 |       3894525 |
|      CAS_CMD_RD STAT      |  UMC3C0 |    332947900000 |             0 |  221927200000 |  1.891749e+09 |
|      CAS_CMD_WR STAT      |  UMC3C1 |       680322200 |             0 |     395754000 |  3.865467e+06 |
|      CAS_CMD_RD STAT      |  UMC4C0 |    332772400000 |             0 |  221864100000 |  1.890752e+09 |
|      CAS_CMD_WR STAT      |  UMC4C1 |       669887900 |             0 |     390312900 |  3.806181e+06 |
|      CAS_CMD_RD STAT      |  UMC5C0 |    333051300000 |             0 |  222030400000 |  1.892337e+09 |
|      CAS_CMD_WR STAT      |  UMC5C1 |       673603600 |             0 |     399869900 |  3.827293e+06 |
|      CAS_CMD_RD STAT      |  UMC6C0 |    332618300000 |             0 |  221705000000 |  1.889877e+09 |
|      CAS_CMD_WR STAT      |  UMC6C1 |       689566800 |             0 |     409730500 |  3.917993e+06 |
|      CAS_CMD_RD STAT      |  UMC7C0 |    332731900000 |             0 |  221748100000 |  1.890522e+09 |
|      CAS_CMD_WR STAT      |  UMC7C1 |       686041900 |             0 |     404160700 |  3.897965e+06 |
|      CAS_CMD_RD STAT      |  UMC8C0 |    332711700000 |             0 |  221782300000 |  1.890407e+09 |
|      CAS_CMD_WR STAT      |  UMC8C1 |       690031800 |             0 |     409981500 |  3.920635e+06 |
|      CAS_CMD_RD STAT      |  UMC9C0 |    332538300000 |             0 |  221706000000 |  1.889422e+09 |
|      CAS_CMD_WR STAT      |  UMC9C1 |       693668100 |             0 |     411684900 |  3.941296e+06 |
|      CAS_CMD_RD STAT      | UMC10C0 |    332525700000 |             0 |  221706300000 |  1.889351e+09 |
|      CAS_CMD_WR STAT      | UMC10C1 |       694404200 |             0 |     412517600 |  3.945478e+06 |
|      CAS_CMD_RD STAT      | UMC11C0 |    332611400000 |             0 |  221802700000 |    1889837500 |
|      CAS_CMD_WR STAT      | UMC11C1 |       699779400 |             0 |     417422200 |  3.976019e+06 |
+---------------------------+---------+-----------------+---------------+---------------+---------------+

+-----------------------------------+-------------+------------+------------+------------+------------+------------+------------+------------+------------+------------+-------------+-------------+-------------+-------------+-------------+-------------+-------------+-------------+-------------+-------------+-------------+-------------+-------------+-------------+-------------+-------------+-------------+-------------+-------------+-------------+-------------+-------------+-------------+-------------+-------------+-------------+-------------+-------------+-------------+-------------+-------------+-------------+-------------+-------------+-------------+-------------+-------------+-------------+-------------+-------------+-------------+-------------+-------------+-------------+-------------+-------------+-------------+-------------+-------------+-------------+-------------+-------------+-------------+-------------+-------------+-------------+-------------+-------------+-------------+-------------+-------------+-------------+-------------+-------------+-------------+-------------+-------------+-------------+-------------+-------------+-------------+-------------+-------------+-------------+-------------+-------------+-------------+-------------+-------------+-------------+-------------+-------------+-------------+-------------+-------------+-------------+-------------+-------------+-------------+-------------+--------------+--------------+--------------+--------------+--------------+--------------+--------------+--------------+--------------+--------------+--------------+--------------+--------------+--------------+--------------+--------------+--------------+--------------+--------------+--------------+--------------+--------------+--------------+--------------+--------------+--------------+--------------+--------------+--------------+--------------+--------------+--------------+--------------+--------------+--------------+--------------+--------------+--------------+--------------+--------------+--------------+--------------+--------------+--------------+--------------+--------------+--------------+--------------+--------------+--------------+--------------+--------------+--------------+--------------+--------------+--------------+--------------+--------------+--------------+--------------+--------------+--------------+--------------+--------------+--------------+--------------+--------------+--------------+--------------+--------------+--------------+--------------+--------------+--------------+--------------+--------------+
|               Metric              |  HWThread 0 | HWThread 1 | HWThread 2 | HWThread 3 | HWThread 4 | HWThread 5 | HWThread 6 | HWThread 7 | HWThread 8 | HWThread 9 | HWThread 10 | HWThread 11 | HWThread 12 | HWThread 13 | HWThread 14 | HWThread 15 | HWThread 16 | HWThread 17 | HWThread 18 | HWThread 19 | HWThread 20 | HWThread 21 | HWThread 22 | HWThread 23 | HWThread 24 | HWThread 25 | HWThread 26 | HWThread 27 | HWThread 28 | HWThread 29 | HWThread 30 | HWThread 31 | HWThread 32 | HWThread 33 | HWThread 34 | HWThread 35 | HWThread 36 | HWThread 37 | HWThread 38 | HWThread 39 | HWThread 40 | HWThread 41 | HWThread 42 | HWThread 43 | HWThread 44 | HWThread 45 | HWThread 46 | HWThread 47 | HWThread 48 | HWThread 49 | HWThread 50 | HWThread 51 | HWThread 52 | HWThread 53 | HWThread 54 | HWThread 55 | HWThread 56 | HWThread 57 | HWThread 58 | HWThread 59 | HWThread 60 | HWThread 61 | HWThread 62 | HWThread 63 | HWThread 64 | HWThread 65 | HWThread 66 | HWThread 67 | HWThread 68 | HWThread 69 | HWThread 70 | HWThread 71 | HWThread 72 | HWThread 73 | HWThread 74 | HWThread 75 | HWThread 76 | HWThread 77 | HWThread 78 | HWThread 79 | HWThread 80 | HWThread 81 | HWThread 82 | HWThread 83 | HWThread 84 | HWThread 85 | HWThread 86 | HWThread 87 | HWThread 88 | HWThread 89 | HWThread 90 | HWThread 91 | HWThread 92 | HWThread 93 | HWThread 94 | HWThread 95 | HWThread 96 | HWThread 97 | HWThread 98 | HWThread 99 | HWThread 100 | HWThread 101 | HWThread 102 | HWThread 103 | HWThread 104 | HWThread 105 | HWThread 106 | HWThread 107 | HWThread 108 | HWThread 109 | HWThread 110 | HWThread 111 | HWThread 112 | HWThread 113 | HWThread 114 | HWThread 115 | HWThread 116 | HWThread 117 | HWThread 118 | HWThread 119 | HWThread 120 | HWThread 121 | HWThread 122 | HWThread 123 | HWThread 124 | HWThread 125 | HWThread 126 | HWThread 127 | HWThread 128 | HWThread 129 | HWThread 130 | HWThread 131 | HWThread 132 | HWThread 133 | HWThread 134 | HWThread 135 | HWThread 136 | HWThread 137 | HWThread 138 | HWThread 139 | HWThread 140 | HWThread 141 | HWThread 142 | HWThread 143 | HWThread 144 | HWThread 145 | HWThread 146 | HWThread 147 | HWThread 148 | HWThread 149 | HWThread 150 | HWThread 151 | HWThread 152 | HWThread 153 | HWThread 154 | HWThread 155 | HWThread 156 | HWThread 157 | HWThread 158 | HWThread 159 | HWThread 160 | HWThread 161 | HWThread 162 | HWThread 163 | HWThread 164 | HWThread 165 | HWThread 166 | HWThread 167 | HWThread 168 | HWThread 169 | HWThread 170 | HWThread 171 | HWThread 172 | HWThread 173 | HWThread 174 | HWThread 175 |
+-----------------------------------+-------------+------------+------------+------------+------------+------------+------------+------------+------------+------------+-------------+-------------+-------------+-------------+-------------+-------------+-------------+-------------+-------------+-------------+-------------+-------------+-------------+-------------+-------------+-------------+-------------+-------------+-------------+-------------+-------------+-------------+-------------+-------------+-------------+-------------+-------------+-------------+-------------+-------------+-------------+-------------+-------------+-------------+-------------+-------------+-------------+-------------+-------------+-------------+-------------+-------------+-------------+-------------+-------------+-------------+-------------+-------------+-------------+-------------+-------------+-------------+-------------+-------------+-------------+-------------+-------------+-------------+-------------+-------------+-------------+-------------+-------------+-------------+-------------+-------------+-------------+-------------+-------------+-------------+-------------+-------------+-------------+-------------+-------------+-------------+-------------+-------------+-------------+-------------+-------------+-------------+-------------+-------------+-------------+-------------+-------------+-------------+-------------+-------------+--------------+--------------+--------------+--------------+--------------+--------------+--------------+--------------+--------------+--------------+--------------+--------------+--------------+--------------+--------------+--------------+--------------+--------------+--------------+--------------+--------------+--------------+--------------+--------------+--------------+--------------+--------------+--------------+--------------+--------------+--------------+--------------+--------------+--------------+--------------+--------------+--------------+--------------+--------------+--------------+--------------+--------------+--------------+--------------+--------------+--------------+--------------+--------------+--------------+--------------+--------------+--------------+--------------+--------------+--------------+--------------+--------------+--------------+--------------+--------------+--------------+--------------+--------------+--------------+--------------+--------------+--------------+--------------+--------------+--------------+--------------+--------------+--------------+--------------+--------------+--------------+
|        Runtime (RDTSC) [s]        |    733.9150 |   730.2918 |   704.1791 |   722.6831 |   701.6399 |   733.3218 |   693.7831 |   703.0203 |   698.0208 |   730.5868 |    722.1379 |    707.0885 |    701.9273 |    722.1383 |    701.9271 |    736.7967 |    709.3008 |    708.6695 |    691.0191 |    738.9410 |    713.8544 |    724.2547 |    694.1174 |    713.8537 |    708.0540 |    738.0560 |    739.5609 |    711.5004 |    724.8657 |    712.0466 |    711.5009 |    711.8380 |    700.6468 |    732.1080 |    726.9562 |    700.6467 |    709.0043 |    700.9348 |    733.6216 |    702.7266 |    696.7535 |    701.3503 |    728.4224 |    690.7893 |    729.9576 |    723.6329 |    710.0933 |    736.4497 |    728.0810 |    697.3645 |    696.0542 |    699.5768 |    740.8249 |    732.7417 |    696.0542 |    696.0545 |    699.2981 |    723.2981 |    710.3851 |    703.6019 |    695.4776 |    694.6968 |    732.4511 |    694.6969 |    737.0914 |    699.0116 |    717.5931 |    692.1975 |    706.7502 |    713.2576 |    725.2080 |    704.4732 |    704.7784 |    706.0763 |    699.8660 |    703.8901 |    707.7142 |    705.3962 |    710.6721 |    731.4380 |    700.1586 |    738.3550 |    700.1584 |    703.3109 |    737.7165 |    695.7669 |    694.4035 |    695.1932 |    727.2947 |    734.8581 |    702.4374 |    698.6788 |    733.0266 |    709.5929 |    709.5920 |    727.2946 |    726.4396 |    733.9188 |    716.4014 |    739.9012 |     722.9643 |     691.8934 |     730.5850 |     726.4423 |     740.2312 |     729.6591 |     693.2715 |     693.2722 |     691.0186 |     705.0688 |     731.1418 |     697.0369 |     715.0183 |     712.7514 |     715.0181 |     713.2569 |     712.7518 |     715.8093 |     735.1941 |     734.5523 |     717.0011 |     718.8655 |     719.1646 |     731.7734 |     718.2621 |     714.3939 |     712.0461 |     718.8648 |     710.9640 |     719.5840 |     698.3520 |     716.1033 |     710.9636 |     734.2469 |     735.5237 |     697.6946 |     715.5152 |     720.9003 |     720.9006 |     716.7016 |     717.2961 |     708.3439 |     720.9001 |     714.7230 |     691.5877 |     740.5267 |     737.3863 |     692.5321 |     721.6191 |     692.8597 |     692.5316 |     721.6190 |     720.4033 |     720.4032 |     739.2336 |     725.8236 |     725.5014 |     725.8227 |     738.3549 |     725.5014 |     707.3836 |     729.0395 |     728.7104 |     728.7108 |     729.0386 |     717.9326 |     735.8319 |     718.5622 |     706.4186 |     719.8865 |     736.1436 |     724.2535 |     727.2943 |     723.9226 |     705.7418 |     719.8858 |
|        Runtime unhalted [s]       |    980.3190 |   979.0179 |   979.5129 |   979.1144 |   979.1479 |   979.2759 |   978.9144 |   978.9948 |   978.8290 |   978.7467 |    979.2198 |    979.0744 |    979.0675 |    978.7459 |    978.9194 |    978.7152 |    979.1752 |    979.0590 |    979.2902 |    979.0505 |    979.0286 |    979.0148 |    979.4536 |    979.2182 |    979.1332 |    979.3279 |    979.2194 |    979.0371 |    979.1329 |    978.9671 |    979.1386 |    979.2786 |    978.8959 |    979.2040 |    978.7486 |    978.5363 |    978.7955 |    978.9390 |    979.0417 |    979.1852 |    979.0379 |    979.2356 |    979.2236 |    979.0344 |    979.0144 |    979.1698 |    978.9290 |    978.8975 |    979.0782 |    978.9640 |    978.9505 |    979.2040 |    978.9463 |    979.1332 |    978.9529 |    978.9821 |    978.8663 |    978.7182 |    979.0682 |    978.9994 |    978.6613 |    978.8894 |    978.9375 |    978.7171 |    978.9929 |    979.2563 |    978.8132 |    979.0267 |    978.9413 |    979.2402 |    978.8932 |    979.1298 |    978.9840 |    979.3275 |    979.3917 |    979.2521 |    979.2317 |    979.2336 |    979.3886 |    979.0402 |    978.8371 |    978.9955 |    978.8636 |    978.9636 |    978.7402 |    979.0198 |    978.9825 |    978.9340 |    979.0636 |    979.1236 |    979.0586 |    978.8479 |    979.0444 |    979.1971 |    979.2644 |    978.9932 |    981.3171 |    980.9729 |    980.8875 |    981.1982 |     981.0356 |     981.2113 |     981.2767 |     981.3132 |     981.3532 |     981.1552 |     981.2032 |     980.8548 |     980.9763 |     980.6840 |     981.1694 |     981.0717 |     981.4444 |     981.3617 |     981.0775 |     981.3659 |     981.4252 |     981.4159 |     981.4598 |     981.3736 |     981.7282 |     981.2106 |     981.5756 |     981.2502 |     981.2236 |     981.2840 |     981.4190 |     981.0436 |     981.2025 |     981.1952 |     981.0159 |     980.9075 |     980.9502 |     981.2744 |     981.1448 |     980.9829 |     981.2475 |     981.3025 |     981.4663 |     981.2859 |     981.3890 |     981.2602 |     981.3444 |     981.2409 |     981.2106 |     981.4509 |     981.2567 |     981.4298 |     981.4417 |     980.9479 |     981.1979 |     981.2448 |     980.9882 |     980.8275 |     981.0852 |     980.9182 |     981.2848 |     980.8848 |     981.0898 |     981.0536 |     980.9817 |     981.2859 |     981.5367 |     981.5332 |     981.5582 |     981.2621 |     981.4844 |     980.9029 |     980.8982 |     981.0279 |     980.9232 |     980.7663 |     980.9009 |     981.0590 |     980.6959 |     981.1098 |
|            Clock [MHz]            |   3690.1314 |  3688.8220 |  3690.0351 |  3689.4880 |  3689.4188 |  3689.4921 |  3689.5386 |  3689.5762 |  3689.3895 |  3689.5195 |   3689.4286 |   3689.7446 |   3689.6321 |   3689.4817 |   3689.4381 |   3689.4541 |   3689.7335 |   3689.4521 |   3689.3936 |   3689.4511 |   3689.4281 |   3689.4397 |   3689.4645 |   3689.4249 |   3689.4665 |   3689.4718 |   3689.6863 |   3689.8364 |   3689.4712 |   3689.6508 |   3689.5053 |   3689.5002 |   3689.5266 |   3689.7681 |   3689.4568 |   3689.5165 |   3689.5103 |   3689.4997 |   3689.6892 |   3689.5778 |   3689.7879 |   3689.7965 |   3689.8421 |   3689.7625 |   3689.3806 |   3689.5096 |   3689.5196 |   3689.5961 |   3689.4567 |   3689.4910 |   3689.5041 |   3689.5296 |   3689.6753 |   3689.4377 |   3689.4449 |   3689.7423 |   3689.7441 |   3689.4410 |   3689.4745 |   3689.4743 |   3689.7162 |   3689.3826 |   3689.4713 |   3689.5190 |   3689.4969 |   3689.5025 |   3689.7724 |   3689.4805 |   3689.7532 |   3689.5280 |   3689.4897 |   3689.3815 |   3689.4780 |   3689.4724 |   3689.7165 |   3689.5133 |   3689.4982 |   3689.5239 |   3689.4910 |   3689.6094 |   3689.5311 |   3689.9452 |   3689.6599 |   3689.4773 |   3689.3550 |   3689.3906 |   3689.5709 |   3689.6495 |   3689.6094 |   3689.6586 |   3689.6214 |   3689.6231 |   3689.8969 |   3689.7626 |   3689.5597 |   3689.4819 |   3697.0175 |   3696.7590 |   3696.7319 |   3696.9550 |    3696.7644 |    3696.7467 |    3696.7500 |    3696.7228 |    3697.0218 |    3696.7494 |    3696.7699 |    3696.8107 |    3696.7494 |    3696.8039 |    3697.0771 |    3696.7564 |    3696.7389 |    3696.7673 |    3696.7967 |    3696.8636 |    3696.7695 |    3696.8192 |    3696.9637 |    3696.8102 |    3697.0644 |    3696.7830 |    3696.7715 |    3696.7818 |    3696.8384 |    3696.7569 |    3696.7216 |    3696.7392 |    3696.7608 |    3696.8301 |    3697.0058 |    3696.8135 |    3696.7868 |    3696.8875 |    3696.9184 |    3696.7822 |    3696.7696 |    3696.7523 |    3696.7226 |    3696.7909 |    3696.8228 |    3696.9143 |    3696.9452 |    3696.6770 |    3696.7315 |    3697.0334 |    3696.7364 |    3696.7663 |    3696.7576 |    3696.8131 |    3696.7784 |    3697.0005 |    3696.7469 |    3696.7057 |    3696.7412 |    3696.7654 |    3696.7330 |    3696.7011 |    3696.7668 |    3696.8387 |    3696.7676 |    3696.7497 |    3696.7879 |    3697.0056 |    3696.7043 |    3696.8103 |    3696.9596 |    3696.7610 |    3696.7642 |    3696.7169 |    3696.7801 |    3696.8050 |    3696.7476 |    3696.7209 |    3696.7705 |    3696.7845 |
|                CPI                |      1.6328 |     1.6324 |     1.6332 |     1.6536 |     1.6421 |     1.6405 |     1.6414 |     1.6474 |     1.4002 |     1.4015 |      1.3988 |      1.4046 |      1.3987 |      1.4071 |      1.4058 |      1.4126 |      1.6312 |      1.6221 |      1.6238 |      1.6243 |      1.6240 |      1.6200 |      1.6235 |      1.6323 |      1.6365 |      1.6322 |      1.6308 |      1.6315 |      1.6356 |      1.6388 |      1.6380 |      1.6362 |      1.4107 |      1.4087 |      1.4047 |      1.4111 |      1.4060 |      1.4154 |      1.4054 |      1.4120 |      1.6245 |      1.6222 |      1.6092 |      1.6187 |      1.6135 |      1.6274 |      1.6205 |      1.6298 |      1.6378 |      1.6324 |      1.6185 |      1.6340 |      1.6356 |      1.6353 |      1.6265 |      1.6389 |      1.4035 |      1.4053 |      1.4000 |      1.4058 |      1.4084 |      1.4120 |      1.3973 |      1.4099 |      1.6179 |      1.6200 |      1.6170 |      1.6267 |      1.6175 |      1.6150 |      1.6142 |      1.6189 |      1.6387 |      1.6544 |      1.6445 |      1.6514 |      1.6395 |      1.6604 |      1.6494 |      1.6465 |      1.3999 |      1.4042 |      1.4054 |      1.4062 |      1.4076 |      1.4129 |      1.4162 |      1.4174 |      1.6279 |      1.6306 |      1.6275 |      1.6317 |      1.6346 |      1.6340 |      1.6341 |      1.6244 |      1.9594 |      1.9513 |      1.9371 |      1.9588 |       1.9646 |       1.9608 |       1.9468 |       1.9651 |       1.5035 |       1.5018 |       1.4992 |       1.5106 |       1.5059 |       1.5032 |       1.5017 |       1.5061 |       1.9310 |       1.9364 |       1.9138 |       1.9194 |       1.9276 |       1.9381 |       1.9225 |       1.9239 |       1.9568 |       1.9499 |       1.9474 |       1.9625 |       1.9521 |       1.9680 |       1.9621 |       1.9624 |       1.5224 |       1.5294 |       1.5155 |       1.5311 |       1.5173 |       1.5208 |       1.5152 |       1.5239 |       1.9335 |       1.9419 |       1.9468 |       1.9430 |       1.9353 |       1.9598 |       1.9415 |       1.9502 |       1.9468 |       1.9353 |       1.9635 |       1.9371 |       1.9445 |       1.9318 |       1.9481 |       1.9454 |       1.5069 |       1.5061 |       1.5052 |       1.5045 |       1.5037 |       1.5020 |       1.5075 |       1.5103 |       1.9296 |       1.9488 |       1.9168 |       1.9320 |       1.9353 |       1.9289 |       1.9321 |       1.9389 |       1.5080 |       1.5041 |       1.5116 |       1.5065 |       1.5085 |       1.5111 |       1.5154 |       1.5038 |
|  Memory read bandwidth [MBytes/s] | 232171.9153 |          0 |          0 |          0 |          0 |          0 |          0 |          0 |          0 |          0 |           0 |           0 |           0 |           0 |           0 |           0 |           0 |           0 |           0 |           0 |           0 |           0 |           0 |           0 |           0 |           0 |           0 |           0 |           0 |           0 |           0 |           0 |           0 |           0 |           0 |           0 |           0 |           0 |           0 |           0 |           0 |           0 |           0 |           0 |           0 |           0 |           0 |           0 |           0 |           0 |           0 |           0 |           0 |           0 |           0 |           0 |           0 |           0 |           0 |           0 |           0 |           0 |           0 |           0 |           0 |           0 |           0 |           0 |           0 |           0 |           0 |           0 |           0 |           0 |           0 |           0 |           0 |           0 |           0 |           0 |           0 |           0 |           0 |           0 |           0 |           0 |           0 |           0 |           0 |           0 |           0 |           0 |           0 |           0 |           0 |           0 | 117344.2637 |           0 |           0 |           0 |            0 |            0 |            0 |            0 |            0 |            0 |            0 |            0 |            0 |            0 |            0 |            0 |            0 |            0 |            0 |            0 |            0 |            0 |            0 |            0 |            0 |            0 |            0 |            0 |            0 |            0 |            0 |            0 |            0 |            0 |            0 |            0 |            0 |            0 |            0 |            0 |            0 |            0 |            0 |            0 |            0 |            0 |            0 |            0 |            0 |            0 |            0 |            0 |            0 |            0 |            0 |            0 |            0 |            0 |            0 |            0 |            0 |            0 |            0 |            0 |            0 |            0 |            0 |            0 |            0 |            0 |            0 |            0 |            0 |            0 |            0 |            0 |            0 |            0 |            0 |            0 |
|  Memory read data volume [GBytes] | 170394.4512 |          0 |          0 |          0 |          0 |          0 |          0 |          0 |          0 |          0 |           0 |           0 |           0 |           0 |           0 |           0 |           0 |           0 |           0 |           0 |           0 |           0 |           0 |           0 |           0 |           0 |           0 |           0 |           0 |           0 |           0 |           0 |           0 |           0 |           0 |           0 |           0 |           0 |           0 |           0 |           0 |           0 |           0 |           0 |           0 |           0 |           0 |           0 |           0 |           0 |           0 |           0 |           0 |           0 |           0 |           0 |           0 |           0 |           0 |           0 |           0 |           0 |           0 |           0 |           0 |           0 |           0 |           0 |           0 |           0 |           0 |           0 |           0 |           0 |           0 |           0 |           0 |           0 |           0 |           0 |           0 |           0 |           0 |           0 |           0 |           0 |           0 |           0 |           0 |           0 |           0 |           0 |           0 |           0 |           0 |           0 |  85243.5200 |           0 |           0 |           0 |            0 |            0 |            0 |            0 |            0 |            0 |            0 |            0 |            0 |            0 |            0 |            0 |            0 |            0 |            0 |            0 |            0 |            0 |            0 |            0 |            0 |            0 |            0 |            0 |            0 |            0 |            0 |            0 |            0 |            0 |            0 |            0 |            0 |            0 |            0 |            0 |            0 |            0 |            0 |            0 |            0 |            0 |            0 |            0 |            0 |            0 |            0 |            0 |            0 |            0 |            0 |            0 |            0 |            0 |            0 |            0 |            0 |            0 |            0 |            0 |            0 |            0 |            0 |            0 |            0 |            0 |            0 |            0 |            0 |            0 |            0 |            0 |            0 |            0 |            0 |            0 |
| Memory write bandwidth [MBytes/s] |    423.9883 |          0 |          0 |          0 |          0 |          0 |          0 |          0 |          0 |          0 |           0 |           0 |           0 |           0 |           0 |           0 |           0 |           0 |           0 |           0 |           0 |           0 |           0 |           0 |           0 |           0 |           0 |           0 |           0 |           0 |           0 |           0 |           0 |           0 |           0 |           0 |           0 |           0 |           0 |           0 |           0 |           0 |           0 |           0 |           0 |           0 |           0 |           0 |           0 |           0 |           0 |           0 |           0 |           0 |           0 |           0 |           0 |           0 |           0 |           0 |           0 |           0 |           0 |           0 |           0 |           0 |           0 |           0 |           0 |           0 |           0 |           0 |           0 |           0 |           0 |           0 |           0 |           0 |           0 |           0 |           0 |           0 |           0 |           0 |           0 |           0 |           0 |           0 |           0 |           0 |           0 |           0 |           0 |           0 |           0 |           0 |    297.1724 |           0 |           0 |           0 |            0 |            0 |            0 |            0 |            0 |            0 |            0 |            0 |            0 |            0 |            0 |            0 |            0 |            0 |            0 |            0 |            0 |            0 |            0 |            0 |            0 |            0 |            0 |            0 |            0 |            0 |            0 |            0 |            0 |            0 |            0 |            0 |            0 |            0 |            0 |            0 |            0 |            0 |            0 |            0 |            0 |            0 |            0 |            0 |            0 |            0 |            0 |            0 |            0 |            0 |            0 |            0 |            0 |            0 |            0 |            0 |            0 |            0 |            0 |            0 |            0 |            0 |            0 |            0 |            0 |            0 |            0 |            0 |            0 |            0 |            0 |            0 |            0 |            0 |            0 |            0 |
| Memory write data volume [GBytes] |    311.1714 |          0 |          0 |          0 |          0 |          0 |          0 |          0 |          0 |          0 |           0 |           0 |           0 |           0 |           0 |           0 |           0 |           0 |           0 |           0 |           0 |           0 |           0 |           0 |           0 |           0 |           0 |           0 |           0 |           0 |           0 |           0 |           0 |           0 |           0 |           0 |           0 |           0 |           0 |           0 |           0 |           0 |           0 |           0 |           0 |           0 |           0 |           0 |           0 |           0 |           0 |           0 |           0 |           0 |           0 |           0 |           0 |           0 |           0 |           0 |           0 |           0 |           0 |           0 |           0 |           0 |           0 |           0 |           0 |           0 |           0 |           0 |           0 |           0 |           0 |           0 |           0 |           0 |           0 |           0 |           0 |           0 |           0 |           0 |           0 |           0 |           0 |           0 |           0 |           0 |           0 |           0 |           0 |           0 |           0 |           0 |    215.8778 |           0 |           0 |           0 |            0 |            0 |            0 |            0 |            0 |            0 |            0 |            0 |            0 |            0 |            0 |            0 |            0 |            0 |            0 |            0 |            0 |            0 |            0 |            0 |            0 |            0 |            0 |            0 |            0 |            0 |            0 |            0 |            0 |            0 |            0 |            0 |            0 |            0 |            0 |            0 |            0 |            0 |            0 |            0 |            0 |            0 |            0 |            0 |            0 |            0 |            0 |            0 |            0 |            0 |            0 |            0 |            0 |            0 |            0 |            0 |            0 |            0 |            0 |            0 |            0 |            0 |            0 |            0 |            0 |            0 |            0 |            0 |            0 |            0 |            0 |            0 |            0 |            0 |            0 |            0 |
|    Memory bandwidth [MBytes/s]    | 232595.9036 |          0 |          0 |          0 |          0 |          0 |          0 |          0 |          0 |          0 |           0 |           0 |           0 |           0 |           0 |           0 |           0 |           0 |           0 |           0 |           0 |           0 |           0 |           0 |           0 |           0 |           0 |           0 |           0 |           0 |           0 |           0 |           0 |           0 |           0 |           0 |           0 |           0 |           0 |           0 |           0 |           0 |           0 |           0 |           0 |           0 |           0 |           0 |           0 |           0 |           0 |           0 |           0 |           0 |           0 |           0 |           0 |           0 |           0 |           0 |           0 |           0 |           0 |           0 |           0 |           0 |           0 |           0 |           0 |           0 |           0 |           0 |           0 |           0 |           0 |           0 |           0 |           0 |           0 |           0 |           0 |           0 |           0 |           0 |           0 |           0 |           0 |           0 |           0 |           0 |           0 |           0 |           0 |           0 |           0 |           0 | 117641.4361 |           0 |           0 |           0 |            0 |            0 |            0 |            0 |            0 |            0 |            0 |            0 |            0 |            0 |            0 |            0 |            0 |            0 |            0 |            0 |            0 |            0 |            0 |            0 |            0 |            0 |            0 |            0 |            0 |            0 |            0 |            0 |            0 |            0 |            0 |            0 |            0 |            0 |            0 |            0 |            0 |            0 |            0 |            0 |            0 |            0 |            0 |            0 |            0 |            0 |            0 |            0 |            0 |            0 |            0 |            0 |            0 |            0 |            0 |            0 |            0 |            0 |            0 |            0 |            0 |            0 |            0 |            0 |            0 |            0 |            0 |            0 |            0 |            0 |            0 |            0 |            0 |            0 |            0 |            0 |
|    Memory data volume [GBytes]    | 170705.6226 |          0 |          0 |          0 |          0 |          0 |          0 |          0 |          0 |          0 |           0 |           0 |           0 |           0 |           0 |           0 |           0 |           0 |           0 |           0 |           0 |           0 |           0 |           0 |           0 |           0 |           0 |           0 |           0 |           0 |           0 |           0 |           0 |           0 |           0 |           0 |           0 |           0 |           0 |           0 |           0 |           0 |           0 |           0 |           0 |           0 |           0 |           0 |           0 |           0 |           0 |           0 |           0 |           0 |           0 |           0 |           0 |           0 |           0 |           0 |           0 |           0 |           0 |           0 |           0 |           0 |           0 |           0 |           0 |           0 |           0 |           0 |           0 |           0 |           0 |           0 |           0 |           0 |           0 |           0 |           0 |           0 |           0 |           0 |           0 |           0 |           0 |           0 |           0 |           0 |           0 |           0 |           0 |           0 |           0 |           0 |  85459.3978 |           0 |           0 |           0 |            0 |            0 |            0 |            0 |            0 |            0 |            0 |            0 |            0 |            0 |            0 |            0 |            0 |            0 |            0 |            0 |            0 |            0 |            0 |            0 |            0 |            0 |            0 |            0 |            0 |            0 |            0 |            0 |            0 |            0 |            0 |            0 |            0 |            0 |            0 |            0 |            0 |            0 |            0 |            0 |            0 |            0 |            0 |            0 |            0 |            0 |            0 |            0 |            0 |            0 |            0 |            0 |            0 |            0 |            0 |            0 |            0 |            0 |            0 |            0 |            0 |            0 |            0 |            0 |            0 |            0 |            0 |            0 |            0 |            0 |            0 |            0 |            0 |            0 |            0 |            0 |
+-----------------------------------+-------------+------------+------------+------------+------------+------------+------------+------------+------------+------------+-------------+-------------+-------------+-------------+-------------+-------------+-------------+-------------+-------------+-------------+-------------+-------------+-------------+-------------+-------------+-------------+-------------+-------------+-------------+-------------+-------------+-------------+-------------+-------------+-------------+-------------+-------------+-------------+-------------+-------------+-------------+-------------+-------------+-------------+-------------+-------------+-------------+-------------+-------------+-------------+-------------+-------------+-------------+-------------+-------------+-------------+-------------+-------------+-------------+-------------+-------------+-------------+-------------+-------------+-------------+-------------+-------------+-------------+-------------+-------------+-------------+-------------+-------------+-------------+-------------+-------------+-------------+-------------+-------------+-------------+-------------+-------------+-------------+-------------+-------------+-------------+-------------+-------------+-------------+-------------+-------------+-------------+-------------+-------------+-------------+-------------+-------------+-------------+-------------+-------------+--------------+--------------+--------------+--------------+--------------+--------------+--------------+--------------+--------------+--------------+--------------+--------------+--------------+--------------+--------------+--------------+--------------+--------------+--------------+--------------+--------------+--------------+--------------+--------------+--------------+--------------+--------------+--------------+--------------+--------------+--------------+--------------+--------------+--------------+--------------+--------------+--------------+--------------+--------------+--------------+--------------+--------------+--------------+--------------+--------------+--------------+--------------+--------------+--------------+--------------+--------------+--------------+--------------+--------------+--------------+--------------+--------------+--------------+--------------+--------------+--------------+--------------+--------------+--------------+--------------+--------------+--------------+--------------+--------------+--------------+--------------+--------------+--------------+--------------+--------------+--------------+

+----------------------------------------+-------------+-----------+-------------+-----------+
|                 Metric                 |     Sum     |    Min    |     Max     |    Avg    |
+----------------------------------------+-------------+-----------+-------------+-----------+
|        Runtime (RDTSC) [s] STAT        | 125936.0393 |  690.7893 |    740.8249 |  715.5457 |
|        Runtime unhalted [s] STAT       | 172483.9570 |  978.5363 |    981.7282 |  980.0225 |
|            Clock [MHz] STAT            | 649942.3147 | 3688.8220 |   3697.0771 | 3692.8541 |
|                CPI STAT                |    291.0286 |    1.3973 |      1.9680 |    1.6536 |
|  Memory read bandwidth [MBytes/s] STAT | 349516.1790 |         0 | 232171.9153 | 1985.8874 |
|  Memory read data volume [GBytes] STAT | 255637.9712 |         0 | 170394.4512 | 1452.4885 |
| Memory write bandwidth [MBytes/s] STAT |    721.1607 |         0 |    423.9883 |    4.0975 |
| Memory write data volume [GBytes] STAT |    527.0492 |         0 |    311.1714 |    2.9946 |
|    Memory bandwidth [MBytes/s] STAT    | 350237.3397 |         0 | 232595.9036 | 1989.9849 |
|    Memory data volume [GBytes] STAT    | 256165.0204 |         0 | 170705.6226 | 1455.4831 |
+----------------------------------------+-------------+-----------+-------------+-----------+

