--------------------------------------------------------------------------------
CPU name:	AMD EPYC 9A14 96-Core Processor                
CPU type:	AMD K19 (Zen4) architecture
CPU clock:	2.60 GHz
--------------------------------------------------------------------------------
Sys.CPU_THREADS       192
SLURM_CPUS_PER_TASK   192
OMP_NUM_THREADS       192
OMP_PROC_BIND         close
OMP_PLACES            cores
BLAS_NUM_THREADS      1
Threads.nthreads()    1

Successfully read data from: /public/home/halili/jld2file/cc-pvdz/h2o-1.0-cc-pvdz.jld2
  name: h2o
  ratio: 1.0
  basis: cc-pvdz
  nα: 5, nβ: 5, ne: 10, norb: 24, nq: 48

  ngs: 25495
  ncs: 128793

Warming up JIT and Hardware...
Warm-up completed.
  Step 001:  residual: 9.9885e-01,  e: -76.02676073376620
  Step 002:  residual: 3.3618e-01,  e: -76.22561643779886
  Step 003:  residual: 9.9286e-02,  e: -76.24222290584414
  Step 004:  residual: 3.2400e-02,  e: -76.24360734427398
  Step 005:  residual: 1.2871e-02,  e: -76.24376885653813
  Step 006:  residual: 4.3599e-03,  e: -76.24379383490452
  Step 007:  residual: 1.6905e-03,  e: -76.24379667642251
  Step 008:  residual: 7.0448e-04,  e: -76.24379712049111
  Step 009:  residual: 3.1828e-04,  e: -76.24379720589884
  Step 010:  residual: 1.2649e-04,  e: -76.24379722155582
  Step 011:  residual: 4.7677e-05,  e: -76.24379722386426
  Step 012:  residual: 1.7064e-05,  e: -76.24379722415686
  Step 013:  residual: 6.0873e-06,  e: -76.24379722419386

Convergence reached!
777.577393 seconds (7.21 M allocations: 91.224 GiB, 0.07% gc time, 0.26% compilation time)
--------------------------------------------------------------------------------
Region hvec_direct_agg, Group 1: MEM
+-------------------+------------+------------+------------+------------+------------+------------+------------+------------+------------+------------+-------------+-------------+-------------+-------------+-------------+-------------+-------------+-------------+-------------+-------------+-------------+-------------+-------------+-------------+-------------+-------------+-------------+-------------+-------------+-------------+-------------+-------------+-------------+-------------+-------------+-------------+-------------+-------------+-------------+-------------+-------------+-------------+-------------+-------------+-------------+-------------+-------------+-------------+-------------+-------------+-------------+-------------+-------------+-------------+-------------+-------------+-------------+-------------+-------------+-------------+-------------+-------------+-------------+-------------+-------------+-------------+-------------+-------------+-------------+-------------+-------------+-------------+-------------+-------------+-------------+-------------+-------------+-------------+-------------+-------------+-------------+-------------+-------------+-------------+-------------+-------------+-------------+-------------+-------------+-------------+-------------+-------------+-------------+-------------+-------------+-------------+-------------+-------------+-------------+-------------+--------------+--------------+--------------+--------------+--------------+--------------+--------------+--------------+--------------+--------------+--------------+--------------+--------------+--------------+--------------+--------------+--------------+--------------+--------------+--------------+--------------+--------------+--------------+--------------+--------------+--------------+--------------+--------------+--------------+--------------+--------------+--------------+--------------+--------------+--------------+--------------+--------------+--------------+--------------+--------------+--------------+--------------+--------------+--------------+--------------+--------------+--------------+--------------+--------------+--------------+--------------+--------------+--------------+--------------+--------------+--------------+--------------+--------------+--------------+--------------+--------------+--------------+--------------+--------------+--------------+--------------+--------------+--------------+--------------+--------------+--------------+--------------+--------------+--------------+--------------+--------------+--------------+--------------+--------------+--------------+--------------+--------------+--------------+--------------+--------------+--------------+--------------+--------------+--------------+--------------+--------------+--------------+
|    Region Info    | HWThread 0 | HWThread 1 | HWThread 2 | HWThread 3 | HWThread 4 | HWThread 5 | HWThread 6 | HWThread 7 | HWThread 8 | HWThread 9 | HWThread 10 | HWThread 11 | HWThread 12 | HWThread 13 | HWThread 14 | HWThread 15 | HWThread 16 | HWThread 17 | HWThread 18 | HWThread 19 | HWThread 20 | HWThread 21 | HWThread 22 | HWThread 23 | HWThread 24 | HWThread 25 | HWThread 26 | HWThread 27 | HWThread 28 | HWThread 29 | HWThread 30 | HWThread 31 | HWThread 32 | HWThread 33 | HWThread 34 | HWThread 35 | HWThread 36 | HWThread 37 | HWThread 38 | HWThread 39 | HWThread 40 | HWThread 41 | HWThread 42 | HWThread 43 | HWThread 44 | HWThread 45 | HWThread 46 | HWThread 47 | HWThread 48 | HWThread 49 | HWThread 50 | HWThread 51 | HWThread 52 | HWThread 53 | HWThread 54 | HWThread 55 | HWThread 56 | HWThread 57 | HWThread 58 | HWThread 59 | HWThread 60 | HWThread 61 | HWThread 62 | HWThread 63 | HWThread 64 | HWThread 65 | HWThread 66 | HWThread 67 | HWThread 68 | HWThread 69 | HWThread 70 | HWThread 71 | HWThread 72 | HWThread 73 | HWThread 74 | HWThread 75 | HWThread 76 | HWThread 77 | HWThread 78 | HWThread 79 | HWThread 80 | HWThread 81 | HWThread 82 | HWThread 83 | HWThread 84 | HWThread 85 | HWThread 86 | HWThread 87 | HWThread 88 | HWThread 89 | HWThread 90 | HWThread 91 | HWThread 92 | HWThread 93 | HWThread 94 | HWThread 95 | HWThread 96 | HWThread 97 | HWThread 98 | HWThread 99 | HWThread 100 | HWThread 101 | HWThread 102 | HWThread 103 | HWThread 104 | HWThread 105 | HWThread 106 | HWThread 107 | HWThread 108 | HWThread 109 | HWThread 110 | HWThread 111 | HWThread 112 | HWThread 113 | HWThread 114 | HWThread 115 | HWThread 116 | HWThread 117 | HWThread 118 | HWThread 119 | HWThread 120 | HWThread 121 | HWThread 122 | HWThread 123 | HWThread 124 | HWThread 125 | HWThread 126 | HWThread 127 | HWThread 128 | HWThread 129 | HWThread 130 | HWThread 131 | HWThread 132 | HWThread 133 | HWThread 134 | HWThread 135 | HWThread 136 | HWThread 137 | HWThread 138 | HWThread 139 | HWThread 140 | HWThread 141 | HWThread 142 | HWThread 143 | HWThread 144 | HWThread 145 | HWThread 146 | HWThread 147 | HWThread 148 | HWThread 149 | HWThread 150 | HWThread 151 | HWThread 152 | HWThread 153 | HWThread 154 | HWThread 155 | HWThread 156 | HWThread 157 | HWThread 158 | HWThread 159 | HWThread 160 | HWThread 161 | HWThread 162 | HWThread 163 | HWThread 164 | HWThread 165 | HWThread 166 | HWThread 167 | HWThread 168 | HWThread 169 | HWThread 170 | HWThread 171 | HWThread 172 | HWThread 173 | HWThread 174 | HWThread 175 | HWThread 176 | HWThread 177 | HWThread 178 | HWThread 179 | HWThread 180 | HWThread 181 | HWThread 182 | HWThread 183 | HWThread 184 | HWThread 185 | HWThread 186 | HWThread 187 | HWThread 188 | HWThread 189 | HWThread 190 | HWThread 191 |
+-------------------+------------+------------+------------+------------+------------+------------+------------+------------+------------+------------+-------------+-------------+-------------+-------------+-------------+-------------+-------------+-------------+-------------+-------------+-------------+-------------+-------------+-------------+-------------+-------------+-------------+-------------+-------------+-------------+-------------+-------------+-------------+-------------+-------------+-------------+-------------+-------------+-------------+-------------+-------------+-------------+-------------+-------------+-------------+-------------+-------------+-------------+-------------+-------------+-------------+-------------+-------------+-------------+-------------+-------------+-------------+-------------+-------------+-------------+-------------+-------------+-------------+-------------+-------------+-------------+-------------+-------------+-------------+-------------+-------------+-------------+-------------+-------------+-------------+-------------+-------------+-------------+-------------+-------------+-------------+-------------+-------------+-------------+-------------+-------------+-------------+-------------+-------------+-------------+-------------+-------------+-------------+-------------+-------------+-------------+-------------+-------------+-------------+-------------+--------------+--------------+--------------+--------------+--------------+--------------+--------------+--------------+--------------+--------------+--------------+--------------+--------------+--------------+--------------+--------------+--------------+--------------+--------------+--------------+--------------+--------------+--------------+--------------+--------------+--------------+--------------+--------------+--------------+--------------+--------------+--------------+--------------+--------------+--------------+--------------+--------------+--------------+--------------+--------------+--------------+--------------+--------------+--------------+--------------+--------------+--------------+--------------+--------------+--------------+--------------+--------------+--------------+--------------+--------------+--------------+--------------+--------------+--------------+--------------+--------------+--------------+--------------+--------------+--------------+--------------+--------------+--------------+--------------+--------------+--------------+--------------+--------------+--------------+--------------+--------------+--------------+--------------+--------------+--------------+--------------+--------------+--------------+--------------+--------------+--------------+--------------+--------------+--------------+--------------+--------------+--------------+
| RDTSC Runtime [s] | 752.835600 | 746.572000 | 755.701100 | 747.420600 | 715.675200 | 731.675300 | 747.420700 | 746.572200 | 759.883100 | 736.862800 |  754.740200 |  728.268500 |  730.396300 |  729.468400 |  737.524900 |  760.099100 |  743.394500 |  727.369600 |  726.223900 |  745.271400 |  728.943600 |  741.727800 |  728.943800 |  761.267400 |  756.358800 |  718.803300 |  750.903100 |  755.054400 |  756.358000 |  726.536200 |  750.903200 |  726.536800 |  737.218100 |  739.737900 |  743.746800 |  739.738100 |  739.736900 |  736.015900 |  734.210000 |  736.016000 |  713.763800 |  717.306500 |  747.954300 |  711.523800 |  751.798000 |  748.267000 |  717.305000 |  713.764100 |  753.531600 |  758.893000 |  732.035600 |  725.862000 |  732.035400 |  714.667200 |  733.232100 |  744.371800 |  744.058400 |  728.629700 |  748.824900 |  729.777200 |  720.620200 |  757.254400 |  735.708100 |  718.496100 |  720.978800 |  735.401200 |  753.897300 |  718.188200 |  733.592800 |  730.708500 |  754.214500 |  730.089500 |  745.988600 |  757.570200 |  756.937500 |  734.877600 |  722.209100 |  734.877700 |  707.546200 |  745.989200 |  759.569100 |  727.058200 |  732.558100 |  724.917400 |  739.373100 |  741.054300 |  759.568300 |  753.896700 |  758.528800 |  738.485000 |  733.900100 |  706.555200 |  738.484600 |  747.100600 |  742.091100 |  717.877300 |  760.624200 |  702.577200 |  720.045600 |  752.839600 |   757.569800 |   736.331900 |   742.404100 |   720.046000 |   738.142300 |   723.944400 |   714.666500 |   760.627600 |   712.808500 |   716.340900 |   743.052300 |   732.867200 |   758.193300 |   711.523700 |   704.082700 |   721.280700 |   702.910300 |   745.630500 |   730.708500 |   721.281200 |   714.122000 |   710.561100 |   750.537600 |   702.910400 |   719.420600 |   749.187200 |   705.041400 |   741.053000 |   744.684100 |   744.685100 |   708.527900 |   758.892200 |   706.554300 |   742.403300 |   709.155000 |   709.153600 |   727.681300 |   734.209900 |   748.279500 |   725.275200 |   725.275600 |   727.681000 |   731.333300 |   738.834800 |   704.702400 |   705.892900 |   707.546500 |   723.944300 |   749.561300 |   704.702300 |   749.907800 |   715.331100 |   740.476700 |   715.674200 |   755.698600 |   705.554700 |   737.524700 |   712.191500 |   740.476700 |   751.798900 |   713.147600 |   709.718000 |   706.223600 |   709.717100 |   702.319500 |   755.054100 |   712.192600 |   724.576000 |   723.607300 |   709.718100 |   703.523900 |   703.524100 |   718.802700 |   708.527300 |   710.561400 |   749.907100 |   752.479600 |   753.184100 |   716.964900 |   704.084600 |   719.422600 |   708.192000 |   751.267900 |   711.187500 |   716.342100 |   707.204500 |   722.567800 |   722.567000 |   713.147800 |   721.866700 |   722.922700 |   722.921600 |
|     call count    |         13 |         13 |         13 |         13 |         13 |         13 |         13 |         13 |         13 |         13 |          13 |          13 |          13 |          13 |          13 |          13 |          13 |          13 |          13 |          13 |          13 |          13 |          13 |          13 |          13 |          13 |          13 |          13 |          13 |          13 |          13 |          13 |          13 |          13 |          13 |          13 |          13 |          13 |          13 |          13 |          13 |          13 |          13 |          13 |          13 |          13 |          13 |          13 |          13 |          13 |          13 |          13 |          13 |          13 |          13 |          13 |          13 |          13 |          13 |          13 |          13 |          13 |          13 |          13 |          13 |          13 |          13 |          13 |          13 |          13 |          13 |          13 |          13 |          13 |          13 |          13 |          13 |          13 |          13 |          13 |          13 |          13 |          13 |          13 |          13 |          13 |          13 |          13 |          13 |          13 |          13 |          13 |          13 |          13 |          13 |          13 |          13 |          13 |          13 |          13 |           13 |           13 |           13 |           13 |           13 |           13 |           13 |           13 |           13 |           13 |           13 |           13 |           13 |           13 |           13 |           13 |           13 |           13 |           13 |           13 |           13 |           13 |           13 |           13 |           13 |           13 |           13 |           13 |           13 |           13 |           13 |           13 |           13 |           13 |           13 |           13 |           13 |           13 |           13 |           13 |           13 |           13 |           13 |           13 |           13 |           13 |           13 |           13 |           13 |           13 |           13 |           13 |           13 |           13 |           13 |           13 |           13 |           13 |           13 |           13 |           13 |           13 |           13 |           13 |           13 |           13 |           13 |           13 |           13 |           13 |           13 |           13 |           13 |           13 |           13 |           13 |           13 |           13 |           13 |           13 |           13 |           13 |           13 |           13 |           13 |           13 |           13 |           13 |           13 |           13 |           13 |           13 |
+-------------------+------------+------------+------------+------------+------------+------------+------------+------------+------------+------------+-------------+-------------+-------------+-------------+-------------+-------------+-------------+-------------+-------------+-------------+-------------+-------------+-------------+-------------+-------------+-------------+-------------+-------------+-------------+-------------+-------------+-------------+-------------+-------------+-------------+-------------+-------------+-------------+-------------+-------------+-------------+-------------+-------------+-------------+-------------+-------------+-------------+-------------+-------------+-------------+-------------+-------------+-------------+-------------+-------------+-------------+-------------+-------------+-------------+-------------+-------------+-------------+-------------+-------------+-------------+-------------+-------------+-------------+-------------+-------------+-------------+-------------+-------------+-------------+-------------+-------------+-------------+-------------+-------------+-------------+-------------+-------------+-------------+-------------+-------------+-------------+-------------+-------------+-------------+-------------+-------------+-------------+-------------+-------------+-------------+-------------+-------------+-------------+-------------+-------------+--------------+--------------+--------------+--------------+--------------+--------------+--------------+--------------+--------------+--------------+--------------+--------------+--------------+--------------+--------------+--------------+--------------+--------------+--------------+--------------+--------------+--------------+--------------+--------------+--------------+--------------+--------------+--------------+--------------+--------------+--------------+--------------+--------------+--------------+--------------+--------------+--------------+--------------+--------------+--------------+--------------+--------------+--------------+--------------+--------------+--------------+--------------+--------------+--------------+--------------+--------------+--------------+--------------+--------------+--------------+--------------+--------------+--------------+--------------+--------------+--------------+--------------+--------------+--------------+--------------+--------------+--------------+--------------+--------------+--------------+--------------+--------------+--------------+--------------+--------------+--------------+--------------+--------------+--------------+--------------+--------------+--------------+--------------+--------------+--------------+--------------+--------------+--------------+--------------+--------------+--------------+--------------+

+----------------------+---------+---------------+---------------+---------------+---------------+---------------+---------------+---------------+---------------+---------------+---------------+---------------+---------------+---------------+---------------+---------------+---------------+---------------+---------------+---------------+---------------+---------------+---------------+---------------+---------------+---------------+---------------+---------------+---------------+---------------+---------------+---------------+---------------+---------------+---------------+---------------+---------------+---------------+---------------+---------------+---------------+---------------+---------------+---------------+---------------+---------------+---------------+---------------+---------------+---------------+---------------+---------------+---------------+---------------+---------------+---------------+---------------+---------------+---------------+---------------+---------------+---------------+---------------+---------------+---------------+---------------+---------------+---------------+---------------+---------------+---------------+---------------+---------------+---------------+---------------+---------------+---------------+---------------+---------------+---------------+---------------+---------------+---------------+---------------+---------------+---------------+---------------+---------------+---------------+---------------+---------------+---------------+---------------+---------------+---------------+---------------+---------------+---------------+---------------+---------------+---------------+---------------+---------------+---------------+---------------+---------------+---------------+---------------+---------------+---------------+---------------+---------------+---------------+---------------+---------------+---------------+---------------+---------------+---------------+---------------+---------------+---------------+---------------+---------------+---------------+---------------+---------------+---------------+---------------+---------------+---------------+---------------+---------------+---------------+---------------+---------------+---------------+---------------+---------------+---------------+---------------+---------------+---------------+---------------+---------------+---------------+---------------+---------------+---------------+---------------+---------------+---------------+---------------+---------------+---------------+---------------+---------------+---------------+---------------+---------------+---------------+---------------+---------------+---------------+---------------+---------------+---------------+---------------+---------------+---------------+---------------+---------------+---------------+---------------+---------------+---------------+---------------+---------------+---------------+---------------+---------------+---------------+---------------+---------------+---------------+---------------+---------------+---------------+---------------+---------------+---------------+---------------+---------------+
|         Event        | Counter |   HWThread 0  |   HWThread 1  |   HWThread 2  |   HWThread 3  |   HWThread 4  |   HWThread 5  |   HWThread 6  |   HWThread 7  |   HWThread 8  |   HWThread 9  |  HWThread 10  |  HWThread 11  |  HWThread 12  |  HWThread 13  |  HWThread 14  |  HWThread 15  |  HWThread 16  |  HWThread 17  |  HWThread 18  |  HWThread 19  |  HWThread 20  |  HWThread 21  |  HWThread 22  |  HWThread 23  |  HWThread 24  |  HWThread 25  |  HWThread 26  |  HWThread 27  |  HWThread 28  |  HWThread 29  |  HWThread 30  |  HWThread 31  |  HWThread 32  |  HWThread 33  |  HWThread 34  |  HWThread 35  |  HWThread 36  |  HWThread 37  |  HWThread 38  |  HWThread 39  |  HWThread 40  |  HWThread 41  |  HWThread 42  |  HWThread 43  |  HWThread 44  |  HWThread 45  |  HWThread 46  |  HWThread 47  |  HWThread 48  |  HWThread 49  |  HWThread 50  |  HWThread 51  |  HWThread 52  |  HWThread 53  |  HWThread 54  |  HWThread 55  |  HWThread 56  |  HWThread 57  |  HWThread 58  |  HWThread 59  |  HWThread 60  |  HWThread 61  |  HWThread 62  |  HWThread 63  |  HWThread 64  |  HWThread 65  |  HWThread 66  |  HWThread 67  |  HWThread 68  |  HWThread 69  |  HWThread 70  |  HWThread 71  |  HWThread 72  |  HWThread 73  |  HWThread 74  |  HWThread 75  |  HWThread 76  |  HWThread 77  |  HWThread 78  |  HWThread 79  |  HWThread 80  |  HWThread 81  |  HWThread 82  |  HWThread 83  |  HWThread 84  |  HWThread 85  |  HWThread 86  |  HWThread 87  |  HWThread 88  |  HWThread 89  |  HWThread 90  |  HWThread 91  |  HWThread 92  |  HWThread 93  |  HWThread 94  |  HWThread 95  |  HWThread 96  |  HWThread 97  |  HWThread 98  |  HWThread 99  |  HWThread 100 |  HWThread 101 |  HWThread 102 |  HWThread 103 |  HWThread 104 |  HWThread 105 |  HWThread 106 |  HWThread 107 |  HWThread 108 |  HWThread 109 |  HWThread 110 |  HWThread 111 |  HWThread 112 |  HWThread 113 |  HWThread 114 |  HWThread 115 |  HWThread 116 |  HWThread 117 |  HWThread 118 |  HWThread 119 |  HWThread 120 |  HWThread 121 |  HWThread 122 |  HWThread 123 |  HWThread 124 |  HWThread 125 |  HWThread 126 |  HWThread 127 |  HWThread 128 |  HWThread 129 |  HWThread 130 |  HWThread 131 |  HWThread 132 |  HWThread 133 |  HWThread 134 |  HWThread 135 |  HWThread 136 |  HWThread 137 |  HWThread 138 |  HWThread 139 |  HWThread 140 |  HWThread 141 |  HWThread 142 |  HWThread 143 |  HWThread 144 |  HWThread 145 |  HWThread 146 |  HWThread 147 |  HWThread 148 |  HWThread 149 |  HWThread 150 |  HWThread 151 |  HWThread 152 |  HWThread 153 |  HWThread 154 |  HWThread 155 |  HWThread 156 |  HWThread 157 |  HWThread 158 |  HWThread 159 |  HWThread 160 |  HWThread 161 |  HWThread 162 |  HWThread 163 |  HWThread 164 |  HWThread 165 |  HWThread 166 |  HWThread 167 |  HWThread 168 |  HWThread 169 |  HWThread 170 |  HWThread 171 |  HWThread 172 |  HWThread 173 |  HWThread 174 |  HWThread 175 |  HWThread 176 |  HWThread 177 |  HWThread 178 |  HWThread 179 |  HWThread 180 |  HWThread 181 |  HWThread 182 |  HWThread 183 |  HWThread 184 |  HWThread 185 |  HWThread 186 |  HWThread 187 |  HWThread 188 |  HWThread 189 |  HWThread 190 |  HWThread 191 |
+----------------------+---------+---------------+---------------+---------------+---------------+---------------+---------------+---------------+---------------+---------------+---------------+---------------+---------------+---------------+---------------+---------------+---------------+---------------+---------------+---------------+---------------+---------------+---------------+---------------+---------------+---------------+---------------+---------------+---------------+---------------+---------------+---------------+---------------+---------------+---------------+---------------+---------------+---------------+---------------+---------------+---------------+---------------+---------------+---------------+---------------+---------------+---------------+---------------+---------------+---------------+---------------+---------------+---------------+---------------+---------------+---------------+---------------+---------------+---------------+---------------+---------------+---------------+---------------+---------------+---------------+---------------+---------------+---------------+---------------+---------------+---------------+---------------+---------------+---------------+---------------+---------------+---------------+---------------+---------------+---------------+---------------+---------------+---------------+---------------+---------------+---------------+---------------+---------------+---------------+---------------+---------------+---------------+---------------+---------------+---------------+---------------+---------------+---------------+---------------+---------------+---------------+---------------+---------------+---------------+---------------+---------------+---------------+---------------+---------------+---------------+---------------+---------------+---------------+---------------+---------------+---------------+---------------+---------------+---------------+---------------+---------------+---------------+---------------+---------------+---------------+---------------+---------------+---------------+---------------+---------------+---------------+---------------+---------------+---------------+---------------+---------------+---------------+---------------+---------------+---------------+---------------+---------------+---------------+---------------+---------------+---------------+---------------+---------------+---------------+---------------+---------------+---------------+---------------+---------------+---------------+---------------+---------------+---------------+---------------+---------------+---------------+---------------+---------------+---------------+---------------+---------------+---------------+---------------+---------------+---------------+---------------+---------------+---------------+---------------+---------------+---------------+---------------+---------------+---------------+---------------+---------------+---------------+---------------+---------------+---------------+---------------+---------------+---------------+---------------+---------------+---------------+---------------+---------------+
|   ACTUAL_CPU_CLOCK   |  FIXC1  | 2589205000000 | 2586109000000 | 2586848000000 | 2586043000000 | 2586810000000 | 2585812000000 | 2586607000000 | 2586545000000 | 2586038000000 | 2586007000000 | 2587195000000 | 2586287000000 | 2585382000000 | 2585808000000 | 2585413000000 | 2586088000000 | 2586411000000 | 2586058000000 | 2586378000000 | 2587394000000 | 2586554000000 | 2586574000000 | 2586543000000 | 2586371000000 | 2586408000000 | 2587083000000 | 2585666000000 | 2586563000000 | 2586667000000 | 2586329000000 | 2586508000000 | 2586443000000 | 2585761000000 | 2586094000000 | 2585986000000 | 2585524000000 | 2586689000000 | 2586207000000 | 2585363000000 | 2585660000000 | 2586556000000 | 2586833000000 | 2587027000000 | 2586378000000 | 2586793000000 | 2586386000000 | 2586744000000 | 2587533000000 | 2586695000000 | 2586456000000 | 2586463000000 | 2586150000000 | 2586644000000 | 2586194000000 | 2586559000000 | 2586696000000 | 2586027000000 | 2585377000000 | 2585880000000 | 2585591000000 | 2585834000000 | 2586423000000 | 2585318000000 | 2586238000000 | 2586080000000 | 2586674000000 | 2586620000000 | 2585985000000 | 2587130000000 | 2586971000000 | 2586805000000 | 2586154000000 | 2586937000000 | 2587004000000 | 2586324000000 | 2586915000000 | 2586655000000 | 2586601000000 | 2586085000000 | 2586460000000 | 2585952000000 | 2585888000000 | 2586195000000 | 2585837000000 | 2585908000000 | 2585908000000 | 2586395000000 | 2586177000000 | 2586018000000 | 2586585000000 | 2586890000000 | 2586341000000 | 2586786000000 | 2586588000000 | 2586566000000 | 2586329000000 | 2590971000000 | 2591636000000 | 2591073000000 | 2591593000000 | 2591365000000 | 2591586000000 | 2591262000000 | 2590611000000 | 2590658000000 | 2589651000000 | 2589513000000 | 2591298000000 | 2590796000000 | 2590639000000 | 2589819000000 | 2590769000000 | 2591229000000 | 2591539000000 | 2590962000000 | 2591038000000 | 2591146000000 | 2591602000000 | 2591616000000 | 2591458000000 | 2591297000000 | 2590041000000 | 2590902000000 | 2590965000000 | 2592092000000 | 2591170000000 | 2591074000000 | 2591515000000 | 2589937000000 | 2591275000000 | 2590691000000 | 2590136000000 | 2589288000000 | 2590083000000 | 2590354000000 | 2590893000000 | 2591484000000 | 2591321000000 | 2591842000000 | 2591758000000 | 2592261000000 | 2592358000000 | 2591051000000 | 2591144000000 | 2590545000000 | 2592222000000 | 2591696000000 | 2591526000000 | 2591419000000 | 2591884000000 | 2591430000000 | 2591866000000 | 2590836000000 | 2590232000000 | 2590468000000 | 2590382000000 | 2590566000000 | 2590178000000 | 2591098000000 | 2591391000000 | 2591096000000 | 2591428000000 | 2591623000000 | 2589853000000 | 2591706000000 | 2590420000000 | 2591253000000 | 2591187000000 | 2591004000000 | 2591542000000 | 2590989000000 | 2590577000000 | 2591516000000 | 2591444000000 | 2590917000000 | 2590770000000 | 2591556000000 | 2590470000000 | 2591237000000 | 2590821000000 | 2590963000000 | 2590203000000 | 2591338000000 | 2590806000000 | 2590979000000 | 2591069000000 | 2591167000000 | 2590668000000 | 2591308000000 | 2592054000000 | 2591026000000 | 2591676000000 |
|     MAX_CPU_CLOCK    |  FIXC2  | 1824752000000 | 1823065000000 | 1823062000000 | 1822642000000 | 1823021000000 | 1822411000000 | 1823191000000 | 1823009000000 | 1822609000000 | 1822651000000 | 1823431000000 | 1822860000000 | 1822078000000 | 1822495000000 | 1822277000000 | 1822738000000 | 1822837000000 | 1822688000000 | 1822915000000 | 1823521000000 | 1823043000000 | 1822951000000 | 1823027000000 | 1822877000000 | 1822873000000 | 1823405000000 | 1822301000000 | 1823057000000 | 1823004000000 | 1822892000000 | 1823030000000 | 1822930000000 | 1822505000000 | 1822720000000 | 1822555000000 | 1822296000000 | 1823011000000 | 1822657000000 | 1822214000000 | 1822390000000 | 1823054000000 | 1823249000000 | 1823362000000 | 1822909000000 | 1823093000000 | 1822930000000 | 1823162000000 | 1823709000000 | 1823057000000 | 1822859000000 | 1822878000000 | 1822702000000 | 1823101000000 | 1822721000000 | 1823011000000 | 1823015000000 | 1822667000000 | 1822217000000 | 1822583000000 | 1822393000000 | 1822519000000 | 1822828000000 | 1822157000000 | 1822864000000 | 1822739000000 | 1823168000000 | 1823122000000 | 1822589000000 | 1823333000000 | 1823114000000 | 1823235000000 | 1822770000000 | 1823150000000 | 1823369000000 | 1822857000000 | 1823284000000 | 1823085000000 | 1823104000000 | 1822701000000 | 1822977000000 | 1822439000000 | 1822343000000 | 1822687000000 | 1822445000000 | 1822488000000 | 1822524000000 | 1822863000000 | 1822591000000 | 1822480000000 | 1823025000000 | 1823211000000 | 1822852000000 | 1823211000000 | 1823024000000 | 1822986000000 | 1822808000000 | 1823972000000 | 1823992000000 | 1823897000000 | 1824306000000 | 1823952000000 | 1824218000000 | 1824174000000 | 1823492000000 | 1823501000000 | 1822756000000 | 1822669000000 | 1823820000000 | 1823567000000 | 1823506000000 | 1822908000000 | 1823541000000 | 1823786000000 | 1824076000000 | 1823648000000 | 1823664000000 | 1823883000000 | 1824195000000 | 1824225000000 | 1824058000000 | 1823826000000 | 1823052000000 | 1823572000000 | 1823729000000 | 1824391000000 | 1823835000000 | 1823802000000 | 1824062000000 | 1822914000000 | 1823870000000 | 1823439000000 | 1823150000000 | 1822533000000 | 1823068000000 | 1823126000000 | 1823533000000 | 1823957000000 | 1823895000000 | 1824352000000 | 1824257000000 | 1824605000000 | 1824680000000 | 1823756000000 | 1823819000000 | 1823416000000 | 1824582000000 | 1824265000000 | 1824129000000 | 1823879000000 | 1824336000000 | 1823823000000 | 1824361000000 | 1823556000000 | 1823205000000 | 1823285000000 | 1823312000000 | 1823262000000 | 1823176000000 | 1823815000000 | 1823993000000 | 1823628000000 | 1824026000000 | 1824155000000 | 1822919000000 | 1824063000000 | 1823382000000 | 1823637000000 | 1823745000000 | 1823592000000 | 1824125000000 | 1823720000000 | 1823398000000 | 1824076000000 | 1824026000000 | 1823598000000 | 1823547000000 | 1824066000000 | 1823285000000 | 1823912000000 | 1823394000000 | 1823605000000 | 1823192000000 | 1824006000000 | 1823541000000 | 1823524000000 | 1823675000000 | 1823855000000 | 1823391000000 | 1823966000000 | 1824165000000 | 1823782000000 | 1824125000000 |
| RETIRED_INSTRUCTIONS |   PMC0  | 1556702000000 | 1549054000000 | 1560912000000 | 1554780000000 | 1544754000000 | 1542978000000 | 1546189000000 | 1550858000000 | 1742819000000 | 1727003000000 | 1738489000000 | 1726926000000 | 1735768000000 | 1733387000000 | 1722193000000 | 1732030000000 | 1569419000000 | 1575053000000 | 1584560000000 | 1572755000000 | 1574096000000 | 1572920000000 | 1576067000000 | 1573252000000 | 1558992000000 | 1567239000000 | 1559017000000 | 1554930000000 | 1563134000000 | 1552631000000 | 1564464000000 | 1549847000000 | 1728567000000 | 1730076000000 | 1723850000000 | 1721393000000 | 1718940000000 | 1717237000000 | 1726028000000 | 1727876000000 | 1570034000000 | 1566233000000 | 1576727000000 | 1559221000000 | 1569564000000 | 1567903000000 | 1565006000000 | 1574467000000 | 1567255000000 | 1566400000000 | 1563313000000 | 1566805000000 | 1575578000000 | 1571279000000 | 1567057000000 | 1558558000000 | 1739533000000 | 1729351000000 | 1742731000000 | 1722486000000 | 1728955000000 | 1727432000000 | 1720463000000 | 1719346000000 | 1582213000000 | 1585353000000 | 1591008000000 | 1583754000000 | 1581630000000 | 1584588000000 | 1580753000000 | 1577124000000 | 1554769000000 | 1566176000000 | 1564094000000 | 1567538000000 | 1562356000000 | 1558092000000 | 1552696000000 | 1554987000000 | 1732924000000 | 1740854000000 | 1727039000000 | 1727971000000 | 1724027000000 | 1741487000000 | 1727992000000 | 1724441000000 | 1565249000000 | 1577465000000 | 1569475000000 | 1572183000000 | 1576177000000 | 1566057000000 | 1565789000000 | 1563948000000 | 1098909000000 | 1107134000000 | 1102958000000 | 1107530000000 | 1103019000000 | 1107391000000 | 1112216000000 | 1106318000000 | 1424350000000 | 1422563000000 | 1429565000000 | 1422442000000 | 1429199000000 | 1409272000000 | 1416458000000 | 1418373000000 | 1111360000000 | 1116266000000 | 1113443000000 | 1110091000000 | 1112492000000 | 1112209000000 | 1114396000000 | 1112164000000 | 1102381000000 | 1102065000000 | 1116323000000 | 1106890000000 | 1117396000000 | 1107096000000 | 1107969000000 | 1102899000000 | 1406543000000 | 1408922000000 | 1411387000000 | 1410356000000 | 1402814000000 | 1400170000000 | 1402133000000 | 1394661000000 | 1114850000000 | 1097683000000 | 1116003000000 | 1109613000000 | 1112217000000 | 1114773000000 | 1112191000000 | 1109929000000 | 1105779000000 | 1112412000000 | 1104490000000 | 1108750000000 | 1105336000000 | 1103484000000 | 1112748000000 | 1105156000000 | 1420732000000 | 1424297000000 | 1419688000000 | 1421987000000 | 1419508000000 | 1415809000000 | 1421179000000 | 1415326000000 | 1108896000000 | 1106933000000 | 1102321000000 | 1102801000000 | 1108880000000 | 1104255000000 | 1106007000000 | 1116838000000 | 1111105000000 | 1103315000000 | 1108498000000 | 1103320000000 | 1103079000000 | 1102509000000 | 1102932000000 | 1098203000000 | 1416464000000 | 1409548000000 | 1413821000000 | 1412353000000 | 1416000000000 | 1405596000000 | 1413074000000 | 1405459000000 | 1111755000000 | 1109073000000 | 1118632000000 | 1101293000000 | 1110785000000 | 1111121000000 | 1107048000000 | 1109556000000 |
|  CPU_CLOCKS_UNHALTED |   PMC1  | 2524533000000 | 2523484000000 | 2524703000000 | 2523177000000 | 2524022000000 | 2523587000000 | 2525502000000 | 2523714000000 | 2516465000000 | 2516151000000 | 2517376000000 | 2517964000000 | 2519483000000 | 2518553000000 | 2515200000000 | 2516691000000 | 2522808000000 | 2524394000000 | 2523540000000 | 2524757000000 | 2521702000000 | 2521195000000 | 2522254000000 | 2522029000000 | 2519392000000 | 2523942000000 | 2519881000000 | 2520516000000 | 2521586000000 | 2520788000000 | 2521709000000 | 2522764000000 | 2514967000000 | 2514731000000 | 2516863000000 | 2514820000000 | 2516420000000 | 2515864000000 | 2513736000000 | 2513843000000 | 2522351000000 | 2521550000000 | 2522659000000 | 2521388000000 | 2521692000000 | 2520670000000 | 2520108000000 | 2522621000000 | 2519787000000 | 2519883000000 | 2523128000000 | 2519282000000 | 2520486000000 | 2520791000000 | 2519836000000 | 2521220000000 | 2513462000000 | 2514421000000 | 2514462000000 | 2514520000000 | 2514530000000 | 2516145000000 | 2514357000000 | 2514100000000 | 2519532000000 | 2522015000000 | 2518964000000 | 2520288000000 | 2522030000000 | 2519698000000 | 2521829000000 | 2521915000000 | 2524480000000 | 2523567000000 | 2523368000000 | 2524997000000 | 2524373000000 | 2524068000000 | 2523174000000 | 2523849000000 | 2515707000000 | 2513441000000 | 2514063000000 | 2512784000000 | 2514250000000 | 2514547000000 | 2514394000000 | 2515505000000 | 2519376000000 | 2520900000000 | 2521160000000 | 2522524000000 | 2525579000000 | 2519776000000 | 2520308000000 | 2520308000000 | 2537810000000 | 2537841000000 | 2534355000000 | 2539789000000 | 2540942000000 | 2540460000000 | 2536121000000 | 2537628000000 | 2528885000000 | 2530230000000 | 2522915000000 | 2530243000000 | 2533420000000 | 2527088000000 | 2531399000000 | 2529343000000 | 2538448000000 | 2538691000000 | 2541164000000 | 2538862000000 | 2540341000000 | 2541889000000 | 2540645000000 | 2539798000000 | 2539690000000 | 2539128000000 | 2542404000000 | 2540202000000 | 2541088000000 | 2539920000000 | 2541707000000 | 2541060000000 | 2531683000000 | 2531820000000 | 2532333000000 | 2532208000000 | 2524928000000 | 2534440000000 | 2530129000000 | 2530923000000 | 2538509000000 | 2533970000000 | 2537714000000 | 2536594000000 | 2540834000000 | 2539839000000 | 2542494000000 | 2539299000000 | 2536380000000 | 2542173000000 | 2541076000000 | 2541153000000 | 2542695000000 | 2544908000000 | 2540550000000 | 2541669000000 | 2530336000000 | 2528967000000 | 2529813000000 | 2532014000000 | 2533077000000 | 2530422000000 | 2533329000000 | 2533551000000 | 2537311000000 | 2541337000000 | 2543250000000 | 2537721000000 | 2542380000000 | 2541699000000 | 2542829000000 | 2539647000000 | 2539410000000 | 2538384000000 | 2537598000000 | 2539942000000 | 2539435000000 | 2541307000000 | 2541743000000 | 2541253000000 | 2529883000000 | 2532272000000 | 2530411000000 | 2532369000000 | 2531362000000 | 2529281000000 | 2532239000000 | 2531748000000 | 2537891000000 | 2538685000000 | 2542341000000 | 2540808000000 | 2541297000000 | 2541592000000 | 2542486000000 | 2540795000000 |
|      CAS_CMD_RD      |  UMC0C0 |  252566300000 |             0 |             0 |             0 |             0 |             0 |             0 |             0 |             0 |             0 |             0 |             0 |             0 |             0 |             0 |             0 |             0 |             0 |             0 |             0 |             0 |             0 |             0 |             0 |             0 |             0 |             0 |             0 |             0 |             0 |             0 |             0 |             0 |             0 |             0 |             0 |             0 |             0 |             0 |             0 |             0 |             0 |             0 |             0 |             0 |             0 |             0 |             0 |             0 |             0 |             0 |             0 |             0 |             0 |             0 |             0 |             0 |             0 |             0 |             0 |             0 |             0 |             0 |             0 |             0 |             0 |             0 |             0 |             0 |             0 |             0 |             0 |             0 |             0 |             0 |             0 |             0 |             0 |             0 |             0 |             0 |             0 |             0 |             0 |             0 |             0 |             0 |             0 |             0 |             0 |             0 |             0 |             0 |             0 |             0 |             0 |   81999010000 |             0 |             0 |             0 |             0 |             0 |             0 |             0 |             0 |             0 |             0 |             0 |             0 |             0 |             0 |             0 |             0 |             0 |             0 |             0 |             0 |             0 |             0 |             0 |             0 |             0 |             0 |             0 |             0 |             0 |             0 |             0 |             0 |             0 |             0 |             0 |             0 |             0 |             0 |             0 |             0 |             0 |             0 |             0 |             0 |             0 |             0 |             0 |             0 |             0 |             0 |             0 |             0 |             0 |             0 |             0 |             0 |             0 |             0 |             0 |             0 |             0 |             0 |             0 |             0 |             0 |             0 |             0 |             0 |             0 |             0 |             0 |             0 |             0 |             0 |             0 |             0 |             0 |             0 |             0 |             0 |             0 |             0 |             0 |             0 |             0 |             0 |             0 |             0 |             0 |             0 |             0 |             0 |             0 |             0 |             0 |
|      CAS_CMD_WR      |  UMC0C1 |     416741600 |             0 |             0 |             0 |             0 |             0 |             0 |             0 |             0 |             0 |             0 |             0 |             0 |             0 |             0 |             0 |             0 |             0 |             0 |             0 |             0 |             0 |             0 |             0 |             0 |             0 |             0 |             0 |             0 |             0 |             0 |             0 |             0 |             0 |             0 |             0 |             0 |             0 |             0 |             0 |             0 |             0 |             0 |             0 |             0 |             0 |             0 |             0 |             0 |             0 |             0 |             0 |             0 |             0 |             0 |             0 |             0 |             0 |             0 |             0 |             0 |             0 |             0 |             0 |             0 |             0 |             0 |             0 |             0 |             0 |             0 |             0 |             0 |             0 |             0 |             0 |             0 |             0 |             0 |             0 |             0 |             0 |             0 |             0 |             0 |             0 |             0 |             0 |             0 |             0 |             0 |             0 |             0 |             0 |             0 |             0 |     346877900 |             0 |             0 |             0 |             0 |             0 |             0 |             0 |             0 |             0 |             0 |             0 |             0 |             0 |             0 |             0 |             0 |             0 |             0 |             0 |             0 |             0 |             0 |             0 |             0 |             0 |             0 |             0 |             0 |             0 |             0 |             0 |             0 |             0 |             0 |             0 |             0 |             0 |             0 |             0 |             0 |             0 |             0 |             0 |             0 |             0 |             0 |             0 |             0 |             0 |             0 |             0 |             0 |             0 |             0 |             0 |             0 |             0 |             0 |             0 |             0 |             0 |             0 |             0 |             0 |             0 |             0 |             0 |             0 |             0 |             0 |             0 |             0 |             0 |             0 |             0 |             0 |             0 |             0 |             0 |             0 |             0 |             0 |             0 |             0 |             0 |             0 |             0 |             0 |             0 |             0 |             0 |             0 |             0 |             0 |             0 |
|      CAS_CMD_RD      |  UMC1C0 |  252549600000 |             0 |             0 |             0 |             0 |             0 |             0 |             0 |             0 |             0 |             0 |             0 |             0 |             0 |             0 |             0 |             0 |             0 |             0 |             0 |             0 |             0 |             0 |             0 |             0 |             0 |             0 |             0 |             0 |             0 |             0 |             0 |             0 |             0 |             0 |             0 |             0 |             0 |             0 |             0 |             0 |             0 |             0 |             0 |             0 |             0 |             0 |             0 |             0 |             0 |             0 |             0 |             0 |             0 |             0 |             0 |             0 |             0 |             0 |             0 |             0 |             0 |             0 |             0 |             0 |             0 |             0 |             0 |             0 |             0 |             0 |             0 |             0 |             0 |             0 |             0 |             0 |             0 |             0 |             0 |             0 |             0 |             0 |             0 |             0 |             0 |             0 |             0 |             0 |             0 |             0 |             0 |             0 |             0 |             0 |             0 |   82305110000 |             0 |             0 |             0 |             0 |             0 |             0 |             0 |             0 |             0 |             0 |             0 |             0 |             0 |             0 |             0 |             0 |             0 |             0 |             0 |             0 |             0 |             0 |             0 |             0 |             0 |             0 |             0 |             0 |             0 |             0 |             0 |             0 |             0 |             0 |             0 |             0 |             0 |             0 |             0 |             0 |             0 |             0 |             0 |             0 |             0 |             0 |             0 |             0 |             0 |             0 |             0 |             0 |             0 |             0 |             0 |             0 |             0 |             0 |             0 |             0 |             0 |             0 |             0 |             0 |             0 |             0 |             0 |             0 |             0 |             0 |             0 |             0 |             0 |             0 |             0 |             0 |             0 |             0 |             0 |             0 |             0 |             0 |             0 |             0 |             0 |             0 |             0 |             0 |             0 |             0 |             0 |             0 |             0 |             0 |             0 |
|      CAS_CMD_WR      |  UMC1C1 |     406385200 |             0 |             0 |             0 |             0 |             0 |             0 |             0 |             0 |             0 |             0 |             0 |             0 |             0 |             0 |             0 |             0 |             0 |             0 |             0 |             0 |             0 |             0 |             0 |             0 |             0 |             0 |             0 |             0 |             0 |             0 |             0 |             0 |             0 |             0 |             0 |             0 |             0 |             0 |             0 |             0 |             0 |             0 |             0 |             0 |             0 |             0 |             0 |             0 |             0 |             0 |             0 |             0 |             0 |             0 |             0 |             0 |             0 |             0 |             0 |             0 |             0 |             0 |             0 |             0 |             0 |             0 |             0 |             0 |             0 |             0 |             0 |             0 |             0 |             0 |             0 |             0 |             0 |             0 |             0 |             0 |             0 |             0 |             0 |             0 |             0 |             0 |             0 |             0 |             0 |             0 |             0 |             0 |             0 |             0 |             0 |     342532400 |             0 |             0 |             0 |             0 |             0 |             0 |             0 |             0 |             0 |             0 |             0 |             0 |             0 |             0 |             0 |             0 |             0 |             0 |             0 |             0 |             0 |             0 |             0 |             0 |             0 |             0 |             0 |             0 |             0 |             0 |             0 |             0 |             0 |             0 |             0 |             0 |             0 |             0 |             0 |             0 |             0 |             0 |             0 |             0 |             0 |             0 |             0 |             0 |             0 |             0 |             0 |             0 |             0 |             0 |             0 |             0 |             0 |             0 |             0 |             0 |             0 |             0 |             0 |             0 |             0 |             0 |             0 |             0 |             0 |             0 |             0 |             0 |             0 |             0 |             0 |             0 |             0 |             0 |             0 |             0 |             0 |             0 |             0 |             0 |             0 |             0 |             0 |             0 |             0 |             0 |             0 |             0 |             0 |             0 |             0 |
|      CAS_CMD_RD      |  UMC2C0 |  253133600000 |             0 |             0 |             0 |             0 |             0 |             0 |             0 |             0 |             0 |             0 |             0 |             0 |             0 |             0 |             0 |             0 |             0 |             0 |             0 |             0 |             0 |             0 |             0 |             0 |             0 |             0 |             0 |             0 |             0 |             0 |             0 |             0 |             0 |             0 |             0 |             0 |             0 |             0 |             0 |             0 |             0 |             0 |             0 |             0 |             0 |             0 |             0 |             0 |             0 |             0 |             0 |             0 |             0 |             0 |             0 |             0 |             0 |             0 |             0 |             0 |             0 |             0 |             0 |             0 |             0 |             0 |             0 |             0 |             0 |             0 |             0 |             0 |             0 |             0 |             0 |             0 |             0 |             0 |             0 |             0 |             0 |             0 |             0 |             0 |             0 |             0 |             0 |             0 |             0 |             0 |             0 |             0 |             0 |             0 |             0 |   81919190000 |             0 |             0 |             0 |             0 |             0 |             0 |             0 |             0 |             0 |             0 |             0 |             0 |             0 |             0 |             0 |             0 |             0 |             0 |             0 |             0 |             0 |             0 |             0 |             0 |             0 |             0 |             0 |             0 |             0 |             0 |             0 |             0 |             0 |             0 |             0 |             0 |             0 |             0 |             0 |             0 |             0 |             0 |             0 |             0 |             0 |             0 |             0 |             0 |             0 |             0 |             0 |             0 |             0 |             0 |             0 |             0 |             0 |             0 |             0 |             0 |             0 |             0 |             0 |             0 |             0 |             0 |             0 |             0 |             0 |             0 |             0 |             0 |             0 |             0 |             0 |             0 |             0 |             0 |             0 |             0 |             0 |             0 |             0 |             0 |             0 |             0 |             0 |             0 |             0 |             0 |             0 |             0 |             0 |             0 |             0 |
|      CAS_CMD_WR      |  UMC2C1 |     421491700 |             0 |             0 |             0 |             0 |             0 |             0 |             0 |             0 |             0 |             0 |             0 |             0 |             0 |             0 |             0 |             0 |             0 |             0 |             0 |             0 |             0 |             0 |             0 |             0 |             0 |             0 |             0 |             0 |             0 |             0 |             0 |             0 |             0 |             0 |             0 |             0 |             0 |             0 |             0 |             0 |             0 |             0 |             0 |             0 |             0 |             0 |             0 |             0 |             0 |             0 |             0 |             0 |             0 |             0 |             0 |             0 |             0 |             0 |             0 |             0 |             0 |             0 |             0 |             0 |             0 |             0 |             0 |             0 |             0 |             0 |             0 |             0 |             0 |             0 |             0 |             0 |             0 |             0 |             0 |             0 |             0 |             0 |             0 |             0 |             0 |             0 |             0 |             0 |             0 |             0 |             0 |             0 |             0 |             0 |             0 |     340781100 |             0 |             0 |             0 |             0 |             0 |             0 |             0 |             0 |             0 |             0 |             0 |             0 |             0 |             0 |             0 |             0 |             0 |             0 |             0 |             0 |             0 |             0 |             0 |             0 |             0 |             0 |             0 |             0 |             0 |             0 |             0 |             0 |             0 |             0 |             0 |             0 |             0 |             0 |             0 |             0 |             0 |             0 |             0 |             0 |             0 |             0 |             0 |             0 |             0 |             0 |             0 |             0 |             0 |             0 |             0 |             0 |             0 |             0 |             0 |             0 |             0 |             0 |             0 |             0 |             0 |             0 |             0 |             0 |             0 |             0 |             0 |             0 |             0 |             0 |             0 |             0 |             0 |             0 |             0 |             0 |             0 |             0 |             0 |             0 |             0 |             0 |             0 |             0 |             0 |             0 |             0 |             0 |             0 |             0 |             0 |
|      CAS_CMD_RD      |  UMC3C0 |  252389300000 |             0 |             0 |             0 |             0 |             0 |             0 |             0 |             0 |             0 |             0 |             0 |             0 |             0 |             0 |             0 |             0 |             0 |             0 |             0 |             0 |             0 |             0 |             0 |             0 |             0 |             0 |             0 |             0 |             0 |             0 |             0 |             0 |             0 |             0 |             0 |             0 |             0 |             0 |             0 |             0 |             0 |             0 |             0 |             0 |             0 |             0 |             0 |             0 |             0 |             0 |             0 |             0 |             0 |             0 |             0 |             0 |             0 |             0 |             0 |             0 |             0 |             0 |             0 |             0 |             0 |             0 |             0 |             0 |             0 |             0 |             0 |             0 |             0 |             0 |             0 |             0 |             0 |             0 |             0 |             0 |             0 |             0 |             0 |             0 |             0 |             0 |             0 |             0 |             0 |             0 |             0 |             0 |             0 |             0 |             0 |   81758690000 |             0 |             0 |             0 |             0 |             0 |             0 |             0 |             0 |             0 |             0 |             0 |             0 |             0 |             0 |             0 |             0 |             0 |             0 |             0 |             0 |             0 |             0 |             0 |             0 |             0 |             0 |             0 |             0 |             0 |             0 |             0 |             0 |             0 |             0 |             0 |             0 |             0 |             0 |             0 |             0 |             0 |             0 |             0 |             0 |             0 |             0 |             0 |             0 |             0 |             0 |             0 |             0 |             0 |             0 |             0 |             0 |             0 |             0 |             0 |             0 |             0 |             0 |             0 |             0 |             0 |             0 |             0 |             0 |             0 |             0 |             0 |             0 |             0 |             0 |             0 |             0 |             0 |             0 |             0 |             0 |             0 |             0 |             0 |             0 |             0 |             0 |             0 |             0 |             0 |             0 |             0 |             0 |             0 |             0 |             0 |
|      CAS_CMD_WR      |  UMC3C1 |     419402600 |             0 |             0 |             0 |             0 |             0 |             0 |             0 |             0 |             0 |             0 |             0 |             0 |             0 |             0 |             0 |             0 |             0 |             0 |             0 |             0 |             0 |             0 |             0 |             0 |             0 |             0 |             0 |             0 |             0 |             0 |             0 |             0 |             0 |             0 |             0 |             0 |             0 |             0 |             0 |             0 |             0 |             0 |             0 |             0 |             0 |             0 |             0 |             0 |             0 |             0 |             0 |             0 |             0 |             0 |             0 |             0 |             0 |             0 |             0 |             0 |             0 |             0 |             0 |             0 |             0 |             0 |             0 |             0 |             0 |             0 |             0 |             0 |             0 |             0 |             0 |             0 |             0 |             0 |             0 |             0 |             0 |             0 |             0 |             0 |             0 |             0 |             0 |             0 |             0 |             0 |             0 |             0 |             0 |             0 |             0 |     345983800 |             0 |             0 |             0 |             0 |             0 |             0 |             0 |             0 |             0 |             0 |             0 |             0 |             0 |             0 |             0 |             0 |             0 |             0 |             0 |             0 |             0 |             0 |             0 |             0 |             0 |             0 |             0 |             0 |             0 |             0 |             0 |             0 |             0 |             0 |             0 |             0 |             0 |             0 |             0 |             0 |             0 |             0 |             0 |             0 |             0 |             0 |             0 |             0 |             0 |             0 |             0 |             0 |             0 |             0 |             0 |             0 |             0 |             0 |             0 |             0 |             0 |             0 |             0 |             0 |             0 |             0 |             0 |             0 |             0 |             0 |             0 |             0 |             0 |             0 |             0 |             0 |             0 |             0 |             0 |             0 |             0 |             0 |             0 |             0 |             0 |             0 |             0 |             0 |             0 |             0 |             0 |             0 |             0 |             0 |             0 |
|      CAS_CMD_RD      |  UMC4C0 |  252363900000 |             0 |             0 |             0 |             0 |             0 |             0 |             0 |             0 |             0 |             0 |             0 |             0 |             0 |             0 |             0 |             0 |             0 |             0 |             0 |             0 |             0 |             0 |             0 |             0 |             0 |             0 |             0 |             0 |             0 |             0 |             0 |             0 |             0 |             0 |             0 |             0 |             0 |             0 |             0 |             0 |             0 |             0 |             0 |             0 |             0 |             0 |             0 |             0 |             0 |             0 |             0 |             0 |             0 |             0 |             0 |             0 |             0 |             0 |             0 |             0 |             0 |             0 |             0 |             0 |             0 |             0 |             0 |             0 |             0 |             0 |             0 |             0 |             0 |             0 |             0 |             0 |             0 |             0 |             0 |             0 |             0 |             0 |             0 |             0 |             0 |             0 |             0 |             0 |             0 |             0 |             0 |             0 |             0 |             0 |             0 |   82069580000 |             0 |             0 |             0 |             0 |             0 |             0 |             0 |             0 |             0 |             0 |             0 |             0 |             0 |             0 |             0 |             0 |             0 |             0 |             0 |             0 |             0 |             0 |             0 |             0 |             0 |             0 |             0 |             0 |             0 |             0 |             0 |             0 |             0 |             0 |             0 |             0 |             0 |             0 |             0 |             0 |             0 |             0 |             0 |             0 |             0 |             0 |             0 |             0 |             0 |             0 |             0 |             0 |             0 |             0 |             0 |             0 |             0 |             0 |             0 |             0 |             0 |             0 |             0 |             0 |             0 |             0 |             0 |             0 |             0 |             0 |             0 |             0 |             0 |             0 |             0 |             0 |             0 |             0 |             0 |             0 |             0 |             0 |             0 |             0 |             0 |             0 |             0 |             0 |             0 |             0 |             0 |             0 |             0 |             0 |             0 |
|      CAS_CMD_WR      |  UMC4C1 |     402304300 |             0 |             0 |             0 |             0 |             0 |             0 |             0 |             0 |             0 |             0 |             0 |             0 |             0 |             0 |             0 |             0 |             0 |             0 |             0 |             0 |             0 |             0 |             0 |             0 |             0 |             0 |             0 |             0 |             0 |             0 |             0 |             0 |             0 |             0 |             0 |             0 |             0 |             0 |             0 |             0 |             0 |             0 |             0 |             0 |             0 |             0 |             0 |             0 |             0 |             0 |             0 |             0 |             0 |             0 |             0 |             0 |             0 |             0 |             0 |             0 |             0 |             0 |             0 |             0 |             0 |             0 |             0 |             0 |             0 |             0 |             0 |             0 |             0 |             0 |             0 |             0 |             0 |             0 |             0 |             0 |             0 |             0 |             0 |             0 |             0 |             0 |             0 |             0 |             0 |             0 |             0 |             0 |             0 |             0 |             0 |     344373200 |             0 |             0 |             0 |             0 |             0 |             0 |             0 |             0 |             0 |             0 |             0 |             0 |             0 |             0 |             0 |             0 |             0 |             0 |             0 |             0 |             0 |             0 |             0 |             0 |             0 |             0 |             0 |             0 |             0 |             0 |             0 |             0 |             0 |             0 |             0 |             0 |             0 |             0 |             0 |             0 |             0 |             0 |             0 |             0 |             0 |             0 |             0 |             0 |             0 |             0 |             0 |             0 |             0 |             0 |             0 |             0 |             0 |             0 |             0 |             0 |             0 |             0 |             0 |             0 |             0 |             0 |             0 |             0 |             0 |             0 |             0 |             0 |             0 |             0 |             0 |             0 |             0 |             0 |             0 |             0 |             0 |             0 |             0 |             0 |             0 |             0 |             0 |             0 |             0 |             0 |             0 |             0 |             0 |             0 |             0 |
|      CAS_CMD_RD      |  UMC5C0 |  252824400000 |             0 |             0 |             0 |             0 |             0 |             0 |             0 |             0 |             0 |             0 |             0 |             0 |             0 |             0 |             0 |             0 |             0 |             0 |             0 |             0 |             0 |             0 |             0 |             0 |             0 |             0 |             0 |             0 |             0 |             0 |             0 |             0 |             0 |             0 |             0 |             0 |             0 |             0 |             0 |             0 |             0 |             0 |             0 |             0 |             0 |             0 |             0 |             0 |             0 |             0 |             0 |             0 |             0 |             0 |             0 |             0 |             0 |             0 |             0 |             0 |             0 |             0 |             0 |             0 |             0 |             0 |             0 |             0 |             0 |             0 |             0 |             0 |             0 |             0 |             0 |             0 |             0 |             0 |             0 |             0 |             0 |             0 |             0 |             0 |             0 |             0 |             0 |             0 |             0 |             0 |             0 |             0 |             0 |             0 |             0 |   82080640000 |             0 |             0 |             0 |             0 |             0 |             0 |             0 |             0 |             0 |             0 |             0 |             0 |             0 |             0 |             0 |             0 |             0 |             0 |             0 |             0 |             0 |             0 |             0 |             0 |             0 |             0 |             0 |             0 |             0 |             0 |             0 |             0 |             0 |             0 |             0 |             0 |             0 |             0 |             0 |             0 |             0 |             0 |             0 |             0 |             0 |             0 |             0 |             0 |             0 |             0 |             0 |             0 |             0 |             0 |             0 |             0 |             0 |             0 |             0 |             0 |             0 |             0 |             0 |             0 |             0 |             0 |             0 |             0 |             0 |             0 |             0 |             0 |             0 |             0 |             0 |             0 |             0 |             0 |             0 |             0 |             0 |             0 |             0 |             0 |             0 |             0 |             0 |             0 |             0 |             0 |             0 |             0 |             0 |             0 |             0 |
|      CAS_CMD_WR      |  UMC5C1 |     413335100 |             0 |             0 |             0 |             0 |             0 |             0 |             0 |             0 |             0 |             0 |             0 |             0 |             0 |             0 |             0 |             0 |             0 |             0 |             0 |             0 |             0 |             0 |             0 |             0 |             0 |             0 |             0 |             0 |             0 |             0 |             0 |             0 |             0 |             0 |             0 |             0 |             0 |             0 |             0 |             0 |             0 |             0 |             0 |             0 |             0 |             0 |             0 |             0 |             0 |             0 |             0 |             0 |             0 |             0 |             0 |             0 |             0 |             0 |             0 |             0 |             0 |             0 |             0 |             0 |             0 |             0 |             0 |             0 |             0 |             0 |             0 |             0 |             0 |             0 |             0 |             0 |             0 |             0 |             0 |             0 |             0 |             0 |             0 |             0 |             0 |             0 |             0 |             0 |             0 |             0 |             0 |             0 |             0 |             0 |             0 |     344338200 |             0 |             0 |             0 |             0 |             0 |             0 |             0 |             0 |             0 |             0 |             0 |             0 |             0 |             0 |             0 |             0 |             0 |             0 |             0 |             0 |             0 |             0 |             0 |             0 |             0 |             0 |             0 |             0 |             0 |             0 |             0 |             0 |             0 |             0 |             0 |             0 |             0 |             0 |             0 |             0 |             0 |             0 |             0 |             0 |             0 |             0 |             0 |             0 |             0 |             0 |             0 |             0 |             0 |             0 |             0 |             0 |             0 |             0 |             0 |             0 |             0 |             0 |             0 |             0 |             0 |             0 |             0 |             0 |             0 |             0 |             0 |             0 |             0 |             0 |             0 |             0 |             0 |             0 |             0 |             0 |             0 |             0 |             0 |             0 |             0 |             0 |             0 |             0 |             0 |             0 |             0 |             0 |             0 |             0 |             0 |
|      CAS_CMD_RD      |  UMC6C0 |  252558900000 |             0 |             0 |             0 |             0 |             0 |             0 |             0 |             0 |             0 |             0 |             0 |             0 |             0 |             0 |             0 |             0 |             0 |             0 |             0 |             0 |             0 |             0 |             0 |             0 |             0 |             0 |             0 |             0 |             0 |             0 |             0 |             0 |             0 |             0 |             0 |             0 |             0 |             0 |             0 |             0 |             0 |             0 |             0 |             0 |             0 |             0 |             0 |             0 |             0 |             0 |             0 |             0 |             0 |             0 |             0 |             0 |             0 |             0 |             0 |             0 |             0 |             0 |             0 |             0 |             0 |             0 |             0 |             0 |             0 |             0 |             0 |             0 |             0 |             0 |             0 |             0 |             0 |             0 |             0 |             0 |             0 |             0 |             0 |             0 |             0 |             0 |             0 |             0 |             0 |             0 |             0 |             0 |             0 |             0 |             0 |   82195730000 |             0 |             0 |             0 |             0 |             0 |             0 |             0 |             0 |             0 |             0 |             0 |             0 |             0 |             0 |             0 |             0 |             0 |             0 |             0 |             0 |             0 |             0 |             0 |             0 |             0 |             0 |             0 |             0 |             0 |             0 |             0 |             0 |             0 |             0 |             0 |             0 |             0 |             0 |             0 |             0 |             0 |             0 |             0 |             0 |             0 |             0 |             0 |             0 |             0 |             0 |             0 |             0 |             0 |             0 |             0 |             0 |             0 |             0 |             0 |             0 |             0 |             0 |             0 |             0 |             0 |             0 |             0 |             0 |             0 |             0 |             0 |             0 |             0 |             0 |             0 |             0 |             0 |             0 |             0 |             0 |             0 |             0 |             0 |             0 |             0 |             0 |             0 |             0 |             0 |             0 |             0 |             0 |             0 |             0 |             0 |
|      CAS_CMD_WR      |  UMC6C1 |     421139100 |             0 |             0 |             0 |             0 |             0 |             0 |             0 |             0 |             0 |             0 |             0 |             0 |             0 |             0 |             0 |             0 |             0 |             0 |             0 |             0 |             0 |             0 |             0 |             0 |             0 |             0 |             0 |             0 |             0 |             0 |             0 |             0 |             0 |             0 |             0 |             0 |             0 |             0 |             0 |             0 |             0 |             0 |             0 |             0 |             0 |             0 |             0 |             0 |             0 |             0 |             0 |             0 |             0 |             0 |             0 |             0 |             0 |             0 |             0 |             0 |             0 |             0 |             0 |             0 |             0 |             0 |             0 |             0 |             0 |             0 |             0 |             0 |             0 |             0 |             0 |             0 |             0 |             0 |             0 |             0 |             0 |             0 |             0 |             0 |             0 |             0 |             0 |             0 |             0 |             0 |             0 |             0 |             0 |             0 |             0 |     346373000 |             0 |             0 |             0 |             0 |             0 |             0 |             0 |             0 |             0 |             0 |             0 |             0 |             0 |             0 |             0 |             0 |             0 |             0 |             0 |             0 |             0 |             0 |             0 |             0 |             0 |             0 |             0 |             0 |             0 |             0 |             0 |             0 |             0 |             0 |             0 |             0 |             0 |             0 |             0 |             0 |             0 |             0 |             0 |             0 |             0 |             0 |             0 |             0 |             0 |             0 |             0 |             0 |             0 |             0 |             0 |             0 |             0 |             0 |             0 |             0 |             0 |             0 |             0 |             0 |             0 |             0 |             0 |             0 |             0 |             0 |             0 |             0 |             0 |             0 |             0 |             0 |             0 |             0 |             0 |             0 |             0 |             0 |             0 |             0 |             0 |             0 |             0 |             0 |             0 |             0 |             0 |             0 |             0 |             0 |             0 |
|      CAS_CMD_RD      |  UMC7C0 |  252385000000 |             0 |             0 |             0 |             0 |             0 |             0 |             0 |             0 |             0 |             0 |             0 |             0 |             0 |             0 |             0 |             0 |             0 |             0 |             0 |             0 |             0 |             0 |             0 |             0 |             0 |             0 |             0 |             0 |             0 |             0 |             0 |             0 |             0 |             0 |             0 |             0 |             0 |             0 |             0 |             0 |             0 |             0 |             0 |             0 |             0 |             0 |             0 |             0 |             0 |             0 |             0 |             0 |             0 |             0 |             0 |             0 |             0 |             0 |             0 |             0 |             0 |             0 |             0 |             0 |             0 |             0 |             0 |             0 |             0 |             0 |             0 |             0 |             0 |             0 |             0 |             0 |             0 |             0 |             0 |             0 |             0 |             0 |             0 |             0 |             0 |             0 |             0 |             0 |             0 |             0 |             0 |             0 |             0 |             0 |             0 |   82235860000 |             0 |             0 |             0 |             0 |             0 |             0 |             0 |             0 |             0 |             0 |             0 |             0 |             0 |             0 |             0 |             0 |             0 |             0 |             0 |             0 |             0 |             0 |             0 |             0 |             0 |             0 |             0 |             0 |             0 |             0 |             0 |             0 |             0 |             0 |             0 |             0 |             0 |             0 |             0 |             0 |             0 |             0 |             0 |             0 |             0 |             0 |             0 |             0 |             0 |             0 |             0 |             0 |             0 |             0 |             0 |             0 |             0 |             0 |             0 |             0 |             0 |             0 |             0 |             0 |             0 |             0 |             0 |             0 |             0 |             0 |             0 |             0 |             0 |             0 |             0 |             0 |             0 |             0 |             0 |             0 |             0 |             0 |             0 |             0 |             0 |             0 |             0 |             0 |             0 |             0 |             0 |             0 |             0 |             0 |             0 |
|      CAS_CMD_WR      |  UMC7C1 |     419368100 |             0 |             0 |             0 |             0 |             0 |             0 |             0 |             0 |             0 |             0 |             0 |             0 |             0 |             0 |             0 |             0 |             0 |             0 |             0 |             0 |             0 |             0 |             0 |             0 |             0 |             0 |             0 |             0 |             0 |             0 |             0 |             0 |             0 |             0 |             0 |             0 |             0 |             0 |             0 |             0 |             0 |             0 |             0 |             0 |             0 |             0 |             0 |             0 |             0 |             0 |             0 |             0 |             0 |             0 |             0 |             0 |             0 |             0 |             0 |             0 |             0 |             0 |             0 |             0 |             0 |             0 |             0 |             0 |             0 |             0 |             0 |             0 |             0 |             0 |             0 |             0 |             0 |             0 |             0 |             0 |             0 |             0 |             0 |             0 |             0 |             0 |             0 |             0 |             0 |             0 |             0 |             0 |             0 |             0 |             0 |     343214500 |             0 |             0 |             0 |             0 |             0 |             0 |             0 |             0 |             0 |             0 |             0 |             0 |             0 |             0 |             0 |             0 |             0 |             0 |             0 |             0 |             0 |             0 |             0 |             0 |             0 |             0 |             0 |             0 |             0 |             0 |             0 |             0 |             0 |             0 |             0 |             0 |             0 |             0 |             0 |             0 |             0 |             0 |             0 |             0 |             0 |             0 |             0 |             0 |             0 |             0 |             0 |             0 |             0 |             0 |             0 |             0 |             0 |             0 |             0 |             0 |             0 |             0 |             0 |             0 |             0 |             0 |             0 |             0 |             0 |             0 |             0 |             0 |             0 |             0 |             0 |             0 |             0 |             0 |             0 |             0 |             0 |             0 |             0 |             0 |             0 |             0 |             0 |             0 |             0 |             0 |             0 |             0 |             0 |             0 |             0 |
|      CAS_CMD_RD      |  UMC8C0 |  252221100000 |             0 |             0 |             0 |             0 |             0 |             0 |             0 |             0 |             0 |             0 |             0 |             0 |             0 |             0 |             0 |             0 |             0 |             0 |             0 |             0 |             0 |             0 |             0 |             0 |             0 |             0 |             0 |             0 |             0 |             0 |             0 |             0 |             0 |             0 |             0 |             0 |             0 |             0 |             0 |             0 |             0 |             0 |             0 |             0 |             0 |             0 |             0 |             0 |             0 |             0 |             0 |             0 |             0 |             0 |             0 |             0 |             0 |             0 |             0 |             0 |             0 |             0 |             0 |             0 |             0 |             0 |             0 |             0 |             0 |             0 |             0 |             0 |             0 |             0 |             0 |             0 |             0 |             0 |             0 |             0 |             0 |             0 |             0 |             0 |             0 |             0 |             0 |             0 |             0 |             0 |             0 |             0 |             0 |             0 |             0 |   82168790000 |             0 |             0 |             0 |             0 |             0 |             0 |             0 |             0 |             0 |             0 |             0 |             0 |             0 |             0 |             0 |             0 |             0 |             0 |             0 |             0 |             0 |             0 |             0 |             0 |             0 |             0 |             0 |             0 |             0 |             0 |             0 |             0 |             0 |             0 |             0 |             0 |             0 |             0 |             0 |             0 |             0 |             0 |             0 |             0 |             0 |             0 |             0 |             0 |             0 |             0 |             0 |             0 |             0 |             0 |             0 |             0 |             0 |             0 |             0 |             0 |             0 |             0 |             0 |             0 |             0 |             0 |             0 |             0 |             0 |             0 |             0 |             0 |             0 |             0 |             0 |             0 |             0 |             0 |             0 |             0 |             0 |             0 |             0 |             0 |             0 |             0 |             0 |             0 |             0 |             0 |             0 |             0 |             0 |             0 |             0 |
|      CAS_CMD_WR      |  UMC8C1 |     416091800 |             0 |             0 |             0 |             0 |             0 |             0 |             0 |             0 |             0 |             0 |             0 |             0 |             0 |             0 |             0 |             0 |             0 |             0 |             0 |             0 |             0 |             0 |             0 |             0 |             0 |             0 |             0 |             0 |             0 |             0 |             0 |             0 |             0 |             0 |             0 |             0 |             0 |             0 |             0 |             0 |             0 |             0 |             0 |             0 |             0 |             0 |             0 |             0 |             0 |             0 |             0 |             0 |             0 |             0 |             0 |             0 |             0 |             0 |             0 |             0 |             0 |             0 |             0 |             0 |             0 |             0 |             0 |             0 |             0 |             0 |             0 |             0 |             0 |             0 |             0 |             0 |             0 |             0 |             0 |             0 |             0 |             0 |             0 |             0 |             0 |             0 |             0 |             0 |             0 |             0 |             0 |             0 |             0 |             0 |             0 |     340280300 |             0 |             0 |             0 |             0 |             0 |             0 |             0 |             0 |             0 |             0 |             0 |             0 |             0 |             0 |             0 |             0 |             0 |             0 |             0 |             0 |             0 |             0 |             0 |             0 |             0 |             0 |             0 |             0 |             0 |             0 |             0 |             0 |             0 |             0 |             0 |             0 |             0 |             0 |             0 |             0 |             0 |             0 |             0 |             0 |             0 |             0 |             0 |             0 |             0 |             0 |             0 |             0 |             0 |             0 |             0 |             0 |             0 |             0 |             0 |             0 |             0 |             0 |             0 |             0 |             0 |             0 |             0 |             0 |             0 |             0 |             0 |             0 |             0 |             0 |             0 |             0 |             0 |             0 |             0 |             0 |             0 |             0 |             0 |             0 |             0 |             0 |             0 |             0 |             0 |             0 |             0 |             0 |             0 |             0 |             0 |
|      CAS_CMD_RD      |  UMC9C0 |  252897000000 |             0 |             0 |             0 |             0 |             0 |             0 |             0 |             0 |             0 |             0 |             0 |             0 |             0 |             0 |             0 |             0 |             0 |             0 |             0 |             0 |             0 |             0 |             0 |             0 |             0 |             0 |             0 |             0 |             0 |             0 |             0 |             0 |             0 |             0 |             0 |             0 |             0 |             0 |             0 |             0 |             0 |             0 |             0 |             0 |             0 |             0 |             0 |             0 |             0 |             0 |             0 |             0 |             0 |             0 |             0 |             0 |             0 |             0 |             0 |             0 |             0 |             0 |             0 |             0 |             0 |             0 |             0 |             0 |             0 |             0 |             0 |             0 |             0 |             0 |             0 |             0 |             0 |             0 |             0 |             0 |             0 |             0 |             0 |             0 |             0 |             0 |             0 |             0 |             0 |             0 |             0 |             0 |             0 |             0 |             0 |   82072310000 |             0 |             0 |             0 |             0 |             0 |             0 |             0 |             0 |             0 |             0 |             0 |             0 |             0 |             0 |             0 |             0 |             0 |             0 |             0 |             0 |             0 |             0 |             0 |             0 |             0 |             0 |             0 |             0 |             0 |             0 |             0 |             0 |             0 |             0 |             0 |             0 |             0 |             0 |             0 |             0 |             0 |             0 |             0 |             0 |             0 |             0 |             0 |             0 |             0 |             0 |             0 |             0 |             0 |             0 |             0 |             0 |             0 |             0 |             0 |             0 |             0 |             0 |             0 |             0 |             0 |             0 |             0 |             0 |             0 |             0 |             0 |             0 |             0 |             0 |             0 |             0 |             0 |             0 |             0 |             0 |             0 |             0 |             0 |             0 |             0 |             0 |             0 |             0 |             0 |             0 |             0 |             0 |             0 |             0 |             0 |
|      CAS_CMD_WR      |  UMC9C1 |     414714100 |             0 |             0 |             0 |             0 |             0 |             0 |             0 |             0 |             0 |             0 |             0 |             0 |             0 |             0 |             0 |             0 |             0 |             0 |             0 |             0 |             0 |             0 |             0 |             0 |             0 |             0 |             0 |             0 |             0 |             0 |             0 |             0 |             0 |             0 |             0 |             0 |             0 |             0 |             0 |             0 |             0 |             0 |             0 |             0 |             0 |             0 |             0 |             0 |             0 |             0 |             0 |             0 |             0 |             0 |             0 |             0 |             0 |             0 |             0 |             0 |             0 |             0 |             0 |             0 |             0 |             0 |             0 |             0 |             0 |             0 |             0 |             0 |             0 |             0 |             0 |             0 |             0 |             0 |             0 |             0 |             0 |             0 |             0 |             0 |             0 |             0 |             0 |             0 |             0 |             0 |             0 |             0 |             0 |             0 |             0 |     348132000 |             0 |             0 |             0 |             0 |             0 |             0 |             0 |             0 |             0 |             0 |             0 |             0 |             0 |             0 |             0 |             0 |             0 |             0 |             0 |             0 |             0 |             0 |             0 |             0 |             0 |             0 |             0 |             0 |             0 |             0 |             0 |             0 |             0 |             0 |             0 |             0 |             0 |             0 |             0 |             0 |             0 |             0 |             0 |             0 |             0 |             0 |             0 |             0 |             0 |             0 |             0 |             0 |             0 |             0 |             0 |             0 |             0 |             0 |             0 |             0 |             0 |             0 |             0 |             0 |             0 |             0 |             0 |             0 |             0 |             0 |             0 |             0 |             0 |             0 |             0 |             0 |             0 |             0 |             0 |             0 |             0 |             0 |             0 |             0 |             0 |             0 |             0 |             0 |             0 |             0 |             0 |             0 |             0 |             0 |             0 |
|      CAS_CMD_RD      | UMC10C0 |  252987300000 |             0 |             0 |             0 |             0 |             0 |             0 |             0 |             0 |             0 |             0 |             0 |             0 |             0 |             0 |             0 |             0 |             0 |             0 |             0 |             0 |             0 |             0 |             0 |             0 |             0 |             0 |             0 |             0 |             0 |             0 |             0 |             0 |             0 |             0 |             0 |             0 |             0 |             0 |             0 |             0 |             0 |             0 |             0 |             0 |             0 |             0 |             0 |             0 |             0 |             0 |             0 |             0 |             0 |             0 |             0 |             0 |             0 |             0 |             0 |             0 |             0 |             0 |             0 |             0 |             0 |             0 |             0 |             0 |             0 |             0 |             0 |             0 |             0 |             0 |             0 |             0 |             0 |             0 |             0 |             0 |             0 |             0 |             0 |             0 |             0 |             0 |             0 |             0 |             0 |             0 |             0 |             0 |             0 |             0 |             0 |   82120340000 |             0 |             0 |             0 |             0 |             0 |             0 |             0 |             0 |             0 |             0 |             0 |             0 |             0 |             0 |             0 |             0 |             0 |             0 |             0 |             0 |             0 |             0 |             0 |             0 |             0 |             0 |             0 |             0 |             0 |             0 |             0 |             0 |             0 |             0 |             0 |             0 |             0 |             0 |             0 |             0 |             0 |             0 |             0 |             0 |             0 |             0 |             0 |             0 |             0 |             0 |             0 |             0 |             0 |             0 |             0 |             0 |             0 |             0 |             0 |             0 |             0 |             0 |             0 |             0 |             0 |             0 |             0 |             0 |             0 |             0 |             0 |             0 |             0 |             0 |             0 |             0 |             0 |             0 |             0 |             0 |             0 |             0 |             0 |             0 |             0 |             0 |             0 |             0 |             0 |             0 |             0 |             0 |             0 |             0 |             0 |
|      CAS_CMD_WR      | UMC10C1 |     412326400 |             0 |             0 |             0 |             0 |             0 |             0 |             0 |             0 |             0 |             0 |             0 |             0 |             0 |             0 |             0 |             0 |             0 |             0 |             0 |             0 |             0 |             0 |             0 |             0 |             0 |             0 |             0 |             0 |             0 |             0 |             0 |             0 |             0 |             0 |             0 |             0 |             0 |             0 |             0 |             0 |             0 |             0 |             0 |             0 |             0 |             0 |             0 |             0 |             0 |             0 |             0 |             0 |             0 |             0 |             0 |             0 |             0 |             0 |             0 |             0 |             0 |             0 |             0 |             0 |             0 |             0 |             0 |             0 |             0 |             0 |             0 |             0 |             0 |             0 |             0 |             0 |             0 |             0 |             0 |             0 |             0 |             0 |             0 |             0 |             0 |             0 |             0 |             0 |             0 |             0 |             0 |             0 |             0 |             0 |             0 |     346239500 |             0 |             0 |             0 |             0 |             0 |             0 |             0 |             0 |             0 |             0 |             0 |             0 |             0 |             0 |             0 |             0 |             0 |             0 |             0 |             0 |             0 |             0 |             0 |             0 |             0 |             0 |             0 |             0 |             0 |             0 |             0 |             0 |             0 |             0 |             0 |             0 |             0 |             0 |             0 |             0 |             0 |             0 |             0 |             0 |             0 |             0 |             0 |             0 |             0 |             0 |             0 |             0 |             0 |             0 |             0 |             0 |             0 |             0 |             0 |             0 |             0 |             0 |             0 |             0 |             0 |             0 |             0 |             0 |             0 |             0 |             0 |             0 |             0 |             0 |             0 |             0 |             0 |             0 |             0 |             0 |             0 |             0 |             0 |             0 |             0 |             0 |             0 |             0 |             0 |             0 |             0 |             0 |             0 |             0 |             0 |
|      CAS_CMD_RD      | UMC11C0 |  252945900000 |             0 |             0 |             0 |             0 |             0 |             0 |             0 |             0 |             0 |             0 |             0 |             0 |             0 |             0 |             0 |             0 |             0 |             0 |             0 |             0 |             0 |             0 |             0 |             0 |             0 |             0 |             0 |             0 |             0 |             0 |             0 |             0 |             0 |             0 |             0 |             0 |             0 |             0 |             0 |             0 |             0 |             0 |             0 |             0 |             0 |             0 |             0 |             0 |             0 |             0 |             0 |             0 |             0 |             0 |             0 |             0 |             0 |             0 |             0 |             0 |             0 |             0 |             0 |             0 |             0 |             0 |             0 |             0 |             0 |             0 |             0 |             0 |             0 |             0 |             0 |             0 |             0 |             0 |             0 |             0 |             0 |             0 |             0 |             0 |             0 |             0 |             0 |             0 |             0 |             0 |             0 |             0 |             0 |             0 |             0 |   81840610000 |             0 |             0 |             0 |             0 |             0 |             0 |             0 |             0 |             0 |             0 |             0 |             0 |             0 |             0 |             0 |             0 |             0 |             0 |             0 |             0 |             0 |             0 |             0 |             0 |             0 |             0 |             0 |             0 |             0 |             0 |             0 |             0 |             0 |             0 |             0 |             0 |             0 |             0 |             0 |             0 |             0 |             0 |             0 |             0 |             0 |             0 |             0 |             0 |             0 |             0 |             0 |             0 |             0 |             0 |             0 |             0 |             0 |             0 |             0 |             0 |             0 |             0 |             0 |             0 |             0 |             0 |             0 |             0 |             0 |             0 |             0 |             0 |             0 |             0 |             0 |             0 |             0 |             0 |             0 |             0 |             0 |             0 |             0 |             0 |             0 |             0 |             0 |             0 |             0 |             0 |             0 |             0 |             0 |             0 |             0 |
|      CAS_CMD_WR      | UMC11C1 |     422707000 |             0 |             0 |             0 |             0 |             0 |             0 |             0 |             0 |             0 |             0 |             0 |             0 |             0 |             0 |             0 |             0 |             0 |             0 |             0 |             0 |             0 |             0 |             0 |             0 |             0 |             0 |             0 |             0 |             0 |             0 |             0 |             0 |             0 |             0 |             0 |             0 |             0 |             0 |             0 |             0 |             0 |             0 |             0 |             0 |             0 |             0 |             0 |             0 |             0 |             0 |             0 |             0 |             0 |             0 |             0 |             0 |             0 |             0 |             0 |             0 |             0 |             0 |             0 |             0 |             0 |             0 |             0 |             0 |             0 |             0 |             0 |             0 |             0 |             0 |             0 |             0 |             0 |             0 |             0 |             0 |             0 |             0 |             0 |             0 |             0 |             0 |             0 |             0 |             0 |             0 |             0 |             0 |             0 |             0 |             0 |     343097900 |             0 |             0 |             0 |             0 |             0 |             0 |             0 |             0 |             0 |             0 |             0 |             0 |             0 |             0 |             0 |             0 |             0 |             0 |             0 |             0 |             0 |             0 |             0 |             0 |             0 |             0 |             0 |             0 |             0 |             0 |             0 |             0 |             0 |             0 |             0 |             0 |             0 |             0 |             0 |             0 |             0 |             0 |             0 |             0 |             0 |             0 |             0 |             0 |             0 |             0 |             0 |             0 |             0 |             0 |             0 |             0 |             0 |             0 |             0 |             0 |             0 |             0 |             0 |             0 |             0 |             0 |             0 |             0 |             0 |             0 |             0 |             0 |             0 |             0 |             0 |             0 |             0 |             0 |             0 |             0 |             0 |             0 |             0 |             0 |             0 |             0 |             0 |             0 |             0 |             0 |             0 |             0 |             0 |             0 |             0 |
+----------------------+---------+---------------+---------------+---------------+---------------+---------------+---------------+---------------+---------------+---------------+---------------+---------------+---------------+---------------+---------------+---------------+---------------+---------------+---------------+---------------+---------------+---------------+---------------+---------------+---------------+---------------+---------------+---------------+---------------+---------------+---------------+---------------+---------------+---------------+---------------+---------------+---------------+---------------+---------------+---------------+---------------+---------------+---------------+---------------+---------------+---------------+---------------+---------------+---------------+---------------+---------------+---------------+---------------+---------------+---------------+---------------+---------------+---------------+---------------+---------------+---------------+---------------+---------------+---------------+---------------+---------------+---------------+---------------+---------------+---------------+---------------+---------------+---------------+---------------+---------------+---------------+---------------+---------------+---------------+---------------+---------------+---------------+---------------+---------------+---------------+---------------+---------------+---------------+---------------+---------------+---------------+---------------+---------------+---------------+---------------+---------------+---------------+---------------+---------------+---------------+---------------+---------------+---------------+---------------+---------------+---------------+---------------+---------------+---------------+---------------+---------------+---------------+---------------+---------------+---------------+---------------+---------------+---------------+---------------+---------------+---------------+---------------+---------------+---------------+---------------+---------------+---------------+---------------+---------------+---------------+---------------+---------------+---------------+---------------+---------------+---------------+---------------+---------------+---------------+---------------+---------------+---------------+---------------+---------------+---------------+---------------+---------------+---------------+---------------+---------------+---------------+---------------+---------------+---------------+---------------+---------------+---------------+---------------+---------------+---------------+---------------+---------------+---------------+---------------+---------------+---------------+---------------+---------------+---------------+---------------+---------------+---------------+---------------+---------------+---------------+---------------+---------------+---------------+---------------+---------------+---------------+---------------+---------------+---------------+---------------+---------------+---------------+---------------+---------------+---------------+---------------+---------------+---------------+

+---------------------------+---------+-----------------+---------------+---------------+---------------+
|           Event           | Counter |       Sum       |      Min      |      Max      |      Avg      |
+---------------------------+---------+-----------------+---------------+---------------+---------------+
|   ACTUAL_CPU_CLOCK STAT   |  FIXC1  | 497033156000000 | 2585318000000 | 2592358000000 |  2.588714e+12 |
|     MAX_CPU_CLOCK STAT    |  FIXC2  | 350074150000000 | 1822078000000 | 1824752000000 |  1.823303e+12 |
| RETIRED_INSTRUCTIONS STAT |   PMC0  | 271778624000000 | 1097683000000 | 1742819000000 |  1.415514e+12 |
|  CPU_CLOCKS_UNHALTED STAT |   PMC1  | 485445366000000 | 2512784000000 | 2544908000000 | 2528361281250 |
|      CAS_CMD_RD STAT      |  UMC0C0 |    334565310000 |             0 |  252566300000 |  1.742528e+09 |
|      CAS_CMD_WR STAT      |  UMC0C1 |       763619500 |             0 |     416741600 |  3.977185e+06 |
|      CAS_CMD_RD STAT      |  UMC1C0 |    334854710000 |             0 |  252549600000 |  1.744035e+09 |
|      CAS_CMD_WR STAT      |  UMC1C1 |       748917600 |             0 |     406385200 |  3.900612e+06 |
|      CAS_CMD_RD STAT      |  UMC2C0 |    335052790000 |             0 |  253133600000 |  1.745067e+09 |
|      CAS_CMD_WR STAT      |  UMC2C1 |       762272800 |             0 |     421491700 |  3.970171e+06 |
|      CAS_CMD_RD STAT      |  UMC3C0 |    334147990000 |             0 |  252389300000 |  1.740354e+09 |
|      CAS_CMD_WR STAT      |  UMC3C1 |       765386400 |             0 |     419402600 |  3.986388e+06 |
|      CAS_CMD_RD STAT      |  UMC4C0 |    334433480000 |             0 |  252363900000 |  1.741841e+09 |
|      CAS_CMD_WR STAT      |  UMC4C1 |       746677500 |             0 |     402304300 |  3.888945e+06 |
|      CAS_CMD_RD STAT      |  UMC5C0 |    334905040000 |             0 |  252824400000 |  1.744297e+09 |
|      CAS_CMD_WR STAT      |  UMC5C1 |       757673300 |             0 |     413335100 |  3.946215e+06 |
|      CAS_CMD_RD STAT      |  UMC6C0 |    334754630000 |             0 |  252558900000 |  1.743514e+09 |
|      CAS_CMD_WR STAT      |  UMC6C1 |       767512100 |             0 |     421139100 |  3.997459e+06 |
|      CAS_CMD_RD STAT      |  UMC7C0 |    334620860000 |             0 |  252385000000 |  1.742817e+09 |
|      CAS_CMD_WR STAT      |  UMC7C1 |       762582600 |             0 |     419368100 |  3.971784e+06 |
|      CAS_CMD_RD STAT      |  UMC8C0 |    334389890000 |             0 |  252221100000 |  1.741614e+09 |
|      CAS_CMD_WR STAT      |  UMC8C1 |       756372100 |             0 |     416091800 |  3.939438e+06 |
|      CAS_CMD_RD STAT      |  UMC9C0 |    334969310000 |             0 |  252897000000 |  1.744632e+09 |
|      CAS_CMD_WR STAT      |  UMC9C1 |       762846100 |             0 |     414714100 |  3.973157e+06 |
|      CAS_CMD_RD STAT      | UMC10C0 |    335107640000 |             0 |  252987300000 |  1.745352e+09 |
|      CAS_CMD_WR STAT      | UMC10C1 |       758565900 |             0 |     412326400 |  3.950864e+06 |
|      CAS_CMD_RD STAT      | UMC11C0 |    334786510000 |             0 |  252945900000 |  1.743680e+09 |
|      CAS_CMD_WR STAT      | UMC11C1 |       765804900 |             0 |     422707000 |  3.988567e+06 |
+---------------------------+---------+-----------------+---------------+---------------+---------------+

+-----------------------------------+-------------+------------+------------+------------+------------+------------+------------+------------+------------+------------+-------------+-------------+-------------+-------------+-------------+-------------+-------------+-------------+-------------+-------------+-------------+-------------+-------------+-------------+-------------+-------------+-------------+-------------+-------------+-------------+-------------+-------------+-------------+-------------+-------------+-------------+-------------+-------------+-------------+-------------+-------------+-------------+-------------+-------------+-------------+-------------+-------------+-------------+-------------+-------------+-------------+-------------+-------------+-------------+-------------+-------------+-------------+-------------+-------------+-------------+-------------+-------------+-------------+-------------+-------------+-------------+-------------+-------------+-------------+-------------+-------------+-------------+-------------+-------------+-------------+-------------+-------------+-------------+-------------+-------------+-------------+-------------+-------------+-------------+-------------+-------------+-------------+-------------+-------------+-------------+-------------+-------------+-------------+-------------+-------------+-------------+-------------+-------------+-------------+-------------+--------------+--------------+--------------+--------------+--------------+--------------+--------------+--------------+--------------+--------------+--------------+--------------+--------------+--------------+--------------+--------------+--------------+--------------+--------------+--------------+--------------+--------------+--------------+--------------+--------------+--------------+--------------+--------------+--------------+--------------+--------------+--------------+--------------+--------------+--------------+--------------+--------------+--------------+--------------+--------------+--------------+--------------+--------------+--------------+--------------+--------------+--------------+--------------+--------------+--------------+--------------+--------------+--------------+--------------+--------------+--------------+--------------+--------------+--------------+--------------+--------------+--------------+--------------+--------------+--------------+--------------+--------------+--------------+--------------+--------------+--------------+--------------+--------------+--------------+--------------+--------------+--------------+--------------+--------------+--------------+--------------+--------------+--------------+--------------+--------------+--------------+--------------+--------------+--------------+--------------+--------------+--------------+
|               Metric              |  HWThread 0 | HWThread 1 | HWThread 2 | HWThread 3 | HWThread 4 | HWThread 5 | HWThread 6 | HWThread 7 | HWThread 8 | HWThread 9 | HWThread 10 | HWThread 11 | HWThread 12 | HWThread 13 | HWThread 14 | HWThread 15 | HWThread 16 | HWThread 17 | HWThread 18 | HWThread 19 | HWThread 20 | HWThread 21 | HWThread 22 | HWThread 23 | HWThread 24 | HWThread 25 | HWThread 26 | HWThread 27 | HWThread 28 | HWThread 29 | HWThread 30 | HWThread 31 | HWThread 32 | HWThread 33 | HWThread 34 | HWThread 35 | HWThread 36 | HWThread 37 | HWThread 38 | HWThread 39 | HWThread 40 | HWThread 41 | HWThread 42 | HWThread 43 | HWThread 44 | HWThread 45 | HWThread 46 | HWThread 47 | HWThread 48 | HWThread 49 | HWThread 50 | HWThread 51 | HWThread 52 | HWThread 53 | HWThread 54 | HWThread 55 | HWThread 56 | HWThread 57 | HWThread 58 | HWThread 59 | HWThread 60 | HWThread 61 | HWThread 62 | HWThread 63 | HWThread 64 | HWThread 65 | HWThread 66 | HWThread 67 | HWThread 68 | HWThread 69 | HWThread 70 | HWThread 71 | HWThread 72 | HWThread 73 | HWThread 74 | HWThread 75 | HWThread 76 | HWThread 77 | HWThread 78 | HWThread 79 | HWThread 80 | HWThread 81 | HWThread 82 | HWThread 83 | HWThread 84 | HWThread 85 | HWThread 86 | HWThread 87 | HWThread 88 | HWThread 89 | HWThread 90 | HWThread 91 | HWThread 92 | HWThread 93 | HWThread 94 | HWThread 95 | HWThread 96 | HWThread 97 | HWThread 98 | HWThread 99 | HWThread 100 | HWThread 101 | HWThread 102 | HWThread 103 | HWThread 104 | HWThread 105 | HWThread 106 | HWThread 107 | HWThread 108 | HWThread 109 | HWThread 110 | HWThread 111 | HWThread 112 | HWThread 113 | HWThread 114 | HWThread 115 | HWThread 116 | HWThread 117 | HWThread 118 | HWThread 119 | HWThread 120 | HWThread 121 | HWThread 122 | HWThread 123 | HWThread 124 | HWThread 125 | HWThread 126 | HWThread 127 | HWThread 128 | HWThread 129 | HWThread 130 | HWThread 131 | HWThread 132 | HWThread 133 | HWThread 134 | HWThread 135 | HWThread 136 | HWThread 137 | HWThread 138 | HWThread 139 | HWThread 140 | HWThread 141 | HWThread 142 | HWThread 143 | HWThread 144 | HWThread 145 | HWThread 146 | HWThread 147 | HWThread 148 | HWThread 149 | HWThread 150 | HWThread 151 | HWThread 152 | HWThread 153 | HWThread 154 | HWThread 155 | HWThread 156 | HWThread 157 | HWThread 158 | HWThread 159 | HWThread 160 | HWThread 161 | HWThread 162 | HWThread 163 | HWThread 164 | HWThread 165 | HWThread 166 | HWThread 167 | HWThread 168 | HWThread 169 | HWThread 170 | HWThread 171 | HWThread 172 | HWThread 173 | HWThread 174 | HWThread 175 | HWThread 176 | HWThread 177 | HWThread 178 | HWThread 179 | HWThread 180 | HWThread 181 | HWThread 182 | HWThread 183 | HWThread 184 | HWThread 185 | HWThread 186 | HWThread 187 | HWThread 188 | HWThread 189 | HWThread 190 | HWThread 191 |
+-----------------------------------+-------------+------------+------------+------------+------------+------------+------------+------------+------------+------------+-------------+-------------+-------------+-------------+-------------+-------------+-------------+-------------+-------------+-------------+-------------+-------------+-------------+-------------+-------------+-------------+-------------+-------------+-------------+-------------+-------------+-------------+-------------+-------------+-------------+-------------+-------------+-------------+-------------+-------------+-------------+-------------+-------------+-------------+-------------+-------------+-------------+-------------+-------------+-------------+-------------+-------------+-------------+-------------+-------------+-------------+-------------+-------------+-------------+-------------+-------------+-------------+-------------+-------------+-------------+-------------+-------------+-------------+-------------+-------------+-------------+-------------+-------------+-------------+-------------+-------------+-------------+-------------+-------------+-------------+-------------+-------------+-------------+-------------+-------------+-------------+-------------+-------------+-------------+-------------+-------------+-------------+-------------+-------------+-------------+-------------+-------------+-------------+-------------+-------------+--------------+--------------+--------------+--------------+--------------+--------------+--------------+--------------+--------------+--------------+--------------+--------------+--------------+--------------+--------------+--------------+--------------+--------------+--------------+--------------+--------------+--------------+--------------+--------------+--------------+--------------+--------------+--------------+--------------+--------------+--------------+--------------+--------------+--------------+--------------+--------------+--------------+--------------+--------------+--------------+--------------+--------------+--------------+--------------+--------------+--------------+--------------+--------------+--------------+--------------+--------------+--------------+--------------+--------------+--------------+--------------+--------------+--------------+--------------+--------------+--------------+--------------+--------------+--------------+--------------+--------------+--------------+--------------+--------------+--------------+--------------+--------------+--------------+--------------+--------------+--------------+--------------+--------------+--------------+--------------+--------------+--------------+--------------+--------------+--------------+--------------+--------------+--------------+--------------+--------------+--------------+--------------+
|        Runtime (RDTSC) [s]        |    752.8356 |   746.5720 |   755.7011 |   747.4206 |   715.6752 |   731.6753 |   747.4207 |   746.5722 |   759.8831 |   736.8628 |    754.7402 |    728.2685 |    730.3963 |    729.4684 |    737.5249 |    760.0991 |    743.3945 |    727.3696 |    726.2239 |    745.2714 |    728.9436 |    741.7278 |    728.9438 |    761.2674 |    756.3588 |    718.8033 |    750.9031 |    755.0544 |    756.3580 |    726.5362 |    750.9032 |    726.5368 |    737.2181 |    739.7379 |    743.7468 |    739.7381 |    739.7369 |    736.0159 |    734.2100 |    736.0160 |    713.7638 |    717.3065 |    747.9543 |    711.5238 |    751.7980 |    748.2670 |    717.3050 |    713.7641 |    753.5316 |    758.8930 |    732.0356 |    725.8620 |    732.0354 |    714.6672 |    733.2321 |    744.3718 |    744.0584 |    728.6297 |    748.8249 |    729.7772 |    720.6202 |    757.2544 |    735.7081 |    718.4961 |    720.9788 |    735.4012 |    753.8973 |    718.1882 |    733.5928 |    730.7085 |    754.2145 |    730.0895 |    745.9886 |    757.5702 |    756.9375 |    734.8776 |    722.2091 |    734.8777 |    707.5462 |    745.9892 |    759.5691 |    727.0582 |    732.5581 |    724.9174 |    739.3731 |    741.0543 |    759.5683 |    753.8967 |    758.5288 |    738.4850 |    733.9001 |    706.5552 |    738.4846 |    747.1006 |    742.0911 |    717.8773 |    760.6242 |    702.5772 |    720.0456 |    752.8396 |     757.5698 |     736.3319 |     742.4041 |     720.0460 |     738.1423 |     723.9444 |     714.6665 |     760.6276 |     712.8085 |     716.3409 |     743.0523 |     732.8672 |     758.1933 |     711.5237 |     704.0827 |     721.2807 |     702.9103 |     745.6305 |     730.7085 |     721.2812 |     714.1220 |     710.5611 |     750.5376 |     702.9104 |     719.4206 |     749.1872 |     705.0414 |     741.0530 |     744.6841 |     744.6851 |     708.5279 |     758.8922 |     706.5543 |     742.4033 |     709.1550 |     709.1536 |     727.6813 |     734.2099 |     748.2795 |     725.2752 |     725.2756 |     727.6810 |     731.3333 |     738.8348 |     704.7024 |     705.8929 |     707.5465 |     723.9443 |     749.5613 |     704.7023 |     749.9078 |     715.3311 |     740.4767 |     715.6742 |     755.6986 |     705.5547 |     737.5247 |     712.1915 |     740.4767 |     751.7989 |     713.1476 |     709.7180 |     706.2236 |     709.7171 |     702.3195 |     755.0541 |     712.1926 |     724.5760 |     723.6073 |     709.7181 |     703.5239 |     703.5241 |     718.8027 |     708.5273 |     710.5614 |     749.9071 |     752.4796 |     753.1841 |     716.9649 |     704.0846 |     719.4226 |     708.1920 |     751.2679 |     711.1875 |     716.3421 |     707.2045 |     722.5678 |     722.5670 |     713.1478 |     721.8667 |     722.9227 |     722.9216 |
|        Runtime unhalted [s]       |    995.8681 |   994.6773 |   994.9616 |   994.6519 |   994.9469 |   994.5631 |   994.8689 |   994.8450 |   994.6500 |   994.6381 |    995.0950 |    994.7458 |    994.3977 |    994.5615 |    994.4096 |    994.6692 |    994.7935 |    994.6577 |    994.7808 |    995.1716 |    994.8485 |    994.8562 |    994.8442 |    994.7781 |    994.7923 |    995.0519 |    994.5069 |    994.8519 |    994.8919 |    994.7619 |    994.8308 |    994.8058 |    994.5435 |    994.6715 |    994.6300 |    994.4523 |    994.9004 |    994.7150 |    994.3904 |    994.5046 |    994.8492 |    994.9558 |    995.0304 |    994.7808 |    994.9404 |    994.7839 |    994.9216 |    995.2250 |    994.9027 |    994.8108 |    994.8135 |    994.6931 |    994.8831 |    994.7100 |    994.8504 |    994.9031 |    994.6458 |    994.3958 |    994.5892 |    994.4781 |    994.5715 |    994.7981 |    994.3731 |    994.7269 |    994.6662 |    994.8946 |    994.8739 |    994.6296 |    995.0700 |    995.0089 |    994.9450 |    994.6946 |    994.9958 |    995.0216 |    994.7600 |    994.9873 |    994.8873 |    994.8666 |    994.6681 |    994.8123 |    994.6169 |    994.5923 |    994.7104 |    994.5727 |    994.6000 |    994.6000 |    994.7873 |    994.7035 |    994.6423 |    994.8604 |    994.9777 |    994.7665 |    994.9377 |    994.8616 |    994.8531 |    994.7619 |    996.5474 |    996.8031 |    996.5866 |    996.7866 |     996.6989 |     996.7839 |     996.6593 |     996.4089 |     996.4270 |     996.0397 |     995.9866 |     996.6731 |     996.4800 |     996.4197 |     996.1043 |     996.4697 |     996.6466 |     996.7658 |     996.5439 |     996.5731 |     996.6147 |     996.7901 |     996.7954 |     996.7347 |     996.6727 |     996.1897 |     996.5208 |     996.5450 |     996.9785 |     996.6239 |     996.5870 |     996.7566 |     996.1497 |     996.6643 |     996.4397 |     996.2262 |     995.9000 |     996.2058 |     996.3100 |     996.5174 |     996.7447 |     996.6820 |     996.8824 |     996.8501 |     997.0435 |     997.0808 |     996.5781 |     996.6139 |     996.3835 |     997.0285 |     996.8262 |     996.7608 |     996.7197 |     996.8985 |     996.7239 |     996.8916 |     996.4954 |     996.2631 |     996.3539 |     996.3208 |     996.3916 |     996.2423 |     996.5962 |     996.7089 |     996.5954 |     996.7231 |     996.7981 |     996.1173 |     996.8301 |     996.3354 |     996.6558 |     996.6304 |     996.5600 |     996.7670 |     996.5543 |     996.3958 |     996.7570 |     996.7293 |     996.5266 |     996.4700 |     996.7724 |     996.3547 |     996.6497 |     996.4897 |     996.5443 |     996.2520 |     996.6885 |     996.4839 |     996.5504 |     996.5850 |     996.6227 |     996.4308 |     996.6770 |     996.9639 |     996.5685 |     996.8185 |
|            Clock [MHz]            |   3689.1575 |  3688.1560 |  3689.2160 |  3688.9178 |  3689.2448 |  3689.0558 |  3688.6113 |  3688.8911 |  3688.9775 |  3688.8482 |   3688.9642 |   3688.8247 |   3689.1165 |   3688.8801 |   3688.7578 |   3688.7877 |   3689.0481 |   3688.8461 |   3688.8432 |   3689.0659 |   3688.8352 |   3689.0499 |   3688.8518 |   3688.9101 |   3688.9709 |   3688.8571 |   3689.0702 |   3688.8197 |   3689.0752 |   3688.8198 |   3688.7959 |   3688.9055 |   3688.7928 |   3688.8327 |   3689.0126 |   3688.8778 |   3689.0924 |   3689.1214 |   3688.8140 |   3688.8815 |   3688.8158 |   3688.8162 |   3688.8642 |   3688.8553 |   3689.0748 |   3688.8242 |   3688.8653 |   3688.8837 |   3689.0079 |   3689.0677 |   3689.0393 |   3688.9490 |   3688.8462 |   3688.9733 |   3688.9070 |   3689.0943 |   3688.8444 |   3688.8279 |   3688.8047 |   3688.7770 |   3688.8686 |   3689.0834 |   3688.8652 |   3688.7467 |   3688.7743 |   3688.7534 |   3688.7694 |   3688.9423 |   3689.0698 |   3689.2862 |   3688.8046 |   3688.8171 |   3689.1649 |   3688.8173 |   3688.8835 |   3688.8623 |   3688.8942 |   3688.7788 |   3688.8583 |   3688.8346 |   3689.1989 |   3689.3019 |   3689.0436 |   3689.0227 |   3689.0369 |   3688.9641 |   3688.9726 |   3689.2122 |   3689.2101 |   3688.9158 |   3688.9744 |   3688.9179 |   3688.8261 |   3688.9221 |   3688.9676 |   3688.9898 |   3693.2525 |   3694.1599 |   3693.5497 |   3693.4627 |    3693.8546 |    3693.6309 |    3693.2582 |    3693.7114 |    3693.7601 |    3693.8335 |    3693.8130 |    3694.0264 |    3693.8232 |    3693.7229 |    3693.7651 |    3693.8374 |    3693.9969 |    3693.8515 |    3693.8958 |    3693.9717 |    3693.6821 |    3693.7003 |    3693.6595 |    3693.7725 |    3694.0128 |    3693.7899 |    3693.9642 |    3693.7360 |    3694.0018 |    3693.8136 |    3693.7436 |    3693.8456 |    3693.9212 |    3693.8924 |    3693.9328 |    3693.7269 |    3693.7676 |    3693.8174 |    3694.0864 |    3694.0304 |    3694.0141 |    3693.9073 |    3693.7245 |    3693.7971 |    3693.8094 |    3693.7957 |    3693.8039 |    3693.8089 |    3693.7712 |    3693.8003 |    3693.6926 |    3693.7256 |    3694.0794 |    3693.8167 |    3694.2085 |    3693.7405 |    3693.9025 |    3693.7523 |    3693.9268 |    3693.7495 |    3694.1131 |    3693.7341 |    3693.7514 |    3693.8086 |    3694.1274 |    3693.7945 |    3693.8112 |    3693.7913 |    3694.1159 |    3693.6618 |    3694.3330 |    3694.0201 |    3694.0691 |    3693.7565 |    3693.7885 |    3693.8533 |    3693.8187 |    3693.8173 |    3693.9329 |    3693.8266 |    3693.8960 |    3693.9296 |    3693.7531 |    3694.2093 |    3693.9843 |    3693.7373 |    3693.7067 |    3693.8901 |    3694.1712 |    3693.9937 |    3693.7688 |    3693.9972 |    3693.7450 |    3694.4053 |    3693.7156 |    3693.9475 |
|                CPI                |      1.6217 |     1.6290 |     1.6175 |     1.6229 |     1.6339 |     1.6355 |     1.6334 |     1.6273 |     1.4439 |     1.4569 |      1.4480 |      1.4581 |      1.4515 |      1.4530 |      1.4605 |      1.4530 |      1.6075 |      1.6027 |      1.5926 |      1.6053 |      1.6020 |      1.6029 |      1.6003 |      1.6031 |      1.6160 |      1.6104 |      1.6163 |      1.6210 |      1.6132 |      1.6236 |      1.6119 |      1.6278 |      1.4549 |      1.4535 |      1.4600 |      1.4609 |      1.4639 |      1.4651 |      1.4564 |      1.4549 |      1.6066 |      1.6099 |      1.5999 |      1.6171 |      1.6066 |      1.6077 |      1.6103 |      1.6022 |      1.6078 |      1.6087 |      1.6140 |      1.6079 |      1.5997 |      1.6043 |      1.6080 |      1.6177 |      1.4449 |      1.4540 |      1.4428 |      1.4598 |      1.4544 |      1.4566 |      1.4614 |      1.4622 |      1.5924 |      1.5908 |      1.5833 |      1.5913 |      1.5946 |      1.5901 |      1.5953 |      1.5991 |      1.6237 |      1.6113 |      1.6133 |      1.6108 |      1.6157 |      1.6200 |      1.6250 |      1.6231 |      1.4517 |      1.4438 |      1.4557 |      1.4542 |      1.4584 |      1.4439 |      1.4551 |      1.4587 |      1.6096 |      1.5981 |      1.6064 |      1.6045 |      1.6023 |      1.6090 |      1.6096 |      1.6115 |      2.3094 |      2.2923 |      2.2978 |      2.2932 |       2.3036 |       2.2941 |       2.2802 |       2.2938 |       1.7755 |       1.7786 |       1.7648 |       1.7788 |       1.7726 |       1.7932 |       1.7871 |       1.7833 |       2.2841 |       2.2743 |       2.2823 |       2.2871 |       2.2835 |       2.2854 |       2.2798 |       2.2837 |       2.3038 |       2.3040 |       2.2775 |       2.2949 |       2.2741 |       2.2942 |       2.2940 |       2.3040 |       1.7999 |       1.7970 |       1.7942 |       1.7954 |       1.7999 |       1.8101 |       1.8045 |       1.8147 |       2.2770 |       2.3085 |       2.2739 |       2.2860 |       2.2845 |       2.2783 |       2.2860 |       2.2878 |       2.2937 |       2.2853 |       2.3007 |       2.2919 |       2.3004 |       2.3062 |       2.2831 |       2.2998 |       1.7810 |       1.7756 |       1.7819 |       1.7806 |       1.7845 |       1.7873 |       1.7826 |       1.7901 |       2.2881 |       2.2958 |       2.3072 |       2.3012 |       2.2927 |       2.3017 |       2.2991 |       2.2740 |       2.2855 |       2.3007 |       2.2892 |       2.3021 |       2.3021 |       2.3050 |       2.3045 |       2.3140 |       1.7861 |       1.7965 |       1.7898 |       1.7930 |       1.7877 |       1.7994 |       1.7920 |       1.8014 |       2.2828 |       2.2890 |       2.2727 |       2.3071 |       2.2878 |       2.2874 |       2.2966 |       2.2899 |
|  Memory read bandwidth [MBytes/s] | 257741.0356 |          0 |          0 |          0 |          0 |          0 |          0 |          0 |          0 |          0 |           0 |           0 |           0 |           0 |           0 |           0 |           0 |           0 |           0 |           0 |           0 |           0 |           0 |           0 |           0 |           0 |           0 |           0 |           0 |           0 |           0 |           0 |           0 |           0 |           0 |           0 |           0 |           0 |           0 |           0 |           0 |           0 |           0 |           0 |           0 |           0 |           0 |           0 |           0 |           0 |           0 |           0 |           0 |           0 |           0 |           0 |           0 |           0 |           0 |           0 |           0 |           0 |           0 |           0 |           0 |           0 |           0 |           0 |           0 |           0 |           0 |           0 |           0 |           0 |           0 |           0 |           0 |           0 |           0 |           0 |           0 |           0 |           0 |           0 |           0 |           0 |           0 |           0 |           0 |           0 |           0 |           0 |           0 |           0 |           0 |           0 |  82859.5975 |           0 |           0 |           0 |            0 |            0 |            0 |            0 |            0 |            0 |            0 |            0 |            0 |            0 |            0 |            0 |            0 |            0 |            0 |            0 |            0 |            0 |            0 |            0 |            0 |            0 |            0 |            0 |            0 |            0 |            0 |            0 |            0 |            0 |            0 |            0 |            0 |            0 |            0 |            0 |            0 |            0 |            0 |            0 |            0 |            0 |            0 |            0 |            0 |            0 |            0 |            0 |            0 |            0 |            0 |            0 |            0 |            0 |            0 |            0 |            0 |            0 |            0 |            0 |            0 |            0 |            0 |            0 |            0 |            0 |            0 |            0 |            0 |            0 |            0 |            0 |            0 |            0 |            0 |            0 |            0 |            0 |            0 |            0 |            0 |            0 |            0 |            0 |            0 |            0 |            0 |            0 |            0 |            0 |            0 |            0 |
|  Memory read data volume [GBytes] | 194036.6272 |          0 |          0 |          0 |          0 |          0 |          0 |          0 |          0 |          0 |           0 |           0 |           0 |           0 |           0 |           0 |           0 |           0 |           0 |           0 |           0 |           0 |           0 |           0 |           0 |           0 |           0 |           0 |           0 |           0 |           0 |           0 |           0 |           0 |           0 |           0 |           0 |           0 |           0 |           0 |           0 |           0 |           0 |           0 |           0 |           0 |           0 |           0 |           0 |           0 |           0 |           0 |           0 |           0 |           0 |           0 |           0 |           0 |           0 |           0 |           0 |           0 |           0 |           0 |           0 |           0 |           0 |           0 |           0 |           0 |           0 |           0 |           0 |           0 |           0 |           0 |           0 |           0 |           0 |           0 |           0 |           0 |           0 |           0 |           0 |           0 |           0 |           0 |           0 |           0 |           0 |           0 |           0 |           0 |           0 |           0 |  63025.0150 |           0 |           0 |           0 |            0 |            0 |            0 |            0 |            0 |            0 |            0 |            0 |            0 |            0 |            0 |            0 |            0 |            0 |            0 |            0 |            0 |            0 |            0 |            0 |            0 |            0 |            0 |            0 |            0 |            0 |            0 |            0 |            0 |            0 |            0 |            0 |            0 |            0 |            0 |            0 |            0 |            0 |            0 |            0 |            0 |            0 |            0 |            0 |            0 |            0 |            0 |            0 |            0 |            0 |            0 |            0 |            0 |            0 |            0 |            0 |            0 |            0 |            0 |            0 |            0 |            0 |            0 |            0 |            0 |            0 |            0 |            0 |            0 |            0 |            0 |            0 |            0 |            0 |            0 |            0 |            0 |            0 |            0 |            0 |            0 |            0 |            0 |            0 |            0 |            0 |            0 |            0 |            0 |            0 |            0 |            0 |
| Memory write bandwidth [MBytes/s] |    423.8700 |          0 |          0 |          0 |          0 |          0 |          0 |          0 |          0 |          0 |           0 |           0 |           0 |           0 |           0 |           0 |           0 |           0 |           0 |           0 |           0 |           0 |           0 |           0 |           0 |           0 |           0 |           0 |           0 |           0 |           0 |           0 |           0 |           0 |           0 |           0 |           0 |           0 |           0 |           0 |           0 |           0 |           0 |           0 |           0 |           0 |           0 |           0 |           0 |           0 |           0 |           0 |           0 |           0 |           0 |           0 |           0 |           0 |           0 |           0 |           0 |           0 |           0 |           0 |           0 |           0 |           0 |           0 |           0 |           0 |           0 |           0 |           0 |           0 |           0 |           0 |           0 |           0 |           0 |           0 |           0 |           0 |           0 |           0 |           0 |           0 |           0 |           0 |           0 |           0 |           0 |           0 |           0 |           0 |           0 |           0 |    347.6912 |           0 |           0 |           0 |            0 |            0 |            0 |            0 |            0 |            0 |            0 |            0 |            0 |            0 |            0 |            0 |            0 |            0 |            0 |            0 |            0 |            0 |            0 |            0 |            0 |            0 |            0 |            0 |            0 |            0 |            0 |            0 |            0 |            0 |            0 |            0 |            0 |            0 |            0 |            0 |            0 |            0 |            0 |            0 |            0 |            0 |            0 |            0 |            0 |            0 |            0 |            0 |            0 |            0 |            0 |            0 |            0 |            0 |            0 |            0 |            0 |            0 |            0 |            0 |            0 |            0 |            0 |            0 |            0 |            0 |            0 |            0 |            0 |            0 |            0 |            0 |            0 |            0 |            0 |            0 |            0 |            0 |            0 |            0 |            0 |            0 |            0 |            0 |            0 |            0 |            0 |            0 |            0 |            0 |            0 |            0 |
| Memory write data volume [GBytes] |    319.1044 |          0 |          0 |          0 |          0 |          0 |          0 |          0 |          0 |          0 |           0 |           0 |           0 |           0 |           0 |           0 |           0 |           0 |           0 |           0 |           0 |           0 |           0 |           0 |           0 |           0 |           0 |           0 |           0 |           0 |           0 |           0 |           0 |           0 |           0 |           0 |           0 |           0 |           0 |           0 |           0 |           0 |           0 |           0 |           0 |           0 |           0 |           0 |           0 |           0 |           0 |           0 |           0 |           0 |           0 |           0 |           0 |           0 |           0 |           0 |           0 |           0 |           0 |           0 |           0 |           0 |           0 |           0 |           0 |           0 |           0 |           0 |           0 |           0 |           0 |           0 |           0 |           0 |           0 |           0 |           0 |           0 |           0 |           0 |           0 |           0 |           0 |           0 |           0 |           0 |           0 |           0 |           0 |           0 |           0 |           0 |    264.4623 |           0 |           0 |           0 |            0 |            0 |            0 |            0 |            0 |            0 |            0 |            0 |            0 |            0 |            0 |            0 |            0 |            0 |            0 |            0 |            0 |            0 |            0 |            0 |            0 |            0 |            0 |            0 |            0 |            0 |            0 |            0 |            0 |            0 |            0 |            0 |            0 |            0 |            0 |            0 |            0 |            0 |            0 |            0 |            0 |            0 |            0 |            0 |            0 |            0 |            0 |            0 |            0 |            0 |            0 |            0 |            0 |            0 |            0 |            0 |            0 |            0 |            0 |            0 |            0 |            0 |            0 |            0 |            0 |            0 |            0 |            0 |            0 |            0 |            0 |            0 |            0 |            0 |            0 |            0 |            0 |            0 |            0 |            0 |            0 |            0 |            0 |            0 |            0 |            0 |            0 |            0 |            0 |            0 |            0 |            0 |
|    Memory bandwidth [MBytes/s]    | 258164.9057 |          0 |          0 |          0 |          0 |          0 |          0 |          0 |          0 |          0 |           0 |           0 |           0 |           0 |           0 |           0 |           0 |           0 |           0 |           0 |           0 |           0 |           0 |           0 |           0 |           0 |           0 |           0 |           0 |           0 |           0 |           0 |           0 |           0 |           0 |           0 |           0 |           0 |           0 |           0 |           0 |           0 |           0 |           0 |           0 |           0 |           0 |           0 |           0 |           0 |           0 |           0 |           0 |           0 |           0 |           0 |           0 |           0 |           0 |           0 |           0 |           0 |           0 |           0 |           0 |           0 |           0 |           0 |           0 |           0 |           0 |           0 |           0 |           0 |           0 |           0 |           0 |           0 |           0 |           0 |           0 |           0 |           0 |           0 |           0 |           0 |           0 |           0 |           0 |           0 |           0 |           0 |           0 |           0 |           0 |           0 |  83207.2886 |           0 |           0 |           0 |            0 |            0 |            0 |            0 |            0 |            0 |            0 |            0 |            0 |            0 |            0 |            0 |            0 |            0 |            0 |            0 |            0 |            0 |            0 |            0 |            0 |            0 |            0 |            0 |            0 |            0 |            0 |            0 |            0 |            0 |            0 |            0 |            0 |            0 |            0 |            0 |            0 |            0 |            0 |            0 |            0 |            0 |            0 |            0 |            0 |            0 |            0 |            0 |            0 |            0 |            0 |            0 |            0 |            0 |            0 |            0 |            0 |            0 |            0 |            0 |            0 |            0 |            0 |            0 |            0 |            0 |            0 |            0 |            0 |            0 |            0 |            0 |            0 |            0 |            0 |            0 |            0 |            0 |            0 |            0 |            0 |            0 |            0 |            0 |            0 |            0 |            0 |            0 |            0 |            0 |            0 |            0 |
|    Memory data volume [GBytes]    | 194355.7316 |          0 |          0 |          0 |          0 |          0 |          0 |          0 |          0 |          0 |           0 |           0 |           0 |           0 |           0 |           0 |           0 |           0 |           0 |           0 |           0 |           0 |           0 |           0 |           0 |           0 |           0 |           0 |           0 |           0 |           0 |           0 |           0 |           0 |           0 |           0 |           0 |           0 |           0 |           0 |           0 |           0 |           0 |           0 |           0 |           0 |           0 |           0 |           0 |           0 |           0 |           0 |           0 |           0 |           0 |           0 |           0 |           0 |           0 |           0 |           0 |           0 |           0 |           0 |           0 |           0 |           0 |           0 |           0 |           0 |           0 |           0 |           0 |           0 |           0 |           0 |           0 |           0 |           0 |           0 |           0 |           0 |           0 |           0 |           0 |           0 |           0 |           0 |           0 |           0 |           0 |           0 |           0 |           0 |           0 |           0 |  63289.4774 |           0 |           0 |           0 |            0 |            0 |            0 |            0 |            0 |            0 |            0 |            0 |            0 |            0 |            0 |            0 |            0 |            0 |            0 |            0 |            0 |            0 |            0 |            0 |            0 |            0 |            0 |            0 |            0 |            0 |            0 |            0 |            0 |            0 |            0 |            0 |            0 |            0 |            0 |            0 |            0 |            0 |            0 |            0 |            0 |            0 |            0 |            0 |            0 |            0 |            0 |            0 |            0 |            0 |            0 |            0 |            0 |            0 |            0 |            0 |            0 |            0 |            0 |            0 |            0 |            0 |            0 |            0 |            0 |            0 |            0 |            0 |            0 |            0 |            0 |            0 |            0 |            0 |            0 |            0 |            0 |            0 |            0 |            0 |            0 |            0 |            0 |            0 |            0 |            0 |            0 |            0 |            0 |            0 |            0 |            0 |
+-----------------------------------+-------------+------------+------------+------------+------------+------------+------------+------------+------------+------------+-------------+-------------+-------------+-------------+-------------+-------------+-------------+-------------+-------------+-------------+-------------+-------------+-------------+-------------+-------------+-------------+-------------+-------------+-------------+-------------+-------------+-------------+-------------+-------------+-------------+-------------+-------------+-------------+-------------+-------------+-------------+-------------+-------------+-------------+-------------+-------------+-------------+-------------+-------------+-------------+-------------+-------------+-------------+-------------+-------------+-------------+-------------+-------------+-------------+-------------+-------------+-------------+-------------+-------------+-------------+-------------+-------------+-------------+-------------+-------------+-------------+-------------+-------------+-------------+-------------+-------------+-------------+-------------+-------------+-------------+-------------+-------------+-------------+-------------+-------------+-------------+-------------+-------------+-------------+-------------+-------------+-------------+-------------+-------------+-------------+-------------+-------------+-------------+-------------+-------------+--------------+--------------+--------------+--------------+--------------+--------------+--------------+--------------+--------------+--------------+--------------+--------------+--------------+--------------+--------------+--------------+--------------+--------------+--------------+--------------+--------------+--------------+--------------+--------------+--------------+--------------+--------------+--------------+--------------+--------------+--------------+--------------+--------------+--------------+--------------+--------------+--------------+--------------+--------------+--------------+--------------+--------------+--------------+--------------+--------------+--------------+--------------+--------------+--------------+--------------+--------------+--------------+--------------+--------------+--------------+--------------+--------------+--------------+--------------+--------------+--------------+--------------+--------------+--------------+--------------+--------------+--------------+--------------+--------------+--------------+--------------+--------------+--------------+--------------+--------------+--------------+--------------+--------------+--------------+--------------+--------------+--------------+--------------+--------------+--------------+--------------+--------------+--------------+--------------+--------------+--------------+--------------+

+----------------------------------------+-------------+-----------+-------------+-----------+
|                 Metric                 |     Sum     |    Min    |     Max     |    Avg    |
+----------------------------------------+-------------+-----------+-------------+-----------+
|        Runtime (RDTSC) [s] STAT        | 140490.2833 |  702.3195 |    761.2674 |  731.7202 |
|        Runtime unhalted [s] STAT       | 191170.4442 |  994.3731 |    997.0808 |  995.6794 |
|            Clock [MHz] STAT            | 708746.7638 | 3688.1560 |   3694.4053 | 3691.3894 |
|                CPI STAT                |    353.5386 |    1.4428 |      2.3140 |    1.8413 |
|  Memory read bandwidth [MBytes/s] STAT | 340600.6331 |         0 | 257741.0356 | 1773.9616 |
|  Memory read data volume [GBytes] STAT | 257061.6422 |         0 | 194036.6272 | 1338.8627 |
| Memory write bandwidth [MBytes/s] STAT |    771.5612 |         0 |    423.8700 |    4.0185 |
| Memory write data volume [GBytes] STAT |    583.5667 |         0 |    319.1044 |    3.0394 |
|    Memory bandwidth [MBytes/s] STAT    | 341372.1943 |         0 | 258164.9057 | 1777.9802 |
|    Memory data volume [GBytes] STAT    | 257645.2090 |         0 | 194355.7316 | 1341.9021 |
+----------------------------------------+-------------+-----------+-------------+-----------+

