INFO: You are running LIKWID in a cpuset with 128 CPUs. Taking given IDs as logical ID in cpuset
--------------------------------------------------------------------------------
CPU name:	AMD EPYC 9A14 96-Core Processor                
CPU type:	AMD K19 (Zen4) architecture
CPU clock:	2.60 GHz
--------------------------------------------------------------------------------
Use symmetry. Molecule point group: C2v
Norb: 24   Ne: (5, 5)
Running RHF...
converged SCF energy = -76.0267607337664
Running FCI ...
Guessing CI wfn symmetry = 0
Num symmetry allowed elements 451681246
tol 1e-10  toloose 1e-05
max_cycle 100  max_space 12  max_memory 760542  incore True
    CPU time for contract_2e   7306.83 sec, wall time     69.24 sec
davidson 0 1  |r|= 0.999  e= [-85.21409431]  max|de|= -85.2  lindep=    1
    CPU time for contract_2e   7236.75 sec, wall time     68.46 sec
davidson 1 2  |r|= 0.336  e= [-85.41295423]  max|de|= -0.199  lindep= 0.992
    CPU time for contract_2e   7263.31 sec, wall time     70.46 sec
davidson 2 3  |r|= 0.0993  e= [-85.4295567]  max|de|= -0.0166  lindep= 0.982
    CPU time for contract_2e   7348.89 sec, wall time     72.75 sec
davidson 3 4  |r|= 0.0324  e= [-85.43094102]  max|de|= -0.00138  lindep= 0.955
    CPU time for contract_2e   7261.26 sec, wall time     73.63 sec
davidson 4 5  |r|= 0.0129  e= [-85.43110245]  max|de|= -0.000161  lindep= 0.911
    CPU time for contract_2e   7288.09 sec, wall time     75.54 sec
davidson 5 6  |r|= 0.00436  e= [-85.43112741]  max|de|= -2.5e-05  lindep= 0.833
    CPU time for contract_2e   7318.33 sec, wall time     77.45 sec
davidson 6 7  |r|= 0.00169  e= [-85.43113026]  max|de|= -2.84e-06  lindep= 0.932
    CPU time for contract_2e   7347.44 sec, wall time     79.34 sec
davidson 7 8  |r|= 0.000705  e= [-85.4311307]  max|de|= -4.44e-07  lindep= 0.849
    CPU time for contract_2e   7359.44 sec, wall time     81.13 sec
davidson 8 9  |r|= 0.000319  e= [-85.43113078]  max|de|= -8.55e-08  lindep= 0.895
    CPU time for contract_2e   7444.63 sec, wall time     83.49 sec
davidson 9 10  |r|= 0.000127  e= [-85.4311308]  max|de|= -1.57e-08  lindep= 0.804
    CPU time for contract_2e   7342.43 sec, wall time     84.25 sec
davidson 10 11  |r|= 4.77e-05  e= [-85.4311308]  max|de|= -2.31e-09  lindep= 0.878
    CPU time for contract_2e   7377.60 sec, wall time     86.30 sec
davidson 11 12  |r|= 1.71e-05  e= [-85.4311308]  max|de|= -2.93e-10  lindep= 0.87
    CPU time for contract_2e   7355.32 sec, wall time     88.55 sec
davidson 12 1  |r|= 1.71e-05  e= [-85.4311308]  max|de|= 3.23e-12  lindep=    1
    CPU time for contract_2e   7274.14 sec, wall time     68.86 sec
root 0 converged  |r|= 6.26e-06  e= -85.43113080323198  max|de|= -3.3e-11
converged 13 2  |r|= 6.26e-06  e= [-85.4311308]  max|de|= -3.3e-11
--------------------------------------------------------------------------------
Group 1: MEM
+----------------------+---------+---------------+---------------+---------------+---------------+---------------+---------------+---------------+---------------+---------------+---------------+---------------+---------------+---------------+---------------+---------------+---------------+---------------+---------------+---------------+---------------+---------------+---------------+---------------+---------------+---------------+---------------+---------------+---------------+---------------+---------------+---------------+---------------+---------------+---------------+---------------+---------------+---------------+---------------+---------------+---------------+---------------+---------------+---------------+---------------+---------------+---------------+---------------+---------------+---------------+---------------+---------------+---------------+---------------+---------------+---------------+---------------+---------------+---------------+---------------+---------------+---------------+---------------+---------------+---------------+---------------+---------------+---------------+---------------+---------------+---------------+---------------+---------------+---------------+---------------+---------------+---------------+---------------+---------------+---------------+---------------+---------------+---------------+---------------+---------------+---------------+---------------+---------------+---------------+---------------+---------------+---------------+---------------+---------------+---------------+---------------+---------------+---------------+---------------+---------------+---------------+---------------+---------------+---------------+---------------+---------------+---------------+---------------+---------------+---------------+---------------+---------------+---------------+---------------+---------------+---------------+---------------+---------------+---------------+---------------+---------------+---------------+---------------+---------------+---------------+---------------+---------------+---------------+---------------+
|         Event        | Counter |   HWThread 0  |   HWThread 1  |   HWThread 2  |   HWThread 3  |   HWThread 4  |   HWThread 5  |   HWThread 6  |   HWThread 7  |   HWThread 8  |   HWThread 9  |  HWThread 10  |  HWThread 11  |  HWThread 12  |  HWThread 13  |  HWThread 14  |  HWThread 15  |  HWThread 16  |  HWThread 17  |  HWThread 18  |  HWThread 19  |  HWThread 20  |  HWThread 21  |  HWThread 22  |  HWThread 23  |  HWThread 24  |  HWThread 25  |  HWThread 26  |  HWThread 27  |  HWThread 28  |  HWThread 29  |  HWThread 30  |  HWThread 31  |  HWThread 32  |  HWThread 33  |  HWThread 34  |  HWThread 35  |  HWThread 36  |  HWThread 37  |  HWThread 38  |  HWThread 39  |  HWThread 40  |  HWThread 41  |  HWThread 42  |  HWThread 43  |  HWThread 44  |  HWThread 45  |  HWThread 46  |  HWThread 47  |  HWThread 48  |  HWThread 49  |  HWThread 50  |  HWThread 51  |  HWThread 52  |  HWThread 53  |  HWThread 54  |  HWThread 55  |  HWThread 56  |  HWThread 57  |  HWThread 58  |  HWThread 59  |  HWThread 60  |  HWThread 61  |  HWThread 62  |  HWThread 63  |  HWThread 64  |  HWThread 65  |  HWThread 66  |  HWThread 67  |  HWThread 68  |  HWThread 69  |  HWThread 70  |  HWThread 71  |  HWThread 72  |  HWThread 73  |  HWThread 74  |  HWThread 75  |  HWThread 76  |  HWThread 77  |  HWThread 78  |  HWThread 79  |  HWThread 80  |  HWThread 81  |  HWThread 82  |  HWThread 83  |  HWThread 84  |  HWThread 85  |  HWThread 86  |  HWThread 87  |  HWThread 88  |  HWThread 89  |  HWThread 90  |  HWThread 91  |  HWThread 92  |  HWThread 93  |  HWThread 94  |  HWThread 95  |  HWThread 96  |  HWThread 97  |  HWThread 98  |  HWThread 99  |  HWThread 100 |  HWThread 101 |  HWThread 102 |  HWThread 103 |  HWThread 104 |  HWThread 105 |  HWThread 106 |  HWThread 107 |  HWThread 108 |  HWThread 109 |  HWThread 110 |  HWThread 111 |  HWThread 112 |  HWThread 113 |  HWThread 114 |  HWThread 115 |  HWThread 116 |  HWThread 117 |  HWThread 118 |  HWThread 119 |  HWThread 120 |  HWThread 121 |  HWThread 122 |  HWThread 123 |  HWThread 124 |  HWThread 125 |  HWThread 126 |  HWThread 127 |
+----------------------+---------+---------------+---------------+---------------+---------------+---------------+---------------+---------------+---------------+---------------+---------------+---------------+---------------+---------------+---------------+---------------+---------------+---------------+---------------+---------------+---------------+---------------+---------------+---------------+---------------+---------------+---------------+---------------+---------------+---------------+---------------+---------------+---------------+---------------+---------------+---------------+---------------+---------------+---------------+---------------+---------------+---------------+---------------+---------------+---------------+---------------+---------------+---------------+---------------+---------------+---------------+---------------+---------------+---------------+---------------+---------------+---------------+---------------+---------------+---------------+---------------+---------------+---------------+---------------+---------------+---------------+---------------+---------------+---------------+---------------+---------------+---------------+---------------+---------------+---------------+---------------+---------------+---------------+---------------+---------------+---------------+---------------+---------------+---------------+---------------+---------------+---------------+---------------+---------------+---------------+---------------+---------------+---------------+---------------+---------------+---------------+---------------+---------------+---------------+---------------+---------------+---------------+---------------+---------------+---------------+---------------+---------------+---------------+---------------+---------------+---------------+---------------+---------------+---------------+---------------+---------------+---------------+---------------+---------------+---------------+---------------+---------------+---------------+---------------+---------------+---------------+---------------+---------------+---------------+
|   ACTUAL_CPU_CLOCK   |  FIXC1  | 3979556257766 | 3229176727999 | 3218839172322 | 3232582276917 | 3226980982687 | 3232643462614 | 3241396906409 | 3234693586442 | 3158957000467 | 3156316622795 | 3146807086568 | 3144994450663 | 3169761157014 | 3147525377519 | 3158735186398 | 3152229911837 | 3144589677479 | 3152255269297 | 3138547969157 | 3132995925742 | 3146946587922 | 3149597136097 | 3179814968092 | 3157650292466 | 3227243616508 | 3232421123165 | 3229707691201 | 3218400299279 | 3223663908210 | 3232050598512 | 3241383995602 | 3232407720727 | 3130185459603 | 3143371380742 | 3136242504991 | 3144393596418 | 3150757046577 | 3160653021741 | 3152740500231 | 3174457261353 | 3149015598745 | 3141278035397 | 3152975147823 | 3150917711022 | 3159491748817 | 3155641540650 | 3147662325378 | 3168950507845 | 2719765959176 | 2660308162866 | 2640935480480 | 2678569940761 | 2686936683294 | 2700346079305 | 2725165115890 | 2719887462961 | 2600853921429 | 2576060639642 | 2553991890621 | 2580635219242 | 2595515347532 | 2620481916452 | 2624491736494 | 2644431098138 | 2597338980469 | 2597938981154 | 2579269971598 | 2603270967832 | 2703358189908 | 2653710427262 | 2635106071956 | 2658939779303 | 2082900410887 | 1921570126832 | 1891932831678 | 1918632477796 | 1921654397796 | 1935583520973 | 1942985647429 | 1925779835313 | 1905045852228 | 1843137955480 | 1850959058631 | 1883667147647 | 1888939922762 | 1864695263523 | 1884577033893 | 1912941522269 | 1920315515295 | 1884369533483 | 1886002551803 | 1888091903954 | 1895839012472 | 1945432926997 | 1948931354526 | 1961534541731 | 3334756052848 | 3341333176552 | 3331398612541 | 3331891972580 | 3327539608674 | 3331320058932 | 3352508545143 | 3340927918698 | 3331466226446 | 3328193332151 | 3332154433400 | 3332339894786 | 3329011089530 | 3334937878575 | 3332558335818 | 3335887665233 | 3336598085111 | 3345871466621 | 3350232961222 | 3351325471892 | 3336774669939 | 3338645810308 | 3359042013377 | 3335964134963 | 3348565593595 | 3344574627229 | 3326263122039 | 3336084222121 | 3352666449576 | 3336210495588 | 3345001129760 | 3340243682873 |
|     MAX_CPU_CLOCK    |  FIXC2  | 2808328759574 | 2298195871244 | 2285747090588 | 2294510962042 | 2288800462468 | 2292182924122 | 2301872954420 | 2294170990306 | 2236184359604 | 2238231874008 | 2228868516342 | 2225407654808 | 2248248543580 | 2224645851376 | 2235843722060 | 2227366504194 | 2225959974186 | 2236205045802 | 2225029257698 | 2214879943302 | 2229795627722 | 2229886583860 | 2254590316420 | 2235334504598 | 2284570760498 | 2291652193558 | 2289183094952 | 2275969385638 | 2280241945228 | 2287696781734 | 2296865208482 | 2286043077500 | 2215139704284 | 2226125025488 | 2223898609452 | 2227052089600 | 2229842766736 | 2239204898164 | 2229993612860 | 2250197212432 | 2230392650408 | 2224553108492 | 2237654625882 | 2232217757588 | 2238933051238 | 2233312023982 | 2224924479752 | 2245026165590 | 1934984704458 | 1889997746026 | 1880348938000 | 1900980159182 | 1909165097866 | 1916041733814 | 1937058870058 | 1931938255156 | 1860515382934 | 1856139117716 | 1847320596238 | 1857282318320 | 1855828416520 | 1867883457856 | 1877195130746 | 1885889349422 | 1849794565242 | 1865100746756 | 1849131341174 | 1853890269270 | 1923619314266 | 1894639814808 | 1879565737504 | 1894065179864 | 1650989633098 | 1607345938900 | 1582216558806 | 1606374425786 | 1601497273194 | 1617615534054 | 1625277017156 | 1604429453250 | 1595457468280 | 1542192776800 | 1546772513026 | 1580293575224 | 1580422716782 | 1556051998956 | 1568520485350 | 1589275052638 | 1604382371878 | 1571816448670 | 1572114133538 | 1573467502204 | 1578717374338 | 1626255669480 | 1626621216402 | 1635103248012 | 2349528772110 | 2355777317842 | 2345651602138 | 2345917279680 | 2341613794312 | 2345230863170 | 2366634183524 | 2355363269038 | 2346455572942 | 2342675333258 | 2346472582844 | 2346798416066 | 2343398086848 | 2349556010204 | 2346621903314 | 2350323031628 | 2350437596286 | 2360469257978 | 2364204678472 | 2365367444518 | 2350495825184 | 2352646915632 | 2372958150992 | 2350299184038 | 2362821479018 | 2359036480632 | 2340427807614 | 2350868411242 | 2366772420090 | 2350662302144 | 2359104797738 | 2359956930552 |
| RETIRED_INSTRUCTIONS |   PMC0  | 3215367280981 | 2514130122674 | 2515028207497 | 2514907359170 | 2514544282420 | 2507841821835 | 2508319948406 | 2508069080644 | 2507838833744 | 2509876114819 | 2509640225820 | 2509323319187 | 2509990492705 | 2509009729909 | 2509448331283 | 2508995603345 | 2507895488652 | 2508306047123 | 2508142842224 | 2507305406013 | 2508051690553 | 2507727864337 | 2508460729973 | 2508031229329 | 2505690285112 | 2506261988974 | 2506379689658 | 2505647074961 | 2504147213287 | 2505539447724 | 2505836632039 | 2505308794504 | 2508455997855 | 2508801812847 | 2509140391743 | 2508707923842 | 2508587319092 | 2508693466768 | 2508280772198 | 2509104032836 | 2506325463447 | 2506286953374 | 2507095205896 | 2506460707577 | 2506545730635 | 2506140616372 | 2505896352644 | 2505847133736 | 2504457642873 | 2505007316957 | 2504831274970 | 2505255665289 | 2505571304368 | 2505416082474 | 2506091165401 | 2506004291516 | 2507644886359 | 2507501464823 | 2507376051936 | 2507449153115 | 2507106297280 | 2507660191320 | 2508033234043 | 2508269441803 | 2504239583820 | 2505021137831 | 2504483542416 | 2503609158270 | 2505374043516 | 2505346001053 | 2504885021059 | 2505399551061 | 2493531877159 | 2491736384535 | 2490851666661 | 2491737531422 | 2491198534976 | 2491726569247 | 2491916249498 | 2490971108988 | 2494559453579 | 2486273928529 | 2486045315298 | 2487531633386 | 2487005054011 | 2485856219634 | 2485416676992 | 2485670514336 | 2484789648082 | 2483493064142 | 2483432418384 | 2483509691259 | 2483348252125 | 2485212458979 | 2484839493272 | 2485129896161 | 2458391550966 | 2458396927320 | 2458625156554 | 2457768342327 | 2457942518711 | 2457321480968 | 2457967905191 | 2457244287804 | 2469704757301 | 2468989592235 | 2462888533288 | 2462123822663 | 2462321390955 | 2461930733339 | 2461992625053 | 2461662963687 | 2451421684002 | 2451944775040 | 2452387671567 | 2451827912063 | 2451307056759 | 2450775710880 | 2451922592802 | 2450462962001 | 2460208459433 | 2459604642157 | 2458950542402 | 2458729882821 | 2459435351356 | 2458821428746 | 2438976589678 | 2358152898154 |
|  CPU_CLOCKS_UNHALTED |   PMC1  | 3343527172966 | 2895242194175 | 2896146426885 | 2909638981975 | 2912726799675 | 2919185173160 | 2918592415673 | 2912562854187 | 2843188793026 | 2839177706420 | 2837945751225 | 2840807773856 | 2852783337868 | 2845018563699 | 2851111687968 | 2852226460502 | 2837733853201 | 2836128597174 | 2830393283359 | 2839765568927 | 2832026215632 | 2849583399795 | 2854751852512 | 2850880798726 | 2917570332182 | 2916719638789 | 2916935856011 | 2915400613033 | 2917208369464 | 2918870133391 | 2926530018953 | 2926626339322 | 2820590008078 | 2834752953610 | 2826755699373 | 2835844840976 | 2845156979196 | 2850759865883 | 2849654762664 | 2859793985474 | 2837694277814 | 2834268032740 | 2839447957723 | 2842247700996 | 2848380119855 | 2848949784187 | 2846552302501 | 2858084698392 | 2460601494387 | 2425315731337 | 2408331899523 | 2444092522848 | 2447872126958 | 2453244449424 | 2467669821792 | 2473296925942 | 2375600292188 | 2346300936598 | 2332588396097 | 2356221828365 | 2376542792454 | 2396175280914 | 2392851135736 | 2412503162449 | 2384679085579 | 2372166756245 | 2364361911702 | 2389897876425 | 2455382317827 | 2414575383790 | 2407848481418 | 2425697067642 | 1919628953991 | 1778091145566 | 1770507485299 | 1781134460394 | 1789090300649 | 1793277014453 | 1797069658131 | 1796017934936 | 1759305455719 | 1731888079786 | 1738600162502 | 1748259618695 | 1757183681141 | 1748542705768 | 1763837353045 | 1790288304162 | 1781654531579 | 1767909084219 | 1771675595393 | 1772317022208 | 1777540486585 | 1795761761522 | 1803468708155 | 1812086317828 | 3116450248755 | 3116775269152 | 3118944732578 | 3113504218570 | 3113364103395 | 3115320782203 | 3117369842065 | 3114867783844 | 3111231672999 | 3110096697834 | 3111009802273 | 3104534741069 | 3110505696535 | 3108896545217 | 3106912070482 | 3111164765228 | 3107259062553 | 3112571338830 | 3113814990961 | 3109327675972 | 3111501904166 | 3107935888233 | 3117631516450 | 3106880559781 | 3139193504073 | 3133573828728 | 3133579418476 | 3133199351108 | 3140064593112 | 3131038749080 | 3132950590167 | 3120054223159 |
|      CAS_CMD_RD      |  UMC0C0 |   91722257437 |             0 |             0 |             0 |             0 |             0 |             0 |             0 |             0 |             0 |             0 |             0 |             0 |             0 |             0 |             0 |             0 |             0 |             0 |             0 |             0 |             0 |             0 |             0 |             0 |             0 |             0 |             0 |             0 |             0 |             0 |             0 |             0 |             0 |             0 |             0 |             0 |             0 |             0 |             0 |             0 |             0 |             0 |             0 |             0 |             0 |             0 |             0 |             0 |             0 |             0 |             0 |             0 |             0 |             0 |             0 |             0 |             0 |             0 |             0 |             0 |             0 |             0 |             0 |             0 |             0 |             0 |             0 |             0 |             0 |             0 |             0 |             0 |             0 |             0 |             0 |             0 |             0 |             0 |             0 |             0 |             0 |             0 |             0 |             0 |             0 |             0 |             0 |             0 |             0 |             0 |             0 |             0 |             0 |             0 |             0 |   22597000868 |             0 |             0 |             0 |             0 |             0 |             0 |             0 |             0 |             0 |             0 |             0 |             0 |             0 |             0 |             0 |             0 |             0 |             0 |             0 |             0 |             0 |             0 |             0 |             0 |             0 |             0 |             0 |             0 |             0 |             0 |             0 |
|      CAS_CMD_WR      |  UMC0C1 |   35113140323 |             0 |             0 |             0 |             0 |             0 |             0 |             0 |             0 |             0 |             0 |             0 |             0 |             0 |             0 |             0 |             0 |             0 |             0 |             0 |             0 |             0 |             0 |             0 |             0 |             0 |             0 |             0 |             0 |             0 |             0 |             0 |             0 |             0 |             0 |             0 |             0 |             0 |             0 |             0 |             0 |             0 |             0 |             0 |             0 |             0 |             0 |             0 |             0 |             0 |             0 |             0 |             0 |             0 |             0 |             0 |             0 |             0 |             0 |             0 |             0 |             0 |             0 |             0 |             0 |             0 |             0 |             0 |             0 |             0 |             0 |             0 |             0 |             0 |             0 |             0 |             0 |             0 |             0 |             0 |             0 |             0 |             0 |             0 |             0 |             0 |             0 |             0 |             0 |             0 |             0 |             0 |             0 |             0 |             0 |             0 |    8701690590 |             0 |             0 |             0 |             0 |             0 |             0 |             0 |             0 |             0 |             0 |             0 |             0 |             0 |             0 |             0 |             0 |             0 |             0 |             0 |             0 |             0 |             0 |             0 |             0 |             0 |             0 |             0 |             0 |             0 |             0 |             0 |
|      CAS_CMD_RD      |  UMC1C0 |   91583525193 |             0 |             0 |             0 |             0 |             0 |             0 |             0 |             0 |             0 |             0 |             0 |             0 |             0 |             0 |             0 |             0 |             0 |             0 |             0 |             0 |             0 |             0 |             0 |             0 |             0 |             0 |             0 |             0 |             0 |             0 |             0 |             0 |             0 |             0 |             0 |             0 |             0 |             0 |             0 |             0 |             0 |             0 |             0 |             0 |             0 |             0 |             0 |             0 |             0 |             0 |             0 |             0 |             0 |             0 |             0 |             0 |             0 |             0 |             0 |             0 |             0 |             0 |             0 |             0 |             0 |             0 |             0 |             0 |             0 |             0 |             0 |             0 |             0 |             0 |             0 |             0 |             0 |             0 |             0 |             0 |             0 |             0 |             0 |             0 |             0 |             0 |             0 |             0 |             0 |             0 |             0 |             0 |             0 |             0 |             0 |   22874030750 |             0 |             0 |             0 |             0 |             0 |             0 |             0 |             0 |             0 |             0 |             0 |             0 |             0 |             0 |             0 |             0 |             0 |             0 |             0 |             0 |             0 |             0 |             0 |             0 |             0 |             0 |             0 |             0 |             0 |             0 |             0 |
|      CAS_CMD_WR      |  UMC1C1 |   35118154021 |             0 |             0 |             0 |             0 |             0 |             0 |             0 |             0 |             0 |             0 |             0 |             0 |             0 |             0 |             0 |             0 |             0 |             0 |             0 |             0 |             0 |             0 |             0 |             0 |             0 |             0 |             0 |             0 |             0 |             0 |             0 |             0 |             0 |             0 |             0 |             0 |             0 |             0 |             0 |             0 |             0 |             0 |             0 |             0 |             0 |             0 |             0 |             0 |             0 |             0 |             0 |             0 |             0 |             0 |             0 |             0 |             0 |             0 |             0 |             0 |             0 |             0 |             0 |             0 |             0 |             0 |             0 |             0 |             0 |             0 |             0 |             0 |             0 |             0 |             0 |             0 |             0 |             0 |             0 |             0 |             0 |             0 |             0 |             0 |             0 |             0 |             0 |             0 |             0 |             0 |             0 |             0 |             0 |             0 |             0 |    8696992392 |             0 |             0 |             0 |             0 |             0 |             0 |             0 |             0 |             0 |             0 |             0 |             0 |             0 |             0 |             0 |             0 |             0 |             0 |             0 |             0 |             0 |             0 |             0 |             0 |             0 |             0 |             0 |             0 |             0 |             0 |             0 |
|      CAS_CMD_RD      |  UMC2C0 |   91198693883 |             0 |             0 |             0 |             0 |             0 |             0 |             0 |             0 |             0 |             0 |             0 |             0 |             0 |             0 |             0 |             0 |             0 |             0 |             0 |             0 |             0 |             0 |             0 |             0 |             0 |             0 |             0 |             0 |             0 |             0 |             0 |             0 |             0 |             0 |             0 |             0 |             0 |             0 |             0 |             0 |             0 |             0 |             0 |             0 |             0 |             0 |             0 |             0 |             0 |             0 |             0 |             0 |             0 |             0 |             0 |             0 |             0 |             0 |             0 |             0 |             0 |             0 |             0 |             0 |             0 |             0 |             0 |             0 |             0 |             0 |             0 |             0 |             0 |             0 |             0 |             0 |             0 |             0 |             0 |             0 |             0 |             0 |             0 |             0 |             0 |             0 |             0 |             0 |             0 |             0 |             0 |             0 |             0 |             0 |             0 |   22625233780 |             0 |             0 |             0 |             0 |             0 |             0 |             0 |             0 |             0 |             0 |             0 |             0 |             0 |             0 |             0 |             0 |             0 |             0 |             0 |             0 |             0 |             0 |             0 |             0 |             0 |             0 |             0 |             0 |             0 |             0 |             0 |
|      CAS_CMD_WR      |  UMC2C1 |   35070361853 |             0 |             0 |             0 |             0 |             0 |             0 |             0 |             0 |             0 |             0 |             0 |             0 |             0 |             0 |             0 |             0 |             0 |             0 |             0 |             0 |             0 |             0 |             0 |             0 |             0 |             0 |             0 |             0 |             0 |             0 |             0 |             0 |             0 |             0 |             0 |             0 |             0 |             0 |             0 |             0 |             0 |             0 |             0 |             0 |             0 |             0 |             0 |             0 |             0 |             0 |             0 |             0 |             0 |             0 |             0 |             0 |             0 |             0 |             0 |             0 |             0 |             0 |             0 |             0 |             0 |             0 |             0 |             0 |             0 |             0 |             0 |             0 |             0 |             0 |             0 |             0 |             0 |             0 |             0 |             0 |             0 |             0 |             0 |             0 |             0 |             0 |             0 |             0 |             0 |             0 |             0 |             0 |             0 |             0 |             0 |    8705436356 |             0 |             0 |             0 |             0 |             0 |             0 |             0 |             0 |             0 |             0 |             0 |             0 |             0 |             0 |             0 |             0 |             0 |             0 |             0 |             0 |             0 |             0 |             0 |             0 |             0 |             0 |             0 |             0 |             0 |             0 |             0 |
|      CAS_CMD_RD      |  UMC3C0 |   92948519604 |             0 |             0 |             0 |             0 |             0 |             0 |             0 |             0 |             0 |             0 |             0 |             0 |             0 |             0 |             0 |             0 |             0 |             0 |             0 |             0 |             0 |             0 |             0 |             0 |             0 |             0 |             0 |             0 |             0 |             0 |             0 |             0 |             0 |             0 |             0 |             0 |             0 |             0 |             0 |             0 |             0 |             0 |             0 |             0 |             0 |             0 |             0 |             0 |             0 |             0 |             0 |             0 |             0 |             0 |             0 |             0 |             0 |             0 |             0 |             0 |             0 |             0 |             0 |             0 |             0 |             0 |             0 |             0 |             0 |             0 |             0 |             0 |             0 |             0 |             0 |             0 |             0 |             0 |             0 |             0 |             0 |             0 |             0 |             0 |             0 |             0 |             0 |             0 |             0 |             0 |             0 |             0 |             0 |             0 |             0 |   22459007248 |             0 |             0 |             0 |             0 |             0 |             0 |             0 |             0 |             0 |             0 |             0 |             0 |             0 |             0 |             0 |             0 |             0 |             0 |             0 |             0 |             0 |             0 |             0 |             0 |             0 |             0 |             0 |             0 |             0 |             0 |             0 |
|      CAS_CMD_WR      |  UMC3C1 |   35093697197 |             0 |             0 |             0 |             0 |             0 |             0 |             0 |             0 |             0 |             0 |             0 |             0 |             0 |             0 |             0 |             0 |             0 |             0 |             0 |             0 |             0 |             0 |             0 |             0 |             0 |             0 |             0 |             0 |             0 |             0 |             0 |             0 |             0 |             0 |             0 |             0 |             0 |             0 |             0 |             0 |             0 |             0 |             0 |             0 |             0 |             0 |             0 |             0 |             0 |             0 |             0 |             0 |             0 |             0 |             0 |             0 |             0 |             0 |             0 |             0 |             0 |             0 |             0 |             0 |             0 |             0 |             0 |             0 |             0 |             0 |             0 |             0 |             0 |             0 |             0 |             0 |             0 |             0 |             0 |             0 |             0 |             0 |             0 |             0 |             0 |             0 |             0 |             0 |             0 |             0 |             0 |             0 |             0 |             0 |             0 |    8704515596 |             0 |             0 |             0 |             0 |             0 |             0 |             0 |             0 |             0 |             0 |             0 |             0 |             0 |             0 |             0 |             0 |             0 |             0 |             0 |             0 |             0 |             0 |             0 |             0 |             0 |             0 |             0 |             0 |             0 |             0 |             0 |
|      CAS_CMD_RD      |  UMC4C0 |   92073306669 |             0 |             0 |             0 |             0 |             0 |             0 |             0 |             0 |             0 |             0 |             0 |             0 |             0 |             0 |             0 |             0 |             0 |             0 |             0 |             0 |             0 |             0 |             0 |             0 |             0 |             0 |             0 |             0 |             0 |             0 |             0 |             0 |             0 |             0 |             0 |             0 |             0 |             0 |             0 |             0 |             0 |             0 |             0 |             0 |             0 |             0 |             0 |             0 |             0 |             0 |             0 |             0 |             0 |             0 |             0 |             0 |             0 |             0 |             0 |             0 |             0 |             0 |             0 |             0 |             0 |             0 |             0 |             0 |             0 |             0 |             0 |             0 |             0 |             0 |             0 |             0 |             0 |             0 |             0 |             0 |             0 |             0 |             0 |             0 |             0 |             0 |             0 |             0 |             0 |             0 |             0 |             0 |             0 |             0 |             0 |   22601943940 |             0 |             0 |             0 |             0 |             0 |             0 |             0 |             0 |             0 |             0 |             0 |             0 |             0 |             0 |             0 |             0 |             0 |             0 |             0 |             0 |             0 |             0 |             0 |             0 |             0 |             0 |             0 |             0 |             0 |             0 |             0 |
|      CAS_CMD_WR      |  UMC4C1 |   35014706203 |             0 |             0 |             0 |             0 |             0 |             0 |             0 |             0 |             0 |             0 |             0 |             0 |             0 |             0 |             0 |             0 |             0 |             0 |             0 |             0 |             0 |             0 |             0 |             0 |             0 |             0 |             0 |             0 |             0 |             0 |             0 |             0 |             0 |             0 |             0 |             0 |             0 |             0 |             0 |             0 |             0 |             0 |             0 |             0 |             0 |             0 |             0 |             0 |             0 |             0 |             0 |             0 |             0 |             0 |             0 |             0 |             0 |             0 |             0 |             0 |             0 |             0 |             0 |             0 |             0 |             0 |             0 |             0 |             0 |             0 |             0 |             0 |             0 |             0 |             0 |             0 |             0 |             0 |             0 |             0 |             0 |             0 |             0 |             0 |             0 |             0 |             0 |             0 |             0 |             0 |             0 |             0 |             0 |             0 |             0 |    8706159412 |             0 |             0 |             0 |             0 |             0 |             0 |             0 |             0 |             0 |             0 |             0 |             0 |             0 |             0 |             0 |             0 |             0 |             0 |             0 |             0 |             0 |             0 |             0 |             0 |             0 |             0 |             0 |             0 |             0 |             0 |             0 |
|      CAS_CMD_RD      |  UMC5C0 |   91373489717 |             0 |             0 |             0 |             0 |             0 |             0 |             0 |             0 |             0 |             0 |             0 |             0 |             0 |             0 |             0 |             0 |             0 |             0 |             0 |             0 |             0 |             0 |             0 |             0 |             0 |             0 |             0 |             0 |             0 |             0 |             0 |             0 |             0 |             0 |             0 |             0 |             0 |             0 |             0 |             0 |             0 |             0 |             0 |             0 |             0 |             0 |             0 |             0 |             0 |             0 |             0 |             0 |             0 |             0 |             0 |             0 |             0 |             0 |             0 |             0 |             0 |             0 |             0 |             0 |             0 |             0 |             0 |             0 |             0 |             0 |             0 |             0 |             0 |             0 |             0 |             0 |             0 |             0 |             0 |             0 |             0 |             0 |             0 |             0 |             0 |             0 |             0 |             0 |             0 |             0 |             0 |             0 |             0 |             0 |             0 |   22353074633 |             0 |             0 |             0 |             0 |             0 |             0 |             0 |             0 |             0 |             0 |             0 |             0 |             0 |             0 |             0 |             0 |             0 |             0 |             0 |             0 |             0 |             0 |             0 |             0 |             0 |             0 |             0 |             0 |             0 |             0 |             0 |
|      CAS_CMD_WR      |  UMC5C1 |   35006469326 |             0 |             0 |             0 |             0 |             0 |             0 |             0 |             0 |             0 |             0 |             0 |             0 |             0 |             0 |             0 |             0 |             0 |             0 |             0 |             0 |             0 |             0 |             0 |             0 |             0 |             0 |             0 |             0 |             0 |             0 |             0 |             0 |             0 |             0 |             0 |             0 |             0 |             0 |             0 |             0 |             0 |             0 |             0 |             0 |             0 |             0 |             0 |             0 |             0 |             0 |             0 |             0 |             0 |             0 |             0 |             0 |             0 |             0 |             0 |             0 |             0 |             0 |             0 |             0 |             0 |             0 |             0 |             0 |             0 |             0 |             0 |             0 |             0 |             0 |             0 |             0 |             0 |             0 |             0 |             0 |             0 |             0 |             0 |             0 |             0 |             0 |             0 |             0 |             0 |             0 |             0 |             0 |             0 |             0 |             0 |    8705767222 |             0 |             0 |             0 |             0 |             0 |             0 |             0 |             0 |             0 |             0 |             0 |             0 |             0 |             0 |             0 |             0 |             0 |             0 |             0 |             0 |             0 |             0 |             0 |             0 |             0 |             0 |             0 |             0 |             0 |             0 |             0 |
|      CAS_CMD_RD      |  UMC6C0 |   91359374745 |             0 |             0 |             0 |             0 |             0 |             0 |             0 |             0 |             0 |             0 |             0 |             0 |             0 |             0 |             0 |             0 |             0 |             0 |             0 |             0 |             0 |             0 |             0 |             0 |             0 |             0 |             0 |             0 |             0 |             0 |             0 |             0 |             0 |             0 |             0 |             0 |             0 |             0 |             0 |             0 |             0 |             0 |             0 |             0 |             0 |             0 |             0 |             0 |             0 |             0 |             0 |             0 |             0 |             0 |             0 |             0 |             0 |             0 |             0 |             0 |             0 |             0 |             0 |             0 |             0 |             0 |             0 |             0 |             0 |             0 |             0 |             0 |             0 |             0 |             0 |             0 |             0 |             0 |             0 |             0 |             0 |             0 |             0 |             0 |             0 |             0 |             0 |             0 |             0 |             0 |             0 |             0 |             0 |             0 |             0 |   23055064718 |             0 |             0 |             0 |             0 |             0 |             0 |             0 |             0 |             0 |             0 |             0 |             0 |             0 |             0 |             0 |             0 |             0 |             0 |             0 |             0 |             0 |             0 |             0 |             0 |             0 |             0 |             0 |             0 |             0 |             0 |             0 |
|      CAS_CMD_WR      |  UMC6C1 |   35098955397 |             0 |             0 |             0 |             0 |             0 |             0 |             0 |             0 |             0 |             0 |             0 |             0 |             0 |             0 |             0 |             0 |             0 |             0 |             0 |             0 |             0 |             0 |             0 |             0 |             0 |             0 |             0 |             0 |             0 |             0 |             0 |             0 |             0 |             0 |             0 |             0 |             0 |             0 |             0 |             0 |             0 |             0 |             0 |             0 |             0 |             0 |             0 |             0 |             0 |             0 |             0 |             0 |             0 |             0 |             0 |             0 |             0 |             0 |             0 |             0 |             0 |             0 |             0 |             0 |             0 |             0 |             0 |             0 |             0 |             0 |             0 |             0 |             0 |             0 |             0 |             0 |             0 |             0 |             0 |             0 |             0 |             0 |             0 |             0 |             0 |             0 |             0 |             0 |             0 |             0 |             0 |             0 |             0 |             0 |             0 |    8693322418 |             0 |             0 |             0 |             0 |             0 |             0 |             0 |             0 |             0 |             0 |             0 |             0 |             0 |             0 |             0 |             0 |             0 |             0 |             0 |             0 |             0 |             0 |             0 |             0 |             0 |             0 |             0 |             0 |             0 |             0 |             0 |
|      CAS_CMD_RD      |  UMC7C0 |   91386189580 |             0 |             0 |             0 |             0 |             0 |             0 |             0 |             0 |             0 |             0 |             0 |             0 |             0 |             0 |             0 |             0 |             0 |             0 |             0 |             0 |             0 |             0 |             0 |             0 |             0 |             0 |             0 |             0 |             0 |             0 |             0 |             0 |             0 |             0 |             0 |             0 |             0 |             0 |             0 |             0 |             0 |             0 |             0 |             0 |             0 |             0 |             0 |             0 |             0 |             0 |             0 |             0 |             0 |             0 |             0 |             0 |             0 |             0 |             0 |             0 |             0 |             0 |             0 |             0 |             0 |             0 |             0 |             0 |             0 |             0 |             0 |             0 |             0 |             0 |             0 |             0 |             0 |             0 |             0 |             0 |             0 |             0 |             0 |             0 |             0 |             0 |             0 |             0 |             0 |             0 |             0 |             0 |             0 |             0 |             0 |   22689817979 |             0 |             0 |             0 |             0 |             0 |             0 |             0 |             0 |             0 |             0 |             0 |             0 |             0 |             0 |             0 |             0 |             0 |             0 |             0 |             0 |             0 |             0 |             0 |             0 |             0 |             0 |             0 |             0 |             0 |             0 |             0 |
|      CAS_CMD_WR      |  UMC7C1 |   35118778973 |             0 |             0 |             0 |             0 |             0 |             0 |             0 |             0 |             0 |             0 |             0 |             0 |             0 |             0 |             0 |             0 |             0 |             0 |             0 |             0 |             0 |             0 |             0 |             0 |             0 |             0 |             0 |             0 |             0 |             0 |             0 |             0 |             0 |             0 |             0 |             0 |             0 |             0 |             0 |             0 |             0 |             0 |             0 |             0 |             0 |             0 |             0 |             0 |             0 |             0 |             0 |             0 |             0 |             0 |             0 |             0 |             0 |             0 |             0 |             0 |             0 |             0 |             0 |             0 |             0 |             0 |             0 |             0 |             0 |             0 |             0 |             0 |             0 |             0 |             0 |             0 |             0 |             0 |             0 |             0 |             0 |             0 |             0 |             0 |             0 |             0 |             0 |             0 |             0 |             0 |             0 |             0 |             0 |             0 |             0 |    8691056041 |             0 |             0 |             0 |             0 |             0 |             0 |             0 |             0 |             0 |             0 |             0 |             0 |             0 |             0 |             0 |             0 |             0 |             0 |             0 |             0 |             0 |             0 |             0 |             0 |             0 |             0 |             0 |             0 |             0 |             0 |             0 |
|      CAS_CMD_RD      |  UMC8C0 |   90585974613 |             0 |             0 |             0 |             0 |             0 |             0 |             0 |             0 |             0 |             0 |             0 |             0 |             0 |             0 |             0 |             0 |             0 |             0 |             0 |             0 |             0 |             0 |             0 |             0 |             0 |             0 |             0 |             0 |             0 |             0 |             0 |             0 |             0 |             0 |             0 |             0 |             0 |             0 |             0 |             0 |             0 |             0 |             0 |             0 |             0 |             0 |             0 |             0 |             0 |             0 |             0 |             0 |             0 |             0 |             0 |             0 |             0 |             0 |             0 |             0 |             0 |             0 |             0 |             0 |             0 |             0 |             0 |             0 |             0 |             0 |             0 |             0 |             0 |             0 |             0 |             0 |             0 |             0 |             0 |             0 |             0 |             0 |             0 |             0 |             0 |             0 |             0 |             0 |             0 |             0 |             0 |             0 |             0 |             0 |             0 |   22866742780 |             0 |             0 |             0 |             0 |             0 |             0 |             0 |             0 |             0 |             0 |             0 |             0 |             0 |             0 |             0 |             0 |             0 |             0 |             0 |             0 |             0 |             0 |             0 |             0 |             0 |             0 |             0 |             0 |             0 |             0 |             0 |
|      CAS_CMD_WR      |  UMC8C1 |   35106838342 |             0 |             0 |             0 |             0 |             0 |             0 |             0 |             0 |             0 |             0 |             0 |             0 |             0 |             0 |             0 |             0 |             0 |             0 |             0 |             0 |             0 |             0 |             0 |             0 |             0 |             0 |             0 |             0 |             0 |             0 |             0 |             0 |             0 |             0 |             0 |             0 |             0 |             0 |             0 |             0 |             0 |             0 |             0 |             0 |             0 |             0 |             0 |             0 |             0 |             0 |             0 |             0 |             0 |             0 |             0 |             0 |             0 |             0 |             0 |             0 |             0 |             0 |             0 |             0 |             0 |             0 |             0 |             0 |             0 |             0 |             0 |             0 |             0 |             0 |             0 |             0 |             0 |             0 |             0 |             0 |             0 |             0 |             0 |             0 |             0 |             0 |             0 |             0 |             0 |             0 |             0 |             0 |             0 |             0 |             0 |    8703361634 |             0 |             0 |             0 |             0 |             0 |             0 |             0 |             0 |             0 |             0 |             0 |             0 |             0 |             0 |             0 |             0 |             0 |             0 |             0 |             0 |             0 |             0 |             0 |             0 |             0 |             0 |             0 |             0 |             0 |             0 |             0 |
|      CAS_CMD_RD      |  UMC9C0 |   91321679015 |             0 |             0 |             0 |             0 |             0 |             0 |             0 |             0 |             0 |             0 |             0 |             0 |             0 |             0 |             0 |             0 |             0 |             0 |             0 |             0 |             0 |             0 |             0 |             0 |             0 |             0 |             0 |             0 |             0 |             0 |             0 |             0 |             0 |             0 |             0 |             0 |             0 |             0 |             0 |             0 |             0 |             0 |             0 |             0 |             0 |             0 |             0 |             0 |             0 |             0 |             0 |             0 |             0 |             0 |             0 |             0 |             0 |             0 |             0 |             0 |             0 |             0 |             0 |             0 |             0 |             0 |             0 |             0 |             0 |             0 |             0 |             0 |             0 |             0 |             0 |             0 |             0 |             0 |             0 |             0 |             0 |             0 |             0 |             0 |             0 |             0 |             0 |             0 |             0 |             0 |             0 |             0 |             0 |             0 |             0 |   22828929152 |             0 |             0 |             0 |             0 |             0 |             0 |             0 |             0 |             0 |             0 |             0 |             0 |             0 |             0 |             0 |             0 |             0 |             0 |             0 |             0 |             0 |             0 |             0 |             0 |             0 |             0 |             0 |             0 |             0 |             0 |             0 |
|      CAS_CMD_WR      |  UMC9C1 |   35097407357 |             0 |             0 |             0 |             0 |             0 |             0 |             0 |             0 |             0 |             0 |             0 |             0 |             0 |             0 |             0 |             0 |             0 |             0 |             0 |             0 |             0 |             0 |             0 |             0 |             0 |             0 |             0 |             0 |             0 |             0 |             0 |             0 |             0 |             0 |             0 |             0 |             0 |             0 |             0 |             0 |             0 |             0 |             0 |             0 |             0 |             0 |             0 |             0 |             0 |             0 |             0 |             0 |             0 |             0 |             0 |             0 |             0 |             0 |             0 |             0 |             0 |             0 |             0 |             0 |             0 |             0 |             0 |             0 |             0 |             0 |             0 |             0 |             0 |             0 |             0 |             0 |             0 |             0 |             0 |             0 |             0 |             0 |             0 |             0 |             0 |             0 |             0 |             0 |             0 |             0 |             0 |             0 |             0 |             0 |             0 |    8712135398 |             0 |             0 |             0 |             0 |             0 |             0 |             0 |             0 |             0 |             0 |             0 |             0 |             0 |             0 |             0 |             0 |             0 |             0 |             0 |             0 |             0 |             0 |             0 |             0 |             0 |             0 |             0 |             0 |             0 |             0 |             0 |
|      CAS_CMD_RD      | UMC10C0 |   91287544192 |             0 |             0 |             0 |             0 |             0 |             0 |             0 |             0 |             0 |             0 |             0 |             0 |             0 |             0 |             0 |             0 |             0 |             0 |             0 |             0 |             0 |             0 |             0 |             0 |             0 |             0 |             0 |             0 |             0 |             0 |             0 |             0 |             0 |             0 |             0 |             0 |             0 |             0 |             0 |             0 |             0 |             0 |             0 |             0 |             0 |             0 |             0 |             0 |             0 |             0 |             0 |             0 |             0 |             0 |             0 |             0 |             0 |             0 |             0 |             0 |             0 |             0 |             0 |             0 |             0 |             0 |             0 |             0 |             0 |             0 |             0 |             0 |             0 |             0 |             0 |             0 |             0 |             0 |             0 |             0 |             0 |             0 |             0 |             0 |             0 |             0 |             0 |             0 |             0 |             0 |             0 |             0 |             0 |             0 |             0 |   22299427405 |             0 |             0 |             0 |             0 |             0 |             0 |             0 |             0 |             0 |             0 |             0 |             0 |             0 |             0 |             0 |             0 |             0 |             0 |             0 |             0 |             0 |             0 |             0 |             0 |             0 |             0 |             0 |             0 |             0 |             0 |             0 |
|      CAS_CMD_WR      | UMC10C1 |   35084101972 |             0 |             0 |             0 |             0 |             0 |             0 |             0 |             0 |             0 |             0 |             0 |             0 |             0 |             0 |             0 |             0 |             0 |             0 |             0 |             0 |             0 |             0 |             0 |             0 |             0 |             0 |             0 |             0 |             0 |             0 |             0 |             0 |             0 |             0 |             0 |             0 |             0 |             0 |             0 |             0 |             0 |             0 |             0 |             0 |             0 |             0 |             0 |             0 |             0 |             0 |             0 |             0 |             0 |             0 |             0 |             0 |             0 |             0 |             0 |             0 |             0 |             0 |             0 |             0 |             0 |             0 |             0 |             0 |             0 |             0 |             0 |             0 |             0 |             0 |             0 |             0 |             0 |             0 |             0 |             0 |             0 |             0 |             0 |             0 |             0 |             0 |             0 |             0 |             0 |             0 |             0 |             0 |             0 |             0 |             0 |    8693575514 |             0 |             0 |             0 |             0 |             0 |             0 |             0 |             0 |             0 |             0 |             0 |             0 |             0 |             0 |             0 |             0 |             0 |             0 |             0 |             0 |             0 |             0 |             0 |             0 |             0 |             0 |             0 |             0 |             0 |             0 |             0 |
|      CAS_CMD_RD      | UMC11C0 |   91153853314 |             0 |             0 |             0 |             0 |             0 |             0 |             0 |             0 |             0 |             0 |             0 |             0 |             0 |             0 |             0 |             0 |             0 |             0 |             0 |             0 |             0 |             0 |             0 |             0 |             0 |             0 |             0 |             0 |             0 |             0 |             0 |             0 |             0 |             0 |             0 |             0 |             0 |             0 |             0 |             0 |             0 |             0 |             0 |             0 |             0 |             0 |             0 |             0 |             0 |             0 |             0 |             0 |             0 |             0 |             0 |             0 |             0 |             0 |             0 |             0 |             0 |             0 |             0 |             0 |             0 |             0 |             0 |             0 |             0 |             0 |             0 |             0 |             0 |             0 |             0 |             0 |             0 |             0 |             0 |             0 |             0 |             0 |             0 |             0 |             0 |             0 |             0 |             0 |             0 |             0 |             0 |             0 |             0 |             0 |             0 |   22430386761 |             0 |             0 |             0 |             0 |             0 |             0 |             0 |             0 |             0 |             0 |             0 |             0 |             0 |             0 |             0 |             0 |             0 |             0 |             0 |             0 |             0 |             0 |             0 |             0 |             0 |             0 |             0 |             0 |             0 |             0 |             0 |
|      CAS_CMD_WR      | UMC11C1 |   35086380769 |             0 |             0 |             0 |             0 |             0 |             0 |             0 |             0 |             0 |             0 |             0 |             0 |             0 |             0 |             0 |             0 |             0 |             0 |             0 |             0 |             0 |             0 |             0 |             0 |             0 |             0 |             0 |             0 |             0 |             0 |             0 |             0 |             0 |             0 |             0 |             0 |             0 |             0 |             0 |             0 |             0 |             0 |             0 |             0 |             0 |             0 |             0 |             0 |             0 |             0 |             0 |             0 |             0 |             0 |             0 |             0 |             0 |             0 |             0 |             0 |             0 |             0 |             0 |             0 |             0 |             0 |             0 |             0 |             0 |             0 |             0 |             0 |             0 |             0 |             0 |             0 |             0 |             0 |             0 |             0 |             0 |             0 |             0 |             0 |             0 |             0 |             0 |             0 |             0 |             0 |             0 |             0 |             0 |             0 |             0 |    8710656761 |             0 |             0 |             0 |             0 |             0 |             0 |             0 |             0 |             0 |             0 |             0 |             0 |             0 |             0 |             0 |             0 |             0 |             0 |             0 |             0 |             0 |             0 |             0 |             0 |             0 |             0 |             0 |             0 |             0 |             0 |             0 |
+----------------------+---------+---------------+---------------+---------------+---------------+---------------+---------------+---------------+---------------+---------------+---------------+---------------+---------------+---------------+---------------+---------------+---------------+---------------+---------------+---------------+---------------+---------------+---------------+---------------+---------------+---------------+---------------+---------------+---------------+---------------+---------------+---------------+---------------+---------------+---------------+---------------+---------------+---------------+---------------+---------------+---------------+---------------+---------------+---------------+---------------+---------------+---------------+---------------+---------------+---------------+---------------+---------------+---------------+---------------+---------------+---------------+---------------+---------------+---------------+---------------+---------------+---------------+---------------+---------------+---------------+---------------+---------------+---------------+---------------+---------------+---------------+---------------+---------------+---------------+---------------+---------------+---------------+---------------+---------------+---------------+---------------+---------------+---------------+---------------+---------------+---------------+---------------+---------------+---------------+---------------+---------------+---------------+---------------+---------------+---------------+---------------+---------------+---------------+---------------+---------------+---------------+---------------+---------------+---------------+---------------+---------------+---------------+---------------+---------------+---------------+---------------+---------------+---------------+---------------+---------------+---------------+---------------+---------------+---------------+---------------+---------------+---------------+---------------+---------------+---------------+---------------+---------------+---------------+---------------+

+---------------------------+---------+-----------------+---------------+---------------+--------------+
|           Event           | Counter |       Sum       |      Min      |      Max      |      Avg     |
+---------------------------+---------+-----------------+---------------+---------------+--------------+
|   ACTUAL_CPU_CLOCK STAT   |  FIXC1  | 369384725440490 | 1843137955480 | 3979556257766 | 2.885818e+12 |
|     MAX_CPU_CLOCK STAT    |  FIXC2  | 267337112853928 | 1542192776800 | 2808328759574 | 2.088571e+12 |
| RETIRED_INSTRUCTIONS STAT |   PMC0  | 319489452952195 | 2358152898154 | 3215367280981 |      nil     |
|  CPU_CLOCKS_UNHALTED STAT |   PMC1  | 338316420599607 | 1731888079786 | 3343527172966 | 2.643097e+12 |
|      CAS_CMD_RD STAT      |  UMC0C0 |    114319258305 |             0 |   91722257437 | 8.931192e+08 |
|      CAS_CMD_WR STAT      |  UMC0C1 |     43814830913 |             0 |   35113140323 | 3.423034e+08 |
|      CAS_CMD_RD STAT      |  UMC1C0 |    114457555943 |             0 |   91583525193 | 8.941997e+08 |
|      CAS_CMD_WR STAT      |  UMC1C1 |     43815146413 |             0 |   35118154021 | 3.423058e+08 |
|      CAS_CMD_RD STAT      |  UMC2C0 |    113823927663 |             0 |   91198693883 | 8.892494e+08 |
|      CAS_CMD_WR STAT      |  UMC2C1 |     43775798209 |             0 |   35070361853 | 3.419984e+08 |
|      CAS_CMD_RD STAT      |  UMC3C0 |    115407526852 |             0 |   92948519604 | 9.016213e+08 |
|      CAS_CMD_WR STAT      |  UMC3C1 |     43798212793 |             0 |   35093697197 | 3.421735e+08 |
|      CAS_CMD_RD STAT      |  UMC4C0 |    114675250609 |             0 |   92073306669 | 8.959004e+08 |
|      CAS_CMD_WR STAT      |  UMC4C1 |     43720865615 |             0 |   35014706203 | 3.415693e+08 |
|      CAS_CMD_RD STAT      |  UMC5C0 |    113726564350 |             0 |   91373489717 | 8.884888e+08 |
|      CAS_CMD_WR STAT      |  UMC5C1 |     43712236548 |             0 |   35006469326 | 3.415018e+08 |
|      CAS_CMD_RD STAT      |  UMC6C0 |    114414439463 |             0 |   91359374745 | 8.938628e+08 |
|      CAS_CMD_WR STAT      |  UMC6C1 |     43792277815 |             0 |   35098955397 | 3.421272e+08 |
|      CAS_CMD_RD STAT      |  UMC7C0 |    114076007559 |             0 |   91386189580 | 8.912188e+08 |
|      CAS_CMD_WR STAT      |  UMC7C1 |     43809835014 |             0 |   35118778973 | 3.422643e+08 |
|      CAS_CMD_RD STAT      |  UMC8C0 |    113452717393 |             0 |   90585974613 | 8.863494e+08 |
|      CAS_CMD_WR STAT      |  UMC8C1 |     43810199976 |             0 |   35106838342 | 3.422672e+08 |
|      CAS_CMD_RD STAT      |  UMC9C0 |    114150608167 |             0 |   91321679015 | 8.918016e+08 |
|      CAS_CMD_WR STAT      |  UMC9C1 |     43809542755 |             0 |   35097407357 | 3.422621e+08 |
|      CAS_CMD_RD STAT      | UMC10C0 |    113586971597 |             0 |   91287544192 | 8.873982e+08 |
|      CAS_CMD_WR STAT      | UMC10C1 |     43777677486 |             0 |   35084101972 | 3.420131e+08 |
|      CAS_CMD_RD STAT      | UMC11C0 |    113584240075 |             0 |   91153853314 | 8.873769e+08 |
|      CAS_CMD_WR STAT      | UMC11C1 |     43797037530 |             0 |   35086380769 | 3.421644e+08 |
+---------------------------+---------+-----------------+---------------+---------------+--------------+

+-----------------------------------+------------+------------+------------+------------+------------+------------+------------+------------+------------+------------+-------------+-------------+-------------+-------------+-------------+-------------+-------------+-------------+-------------+-------------+-------------+-------------+-------------+-------------+-------------+-------------+-------------+-------------+-------------+-------------+-------------+-------------+-------------+-------------+-------------+-------------+-------------+-------------+-------------+-------------+-------------+-------------+-------------+-------------+-------------+-------------+-------------+-------------+-------------+-------------+-------------+-------------+-------------+-------------+-------------+-------------+-------------+-------------+-------------+-------------+-------------+-------------+-------------+-------------+-------------+-------------+-------------+-------------+-------------+-------------+-------------+-------------+-------------+-------------+-------------+-------------+-------------+-------------+-------------+-------------+-------------+-------------+-------------+-------------+-------------+-------------+-------------+-------------+-------------+-------------+-------------+-------------+-------------+-------------+-------------+-------------+-------------+-------------+-------------+-------------+--------------+--------------+--------------+--------------+--------------+--------------+--------------+--------------+--------------+--------------+--------------+--------------+--------------+--------------+--------------+--------------+--------------+--------------+--------------+--------------+--------------+--------------+--------------+--------------+--------------+--------------+--------------+--------------+
|               Metric              | HWThread 0 | HWThread 1 | HWThread 2 | HWThread 3 | HWThread 4 | HWThread 5 | HWThread 6 | HWThread 7 | HWThread 8 | HWThread 9 | HWThread 10 | HWThread 11 | HWThread 12 | HWThread 13 | HWThread 14 | HWThread 15 | HWThread 16 | HWThread 17 | HWThread 18 | HWThread 19 | HWThread 20 | HWThread 21 | HWThread 22 | HWThread 23 | HWThread 24 | HWThread 25 | HWThread 26 | HWThread 27 | HWThread 28 | HWThread 29 | HWThread 30 | HWThread 31 | HWThread 32 | HWThread 33 | HWThread 34 | HWThread 35 | HWThread 36 | HWThread 37 | HWThread 38 | HWThread 39 | HWThread 40 | HWThread 41 | HWThread 42 | HWThread 43 | HWThread 44 | HWThread 45 | HWThread 46 | HWThread 47 | HWThread 48 | HWThread 49 | HWThread 50 | HWThread 51 | HWThread 52 | HWThread 53 | HWThread 54 | HWThread 55 | HWThread 56 | HWThread 57 | HWThread 58 | HWThread 59 | HWThread 60 | HWThread 61 | HWThread 62 | HWThread 63 | HWThread 64 | HWThread 65 | HWThread 66 | HWThread 67 | HWThread 68 | HWThread 69 | HWThread 70 | HWThread 71 | HWThread 72 | HWThread 73 | HWThread 74 | HWThread 75 | HWThread 76 | HWThread 77 | HWThread 78 | HWThread 79 | HWThread 80 | HWThread 81 | HWThread 82 | HWThread 83 | HWThread 84 | HWThread 85 | HWThread 86 | HWThread 87 | HWThread 88 | HWThread 89 | HWThread 90 | HWThread 91 | HWThread 92 | HWThread 93 | HWThread 94 | HWThread 95 | HWThread 96 | HWThread 97 | HWThread 98 | HWThread 99 | HWThread 100 | HWThread 101 | HWThread 102 | HWThread 103 | HWThread 104 | HWThread 105 | HWThread 106 | HWThread 107 | HWThread 108 | HWThread 109 | HWThread 110 | HWThread 111 | HWThread 112 | HWThread 113 | HWThread 114 | HWThread 115 | HWThread 116 | HWThread 117 | HWThread 118 | HWThread 119 | HWThread 120 | HWThread 121 | HWThread 122 | HWThread 123 | HWThread 124 | HWThread 125 | HWThread 126 | HWThread 127 |
+-----------------------------------+------------+------------+------------+------------+------------+------------+------------+------------+------------+------------+-------------+-------------+-------------+-------------+-------------+-------------+-------------+-------------+-------------+-------------+-------------+-------------+-------------+-------------+-------------+-------------+-------------+-------------+-------------+-------------+-------------+-------------+-------------+-------------+-------------+-------------+-------------+-------------+-------------+-------------+-------------+-------------+-------------+-------------+-------------+-------------+-------------+-------------+-------------+-------------+-------------+-------------+-------------+-------------+-------------+-------------+-------------+-------------+-------------+-------------+-------------+-------------+-------------+-------------+-------------+-------------+-------------+-------------+-------------+-------------+-------------+-------------+-------------+-------------+-------------+-------------+-------------+-------------+-------------+-------------+-------------+-------------+-------------+-------------+-------------+-------------+-------------+-------------+-------------+-------------+-------------+-------------+-------------+-------------+-------------+-------------+-------------+-------------+-------------+-------------+--------------+--------------+--------------+--------------+--------------+--------------+--------------+--------------+--------------+--------------+--------------+--------------+--------------+--------------+--------------+--------------+--------------+--------------+--------------+--------------+--------------+--------------+--------------+--------------+--------------+--------------+--------------+--------------+
|        Runtime (RDTSC) [s]        |  1099.4660 |  1099.4660 |  1099.4660 |  1099.4660 |  1099.4660 |  1099.4660 |  1099.4660 |  1099.4660 |  1099.4660 |  1099.4660 |   1099.4660 |   1099.4660 |   1099.4660 |   1099.4660 |   1099.4660 |   1099.4660 |   1099.4660 |   1099.4660 |   1099.4660 |   1099.4660 |   1099.4660 |   1099.4660 |   1099.4660 |   1099.4660 |   1099.4660 |   1099.4660 |   1099.4660 |   1099.4660 |   1099.4660 |   1099.4660 |   1099.4660 |   1099.4660 |   1099.4660 |   1099.4660 |   1099.4660 |   1099.4660 |   1099.4660 |   1099.4660 |   1099.4660 |   1099.4660 |   1099.4660 |   1099.4660 |   1099.4660 |   1099.4660 |   1099.4660 |   1099.4660 |   1099.4660 |   1099.4660 |   1099.4660 |   1099.4660 |   1099.4660 |   1099.4660 |   1099.4660 |   1099.4660 |   1099.4660 |   1099.4660 |   1099.4660 |   1099.4660 |   1099.4660 |   1099.4660 |   1099.4660 |   1099.4660 |   1099.4660 |   1099.4660 |   1099.4660 |   1099.4660 |   1099.4660 |   1099.4660 |   1099.4660 |   1099.4660 |   1099.4660 |   1099.4660 |   1099.4660 |   1099.4660 |   1099.4660 |   1099.4660 |   1099.4660 |   1099.4660 |   1099.4660 |   1099.4660 |   1099.4660 |   1099.4660 |   1099.4660 |   1099.4660 |   1099.4660 |   1099.4660 |   1099.4660 |   1099.4660 |   1099.4660 |   1099.4660 |   1099.4660 |   1099.4660 |   1099.4660 |   1099.4660 |   1099.4660 |   1099.4660 |   1099.4660 |   1099.4660 |   1099.4660 |   1099.4660 |    1099.4660 |    1099.4660 |    1099.4660 |    1099.4660 |    1099.4660 |    1099.4660 |    1099.4660 |    1099.4660 |    1099.4660 |    1099.4660 |    1099.4660 |    1099.4660 |    1099.4660 |    1099.4660 |    1099.4660 |    1099.4660 |    1099.4660 |    1099.4660 |    1099.4660 |    1099.4660 |    1099.4660 |    1099.4660 |    1099.4660 |    1099.4660 |    1099.4660 |    1099.4660 |    1099.4660 |    1099.4660 |
|        Runtime unhalted [s]       |  1530.6013 |  1241.9932 |  1238.0172 |  1243.3031 |  1241.1487 |  1243.3266 |  1246.6933 |  1244.1151 |  1214.9856 |  1213.9701 |   1210.3125 |   1209.6154 |   1219.1411 |   1210.5888 |   1214.9003 |   1212.3983 |   1209.4597 |   1212.4080 |   1207.1360 |   1205.0006 |   1210.3662 |   1211.3856 |   1223.0079 |   1214.4830 |   1241.2497 |   1243.2411 |   1242.1975 |   1237.8484 |   1239.8729 |   1243.0986 |   1246.6883 |   1243.2359 |   1203.9196 |   1208.9911 |   1206.2492 |   1209.3843 |   1211.8318 |   1215.6379 |   1212.5946 |   1220.9472 |   1211.1620 |   1208.1860 |   1212.6849 |   1211.8936 |   1215.1913 |   1213.7104 |   1210.6415 |   1218.8293 |   1046.0657 |   1023.1972 |   1015.7462 |   1030.2210 |   1033.4390 |   1038.5965 |   1048.1423 |   1046.1124 |   1000.3302 |    990.7943 |    982.3063 |    992.5538 |    998.2769 |   1007.8794 |   1009.4217 |   1017.0907 |    998.9783 |    999.2091 |    992.0287 |   1001.2598 |   1039.7550 |   1020.6597 |   1013.5041 |   1022.6709 |    801.1170 |    739.0667 |    727.6678 |    737.9369 |    739.0991 |    744.4565 |    747.3035 |    740.6859 |    732.7112 |    708.9005 |    711.9086 |    724.4886 |    726.5166 |    717.1917 |    724.8386 |    735.7480 |    738.5842 |    724.7588 |    725.3869 |    726.1905 |    729.1701 |    748.2448 |    749.5903 |    754.4377 |   1282.6007 |   1285.1304 |   1281.3094 |   1281.4992 |    1279.8252 |    1281.2792 |    1289.4286 |    1284.9745 |    1281.3354 |    1280.0766 |    1281.6001 |    1281.6714 |    1280.3911 |    1282.6707 |    1281.7555 |    1283.0360 |    1283.3092 |    1286.8759 |    1288.5534 |    1288.9736 |    1283.3771 |    1284.0968 |    1291.9415 |    1283.0654 |    1287.9121 |    1286.3771 |    1279.3342 |    1283.1116 |    1289.4894 |    1283.1601 |    1286.5412 |    1284.7114 |
|            Clock [MHz]            |  3684.3365 |  3653.2329 |  3661.3706 |  3662.9588 |  3665.7349 |  3666.7485 |  3661.1999 |  3665.8944 |  3672.8965 |  3666.4694 |   3670.7791 |   3674.3700 |   3665.6821 |   3678.5862 |   3673.1982 |   3679.5845 |   3672.9855 |   3665.0706 |   3667.4620 |   3677.7502 |   3669.4155 |   3672.3563 |   3666.9653 |   3672.7730 |   3672.8206 |   3667.3454 |   3668.2191 |   3676.5987 |   3675.7114 |   3673.2651 |   3669.1677 |   3676.3285 |   3674.0201 |   3671.2903 |   3666.6313 |   3670.9554 |   3673.7810 |   3669.9113 |   3675.8450 |   3667.9338 |   3670.8452 |   3671.4379 |   3663.5327 |   3670.0593 |   3669.0084 |   3673.7605 |   3678.2856 |   3670.0048 |   3654.4883 |   3659.6811 |   3651.6734 |   3663.5151 |   3659.2032 |   3664.2665 |   3657.8221 |   3660.4146 |   3634.5888 |   3608.4288 |   3594.5938 |   3612.6117 |   3636.2888 |   3647.5729 |   3635.0331 |   3645.7647 |   3650.7132 |   3621.5896 |   3626.6164 |   3650.9672 |   3653.9033 |   3641.6605 |   3645.1312 |   3649.9437 |   3280.1730 |   3108.2752 |   3108.9402 |   3105.4003 |   3119.7634 |   3111.0658 |   3108.2417 |   3120.7472 |   3104.5080 |   3107.3614 |   3111.3076 |   3099.1241 |   3107.5453 |   3115.7051 |   3123.8940 |   3129.5018 |   3111.9836 |   3117.0002 |   3119.1107 |   3119.8803 |   3122.2642 |   3110.2838 |   3115.1768 |   3119.0574 |   3690.2508 |   3687.7216 |   3692.6290 |   3692.7576 |    3694.7116 |    3693.2044 |    3683.0816 |    3687.9225 |    3691.4387 |    3693.7630 |    3692.1745 |    3691.8674 |    3693.5311 |    3690.4092 |    3692.3871 |    3690.2556 |    3690.8616 |    3685.3903 |    3684.3639 |    3683.7536 |    3690.9654 |    3689.6586 |    3680.4247 |    3690.3776 |    3684.6860 |    3686.1993 |    3695.1658 |    3689.6169 |    3683.0400 |    3690.0800 |    3686.5626 |    3679.9902 |
|                CPI                |     1.0399 |     1.1516 |     1.1515 |     1.1570 |     1.1584 |     1.1640 |     1.1636 |     1.1613 |     1.1337 |     1.1312 |      1.1308 |      1.1321 |      1.1366 |      1.1339 |      1.1362 |      1.1368 |      1.1315 |      1.1307 |      1.1285 |      1.1326 |      1.1292 |      1.1363 |      1.1380 |      1.1367 |      1.1644 |      1.1638 |      1.1638 |      1.1635 |      1.1650 |      1.1650 |      1.1679 |      1.1682 |      1.1244 |      1.1299 |      1.1266 |      1.1304 |      1.1342 |      1.1364 |      1.1361 |      1.1398 |      1.1322 |      1.1309 |      1.1326 |      1.1340 |      1.1364 |      1.1368 |      1.1359 |      1.1406 |      0.9825 |      0.9682 |      0.9615 |      0.9756 |      0.9770 |      0.9792 |      0.9847 |      0.9869 |      0.9473 |      0.9357 |      0.9303 |      0.9397 |      0.9479 |      0.9555 |      0.9541 |      0.9618 |      0.9523 |      0.9470 |      0.9441 |      0.9546 |      0.9800 |      0.9638 |      0.9613 |      0.9682 |      0.7698 |      0.7136 |      0.7108 |      0.7148 |      0.7182 |      0.7197 |      0.7212 |      0.7210 |      0.7053 |      0.6966 |      0.6993 |      0.7028 |      0.7065 |      0.7034 |      0.7097 |      0.7202 |      0.7170 |      0.7119 |      0.7134 |      0.7136 |      0.7158 |      0.7226 |      0.7258 |      0.7292 |      1.2677 |      1.2678 |      1.2686 |      1.2668 |       1.2667 |       1.2678 |       1.2683 |       1.2676 |       1.2598 |       1.2597 |       1.2632 |       1.2609 |       1.2632 |       1.2628 |       1.2620 |       1.2638 |       1.2675 |       1.2694 |       1.2697 |       1.2682 |       1.2693 |       1.2681 |       1.2715 |       1.2679 |       1.2760 |       1.2740 |       1.2744 |       1.2743 |       1.2767 |       1.2734 |       1.2845 |       1.3231 |
|  Memory read bandwidth [MBytes/s] | 63914.3376 |          0 |          0 |          0 |          0 |          0 |          0 |          0 |          0 |          0 |           0 |           0 |           0 |           0 |           0 |           0 |           0 |           0 |           0 |           0 |           0 |           0 |           0 |           0 |           0 |           0 |           0 |           0 |           0 |           0 |           0 |           0 |           0 |           0 |           0 |           0 |           0 |           0 |           0 |           0 |           0 |           0 |           0 |           0 |           0 |           0 |           0 |           0 |           0 |           0 |           0 |           0 |           0 |           0 |           0 |           0 |           0 |           0 |           0 |           0 |           0 |           0 |           0 |           0 |           0 |           0 |           0 |           0 |           0 |           0 |           0 |           0 |           0 |           0 |           0 |           0 |           0 |           0 |           0 |           0 |           0 |           0 |           0 |           0 |           0 |           0 |           0 |           0 |           0 |           0 |           0 |           0 |           0 |           0 |           0 |           0 |  15814.5518 |           0 |           0 |           0 |            0 |            0 |            0 |            0 |            0 |            0 |            0 |            0 |            0 |            0 |            0 |            0 |            0 |            0 |            0 |            0 |            0 |            0 |            0 |            0 |            0 |            0 |            0 |            0 |            0 |            0 |            0 |            0 |
|  Memory read data volume [GBytes] | 70271.6421 |          0 |          0 |          0 |          0 |          0 |          0 |          0 |          0 |          0 |           0 |           0 |           0 |           0 |           0 |           0 |           0 |           0 |           0 |           0 |           0 |           0 |           0 |           0 |           0 |           0 |           0 |           0 |           0 |           0 |           0 |           0 |           0 |           0 |           0 |           0 |           0 |           0 |           0 |           0 |           0 |           0 |           0 |           0 |           0 |           0 |           0 |           0 |           0 |           0 |           0 |           0 |           0 |           0 |           0 |           0 |           0 |           0 |           0 |           0 |           0 |           0 |           0 |           0 |           0 |           0 |           0 |           0 |           0 |           0 |           0 |           0 |           0 |           0 |           0 |           0 |           0 |           0 |           0 |           0 |           0 |           0 |           0 |           0 |           0 |           0 |           0 |           0 |           0 |           0 |           0 |           0 |           0 |           0 |           0 |           0 |  17387.5622 |           0 |           0 |           0 |            0 |            0 |            0 |            0 |            0 |            0 |            0 |            0 |            0 |            0 |            0 |            0 |            0 |            0 |            0 |            0 |            0 |            0 |            0 |            0 |            0 |            0 |            0 |            0 |            0 |            0 |            0 |            0 |
| Memory write bandwidth [MBytes/s] | 24506.9653 |          0 |          0 |          0 |          0 |          0 |          0 |          0 |          0 |          0 |           0 |           0 |           0 |           0 |           0 |           0 |           0 |           0 |           0 |           0 |           0 |           0 |           0 |           0 |           0 |           0 |           0 |           0 |           0 |           0 |           0 |           0 |           0 |           0 |           0 |           0 |           0 |           0 |           0 |           0 |           0 |           0 |           0 |           0 |           0 |           0 |           0 |           0 |           0 |           0 |           0 |           0 |           0 |           0 |           0 |           0 |           0 |           0 |           0 |           0 |           0 |           0 |           0 |           0 |           0 |           0 |           0 |           0 |           0 |           0 |           0 |           0 |           0 |           0 |           0 |           0 |           0 |           0 |           0 |           0 |           0 |           0 |           0 |           0 |           0 |           0 |           0 |           0 |           0 |           0 |           0 |           0 |           0 |           0 |           0 |           0 |   6078.5679 |           0 |           0 |           0 |            0 |            0 |            0 |            0 |            0 |            0 |            0 |            0 |            0 |            0 |            0 |            0 |            0 |            0 |            0 |            0 |            0 |            0 |            0 |            0 |            0 |            0 |            0 |            0 |            0 |            0 |            0 |            0 |
| Memory write data volume [GBytes] | 26944.5755 |          0 |          0 |          0 |          0 |          0 |          0 |          0 |          0 |          0 |           0 |           0 |           0 |           0 |           0 |           0 |           0 |           0 |           0 |           0 |           0 |           0 |           0 |           0 |           0 |           0 |           0 |           0 |           0 |           0 |           0 |           0 |           0 |           0 |           0 |           0 |           0 |           0 |           0 |           0 |           0 |           0 |           0 |           0 |           0 |           0 |           0 |           0 |           0 |           0 |           0 |           0 |           0 |           0 |           0 |           0 |           0 |           0 |           0 |           0 |           0 |           0 |           0 |           0 |           0 |           0 |           0 |           0 |           0 |           0 |           0 |           0 |           0 |           0 |           0 |           0 |           0 |           0 |           0 |           0 |           0 |           0 |           0 |           0 |           0 |           0 |           0 |           0 |           0 |           0 |           0 |           0 |           0 |           0 |           0 |           0 |   6683.1788 |           0 |           0 |           0 |            0 |            0 |            0 |            0 |            0 |            0 |            0 |            0 |            0 |            0 |            0 |            0 |            0 |            0 |            0 |            0 |            0 |            0 |            0 |            0 |            0 |            0 |            0 |            0 |            0 |            0 |            0 |            0 |
|    Memory bandwidth [MBytes/s]    | 88421.3029 |          0 |          0 |          0 |          0 |          0 |          0 |          0 |          0 |          0 |           0 |           0 |           0 |           0 |           0 |           0 |           0 |           0 |           0 |           0 |           0 |           0 |           0 |           0 |           0 |           0 |           0 |           0 |           0 |           0 |           0 |           0 |           0 |           0 |           0 |           0 |           0 |           0 |           0 |           0 |           0 |           0 |           0 |           0 |           0 |           0 |           0 |           0 |           0 |           0 |           0 |           0 |           0 |           0 |           0 |           0 |           0 |           0 |           0 |           0 |           0 |           0 |           0 |           0 |           0 |           0 |           0 |           0 |           0 |           0 |           0 |           0 |           0 |           0 |           0 |           0 |           0 |           0 |           0 |           0 |           0 |           0 |           0 |           0 |           0 |           0 |           0 |           0 |           0 |           0 |           0 |           0 |           0 |           0 |           0 |           0 |  21893.1197 |           0 |           0 |           0 |            0 |            0 |            0 |            0 |            0 |            0 |            0 |            0 |            0 |            0 |            0 |            0 |            0 |            0 |            0 |            0 |            0 |            0 |            0 |            0 |            0 |            0 |            0 |            0 |            0 |            0 |            0 |            0 |
|    Memory data volume [GBytes]    | 97216.2176 |          0 |          0 |          0 |          0 |          0 |          0 |          0 |          0 |          0 |           0 |           0 |           0 |           0 |           0 |           0 |           0 |           0 |           0 |           0 |           0 |           0 |           0 |           0 |           0 |           0 |           0 |           0 |           0 |           0 |           0 |           0 |           0 |           0 |           0 |           0 |           0 |           0 |           0 |           0 |           0 |           0 |           0 |           0 |           0 |           0 |           0 |           0 |           0 |           0 |           0 |           0 |           0 |           0 |           0 |           0 |           0 |           0 |           0 |           0 |           0 |           0 |           0 |           0 |           0 |           0 |           0 |           0 |           0 |           0 |           0 |           0 |           0 |           0 |           0 |           0 |           0 |           0 |           0 |           0 |           0 |           0 |           0 |           0 |           0 |           0 |           0 |           0 |           0 |           0 |           0 |           0 |           0 |           0 |           0 |           0 |  24070.7411 |           0 |           0 |           0 |            0 |            0 |            0 |            0 |            0 |            0 |            0 |            0 |            0 |            0 |            0 |            0 |            0 |            0 |            0 |            0 |            0 |            0 |            0 |            0 |            0 |            0 |            0 |            0 |            0 |            0 |            0 |            0 |
+-----------------------------------+------------+------------+------------+------------+------------+------------+------------+------------+------------+------------+-------------+-------------+-------------+-------------+-------------+-------------+-------------+-------------+-------------+-------------+-------------+-------------+-------------+-------------+-------------+-------------+-------------+-------------+-------------+-------------+-------------+-------------+-------------+-------------+-------------+-------------+-------------+-------------+-------------+-------------+-------------+-------------+-------------+-------------+-------------+-------------+-------------+-------------+-------------+-------------+-------------+-------------+-------------+-------------+-------------+-------------+-------------+-------------+-------------+-------------+-------------+-------------+-------------+-------------+-------------+-------------+-------------+-------------+-------------+-------------+-------------+-------------+-------------+-------------+-------------+-------------+-------------+-------------+-------------+-------------+-------------+-------------+-------------+-------------+-------------+-------------+-------------+-------------+-------------+-------------+-------------+-------------+-------------+-------------+-------------+-------------+-------------+-------------+-------------+-------------+--------------+--------------+--------------+--------------+--------------+--------------+--------------+--------------+--------------+--------------+--------------+--------------+--------------+--------------+--------------+--------------+--------------+--------------+--------------+--------------+--------------+--------------+--------------+--------------+--------------+--------------+--------------+--------------+

+----------------------------------------+-------------+-----------+------------+-----------+
|                 Metric                 |     Sum     |    Min    |     Max    |    Avg    |
+----------------------------------------+-------------+-----------+------------+-----------+
|        Runtime (RDTSC) [s] STAT        | 140731.6480 | 1099.4660 |  1099.4660 | 1099.4660 |
|        Runtime unhalted [s] STAT       | 142071.2984 |  708.9005 |  1530.6013 | 1109.9320 |
|            Clock [MHz] STAT            | 456556.6053 | 3099.1241 |  3695.1658 | 3566.8485 |
|                CPI STAT                |    135.6270 |    0.6966 |     1.3231 |    1.0596 |
|  Memory read bandwidth [MBytes/s] STAT |  79728.8894 |         0 | 63914.3376 |  622.8819 |
|  Memory read data volume [GBytes] STAT |  87659.2043 |         0 | 70271.6421 |  684.8375 |
| Memory write bandwidth [MBytes/s] STAT |  30585.5332 |         0 | 24506.9653 |  238.9495 |
| Memory write data volume [GBytes] STAT |  33627.7543 |         0 | 26944.5755 |  262.7168 |
|    Memory bandwidth [MBytes/s] STAT    | 110314.4226 |         0 | 88421.3029 |  861.8314 |
|    Memory data volume [GBytes] STAT    | 121286.9587 |         0 | 97216.2176 |  947.5544 |
+----------------------------------------+-------------+-----------+------------+-----------+

