INFO: You are running LIKWID in a cpuset with 144 CPUs. Taking given IDs as logical ID in cpuset
--------------------------------------------------------------------------------
CPU name:	AMD EPYC 9A14 96-Core Processor                
CPU type:	AMD K19 (Zen4) architecture
CPU clock:	2.60 GHz
--------------------------------------------------------------------------------
Use symmetry. Molecule point group: C2v
Norb: 24   Ne: (5, 5)
Running RHF...
converged SCF energy = -76.0267607337663
Running FCI ...
Guessing CI wfn symmetry = 0
Num symmetry allowed elements 451681246
tol 1e-10  toloose 1e-05
max_cycle 100  max_space 12  max_memory 760537  incore True
    CPU time for contract_2e   8797.59 sec, wall time     73.34 sec
davidson 0 1  |r|= 0.999  e= [-85.21409431]  max|de|= -85.2  lindep=    1
    CPU time for contract_2e   8803.93 sec, wall time     73.09 sec
davidson 1 2  |r|= 0.336  e= [-85.41295423]  max|de|= -0.199  lindep= 0.992
    CPU time for contract_2e   8761.04 sec, wall time     74.59 sec
davidson 2 3  |r|= 0.0993  e= [-85.4295567]  max|de|= -0.0166  lindep= 0.982
    CPU time for contract_2e   8878.90 sec, wall time     76.93 sec
davidson 3 4  |r|= 0.0324  e= [-85.43094102]  max|de|= -0.00138  lindep= 0.955
    CPU time for contract_2e   8852.90 sec, wall time     78.46 sec
davidson 4 5  |r|= 0.0129  e= [-85.43110245]  max|de|= -0.000161  lindep= 0.911
    CPU time for contract_2e   8873.20 sec, wall time     80.19 sec
davidson 5 6  |r|= 0.00436  e= [-85.43112741]  max|de|= -2.5e-05  lindep= 0.833
    CPU time for contract_2e   8931.78 sec, wall time     82.47 sec
davidson 6 7  |r|= 0.00169  e= [-85.43113026]  max|de|= -2.84e-06  lindep= 0.932
    CPU time for contract_2e   8902.81 sec, wall time     83.89 sec
davidson 7 8  |r|= 0.000705  e= [-85.4311307]  max|de|= -4.44e-07  lindep= 0.849
    CPU time for contract_2e   8880.32 sec, wall time     85.30 sec
davidson 8 9  |r|= 0.000319  e= [-85.43113078]  max|de|= -8.55e-08  lindep= 0.895
    CPU time for contract_2e   9028.31 sec, wall time     88.98 sec
davidson 9 10  |r|= 0.000127  e= [-85.4311308]  max|de|= -1.57e-08  lindep= 0.804
    CPU time for contract_2e   8968.49 sec, wall time     90.01 sec
davidson 10 11  |r|= 4.77e-05  e= [-85.4311308]  max|de|= -2.31e-09  lindep= 0.878
    CPU time for contract_2e   8905.51 sec, wall time     90.63 sec
davidson 11 12  |r|= 1.71e-05  e= [-85.4311308]  max|de|= -2.93e-10  lindep= 0.87
    CPU time for contract_2e   8882.39 sec, wall time     93.13 sec
davidson 12 1  |r|= 1.71e-05  e= [-85.4311308]  max|de|= 3.2e-12  lindep=    1
    CPU time for contract_2e   8778.16 sec, wall time     72.87 sec
root 0 converged  |r|= 6.26e-06  e= -85.43113080323205  max|de|= -3.3e-11
converged 13 2  |r|= 6.26e-06  e= [-85.4311308]  max|de|= -3.3e-11
--------------------------------------------------------------------------------
Group 1: MEM
+----------------------+---------+---------------+---------------+---------------+---------------+---------------+---------------+---------------+---------------+---------------+---------------+---------------+---------------+---------------+---------------+---------------+---------------+---------------+---------------+---------------+---------------+---------------+---------------+---------------+---------------+---------------+---------------+---------------+---------------+---------------+---------------+---------------+---------------+---------------+---------------+---------------+---------------+---------------+---------------+---------------+---------------+---------------+---------------+---------------+---------------+---------------+---------------+---------------+---------------+---------------+---------------+---------------+---------------+---------------+---------------+---------------+---------------+---------------+---------------+---------------+---------------+---------------+---------------+---------------+---------------+---------------+---------------+---------------+---------------+---------------+---------------+---------------+---------------+---------------+---------------+---------------+---------------+---------------+---------------+---------------+---------------+---------------+---------------+---------------+---------------+---------------+---------------+---------------+---------------+---------------+---------------+---------------+---------------+---------------+---------------+---------------+---------------+---------------+---------------+---------------+---------------+---------------+---------------+---------------+---------------+---------------+---------------+---------------+---------------+---------------+---------------+---------------+---------------+---------------+---------------+---------------+---------------+---------------+---------------+---------------+---------------+---------------+---------------+---------------+---------------+---------------+---------------+---------------+---------------+---------------+---------------+---------------+---------------+---------------+---------------+---------------+---------------+---------------+---------------+---------------+---------------+---------------+---------------+---------------+---------------+
|         Event        | Counter |   HWThread 0  |   HWThread 1  |   HWThread 2  |   HWThread 3  |   HWThread 4  |   HWThread 5  |   HWThread 6  |   HWThread 7  |   HWThread 8  |   HWThread 9  |  HWThread 10  |  HWThread 11  |  HWThread 12  |  HWThread 13  |  HWThread 14  |  HWThread 15  |  HWThread 16  |  HWThread 17  |  HWThread 18  |  HWThread 19  |  HWThread 20  |  HWThread 21  |  HWThread 22  |  HWThread 23  |  HWThread 24  |  HWThread 25  |  HWThread 26  |  HWThread 27  |  HWThread 28  |  HWThread 29  |  HWThread 30  |  HWThread 31  |  HWThread 32  |  HWThread 33  |  HWThread 34  |  HWThread 35  |  HWThread 36  |  HWThread 37  |  HWThread 38  |  HWThread 39  |  HWThread 40  |  HWThread 41  |  HWThread 42  |  HWThread 43  |  HWThread 44  |  HWThread 45  |  HWThread 46  |  HWThread 47  |  HWThread 48  |  HWThread 49  |  HWThread 50  |  HWThread 51  |  HWThread 52  |  HWThread 53  |  HWThread 54  |  HWThread 55  |  HWThread 56  |  HWThread 57  |  HWThread 58  |  HWThread 59  |  HWThread 60  |  HWThread 61  |  HWThread 62  |  HWThread 63  |  HWThread 64  |  HWThread 65  |  HWThread 66  |  HWThread 67  |  HWThread 68  |  HWThread 69  |  HWThread 70  |  HWThread 71  |  HWThread 72  |  HWThread 73  |  HWThread 74  |  HWThread 75  |  HWThread 76  |  HWThread 77  |  HWThread 78  |  HWThread 79  |  HWThread 80  |  HWThread 81  |  HWThread 82  |  HWThread 83  |  HWThread 84  |  HWThread 85  |  HWThread 86  |  HWThread 87  |  HWThread 88  |  HWThread 89  |  HWThread 90  |  HWThread 91  |  HWThread 92  |  HWThread 93  |  HWThread 94  |  HWThread 95  |  HWThread 96  |  HWThread 97  |  HWThread 98  |  HWThread 99  |  HWThread 100 |  HWThread 101 |  HWThread 102 |  HWThread 103 |  HWThread 104 |  HWThread 105 |  HWThread 106 |  HWThread 107 |  HWThread 108 |  HWThread 109 |  HWThread 110 |  HWThread 111 |  HWThread 112 |  HWThread 113 |  HWThread 114 |  HWThread 115 |  HWThread 116 |  HWThread 117 |  HWThread 118 |  HWThread 119 |  HWThread 120 |  HWThread 121 |  HWThread 122 |  HWThread 123 |  HWThread 124 |  HWThread 125 |  HWThread 126 |  HWThread 127 |  HWThread 128 |  HWThread 129 |  HWThread 130 |  HWThread 131 |  HWThread 132 |  HWThread 133 |  HWThread 134 |  HWThread 135 |  HWThread 136 |  HWThread 137 |  HWThread 138 |  HWThread 139 |  HWThread 140 |  HWThread 141 |  HWThread 142 |  HWThread 143 |
+----------------------+---------+---------------+---------------+---------------+---------------+---------------+---------------+---------------+---------------+---------------+---------------+---------------+---------------+---------------+---------------+---------------+---------------+---------------+---------------+---------------+---------------+---------------+---------------+---------------+---------------+---------------+---------------+---------------+---------------+---------------+---------------+---------------+---------------+---------------+---------------+---------------+---------------+---------------+---------------+---------------+---------------+---------------+---------------+---------------+---------------+---------------+---------------+---------------+---------------+---------------+---------------+---------------+---------------+---------------+---------------+---------------+---------------+---------------+---------------+---------------+---------------+---------------+---------------+---------------+---------------+---------------+---------------+---------------+---------------+---------------+---------------+---------------+---------------+---------------+---------------+---------------+---------------+---------------+---------------+---------------+---------------+---------------+---------------+---------------+---------------+---------------+---------------+---------------+---------------+---------------+---------------+---------------+---------------+---------------+---------------+---------------+---------------+---------------+---------------+---------------+---------------+---------------+---------------+---------------+---------------+---------------+---------------+---------------+---------------+---------------+---------------+---------------+---------------+---------------+---------------+---------------+---------------+---------------+---------------+---------------+---------------+---------------+---------------+---------------+---------------+---------------+---------------+---------------+---------------+---------------+---------------+---------------+---------------+---------------+---------------+---------------+---------------+---------------+---------------+---------------+---------------+---------------+---------------+---------------+---------------+
|   ACTUAL_CPU_CLOCK   |  FIXC1  | 4147674710664 | 3351708810743 | 3335696502837 | 3340940864264 | 3342927675539 | 3336865878207 | 3342728390365 | 3351879948187 | 3233179690365 | 3234409539858 | 3236873362094 | 3224653206823 | 3230662675239 | 3228710468861 | 3239143520770 | 3246447991689 | 3243943212976 | 3235139602815 | 3244428455959 | 3254856266574 | 3268940363963 | 3257899521094 | 3269853318045 | 3265804771332 | 3369713889048 | 3367492148581 | 3355461685611 | 3367812779764 | 3369447251380 | 3377636265876 | 3378915459772 | 3378165771318 | 3238606037505 | 3254101137076 | 3239206950647 | 3240111060100 | 3251051325085 | 3267687073576 | 3267239638655 | 3256829296356 | 3252608102569 | 3249146841725 | 3247336840335 | 3253807696797 | 3264437346365 | 3266833184076 | 3257772786523 | 3273385470741 | 2843873467017 | 2755710246546 | 2764256302938 | 2776396607123 | 2826425980183 | 2832006843847 | 2841731079553 | 2877020460563 | 2629320421110 | 2647618200353 | 2582715687997 | 2635757424010 | 2666033364729 | 2696434809999 | 2701226307294 | 2755665516368 | 2697071891506 | 2653509712917 | 2635124634345 | 2669692260713 | 2697758305057 | 2712200769569 | 2744571849206 | 2759944228346 | 2244520043568 | 2174872859806 | 2184638081283 | 2182840259915 | 2210991647855 | 2213912205771 | 2262517619916 | 2256105698319 | 2215115389425 | 2154559438873 | 2152207931040 | 2191798387696 | 2190601546626 | 2209428578659 | 2231079707630 | 2230676637825 | 2198035310391 | 2158017274012 | 2218088685685 | 2203573268881 | 2236101264448 | 2260257380149 | 2287489199854 | 2284320078864 | 3568310438697 | 3572677409213 | 3568636611577 | 3569231064848 | 3568050439474 | 3553642890970 | 3554991063219 | 3557015793894 | 3587621393102 | 3575699573868 | 3579302233674 | 3559536099861 | 3560835204597 | 3565255437968 | 3555488829774 | 3563161534152 | 3582229064834 | 3572634551499 | 3571164263331 | 3586029424737 | 3576042189110 | 3571581593919 | 3564991584807 | 3568670805406 | 3566760568522 | 3553767028266 | 3567165278275 | 3566080799026 | 3555079249091 | 3553692990416 | 3571206820175 | 3571401266768 | 3568508787009 | 3575635141468 | 3577670690714 | 3591765760079 | 3581177554470 | 3553346362210 | 3556555933250 | 3568321078539 | 3563573954713 | 3575637532298 | 3596855174266 | 3597245755665 | 3578812189650 | 3586448158882 | 3576213087854 | 3466637012625 |
|     MAX_CPU_CLOCK    |  FIXC2  | 2925837663112 | 2386444642504 | 2366011967332 | 2372055783240 | 2370632947514 | 2363422891310 | 2370413959706 | 2379038136826 | 2291965382200 | 2295989080008 | 2296659919580 | 2282832293690 | 2286609201578 | 2283333495144 | 2292938010766 | 2299477120434 | 2299734315320 | 2294567096146 | 2303478128198 | 2311166670982 | 2320567106572 | 2311797231276 | 2321411370512 | 2315343940728 | 2389907940472 | 2386479873206 | 2376540004982 | 2386808577374 | 2388008985466 | 2394485090608 | 2394285445708 | 2392969961070 | 2291487640884 | 2307945655990 | 2293925171668 | 2295302503338 | 2301575068312 | 2316263115426 | 2315565171920 | 2301447166304 | 2303942422028 | 2302011161554 | 2302017809026 | 2304478032012 | 2313918825946 | 2315148576884 | 2304939156572 | 2317552455140 | 2055280151938 | 2009014284394 | 2017947509422 | 2017419897766 | 2049345996022 | 2039217781666 | 2047711288012 | 2081091475138 | 1951308798218 | 1966849831310 | 1928499471886 | 1958996158262 | 1970191799940 | 1991892207864 | 1987020400066 | 2017705031420 | 1987146056818 | 1963599900938 | 1948886248426 | 1965064839998 | 1979292015974 | 1980559543170 | 2009451548338 | 2013140881128 | 1802449267190 | 1777560944952 | 1778364779776 | 1781208804726 | 1783420258100 | 1784733616250 | 1810868701486 | 1800035899558 | 1789642181756 | 1751785862580 | 1757467881780 | 1778688063776 | 1770206325732 | 1778461703616 | 1784462734392 | 1784937163256 | 1784163041934 | 1762854088710 | 1801220997290 | 1786171559614 | 1802875512100 | 1824400119594 | 1834639369810 | 1823844097452 | 2515667871600 | 2519083390850 | 2514899317138 | 2515632888054 | 2514391402458 | 2499818291672 | 2501274577048 | 2503154537962 | 2534766077038 | 2522592778290 | 2526049203756 | 2506270758706 | 2507588157620 | 2511955399148 | 2502193657054 | 2509772068622 | 2528579305590 | 2518889220198 | 2517191357772 | 2532365493996 | 2522588141190 | 2517751066948 | 2511120526174 | 2515007840410 | 2513263227046 | 2499978737256 | 2513768367630 | 2512396811444 | 2501350657728 | 2499883557002 | 2517456934018 | 2517793021822 | 2515118637668 | 2522313454336 | 2524346992024 | 2538528248334 | 2528174228710 | 2499707169336 | 2502798505272 | 2515176444144 | 2509408130502 | 2521622446304 | 2543453778372 | 2543504410252 | 2525035957990 | 2532667200102 | 2522722462676 | 2443719294250 |
| RETIRED_INSTRUCTIONS |   PMC0  | 2965108376581 | 2263629894337 | 2264876027531 | 2264525132655 | 2264210051650 | 2263695863904 | 2263944407628 | 2264170410390 | 2266573179623 | 2266022146976 | 2269317551816 | 2268221238915 | 2267102816752 | 2266387617638 | 2267673946185 | 2267411515795 | 2263069693059 | 2263007082345 | 2263492640309 | 2263733375208 | 2263657915075 | 2263298614378 | 2263327571226 | 2263355327177 | 2262178029417 | 2262003124985 | 2262972107293 | 2262236942298 | 2262174141475 | 2261932477882 | 2261735104788 | 2261060933379 | 2266550435552 | 2267452514599 | 2266780770999 | 2266770913593 | 2266914728126 | 2267081468045 | 2266297320903 | 2265888534676 | 2255016274068 | 2254632426595 | 2254957112312 | 2254721306957 | 2254702331005 | 2254338148525 | 2253917110082 | 2254506726002 | 2254196276754 | 2252654126887 | 2253515258682 | 2253368375510 | 2254168558840 | 2252667361222 | 2253307150661 | 2255452362883 | 2257993529233 | 2258433898541 | 2257515636503 | 2258229603193 | 2257985767465 | 2258360765470 | 2258045888504 | 2259338969913 | 2252729804710 | 2245167047152 | 2244785274027 | 2245488819449 | 2245172655319 | 2245524389673 | 2245814647675 | 2246295076343 | 2243004619407 | 2242160790376 | 2234295761785 | 2234740921775 | 2234479136937 | 2234385699096 | 2235050485210 | 2234709965961 | 2240115025727 | 2239456091593 | 2240110080345 | 2240186719135 | 2239083118170 | 2238828201846 | 2238634348403 | 2239213390902 | 2234441337925 | 2234716243464 | 2235008717372 | 2234510202064 | 2235443401334 | 2234989757041 | 2235225370389 | 2234705368492 | 2211221951868 | 2210660527461 | 2210725370947 | 2210076722289 | 2210458183418 | 2209289798911 | 2209117366332 | 2209093666129 | 2221528439446 | 2220881433345 | 2221597390905 | 2220127250896 | 2220785557567 | 2219815751186 | 2219607218986 | 2219539934217 | 2211408536815 | 2210766698181 | 2211109909713 | 2211223279387 | 2211025358185 | 2210135826177 | 2209764676389 | 2210180872462 | 2204320973754 | 2203613999185 | 2204116901009 | 2203737056485 | 2203546200931 | 2202918465398 | 2203717547446 | 2203320325373 | 2214928098216 | 2214888306995 | 2215135647899 | 2215194459407 | 2215050935693 | 2206853044723 | 2206688934665 | 2206819275514 | 2200651135652 | 2200876563835 | 2201965021361 | 2201671291135 | 2200671281572 | 2200162617639 | 2180910386522 | 2081980772995 |
|  CPU_CLOCKS_UNHALTED |   PMC1  | 3474592947987 | 2989713708376 | 2990111722307 | 2991031518348 | 2996219164950 | 2993511944878 | 2997823771484 | 2997135845703 | 2886552533927 | 2894246036297 | 2891968784279 | 2897356700680 | 2903037971847 | 2905790064691 | 2909480471459 | 2912078375535 | 2913614892390 | 2906322812787 | 2911951388199 | 2919337198178 | 2923438863063 | 2924440213343 | 2929059729733 | 2931905364172 | 3014571950292 | 3021248719932 | 3014215952483 | 3018045686779 | 3023102308690 | 3029560712031 | 3030550595175 | 3034303825549 | 2910119827532 | 2915472040734 | 2910986329127 | 2910446784317 | 2919512143142 | 2922838803938 | 2917655295921 | 2932877965444 | 2916572915844 | 2922910478687 | 2922580100943 | 2927233253011 | 2922121482316 | 2930111538520 | 2927757342721 | 2939951235228 | 2557506271329 | 2507435121803 | 2516963736434 | 2528141086407 | 2570292490494 | 2581924115453 | 2594858370118 | 2611651046964 | 2397127645260 | 2405507572654 | 2367199014755 | 2402884113004 | 2433728635890 | 2451429922982 | 2465708009857 | 2507616925559 | 2469973793850 | 2438424832664 | 2430468949873 | 2458079399171 | 2480578360029 | 2492923251945 | 2510699411471 | 2529577592730 | 2073266922698 | 2019619271154 | 2037862257303 | 2027554160187 | 2064733418477 | 2067155427832 | 2103292101898 | 2104214899805 | 2055544972742 | 2019591157193 | 2005824763534 | 2039815431664 | 2049490971369 | 2064921627170 | 2088540837835 | 2088070142855 | 2055567252745 | 2022799296420 | 2065484397168 | 2061186514926 | 2086204268651 | 2093479102607 | 2120079879928 | 2126601660425 | 3313241942819 | 3318009982150 | 3321116232902 | 3313702563310 | 3309739332172 | 3314701240217 | 3314323289364 | 3314780736525 | 3314390644530 | 3317078518420 | 3315666260670 | 3312971088642 | 3308643496699 | 3314916395425 | 3308844206973 | 3312036866908 | 3316393846570 | 3314833207143 | 3316635991705 | 3319361039142 | 3310059468532 | 3315142130315 | 3311161873941 | 3313210479209 | 3343189209373 | 3339889893973 | 3345281140983 | 3343600083896 | 3339290563134 | 3339899304345 | 3345669738292 | 3343711233012 | 3344529530680 | 3343061358332 | 3346155369146 | 3348125575096 | 3348866032096 | 3341232532478 | 3340754807581 | 3343729074128 | 3339215666893 | 3347235070610 | 3352912311866 | 3351534920000 | 3342247620544 | 3349572866649 | 3347660251006 | 3229478306072 |
|      CAS_CMD_RD      |  UMC0C0 |   90597147280 |             0 |             0 |             0 |             0 |             0 |             0 |             0 |             0 |             0 |             0 |             0 |             0 |             0 |             0 |             0 |             0 |             0 |             0 |             0 |             0 |             0 |             0 |             0 |             0 |             0 |             0 |             0 |             0 |             0 |             0 |             0 |             0 |             0 |             0 |             0 |             0 |             0 |             0 |             0 |             0 |             0 |             0 |             0 |             0 |             0 |             0 |             0 |             0 |             0 |             0 |             0 |             0 |             0 |             0 |             0 |             0 |             0 |             0 |             0 |             0 |             0 |             0 |             0 |             0 |             0 |             0 |             0 |             0 |             0 |             0 |             0 |             0 |             0 |             0 |             0 |             0 |             0 |             0 |             0 |             0 |             0 |             0 |             0 |             0 |             0 |             0 |             0 |             0 |             0 |             0 |             0 |             0 |             0 |             0 |             0 |   31355050038 |             0 |             0 |             0 |             0 |             0 |             0 |             0 |             0 |             0 |             0 |             0 |             0 |             0 |             0 |             0 |             0 |             0 |             0 |             0 |             0 |             0 |             0 |             0 |             0 |             0 |             0 |             0 |             0 |             0 |             0 |             0 |             0 |             0 |             0 |             0 |             0 |             0 |             0 |             0 |             0 |             0 |             0 |             0 |             0 |             0 |             0 |             0 |
|      CAS_CMD_WR      |  UMC0C1 |   34904745331 |             0 |             0 |             0 |             0 |             0 |             0 |             0 |             0 |             0 |             0 |             0 |             0 |             0 |             0 |             0 |             0 |             0 |             0 |             0 |             0 |             0 |             0 |             0 |             0 |             0 |             0 |             0 |             0 |             0 |             0 |             0 |             0 |             0 |             0 |             0 |             0 |             0 |             0 |             0 |             0 |             0 |             0 |             0 |             0 |             0 |             0 |             0 |             0 |             0 |             0 |             0 |             0 |             0 |             0 |             0 |             0 |             0 |             0 |             0 |             0 |             0 |             0 |             0 |             0 |             0 |             0 |             0 |             0 |             0 |             0 |             0 |             0 |             0 |             0 |             0 |             0 |             0 |             0 |             0 |             0 |             0 |             0 |             0 |             0 |             0 |             0 |             0 |             0 |             0 |             0 |             0 |             0 |             0 |             0 |             0 |   12922976035 |             0 |             0 |             0 |             0 |             0 |             0 |             0 |             0 |             0 |             0 |             0 |             0 |             0 |             0 |             0 |             0 |             0 |             0 |             0 |             0 |             0 |             0 |             0 |             0 |             0 |             0 |             0 |             0 |             0 |             0 |             0 |             0 |             0 |             0 |             0 |             0 |             0 |             0 |             0 |             0 |             0 |             0 |             0 |             0 |             0 |             0 |             0 |
|      CAS_CMD_RD      |  UMC1C0 |   90613547425 |             0 |             0 |             0 |             0 |             0 |             0 |             0 |             0 |             0 |             0 |             0 |             0 |             0 |             0 |             0 |             0 |             0 |             0 |             0 |             0 |             0 |             0 |             0 |             0 |             0 |             0 |             0 |             0 |             0 |             0 |             0 |             0 |             0 |             0 |             0 |             0 |             0 |             0 |             0 |             0 |             0 |             0 |             0 |             0 |             0 |             0 |             0 |             0 |             0 |             0 |             0 |             0 |             0 |             0 |             0 |             0 |             0 |             0 |             0 |             0 |             0 |             0 |             0 |             0 |             0 |             0 |             0 |             0 |             0 |             0 |             0 |             0 |             0 |             0 |             0 |             0 |             0 |             0 |             0 |             0 |             0 |             0 |             0 |             0 |             0 |             0 |             0 |             0 |             0 |             0 |             0 |             0 |             0 |             0 |             0 |   31328008227 |             0 |             0 |             0 |             0 |             0 |             0 |             0 |             0 |             0 |             0 |             0 |             0 |             0 |             0 |             0 |             0 |             0 |             0 |             0 |             0 |             0 |             0 |             0 |             0 |             0 |             0 |             0 |             0 |             0 |             0 |             0 |             0 |             0 |             0 |             0 |             0 |             0 |             0 |             0 |             0 |             0 |             0 |             0 |             0 |             0 |             0 |             0 |
|      CAS_CMD_WR      |  UMC1C1 |   34909026340 |             0 |             0 |             0 |             0 |             0 |             0 |             0 |             0 |             0 |             0 |             0 |             0 |             0 |             0 |             0 |             0 |             0 |             0 |             0 |             0 |             0 |             0 |             0 |             0 |             0 |             0 |             0 |             0 |             0 |             0 |             0 |             0 |             0 |             0 |             0 |             0 |             0 |             0 |             0 |             0 |             0 |             0 |             0 |             0 |             0 |             0 |             0 |             0 |             0 |             0 |             0 |             0 |             0 |             0 |             0 |             0 |             0 |             0 |             0 |             0 |             0 |             0 |             0 |             0 |             0 |             0 |             0 |             0 |             0 |             0 |             0 |             0 |             0 |             0 |             0 |             0 |             0 |             0 |             0 |             0 |             0 |             0 |             0 |             0 |             0 |             0 |             0 |             0 |             0 |             0 |             0 |             0 |             0 |             0 |             0 |   12920036033 |             0 |             0 |             0 |             0 |             0 |             0 |             0 |             0 |             0 |             0 |             0 |             0 |             0 |             0 |             0 |             0 |             0 |             0 |             0 |             0 |             0 |             0 |             0 |             0 |             0 |             0 |             0 |             0 |             0 |             0 |             0 |             0 |             0 |             0 |             0 |             0 |             0 |             0 |             0 |             0 |             0 |             0 |             0 |             0 |             0 |             0 |             0 |
|      CAS_CMD_RD      |  UMC2C0 |   90451360172 |             0 |             0 |             0 |             0 |             0 |             0 |             0 |             0 |             0 |             0 |             0 |             0 |             0 |             0 |             0 |             0 |             0 |             0 |             0 |             0 |             0 |             0 |             0 |             0 |             0 |             0 |             0 |             0 |             0 |             0 |             0 |             0 |             0 |             0 |             0 |             0 |             0 |             0 |             0 |             0 |             0 |             0 |             0 |             0 |             0 |             0 |             0 |             0 |             0 |             0 |             0 |             0 |             0 |             0 |             0 |             0 |             0 |             0 |             0 |             0 |             0 |             0 |             0 |             0 |             0 |             0 |             0 |             0 |             0 |             0 |             0 |             0 |             0 |             0 |             0 |             0 |             0 |             0 |             0 |             0 |             0 |             0 |             0 |             0 |             0 |             0 |             0 |             0 |             0 |             0 |             0 |             0 |             0 |             0 |             0 |   31167946593 |             0 |             0 |             0 |             0 |             0 |             0 |             0 |             0 |             0 |             0 |             0 |             0 |             0 |             0 |             0 |             0 |             0 |             0 |             0 |             0 |             0 |             0 |             0 |             0 |             0 |             0 |             0 |             0 |             0 |             0 |             0 |             0 |             0 |             0 |             0 |             0 |             0 |             0 |             0 |             0 |             0 |             0 |             0 |             0 |             0 |             0 |             0 |
|      CAS_CMD_WR      |  UMC2C1 |   34919778984 |             0 |             0 |             0 |             0 |             0 |             0 |             0 |             0 |             0 |             0 |             0 |             0 |             0 |             0 |             0 |             0 |             0 |             0 |             0 |             0 |             0 |             0 |             0 |             0 |             0 |             0 |             0 |             0 |             0 |             0 |             0 |             0 |             0 |             0 |             0 |             0 |             0 |             0 |             0 |             0 |             0 |             0 |             0 |             0 |             0 |             0 |             0 |             0 |             0 |             0 |             0 |             0 |             0 |             0 |             0 |             0 |             0 |             0 |             0 |             0 |             0 |             0 |             0 |             0 |             0 |             0 |             0 |             0 |             0 |             0 |             0 |             0 |             0 |             0 |             0 |             0 |             0 |             0 |             0 |             0 |             0 |             0 |             0 |             0 |             0 |             0 |             0 |             0 |             0 |             0 |             0 |             0 |             0 |             0 |             0 |   12914393528 |             0 |             0 |             0 |             0 |             0 |             0 |             0 |             0 |             0 |             0 |             0 |             0 |             0 |             0 |             0 |             0 |             0 |             0 |             0 |             0 |             0 |             0 |             0 |             0 |             0 |             0 |             0 |             0 |             0 |             0 |             0 |             0 |             0 |             0 |             0 |             0 |             0 |             0 |             0 |             0 |             0 |             0 |             0 |             0 |             0 |             0 |             0 |
|      CAS_CMD_RD      |  UMC3C0 |   90899138027 |             0 |             0 |             0 |             0 |             0 |             0 |             0 |             0 |             0 |             0 |             0 |             0 |             0 |             0 |             0 |             0 |             0 |             0 |             0 |             0 |             0 |             0 |             0 |             0 |             0 |             0 |             0 |             0 |             0 |             0 |             0 |             0 |             0 |             0 |             0 |             0 |             0 |             0 |             0 |             0 |             0 |             0 |             0 |             0 |             0 |             0 |             0 |             0 |             0 |             0 |             0 |             0 |             0 |             0 |             0 |             0 |             0 |             0 |             0 |             0 |             0 |             0 |             0 |             0 |             0 |             0 |             0 |             0 |             0 |             0 |             0 |             0 |             0 |             0 |             0 |             0 |             0 |             0 |             0 |             0 |             0 |             0 |             0 |             0 |             0 |             0 |             0 |             0 |             0 |             0 |             0 |             0 |             0 |             0 |             0 |   31323177968 |             0 |             0 |             0 |             0 |             0 |             0 |             0 |             0 |             0 |             0 |             0 |             0 |             0 |             0 |             0 |             0 |             0 |             0 |             0 |             0 |             0 |             0 |             0 |             0 |             0 |             0 |             0 |             0 |             0 |             0 |             0 |             0 |             0 |             0 |             0 |             0 |             0 |             0 |             0 |             0 |             0 |             0 |             0 |             0 |             0 |             0 |             0 |
|      CAS_CMD_WR      |  UMC3C1 |   34917824692 |             0 |             0 |             0 |             0 |             0 |             0 |             0 |             0 |             0 |             0 |             0 |             0 |             0 |             0 |             0 |             0 |             0 |             0 |             0 |             0 |             0 |             0 |             0 |             0 |             0 |             0 |             0 |             0 |             0 |             0 |             0 |             0 |             0 |             0 |             0 |             0 |             0 |             0 |             0 |             0 |             0 |             0 |             0 |             0 |             0 |             0 |             0 |             0 |             0 |             0 |             0 |             0 |             0 |             0 |             0 |             0 |             0 |             0 |             0 |             0 |             0 |             0 |             0 |             0 |             0 |             0 |             0 |             0 |             0 |             0 |             0 |             0 |             0 |             0 |             0 |             0 |             0 |             0 |             0 |             0 |             0 |             0 |             0 |             0 |             0 |             0 |             0 |             0 |             0 |             0 |             0 |             0 |             0 |             0 |             0 |   12922553235 |             0 |             0 |             0 |             0 |             0 |             0 |             0 |             0 |             0 |             0 |             0 |             0 |             0 |             0 |             0 |             0 |             0 |             0 |             0 |             0 |             0 |             0 |             0 |             0 |             0 |             0 |             0 |             0 |             0 |             0 |             0 |             0 |             0 |             0 |             0 |             0 |             0 |             0 |             0 |             0 |             0 |             0 |             0 |             0 |             0 |             0 |             0 |
|      CAS_CMD_RD      |  UMC4C0 |   91068496708 |             0 |             0 |             0 |             0 |             0 |             0 |             0 |             0 |             0 |             0 |             0 |             0 |             0 |             0 |             0 |             0 |             0 |             0 |             0 |             0 |             0 |             0 |             0 |             0 |             0 |             0 |             0 |             0 |             0 |             0 |             0 |             0 |             0 |             0 |             0 |             0 |             0 |             0 |             0 |             0 |             0 |             0 |             0 |             0 |             0 |             0 |             0 |             0 |             0 |             0 |             0 |             0 |             0 |             0 |             0 |             0 |             0 |             0 |             0 |             0 |             0 |             0 |             0 |             0 |             0 |             0 |             0 |             0 |             0 |             0 |             0 |             0 |             0 |             0 |             0 |             0 |             0 |             0 |             0 |             0 |             0 |             0 |             0 |             0 |             0 |             0 |             0 |             0 |             0 |             0 |             0 |             0 |             0 |             0 |             0 |   31317801261 |             0 |             0 |             0 |             0 |             0 |             0 |             0 |             0 |             0 |             0 |             0 |             0 |             0 |             0 |             0 |             0 |             0 |             0 |             0 |             0 |             0 |             0 |             0 |             0 |             0 |             0 |             0 |             0 |             0 |             0 |             0 |             0 |             0 |             0 |             0 |             0 |             0 |             0 |             0 |             0 |             0 |             0 |             0 |             0 |             0 |             0 |             0 |
|      CAS_CMD_WR      |  UMC4C1 |   34913555027 |             0 |             0 |             0 |             0 |             0 |             0 |             0 |             0 |             0 |             0 |             0 |             0 |             0 |             0 |             0 |             0 |             0 |             0 |             0 |             0 |             0 |             0 |             0 |             0 |             0 |             0 |             0 |             0 |             0 |             0 |             0 |             0 |             0 |             0 |             0 |             0 |             0 |             0 |             0 |             0 |             0 |             0 |             0 |             0 |             0 |             0 |             0 |             0 |             0 |             0 |             0 |             0 |             0 |             0 |             0 |             0 |             0 |             0 |             0 |             0 |             0 |             0 |             0 |             0 |             0 |             0 |             0 |             0 |             0 |             0 |             0 |             0 |             0 |             0 |             0 |             0 |             0 |             0 |             0 |             0 |             0 |             0 |             0 |             0 |             0 |             0 |             0 |             0 |             0 |             0 |             0 |             0 |             0 |             0 |             0 |   12922825680 |             0 |             0 |             0 |             0 |             0 |             0 |             0 |             0 |             0 |             0 |             0 |             0 |             0 |             0 |             0 |             0 |             0 |             0 |             0 |             0 |             0 |             0 |             0 |             0 |             0 |             0 |             0 |             0 |             0 |             0 |             0 |             0 |             0 |             0 |             0 |             0 |             0 |             0 |             0 |             0 |             0 |             0 |             0 |             0 |             0 |             0 |             0 |
|      CAS_CMD_RD      |  UMC5C0 |   90417798210 |             0 |             0 |             0 |             0 |             0 |             0 |             0 |             0 |             0 |             0 |             0 |             0 |             0 |             0 |             0 |             0 |             0 |             0 |             0 |             0 |             0 |             0 |             0 |             0 |             0 |             0 |             0 |             0 |             0 |             0 |             0 |             0 |             0 |             0 |             0 |             0 |             0 |             0 |             0 |             0 |             0 |             0 |             0 |             0 |             0 |             0 |             0 |             0 |             0 |             0 |             0 |             0 |             0 |             0 |             0 |             0 |             0 |             0 |             0 |             0 |             0 |             0 |             0 |             0 |             0 |             0 |             0 |             0 |             0 |             0 |             0 |             0 |             0 |             0 |             0 |             0 |             0 |             0 |             0 |             0 |             0 |             0 |             0 |             0 |             0 |             0 |             0 |             0 |             0 |             0 |             0 |             0 |             0 |             0 |             0 |   31105863341 |             0 |             0 |             0 |             0 |             0 |             0 |             0 |             0 |             0 |             0 |             0 |             0 |             0 |             0 |             0 |             0 |             0 |             0 |             0 |             0 |             0 |             0 |             0 |             0 |             0 |             0 |             0 |             0 |             0 |             0 |             0 |             0 |             0 |             0 |             0 |             0 |             0 |             0 |             0 |             0 |             0 |             0 |             0 |             0 |             0 |             0 |             0 |
|      CAS_CMD_WR      |  UMC5C1 |   34925658270 |             0 |             0 |             0 |             0 |             0 |             0 |             0 |             0 |             0 |             0 |             0 |             0 |             0 |             0 |             0 |             0 |             0 |             0 |             0 |             0 |             0 |             0 |             0 |             0 |             0 |             0 |             0 |             0 |             0 |             0 |             0 |             0 |             0 |             0 |             0 |             0 |             0 |             0 |             0 |             0 |             0 |             0 |             0 |             0 |             0 |             0 |             0 |             0 |             0 |             0 |             0 |             0 |             0 |             0 |             0 |             0 |             0 |             0 |             0 |             0 |             0 |             0 |             0 |             0 |             0 |             0 |             0 |             0 |             0 |             0 |             0 |             0 |             0 |             0 |             0 |             0 |             0 |             0 |             0 |             0 |             0 |             0 |             0 |             0 |             0 |             0 |             0 |             0 |             0 |             0 |             0 |             0 |             0 |             0 |             0 |   12907501471 |             0 |             0 |             0 |             0 |             0 |             0 |             0 |             0 |             0 |             0 |             0 |             0 |             0 |             0 |             0 |             0 |             0 |             0 |             0 |             0 |             0 |             0 |             0 |             0 |             0 |             0 |             0 |             0 |             0 |             0 |             0 |             0 |             0 |             0 |             0 |             0 |             0 |             0 |             0 |             0 |             0 |             0 |             0 |             0 |             0 |             0 |             0 |
|      CAS_CMD_RD      |  UMC6C0 |   90317543182 |             0 |             0 |             0 |             0 |             0 |             0 |             0 |             0 |             0 |             0 |             0 |             0 |             0 |             0 |             0 |             0 |             0 |             0 |             0 |             0 |             0 |             0 |             0 |             0 |             0 |             0 |             0 |             0 |             0 |             0 |             0 |             0 |             0 |             0 |             0 |             0 |             0 |             0 |             0 |             0 |             0 |             0 |             0 |             0 |             0 |             0 |             0 |             0 |             0 |             0 |             0 |             0 |             0 |             0 |             0 |             0 |             0 |             0 |             0 |             0 |             0 |             0 |             0 |             0 |             0 |             0 |             0 |             0 |             0 |             0 |             0 |             0 |             0 |             0 |             0 |             0 |             0 |             0 |             0 |             0 |             0 |             0 |             0 |             0 |             0 |             0 |             0 |             0 |             0 |             0 |             0 |             0 |             0 |             0 |             0 |   31439598783 |             0 |             0 |             0 |             0 |             0 |             0 |             0 |             0 |             0 |             0 |             0 |             0 |             0 |             0 |             0 |             0 |             0 |             0 |             0 |             0 |             0 |             0 |             0 |             0 |             0 |             0 |             0 |             0 |             0 |             0 |             0 |             0 |             0 |             0 |             0 |             0 |             0 |             0 |             0 |             0 |             0 |             0 |             0 |             0 |             0 |             0 |             0 |
|      CAS_CMD_WR      |  UMC6C1 |   34910151656 |             0 |             0 |             0 |             0 |             0 |             0 |             0 |             0 |             0 |             0 |             0 |             0 |             0 |             0 |             0 |             0 |             0 |             0 |             0 |             0 |             0 |             0 |             0 |             0 |             0 |             0 |             0 |             0 |             0 |             0 |             0 |             0 |             0 |             0 |             0 |             0 |             0 |             0 |             0 |             0 |             0 |             0 |             0 |             0 |             0 |             0 |             0 |             0 |             0 |             0 |             0 |             0 |             0 |             0 |             0 |             0 |             0 |             0 |             0 |             0 |             0 |             0 |             0 |             0 |             0 |             0 |             0 |             0 |             0 |             0 |             0 |             0 |             0 |             0 |             0 |             0 |             0 |             0 |             0 |             0 |             0 |             0 |             0 |             0 |             0 |             0 |             0 |             0 |             0 |             0 |             0 |             0 |             0 |             0 |             0 |   12915669802 |             0 |             0 |             0 |             0 |             0 |             0 |             0 |             0 |             0 |             0 |             0 |             0 |             0 |             0 |             0 |             0 |             0 |             0 |             0 |             0 |             0 |             0 |             0 |             0 |             0 |             0 |             0 |             0 |             0 |             0 |             0 |             0 |             0 |             0 |             0 |             0 |             0 |             0 |             0 |             0 |             0 |             0 |             0 |             0 |             0 |             0 |             0 |
|      CAS_CMD_RD      |  UMC7C0 |   91096926573 |             0 |             0 |             0 |             0 |             0 |             0 |             0 |             0 |             0 |             0 |             0 |             0 |             0 |             0 |             0 |             0 |             0 |             0 |             0 |             0 |             0 |             0 |             0 |             0 |             0 |             0 |             0 |             0 |             0 |             0 |             0 |             0 |             0 |             0 |             0 |             0 |             0 |             0 |             0 |             0 |             0 |             0 |             0 |             0 |             0 |             0 |             0 |             0 |             0 |             0 |             0 |             0 |             0 |             0 |             0 |             0 |             0 |             0 |             0 |             0 |             0 |             0 |             0 |             0 |             0 |             0 |             0 |             0 |             0 |             0 |             0 |             0 |             0 |             0 |             0 |             0 |             0 |             0 |             0 |             0 |             0 |             0 |             0 |             0 |             0 |             0 |             0 |             0 |             0 |             0 |             0 |             0 |             0 |             0 |             0 |   31460347254 |             0 |             0 |             0 |             0 |             0 |             0 |             0 |             0 |             0 |             0 |             0 |             0 |             0 |             0 |             0 |             0 |             0 |             0 |             0 |             0 |             0 |             0 |             0 |             0 |             0 |             0 |             0 |             0 |             0 |             0 |             0 |             0 |             0 |             0 |             0 |             0 |             0 |             0 |             0 |             0 |             0 |             0 |             0 |             0 |             0 |             0 |             0 |
|      CAS_CMD_WR      |  UMC7C1 |   34906956940 |             0 |             0 |             0 |             0 |             0 |             0 |             0 |             0 |             0 |             0 |             0 |             0 |             0 |             0 |             0 |             0 |             0 |             0 |             0 |             0 |             0 |             0 |             0 |             0 |             0 |             0 |             0 |             0 |             0 |             0 |             0 |             0 |             0 |             0 |             0 |             0 |             0 |             0 |             0 |             0 |             0 |             0 |             0 |             0 |             0 |             0 |             0 |             0 |             0 |             0 |             0 |             0 |             0 |             0 |             0 |             0 |             0 |             0 |             0 |             0 |             0 |             0 |             0 |             0 |             0 |             0 |             0 |             0 |             0 |             0 |             0 |             0 |             0 |             0 |             0 |             0 |             0 |             0 |             0 |             0 |             0 |             0 |             0 |             0 |             0 |             0 |             0 |             0 |             0 |             0 |             0 |             0 |             0 |             0 |             0 |   12913606387 |             0 |             0 |             0 |             0 |             0 |             0 |             0 |             0 |             0 |             0 |             0 |             0 |             0 |             0 |             0 |             0 |             0 |             0 |             0 |             0 |             0 |             0 |             0 |             0 |             0 |             0 |             0 |             0 |             0 |             0 |             0 |             0 |             0 |             0 |             0 |             0 |             0 |             0 |             0 |             0 |             0 |             0 |             0 |             0 |             0 |             0 |             0 |
|      CAS_CMD_RD      |  UMC8C0 |   91067029763 |             0 |             0 |             0 |             0 |             0 |             0 |             0 |             0 |             0 |             0 |             0 |             0 |             0 |             0 |             0 |             0 |             0 |             0 |             0 |             0 |             0 |             0 |             0 |             0 |             0 |             0 |             0 |             0 |             0 |             0 |             0 |             0 |             0 |             0 |             0 |             0 |             0 |             0 |             0 |             0 |             0 |             0 |             0 |             0 |             0 |             0 |             0 |             0 |             0 |             0 |             0 |             0 |             0 |             0 |             0 |             0 |             0 |             0 |             0 |             0 |             0 |             0 |             0 |             0 |             0 |             0 |             0 |             0 |             0 |             0 |             0 |             0 |             0 |             0 |             0 |             0 |             0 |             0 |             0 |             0 |             0 |             0 |             0 |             0 |             0 |             0 |             0 |             0 |             0 |             0 |             0 |             0 |             0 |             0 |             0 |   31439300168 |             0 |             0 |             0 |             0 |             0 |             0 |             0 |             0 |             0 |             0 |             0 |             0 |             0 |             0 |             0 |             0 |             0 |             0 |             0 |             0 |             0 |             0 |             0 |             0 |             0 |             0 |             0 |             0 |             0 |             0 |             0 |             0 |             0 |             0 |             0 |             0 |             0 |             0 |             0 |             0 |             0 |             0 |             0 |             0 |             0 |             0 |             0 |
|      CAS_CMD_WR      |  UMC8C1 |   34924313982 |             0 |             0 |             0 |             0 |             0 |             0 |             0 |             0 |             0 |             0 |             0 |             0 |             0 |             0 |             0 |             0 |             0 |             0 |             0 |             0 |             0 |             0 |             0 |             0 |             0 |             0 |             0 |             0 |             0 |             0 |             0 |             0 |             0 |             0 |             0 |             0 |             0 |             0 |             0 |             0 |             0 |             0 |             0 |             0 |             0 |             0 |             0 |             0 |             0 |             0 |             0 |             0 |             0 |             0 |             0 |             0 |             0 |             0 |             0 |             0 |             0 |             0 |             0 |             0 |             0 |             0 |             0 |             0 |             0 |             0 |             0 |             0 |             0 |             0 |             0 |             0 |             0 |             0 |             0 |             0 |             0 |             0 |             0 |             0 |             0 |             0 |             0 |             0 |             0 |             0 |             0 |             0 |             0 |             0 |             0 |   12913724888 |             0 |             0 |             0 |             0 |             0 |             0 |             0 |             0 |             0 |             0 |             0 |             0 |             0 |             0 |             0 |             0 |             0 |             0 |             0 |             0 |             0 |             0 |             0 |             0 |             0 |             0 |             0 |             0 |             0 |             0 |             0 |             0 |             0 |             0 |             0 |             0 |             0 |             0 |             0 |             0 |             0 |             0 |             0 |             0 |             0 |             0 |             0 |
|      CAS_CMD_RD      |  UMC9C0 |   90347459109 |             0 |             0 |             0 |             0 |             0 |             0 |             0 |             0 |             0 |             0 |             0 |             0 |             0 |             0 |             0 |             0 |             0 |             0 |             0 |             0 |             0 |             0 |             0 |             0 |             0 |             0 |             0 |             0 |             0 |             0 |             0 |             0 |             0 |             0 |             0 |             0 |             0 |             0 |             0 |             0 |             0 |             0 |             0 |             0 |             0 |             0 |             0 |             0 |             0 |             0 |             0 |             0 |             0 |             0 |             0 |             0 |             0 |             0 |             0 |             0 |             0 |             0 |             0 |             0 |             0 |             0 |             0 |             0 |             0 |             0 |             0 |             0 |             0 |             0 |             0 |             0 |             0 |             0 |             0 |             0 |             0 |             0 |             0 |             0 |             0 |             0 |             0 |             0 |             0 |             0 |             0 |             0 |             0 |             0 |             0 |   31440397044 |             0 |             0 |             0 |             0 |             0 |             0 |             0 |             0 |             0 |             0 |             0 |             0 |             0 |             0 |             0 |             0 |             0 |             0 |             0 |             0 |             0 |             0 |             0 |             0 |             0 |             0 |             0 |             0 |             0 |             0 |             0 |             0 |             0 |             0 |             0 |             0 |             0 |             0 |             0 |             0 |             0 |             0 |             0 |             0 |             0 |             0 |             0 |
|      CAS_CMD_WR      |  UMC9C1 |   34916699170 |             0 |             0 |             0 |             0 |             0 |             0 |             0 |             0 |             0 |             0 |             0 |             0 |             0 |             0 |             0 |             0 |             0 |             0 |             0 |             0 |             0 |             0 |             0 |             0 |             0 |             0 |             0 |             0 |             0 |             0 |             0 |             0 |             0 |             0 |             0 |             0 |             0 |             0 |             0 |             0 |             0 |             0 |             0 |             0 |             0 |             0 |             0 |             0 |             0 |             0 |             0 |             0 |             0 |             0 |             0 |             0 |             0 |             0 |             0 |             0 |             0 |             0 |             0 |             0 |             0 |             0 |             0 |             0 |             0 |             0 |             0 |             0 |             0 |             0 |             0 |             0 |             0 |             0 |             0 |             0 |             0 |             0 |             0 |             0 |             0 |             0 |             0 |             0 |             0 |             0 |             0 |             0 |             0 |             0 |             0 |   12917352036 |             0 |             0 |             0 |             0 |             0 |             0 |             0 |             0 |             0 |             0 |             0 |             0 |             0 |             0 |             0 |             0 |             0 |             0 |             0 |             0 |             0 |             0 |             0 |             0 |             0 |             0 |             0 |             0 |             0 |             0 |             0 |             0 |             0 |             0 |             0 |             0 |             0 |             0 |             0 |             0 |             0 |             0 |             0 |             0 |             0 |             0 |             0 |
|      CAS_CMD_RD      | UMC10C0 |   90313451548 |             0 |             0 |             0 |             0 |             0 |             0 |             0 |             0 |             0 |             0 |             0 |             0 |             0 |             0 |             0 |             0 |             0 |             0 |             0 |             0 |             0 |             0 |             0 |             0 |             0 |             0 |             0 |             0 |             0 |             0 |             0 |             0 |             0 |             0 |             0 |             0 |             0 |             0 |             0 |             0 |             0 |             0 |             0 |             0 |             0 |             0 |             0 |             0 |             0 |             0 |             0 |             0 |             0 |             0 |             0 |             0 |             0 |             0 |             0 |             0 |             0 |             0 |             0 |             0 |             0 |             0 |             0 |             0 |             0 |             0 |             0 |             0 |             0 |             0 |             0 |             0 |             0 |             0 |             0 |             0 |             0 |             0 |             0 |             0 |             0 |             0 |             0 |             0 |             0 |             0 |             0 |             0 |             0 |             0 |             0 |   31474565456 |             0 |             0 |             0 |             0 |             0 |             0 |             0 |             0 |             0 |             0 |             0 |             0 |             0 |             0 |             0 |             0 |             0 |             0 |             0 |             0 |             0 |             0 |             0 |             0 |             0 |             0 |             0 |             0 |             0 |             0 |             0 |             0 |             0 |             0 |             0 |             0 |             0 |             0 |             0 |             0 |             0 |             0 |             0 |             0 |             0 |             0 |             0 |
|      CAS_CMD_WR      | UMC10C1 |   34904364508 |             0 |             0 |             0 |             0 |             0 |             0 |             0 |             0 |             0 |             0 |             0 |             0 |             0 |             0 |             0 |             0 |             0 |             0 |             0 |             0 |             0 |             0 |             0 |             0 |             0 |             0 |             0 |             0 |             0 |             0 |             0 |             0 |             0 |             0 |             0 |             0 |             0 |             0 |             0 |             0 |             0 |             0 |             0 |             0 |             0 |             0 |             0 |             0 |             0 |             0 |             0 |             0 |             0 |             0 |             0 |             0 |             0 |             0 |             0 |             0 |             0 |             0 |             0 |             0 |             0 |             0 |             0 |             0 |             0 |             0 |             0 |             0 |             0 |             0 |             0 |             0 |             0 |             0 |             0 |             0 |             0 |             0 |             0 |             0 |             0 |             0 |             0 |             0 |             0 |             0 |             0 |             0 |             0 |             0 |             0 |   12907953453 |             0 |             0 |             0 |             0 |             0 |             0 |             0 |             0 |             0 |             0 |             0 |             0 |             0 |             0 |             0 |             0 |             0 |             0 |             0 |             0 |             0 |             0 |             0 |             0 |             0 |             0 |             0 |             0 |             0 |             0 |             0 |             0 |             0 |             0 |             0 |             0 |             0 |             0 |             0 |             0 |             0 |             0 |             0 |             0 |             0 |             0 |             0 |
|      CAS_CMD_RD      | UMC11C0 |   90558385280 |             0 |             0 |             0 |             0 |             0 |             0 |             0 |             0 |             0 |             0 |             0 |             0 |             0 |             0 |             0 |             0 |             0 |             0 |             0 |             0 |             0 |             0 |             0 |             0 |             0 |             0 |             0 |             0 |             0 |             0 |             0 |             0 |             0 |             0 |             0 |             0 |             0 |             0 |             0 |             0 |             0 |             0 |             0 |             0 |             0 |             0 |             0 |             0 |             0 |             0 |             0 |             0 |             0 |             0 |             0 |             0 |             0 |             0 |             0 |             0 |             0 |             0 |             0 |             0 |             0 |             0 |             0 |             0 |             0 |             0 |             0 |             0 |             0 |             0 |             0 |             0 |             0 |             0 |             0 |             0 |             0 |             0 |             0 |             0 |             0 |             0 |             0 |             0 |             0 |             0 |             0 |             0 |             0 |             0 |             0 |   31445695861 |             0 |             0 |             0 |             0 |             0 |             0 |             0 |             0 |             0 |             0 |             0 |             0 |             0 |             0 |             0 |             0 |             0 |             0 |             0 |             0 |             0 |             0 |             0 |             0 |             0 |             0 |             0 |             0 |             0 |             0 |             0 |             0 |             0 |             0 |             0 |             0 |             0 |             0 |             0 |             0 |             0 |             0 |             0 |             0 |             0 |             0 |             0 |
|      CAS_CMD_WR      | UMC11C1 |   34925779483 |             0 |             0 |             0 |             0 |             0 |             0 |             0 |             0 |             0 |             0 |             0 |             0 |             0 |             0 |             0 |             0 |             0 |             0 |             0 |             0 |             0 |             0 |             0 |             0 |             0 |             0 |             0 |             0 |             0 |             0 |             0 |             0 |             0 |             0 |             0 |             0 |             0 |             0 |             0 |             0 |             0 |             0 |             0 |             0 |             0 |             0 |             0 |             0 |             0 |             0 |             0 |             0 |             0 |             0 |             0 |             0 |             0 |             0 |             0 |             0 |             0 |             0 |             0 |             0 |             0 |             0 |             0 |             0 |             0 |             0 |             0 |             0 |             0 |             0 |             0 |             0 |             0 |             0 |             0 |             0 |             0 |             0 |             0 |             0 |             0 |             0 |             0 |             0 |             0 |             0 |             0 |             0 |             0 |             0 |             0 |   12912923045 |             0 |             0 |             0 |             0 |             0 |             0 |             0 |             0 |             0 |             0 |             0 |             0 |             0 |             0 |             0 |             0 |             0 |             0 |             0 |             0 |             0 |             0 |             0 |             0 |             0 |             0 |             0 |             0 |             0 |             0 |             0 |             0 |             0 |             0 |             0 |             0 |             0 |             0 |             0 |             0 |             0 |             0 |             0 |             0 |             0 |             0 |             0 |
+----------------------+---------+---------------+---------------+---------------+---------------+---------------+---------------+---------------+---------------+---------------+---------------+---------------+---------------+---------------+---------------+---------------+---------------+---------------+---------------+---------------+---------------+---------------+---------------+---------------+---------------+---------------+---------------+---------------+---------------+---------------+---------------+---------------+---------------+---------------+---------------+---------------+---------------+---------------+---------------+---------------+---------------+---------------+---------------+---------------+---------------+---------------+---------------+---------------+---------------+---------------+---------------+---------------+---------------+---------------+---------------+---------------+---------------+---------------+---------------+---------------+---------------+---------------+---------------+---------------+---------------+---------------+---------------+---------------+---------------+---------------+---------------+---------------+---------------+---------------+---------------+---------------+---------------+---------------+---------------+---------------+---------------+---------------+---------------+---------------+---------------+---------------+---------------+---------------+---------------+---------------+---------------+---------------+---------------+---------------+---------------+---------------+---------------+---------------+---------------+---------------+---------------+---------------+---------------+---------------+---------------+---------------+---------------+---------------+---------------+---------------+---------------+---------------+---------------+---------------+---------------+---------------+---------------+---------------+---------------+---------------+---------------+---------------+---------------+---------------+---------------+---------------+---------------+---------------+---------------+---------------+---------------+---------------+---------------+---------------+---------------+---------------+---------------+---------------+---------------+---------------+---------------+---------------+---------------+---------------+---------------+

+---------------------------+---------+-----------------+---------------+---------------+--------------+
|           Event           | Counter |       Sum       |      Min      |      Max      |      Avg     |
+---------------------------+---------+-----------------+---------------+---------------+--------------+
|   ACTUAL_CPU_CLOCK STAT   |  FIXC1  | 448336347327286 | 2152207931040 | 4147674710664 | 3.113447e+12 |
|     MAX_CPU_CLOCK STAT    |  FIXC2  | 323942622263624 | 1751785862580 | 2925837663112 | 2.249602e+12 |
| RETIRED_INSTRUCTIONS STAT |   PMC0  | 323004220344683 | 2081980772995 | 2965108376581 | 2.243085e+12 |
|  CPU_CLOCKS_UNHALTED STAT |   PMC1  | 410874873014719 | 2005824763534 | 3474592947987 | 2.853298e+12 |
|      CAS_CMD_RD STAT      |  UMC0C0 |    121952197318 |             0 |   90597147280 | 8.468903e+08 |
|      CAS_CMD_WR STAT      |  UMC0C1 |     47827721366 |             0 |   34904745331 | 3.321370e+08 |
|      CAS_CMD_RD STAT      |  UMC1C0 |    121941555652 |             0 |   90613547425 | 8.468164e+08 |
|      CAS_CMD_WR STAT      |  UMC1C1 |     47829062373 |             0 |   34909026340 | 3.321463e+08 |
|      CAS_CMD_RD STAT      |  UMC2C0 |    121619306765 |             0 |   90451360172 | 8.445785e+08 |
|      CAS_CMD_WR STAT      |  UMC2C1 |     47834172512 |             0 |   34919778984 | 3.321818e+08 |
|      CAS_CMD_RD STAT      |  UMC3C0 |    122222315995 |             0 |   90899138027 | 8.487661e+08 |
|      CAS_CMD_WR STAT      |  UMC3C1 |     47840377927 |             0 |   34917824692 | 3.322248e+08 |
|      CAS_CMD_RD STAT      |  UMC4C0 |    122386297969 |             0 |   91068496708 | 8.499048e+08 |
|      CAS_CMD_WR STAT      |  UMC4C1 |     47836380707 |             0 |   34913555027 | 3.321971e+08 |
|      CAS_CMD_RD STAT      |  UMC5C0 |    121523661551 |             0 |   90417798210 | 8.439143e+08 |
|      CAS_CMD_WR STAT      |  UMC5C1 |     47833159741 |             0 |   34925658270 | 3.321747e+08 |
|      CAS_CMD_RD STAT      |  UMC6C0 |    121757141965 |             0 |   90317543182 | 8.455357e+08 |
|      CAS_CMD_WR STAT      |  UMC6C1 |     47825821458 |             0 |   34910151656 | 3.321238e+08 |
|      CAS_CMD_RD STAT      |  UMC7C0 |    122557273827 |             0 |   91096926573 | 8.510922e+08 |
|      CAS_CMD_WR STAT      |  UMC7C1 |     47820563327 |             0 |   34906956940 | 3.320872e+08 |
|      CAS_CMD_RD STAT      |  UMC8C0 |    122506329931 |             0 |   91067029763 | 8.507384e+08 |
|      CAS_CMD_WR STAT      |  UMC8C1 |     47838038870 |             0 |   34924313982 | 3.322086e+08 |
|      CAS_CMD_RD STAT      |  UMC9C0 |    121787856153 |             0 |   90347459109 | 8.457490e+08 |
|      CAS_CMD_WR STAT      |  UMC9C1 |     47834051206 |             0 |   34916699170 | 3.321809e+08 |
|      CAS_CMD_RD STAT      | UMC10C0 |    121788017004 |             0 |   90313451548 | 8.457501e+08 |
|      CAS_CMD_WR STAT      | UMC10C1 |     47812317961 |             0 |   34904364508 | 3.320300e+08 |
|      CAS_CMD_RD STAT      | UMC11C0 |    122004081141 |             0 |   90558385280 | 8.472506e+08 |
|      CAS_CMD_WR STAT      | UMC11C1 |     47838702528 |             0 |   34925779483 |    332213212 |
+---------------------------+---------+-----------------+---------------+---------------+--------------+

+-----------------------------------+------------+------------+------------+------------+------------+------------+------------+------------+------------+------------+-------------+-------------+-------------+-------------+-------------+-------------+-------------+-------------+-------------+-------------+-------------+-------------+-------------+-------------+-------------+-------------+-------------+-------------+-------------+-------------+-------------+-------------+-------------+-------------+-------------+-------------+-------------+-------------+-------------+-------------+-------------+-------------+-------------+-------------+-------------+-------------+-------------+-------------+-------------+-------------+-------------+-------------+-------------+-------------+-------------+-------------+-------------+-------------+-------------+-------------+-------------+-------------+-------------+-------------+-------------+-------------+-------------+-------------+-------------+-------------+-------------+-------------+-------------+-------------+-------------+-------------+-------------+-------------+-------------+-------------+-------------+-------------+-------------+-------------+-------------+-------------+-------------+-------------+-------------+-------------+-------------+-------------+-------------+-------------+-------------+-------------+-------------+-------------+-------------+-------------+--------------+--------------+--------------+--------------+--------------+--------------+--------------+--------------+--------------+--------------+--------------+--------------+--------------+--------------+--------------+--------------+--------------+--------------+--------------+--------------+--------------+--------------+--------------+--------------+--------------+--------------+--------------+--------------+--------------+--------------+--------------+--------------+--------------+--------------+--------------+--------------+--------------+--------------+--------------+--------------+--------------+--------------+--------------+--------------+
|               Metric              | HWThread 0 | HWThread 1 | HWThread 2 | HWThread 3 | HWThread 4 | HWThread 5 | HWThread 6 | HWThread 7 | HWThread 8 | HWThread 9 | HWThread 10 | HWThread 11 | HWThread 12 | HWThread 13 | HWThread 14 | HWThread 15 | HWThread 16 | HWThread 17 | HWThread 18 | HWThread 19 | HWThread 20 | HWThread 21 | HWThread 22 | HWThread 23 | HWThread 24 | HWThread 25 | HWThread 26 | HWThread 27 | HWThread 28 | HWThread 29 | HWThread 30 | HWThread 31 | HWThread 32 | HWThread 33 | HWThread 34 | HWThread 35 | HWThread 36 | HWThread 37 | HWThread 38 | HWThread 39 | HWThread 40 | HWThread 41 | HWThread 42 | HWThread 43 | HWThread 44 | HWThread 45 | HWThread 46 | HWThread 47 | HWThread 48 | HWThread 49 | HWThread 50 | HWThread 51 | HWThread 52 | HWThread 53 | HWThread 54 | HWThread 55 | HWThread 56 | HWThread 57 | HWThread 58 | HWThread 59 | HWThread 60 | HWThread 61 | HWThread 62 | HWThread 63 | HWThread 64 | HWThread 65 | HWThread 66 | HWThread 67 | HWThread 68 | HWThread 69 | HWThread 70 | HWThread 71 | HWThread 72 | HWThread 73 | HWThread 74 | HWThread 75 | HWThread 76 | HWThread 77 | HWThread 78 | HWThread 79 | HWThread 80 | HWThread 81 | HWThread 82 | HWThread 83 | HWThread 84 | HWThread 85 | HWThread 86 | HWThread 87 | HWThread 88 | HWThread 89 | HWThread 90 | HWThread 91 | HWThread 92 | HWThread 93 | HWThread 94 | HWThread 95 | HWThread 96 | HWThread 97 | HWThread 98 | HWThread 99 | HWThread 100 | HWThread 101 | HWThread 102 | HWThread 103 | HWThread 104 | HWThread 105 | HWThread 106 | HWThread 107 | HWThread 108 | HWThread 109 | HWThread 110 | HWThread 111 | HWThread 112 | HWThread 113 | HWThread 114 | HWThread 115 | HWThread 116 | HWThread 117 | HWThread 118 | HWThread 119 | HWThread 120 | HWThread 121 | HWThread 122 | HWThread 123 | HWThread 124 | HWThread 125 | HWThread 126 | HWThread 127 | HWThread 128 | HWThread 129 | HWThread 130 | HWThread 131 | HWThread 132 | HWThread 133 | HWThread 134 | HWThread 135 | HWThread 136 | HWThread 137 | HWThread 138 | HWThread 139 | HWThread 140 | HWThread 141 | HWThread 142 | HWThread 143 |
+-----------------------------------+------------+------------+------------+------------+------------+------------+------------+------------+------------+------------+-------------+-------------+-------------+-------------+-------------+-------------+-------------+-------------+-------------+-------------+-------------+-------------+-------------+-------------+-------------+-------------+-------------+-------------+-------------+-------------+-------------+-------------+-------------+-------------+-------------+-------------+-------------+-------------+-------------+-------------+-------------+-------------+-------------+-------------+-------------+-------------+-------------+-------------+-------------+-------------+-------------+-------------+-------------+-------------+-------------+-------------+-------------+-------------+-------------+-------------+-------------+-------------+-------------+-------------+-------------+-------------+-------------+-------------+-------------+-------------+-------------+-------------+-------------+-------------+-------------+-------------+-------------+-------------+-------------+-------------+-------------+-------------+-------------+-------------+-------------+-------------+-------------+-------------+-------------+-------------+-------------+-------------+-------------+-------------+-------------+-------------+-------------+-------------+-------------+-------------+--------------+--------------+--------------+--------------+--------------+--------------+--------------+--------------+--------------+--------------+--------------+--------------+--------------+--------------+--------------+--------------+--------------+--------------+--------------+--------------+--------------+--------------+--------------+--------------+--------------+--------------+--------------+--------------+--------------+--------------+--------------+--------------+--------------+--------------+--------------+--------------+--------------+--------------+--------------+--------------+--------------+--------------+--------------+--------------+
|        Runtime (RDTSC) [s]        |  1163.7877 |  1163.7877 |  1163.7877 |  1163.7877 |  1163.7877 |  1163.7877 |  1163.7877 |  1163.7877 |  1163.7877 |  1163.7877 |   1163.7877 |   1163.7877 |   1163.7877 |   1163.7877 |   1163.7877 |   1163.7877 |   1163.7877 |   1163.7877 |   1163.7877 |   1163.7877 |   1163.7877 |   1163.7877 |   1163.7877 |   1163.7877 |   1163.7877 |   1163.7877 |   1163.7877 |   1163.7877 |   1163.7877 |   1163.7877 |   1163.7877 |   1163.7877 |   1163.7877 |   1163.7877 |   1163.7877 |   1163.7877 |   1163.7877 |   1163.7877 |   1163.7877 |   1163.7877 |   1163.7877 |   1163.7877 |   1163.7877 |   1163.7877 |   1163.7877 |   1163.7877 |   1163.7877 |   1163.7877 |   1163.7877 |   1163.7877 |   1163.7877 |   1163.7877 |   1163.7877 |   1163.7877 |   1163.7877 |   1163.7877 |   1163.7877 |   1163.7877 |   1163.7877 |   1163.7877 |   1163.7877 |   1163.7877 |   1163.7877 |   1163.7877 |   1163.7877 |   1163.7877 |   1163.7877 |   1163.7877 |   1163.7877 |   1163.7877 |   1163.7877 |   1163.7877 |   1163.7877 |   1163.7877 |   1163.7877 |   1163.7877 |   1163.7877 |   1163.7877 |   1163.7877 |   1163.7877 |   1163.7877 |   1163.7877 |   1163.7877 |   1163.7877 |   1163.7877 |   1163.7877 |   1163.7877 |   1163.7877 |   1163.7877 |   1163.7877 |   1163.7877 |   1163.7877 |   1163.7877 |   1163.7877 |   1163.7877 |   1163.7877 |   1163.7877 |   1163.7877 |   1163.7877 |   1163.7877 |    1163.7877 |    1163.7877 |    1163.7877 |    1163.7877 |    1163.7877 |    1163.7877 |    1163.7877 |    1163.7877 |    1163.7877 |    1163.7877 |    1163.7877 |    1163.7877 |    1163.7877 |    1163.7877 |    1163.7877 |    1163.7877 |    1163.7877 |    1163.7877 |    1163.7877 |    1163.7877 |    1163.7877 |    1163.7877 |    1163.7877 |    1163.7877 |    1163.7877 |    1163.7877 |    1163.7877 |    1163.7877 |    1163.7877 |    1163.7877 |    1163.7877 |    1163.7877 |    1163.7877 |    1163.7877 |    1163.7877 |    1163.7877 |    1163.7877 |    1163.7877 |    1163.7877 |    1163.7877 |    1163.7877 |    1163.7877 |    1163.7877 |    1163.7877 |
|        Runtime unhalted [s]       |  1595.2622 |  1289.1210 |  1282.9624 |  1284.9795 |  1285.7436 |  1283.4122 |  1285.6670 |  1289.1868 |  1243.5328 |  1244.0058 |   1244.9534 |   1240.2534 |   1242.5647 |   1241.8139 |   1245.8266 |   1248.6360 |   1247.6726 |   1244.2866 |   1247.8592 |   1251.8699 |   1257.2869 |   1253.0404 |   1257.6381 |   1256.0809 |   1296.0460 |   1295.1915 |   1290.5644 |   1295.3148 |   1295.9435 |   1299.0931 |   1299.5851 |   1299.2968 |   1245.6198 |   1251.5795 |   1245.8510 |   1246.1987 |   1250.4065 |   1256.8049 |   1256.6328 |   1252.6288 |   1251.0053 |   1249.6740 |   1248.9779 |   1251.4667 |   1255.5550 |   1256.4765 |   1252.9917 |   1258.9966 |   1093.7994 |   1059.8904 |   1063.1773 |   1067.8467 |   1087.0888 |   1089.2353 |   1092.9754 |   1106.5482 |   1011.2788 |   1018.3164 |    993.3539 |   1013.7546 |   1025.3992 |   1037.0921 |   1038.9350 |   1059.8732 |   1037.3371 |   1020.5824 |   1013.5112 |   1026.8065 |   1037.6011 |   1043.1559 |   1055.6064 |   1061.5188 |    863.2784 |    836.4910 |    840.2469 |    839.5554 |    850.3829 |    851.5062 |    870.2006 |    867.7345 |    851.9689 |    828.6781 |    827.7737 |    843.0008 |    842.5405 |    849.7817 |    858.1091 |    857.9540 |    845.3997 |    830.0081 |    853.1125 |    847.5296 |    860.0404 |    869.3313 |    879.8051 |    878.5862 |   1372.4295 |   1374.1091 |   1372.5549 |   1372.7835 |    1372.3295 |    1366.7881 |    1367.3066 |    1368.0854 |    1379.8568 |    1375.2714 |    1376.6571 |    1369.0547 |    1369.5544 |    1371.2545 |    1367.4981 |    1370.4491 |    1377.7828 |    1374.0926 |    1373.5271 |    1379.2445 |    1375.4032 |    1373.6876 |    1371.1530 |    1372.5681 |    1371.8333 |    1366.8358 |    1371.9890 |    1371.5719 |    1367.3405 |    1366.8073 |    1373.5434 |    1373.6182 |    1372.5057 |    1375.2467 |    1376.0296 |    1381.4507 |    1377.3784 |    1366.6740 |    1367.9085 |    1372.4335 |    1370.6077 |    1375.2476 |    1383.4082 |    1383.5584 |    1376.4686 |    1379.4055 |    1375.4689 |    1333.3242 |
|            Clock [MHz]            |  3685.7601 |  3651.6363 |  3665.5757 |  3661.9844 |  3666.3613 |  3670.8777 |  3666.4815 |  3663.1918 |  3667.7049 |  3662.6700 |   3664.3894 |   3672.6675 |   3673.4342 |   3676.4812 |   3672.9116 |   3670.7259 |   3667.4836 |   3665.7671 |   3662.0706 |   3661.6190 |   3662.5661 |   3664.0429 |   3662.2566 |   3667.3073 |   3665.9324 |   3668.7779 |   3670.9609 |   3668.6219 |   3668.5573 |   3667.5272 |   3669.2221 |   3670.4246 |   3674.6265 |   3665.8785 |   3671.4029 |   3670.2240 |   3672.5801 |   3667.9649 |   3668.5681 |   3679.3118 |   3670.5633 |   3669.7334 |   3667.6785 |   3671.0636 |   3668.0295 |   3668.7717 |   3674.8018 |   3672.3171 |   3597.5914 |   3566.3431 |   3561.5664 |   3578.1439 |   3585.8732 |   3610.7988 |   3608.1689 |   3594.3832 |   3503.4031 |   3499.9090 |   3482.0073 |   3498.1985 |   3518.2741 |   3519.6274 |   3534.5265 |   3550.9244 |   3528.8674 |   3513.5026 |   3515.5014 |   3532.2946 |   3543.7720 |   3560.4635 |   3551.1553 |   3564.5010 |   3237.6734 |   3181.1341 |   3193.9731 |   3186.2491 |   3223.3392 |   3225.2218 |   3248.4606 |   3258.7487 |   3218.1238 |   3197.7909 |   3183.9734 |   3203.8591 |   3217.4522 |   3230.0411 |   3250.7248 |   3249.2736 |   3203.1164 |   3182.8132 |   3201.7285 |   3207.5758 |   3224.7669 |   3221.1460 |   3241.7606 |   3256.4307 |   3687.9237 |   3687.4306 |   3689.3879 |   3688.9265 |    3689.5271 |    3696.0509 |    3695.3004 |    3694.6281 |    3679.9449 |    3685.4156 |    3684.0810 |    3692.6489 |    3692.0559 |    3690.2121 |    3694.4603 |    3691.2532 |    3683.4042 |    3687.6707 |    3688.6394 |    3681.7989 |    3685.7756 |    3688.2503 |    3691.1658 |    3689.2641 |    3689.8489 |    3695.9428 |    3689.5260 |    3690.4179 |    3695.2796 |    3696.0065 |    3688.2942 |    3688.0026 |    3688.9341 |    3685.7574 |    3684.8848 |    3678.7359 |    3682.9130 |    3695.9068 |    3694.6760 |    3688.6553 |    3692.2158 |    3686.7698 |    3676.8144 |    3677.1404 |    3685.0547 |    3681.7902 |    3685.7554 |    3688.3290 |
|                CPI                |     1.1718 |     1.3208 |     1.3202 |     1.3208 |     1.3233 |     1.3224 |     1.3242 |     1.3237 |     1.2735 |     1.2772 |      1.2744 |      1.2774 |      1.2805 |      1.2821 |      1.2830 |      1.2843 |      1.2875 |      1.2843 |      1.2865 |      1.2896 |      1.2915 |      1.2921 |      1.2941 |      1.2954 |      1.3326 |      1.3357 |      1.3320 |      1.3341 |      1.3364 |      1.3394 |      1.3399 |      1.3420 |      1.2839 |      1.2858 |      1.2842 |      1.2840 |      1.2879 |      1.2893 |      1.2874 |      1.2944 |      1.2934 |      1.2964 |      1.2961 |      1.2983 |      1.2960 |      1.2998 |      1.2990 |      1.3040 |      1.1346 |      1.1131 |      1.1169 |      1.1219 |      1.1402 |      1.1462 |      1.1516 |      1.1579 |      1.0616 |      1.0651 |      1.0486 |      1.0641 |      1.0778 |      1.0855 |      1.0920 |      1.1099 |      1.0964 |      1.0861 |      1.0827 |      1.0947 |      1.1048 |      1.1102 |      1.1179 |      1.1261 |      0.9243 |      0.9007 |      0.9121 |      0.9073 |      0.9240 |      0.9252 |      0.9410 |      0.9416 |      0.9176 |      0.9018 |      0.8954 |      0.9106 |      0.9153 |      0.9223 |      0.9330 |      0.9325 |      0.9199 |      0.9052 |      0.9242 |      0.9224 |      0.9332 |      0.9367 |      0.9485 |      0.9516 |      1.4984 |      1.5009 |      1.5023 |      1.4994 |       1.4973 |       1.5003 |       1.5003 |       1.5005 |       1.4919 |       1.4936 |       1.4925 |       1.4922 |       1.4899 |       1.4933 |       1.4907 |       1.4922 |       1.4997 |       1.4994 |       1.5000 |       1.5011 |       1.4971 |       1.5000 |       1.4984 |       1.4991 |       1.5167 |       1.5156 |       1.5177 |       1.5172 |       1.5154 |       1.5161 |       1.5182 |       1.5176 |       1.5100 |       1.5094 |       1.5106 |       1.5114 |       1.5119 |       1.5140 |       1.5139 |       1.5152 |       1.5174 |       1.5209 |       1.5227 |       1.5223 |       1.5187 |       1.5224 |       1.5350 |       1.5512 |
|  Memory read bandwidth [MBytes/s] | 59818.3744 |          0 |          0 |          0 |          0 |          0 |          0 |          0 |          0 |          0 |           0 |           0 |           0 |           0 |           0 |           0 |           0 |           0 |           0 |           0 |           0 |           0 |           0 |           0 |           0 |           0 |           0 |           0 |           0 |           0 |           0 |           0 |           0 |           0 |           0 |           0 |           0 |           0 |           0 |           0 |           0 |           0 |           0 |           0 |           0 |           0 |           0 |           0 |           0 |           0 |           0 |           0 |           0 |           0 |           0 |           0 |           0 |           0 |           0 |           0 |           0 |           0 |           0 |           0 |           0 |           0 |           0 |           0 |           0 |           0 |           0 |           0 |           0 |           0 |           0 |           0 |           0 |           0 |           0 |           0 |           0 |           0 |           0 |           0 |           0 |           0 |           0 |           0 |           0 |           0 |           0 |           0 |           0 |           0 |           0 |           0 |  20693.6845 |           0 |           0 |           0 |            0 |            0 |            0 |            0 |            0 |            0 |            0 |            0 |            0 |            0 |            0 |            0 |            0 |            0 |            0 |            0 |            0 |            0 |            0 |            0 |            0 |            0 |            0 |            0 |            0 |            0 |            0 |            0 |            0 |            0 |            0 |            0 |            0 |            0 |            0 |            0 |            0 |            0 |            0 |            0 |            0 |            0 |            0 |            0 |
|  Memory read data volume [GBytes] | 69615.8901 |          0 |          0 |          0 |          0 |          0 |          0 |          0 |          0 |          0 |           0 |           0 |           0 |           0 |           0 |           0 |           0 |           0 |           0 |           0 |           0 |           0 |           0 |           0 |           0 |           0 |           0 |           0 |           0 |           0 |           0 |           0 |           0 |           0 |           0 |           0 |           0 |           0 |           0 |           0 |           0 |           0 |           0 |           0 |           0 |           0 |           0 |           0 |           0 |           0 |           0 |           0 |           0 |           0 |           0 |           0 |           0 |           0 |           0 |           0 |           0 |           0 |           0 |           0 |           0 |           0 |           0 |           0 |           0 |           0 |           0 |           0 |           0 |           0 |           0 |           0 |           0 |           0 |           0 |           0 |           0 |           0 |           0 |           0 |           0 |           0 |           0 |           0 |           0 |           0 |           0 |           0 |           0 |           0 |           0 |           0 |  24083.0561 |           0 |           0 |           0 |            0 |            0 |            0 |            0 |            0 |            0 |            0 |            0 |            0 |            0 |            0 |            0 |            0 |            0 |            0 |            0 |            0 |            0 |            0 |            0 |            0 |            0 |            0 |            0 |            0 |            0 |            0 |            0 |            0 |            0 |            0 |            0 |            0 |            0 |            0 |            0 |            0 |            0 |            0 |            0 |            0 |            0 |            0 |            0 |
| Memory write bandwidth [MBytes/s] | 23040.8398 |          0 |          0 |          0 |          0 |          0 |          0 |          0 |          0 |          0 |           0 |           0 |           0 |           0 |           0 |           0 |           0 |           0 |           0 |           0 |           0 |           0 |           0 |           0 |           0 |           0 |           0 |           0 |           0 |           0 |           0 |           0 |           0 |           0 |           0 |           0 |           0 |           0 |           0 |           0 |           0 |           0 |           0 |           0 |           0 |           0 |           0 |           0 |           0 |           0 |           0 |           0 |           0 |           0 |           0 |           0 |           0 |           0 |           0 |           0 |           0 |           0 |           0 |           0 |           0 |           0 |           0 |           0 |           0 |           0 |           0 |           0 |           0 |           0 |           0 |           0 |           0 |           0 |           0 |           0 |           0 |           0 |           0 |           0 |           0 |           0 |           0 |           0 |           0 |           0 |           0 |           0 |           0 |           0 |           0 |           0 |   8523.4246 |           0 |           0 |           0 |            0 |            0 |            0 |            0 |            0 |            0 |            0 |            0 |            0 |            0 |            0 |            0 |            0 |            0 |            0 |            0 |            0 |            0 |            0 |            0 |            0 |            0 |            0 |            0 |            0 |            0 |            0 |            0 |            0 |            0 |            0 |            0 |            0 |            0 |            0 |            0 |            0 |            0 |            0 |            0 |            0 |            0 |            0 |            0 |
| Memory write data volume [GBytes] | 26814.6467 |          0 |          0 |          0 |          0 |          0 |          0 |          0 |          0 |          0 |           0 |           0 |           0 |           0 |           0 |           0 |           0 |           0 |           0 |           0 |           0 |           0 |           0 |           0 |           0 |           0 |           0 |           0 |           0 |           0 |           0 |           0 |           0 |           0 |           0 |           0 |           0 |           0 |           0 |           0 |           0 |           0 |           0 |           0 |           0 |           0 |           0 |           0 |           0 |           0 |           0 |           0 |           0 |           0 |           0 |           0 |           0 |           0 |           0 |           0 |           0 |           0 |           0 |           0 |           0 |           0 |           0 |           0 |           0 |           0 |           0 |           0 |           0 |           0 |           0 |           0 |           0 |           0 |           0 |           0 |           0 |           0 |           0 |           0 |           0 |           0 |           0 |           0 |           0 |           0 |           0 |           0 |           0 |           0 |           0 |           0 |   9919.4570 |           0 |           0 |           0 |            0 |            0 |            0 |            0 |            0 |            0 |            0 |            0 |            0 |            0 |            0 |            0 |            0 |            0 |            0 |            0 |            0 |            0 |            0 |            0 |            0 |            0 |            0 |            0 |            0 |            0 |            0 |            0 |            0 |            0 |            0 |            0 |            0 |            0 |            0 |            0 |            0 |            0 |            0 |            0 |            0 |            0 |            0 |            0 |
|    Memory bandwidth [MBytes/s]    | 82859.2142 |          0 |          0 |          0 |          0 |          0 |          0 |          0 |          0 |          0 |           0 |           0 |           0 |           0 |           0 |           0 |           0 |           0 |           0 |           0 |           0 |           0 |           0 |           0 |           0 |           0 |           0 |           0 |           0 |           0 |           0 |           0 |           0 |           0 |           0 |           0 |           0 |           0 |           0 |           0 |           0 |           0 |           0 |           0 |           0 |           0 |           0 |           0 |           0 |           0 |           0 |           0 |           0 |           0 |           0 |           0 |           0 |           0 |           0 |           0 |           0 |           0 |           0 |           0 |           0 |           0 |           0 |           0 |           0 |           0 |           0 |           0 |           0 |           0 |           0 |           0 |           0 |           0 |           0 |           0 |           0 |           0 |           0 |           0 |           0 |           0 |           0 |           0 |           0 |           0 |           0 |           0 |           0 |           0 |           0 |           0 |  29217.1091 |           0 |           0 |           0 |            0 |            0 |            0 |            0 |            0 |            0 |            0 |            0 |            0 |            0 |            0 |            0 |            0 |            0 |            0 |            0 |            0 |            0 |            0 |            0 |            0 |            0 |            0 |            0 |            0 |            0 |            0 |            0 |            0 |            0 |            0 |            0 |            0 |            0 |            0 |            0 |            0 |            0 |            0 |            0 |            0 |            0 |            0 |            0 |
|    Memory data volume [GBytes]    | 96430.5368 |          0 |          0 |          0 |          0 |          0 |          0 |          0 |          0 |          0 |           0 |           0 |           0 |           0 |           0 |           0 |           0 |           0 |           0 |           0 |           0 |           0 |           0 |           0 |           0 |           0 |           0 |           0 |           0 |           0 |           0 |           0 |           0 |           0 |           0 |           0 |           0 |           0 |           0 |           0 |           0 |           0 |           0 |           0 |           0 |           0 |           0 |           0 |           0 |           0 |           0 |           0 |           0 |           0 |           0 |           0 |           0 |           0 |           0 |           0 |           0 |           0 |           0 |           0 |           0 |           0 |           0 |           0 |           0 |           0 |           0 |           0 |           0 |           0 |           0 |           0 |           0 |           0 |           0 |           0 |           0 |           0 |           0 |           0 |           0 |           0 |           0 |           0 |           0 |           0 |           0 |           0 |           0 |           0 |           0 |           0 |  34002.5131 |           0 |           0 |           0 |            0 |            0 |            0 |            0 |            0 |            0 |            0 |            0 |            0 |            0 |            0 |            0 |            0 |            0 |            0 |            0 |            0 |            0 |            0 |            0 |            0 |            0 |            0 |            0 |            0 |            0 |            0 |            0 |            0 |            0 |            0 |            0 |            0 |            0 |            0 |            0 |            0 |            0 |            0 |            0 |            0 |            0 |            0 |            0 |
+-----------------------------------+------------+------------+------------+------------+------------+------------+------------+------------+------------+------------+-------------+-------------+-------------+-------------+-------------+-------------+-------------+-------------+-------------+-------------+-------------+-------------+-------------+-------------+-------------+-------------+-------------+-------------+-------------+-------------+-------------+-------------+-------------+-------------+-------------+-------------+-------------+-------------+-------------+-------------+-------------+-------------+-------------+-------------+-------------+-------------+-------------+-------------+-------------+-------------+-------------+-------------+-------------+-------------+-------------+-------------+-------------+-------------+-------------+-------------+-------------+-------------+-------------+-------------+-------------+-------------+-------------+-------------+-------------+-------------+-------------+-------------+-------------+-------------+-------------+-------------+-------------+-------------+-------------+-------------+-------------+-------------+-------------+-------------+-------------+-------------+-------------+-------------+-------------+-------------+-------------+-------------+-------------+-------------+-------------+-------------+-------------+-------------+-------------+-------------+--------------+--------------+--------------+--------------+--------------+--------------+--------------+--------------+--------------+--------------+--------------+--------------+--------------+--------------+--------------+--------------+--------------+--------------+--------------+--------------+--------------+--------------+--------------+--------------+--------------+--------------+--------------+--------------+--------------+--------------+--------------+--------------+--------------+--------------+--------------+--------------+--------------+--------------+--------------+--------------+--------------+--------------+--------------+--------------+

+----------------------------------------+-------------+-----------+------------+-----------+
|                 Metric                 |     Sum     |    Min    |     Max    |    Avg    |
+----------------------------------------+-------------+-----------+------------+-----------+
|        Runtime (RDTSC) [s] STAT        | 167585.4288 | 1163.7877 |  1163.7877 | 1163.7877 |
|        Runtime unhalted [s] STAT       | 172437.3537 |  827.7737 |  1595.2622 | 1197.4816 |
|            Clock [MHz] STAT            | 515497.5483 | 3181.1341 |  3696.0509 | 3579.8441 |
|                CPI STAT                |    183.3769 |    0.8954 |     1.5512 |    1.2735 |
|  Memory read bandwidth [MBytes/s] STAT |  80512.0589 |         0 | 59818.3744 |  559.1115 |
|  Memory read data volume [GBytes] STAT |  93698.9462 |         0 | 69615.8901 |  650.6871 |
| Memory write bandwidth [MBytes/s] STAT |  31564.2644 |         0 | 23040.8398 |  219.1963 |
| Memory write data volume [GBytes] STAT |  36734.1037 |         0 | 26814.6467 |  255.0979 |
|    Memory bandwidth [MBytes/s] STAT    | 112076.3233 |         0 | 82859.2142 |  778.3078 |
|    Memory data volume [GBytes] STAT    | 130433.0499 |         0 | 96430.5368 |  905.7851 |
+----------------------------------------+-------------+-----------+------------+-----------+

