INFO: You are running LIKWID in a cpuset with 160 CPUs. Taking given IDs as logical ID in cpuset
--------------------------------------------------------------------------------
CPU name:	AMD EPYC 9A14 96-Core Processor                
CPU type:	AMD K19 (Zen4) architecture
CPU clock:	2.60 GHz
--------------------------------------------------------------------------------
Use symmetry. Molecule point group: C2v
Norb: 24   Ne: (5, 5)
Running RHF...
converged SCF energy = -76.0267607337663
Running FCI ...
Guessing CI wfn symmetry = 0
Num symmetry allowed elements 451681246
tol 1e-10  toloose 1e-05
max_cycle 100  max_space 12  max_memory 760542  incore True
    CPU time for contract_2e  10247.95 sec, wall time     77.36 sec
davidson 0 1  |r|= 0.999  e= [-85.21409431]  max|de|= -85.2  lindep=    1
    CPU time for contract_2e  10167.35 sec, wall time     76.65 sec
davidson 1 2  |r|= 0.336  e= [-85.41295423]  max|de|= -0.199  lindep= 0.992
    CPU time for contract_2e  10196.32 sec, wall time     78.45 sec
davidson 2 3  |r|= 0.0993  e= [-85.4295567]  max|de|= -0.0166  lindep= 0.982
    CPU time for contract_2e  10215.58 sec, wall time     80.16 sec
davidson 3 4  |r|= 0.0324  e= [-85.43094102]  max|de|= -0.00138  lindep= 0.955
    CPU time for contract_2e  10190.96 sec, wall time     81.79 sec
davidson 4 5  |r|= 0.0129  e= [-85.43110245]  max|de|= -0.000161  lindep= 0.911
    CPU time for contract_2e  10196.04 sec, wall time     83.48 sec
davidson 5 6  |r|= 0.00436  e= [-85.43112741]  max|de|= -2.5e-05  lindep= 0.833
    CPU time for contract_2e  10279.56 sec, wall time     85.70 sec
davidson 6 7  |r|= 0.00169  e= [-85.43113026]  max|de|= -2.84e-06  lindep= 0.932
    CPU time for contract_2e  10270.53 sec, wall time     87.28 sec
davidson 7 8  |r|= 0.000705  e= [-85.4311307]  max|de|= -4.44e-07  lindep= 0.849
    CPU time for contract_2e  10258.80 sec, wall time     88.98 sec
davidson 8 9  |r|= 0.000319  e= [-85.43113078]  max|de|= -8.55e-08  lindep= 0.895
    CPU time for contract_2e  10385.17 sec, wall time     91.44 sec
davidson 9 10  |r|= 0.000127  e= [-85.4311308]  max|de|= -1.57e-08  lindep= 0.804
    CPU time for contract_2e  10334.24 sec, wall time     92.75 sec
davidson 10 11  |r|= 4.77e-05  e= [-85.4311308]  max|de|= -2.31e-09  lindep= 0.878
    CPU time for contract_2e  10420.19 sec, wall time     94.94 sec
davidson 11 12  |r|= 1.71e-05  e= [-85.4311308]  max|de|= -2.93e-10  lindep= 0.87
    CPU time for contract_2e  10333.18 sec, wall time     96.95 sec
davidson 12 1  |r|= 1.71e-05  e= [-85.4311308]  max|de|= 3.24e-12  lindep=    1
    CPU time for contract_2e  10225.95 sec, wall time     76.92 sec
root 0 converged  |r|= 6.26e-06  e= -85.43113080323192  max|de|= -3.29e-11
converged 13 2  |r|= 6.26e-06  e= [-85.4311308]  max|de|= -3.29e-11
--------------------------------------------------------------------------------
Group 1: MEM
+----------------------+---------+---------------+---------------+---------------+---------------+---------------+---------------+---------------+---------------+---------------+---------------+---------------+---------------+---------------+---------------+---------------+---------------+---------------+---------------+---------------+---------------+---------------+---------------+---------------+---------------+---------------+---------------+---------------+---------------+---------------+---------------+---------------+---------------+---------------+---------------+---------------+---------------+---------------+---------------+---------------+---------------+---------------+---------------+---------------+---------------+---------------+---------------+---------------+---------------+---------------+---------------+---------------+---------------+---------------+---------------+---------------+---------------+---------------+---------------+---------------+---------------+---------------+---------------+---------------+---------------+---------------+---------------+---------------+---------------+---------------+---------------+---------------+---------------+---------------+---------------+---------------+---------------+---------------+---------------+---------------+---------------+---------------+---------------+---------------+---------------+---------------+---------------+---------------+---------------+---------------+---------------+---------------+---------------+---------------+---------------+---------------+---------------+---------------+---------------+---------------+---------------+---------------+---------------+---------------+---------------+---------------+---------------+---------------+---------------+---------------+---------------+---------------+---------------+---------------+---------------+---------------+---------------+---------------+---------------+---------------+---------------+---------------+---------------+---------------+---------------+---------------+---------------+---------------+---------------+---------------+---------------+---------------+---------------+---------------+---------------+---------------+---------------+---------------+---------------+---------------+---------------+---------------+---------------+---------------+---------------+---------------+---------------+---------------+---------------+---------------+---------------+---------------+---------------+---------------+---------------+---------------+---------------+---------------+---------------+---------------+---------------+
|         Event        | Counter |   HWThread 0  |   HWThread 1  |   HWThread 2  |   HWThread 3  |   HWThread 4  |   HWThread 5  |   HWThread 6  |   HWThread 7  |   HWThread 8  |   HWThread 9  |  HWThread 10  |  HWThread 11  |  HWThread 12  |  HWThread 13  |  HWThread 14  |  HWThread 15  |  HWThread 16  |  HWThread 17  |  HWThread 18  |  HWThread 19  |  HWThread 20  |  HWThread 21  |  HWThread 22  |  HWThread 23  |  HWThread 24  |  HWThread 25  |  HWThread 26  |  HWThread 27  |  HWThread 28  |  HWThread 29  |  HWThread 30  |  HWThread 31  |  HWThread 32  |  HWThread 33  |  HWThread 34  |  HWThread 35  |  HWThread 36  |  HWThread 37  |  HWThread 38  |  HWThread 39  |  HWThread 40  |  HWThread 41  |  HWThread 42  |  HWThread 43  |  HWThread 44  |  HWThread 45  |  HWThread 46  |  HWThread 47  |  HWThread 48  |  HWThread 49  |  HWThread 50  |  HWThread 51  |  HWThread 52  |  HWThread 53  |  HWThread 54  |  HWThread 55  |  HWThread 56  |  HWThread 57  |  HWThread 58  |  HWThread 59  |  HWThread 60  |  HWThread 61  |  HWThread 62  |  HWThread 63  |  HWThread 64  |  HWThread 65  |  HWThread 66  |  HWThread 67  |  HWThread 68  |  HWThread 69  |  HWThread 70  |  HWThread 71  |  HWThread 72  |  HWThread 73  |  HWThread 74  |  HWThread 75  |  HWThread 76  |  HWThread 77  |  HWThread 78  |  HWThread 79  |  HWThread 80  |  HWThread 81  |  HWThread 82  |  HWThread 83  |  HWThread 84  |  HWThread 85  |  HWThread 86  |  HWThread 87  |  HWThread 88  |  HWThread 89  |  HWThread 90  |  HWThread 91  |  HWThread 92  |  HWThread 93  |  HWThread 94  |  HWThread 95  |  HWThread 96  |  HWThread 97  |  HWThread 98  |  HWThread 99  |  HWThread 100 |  HWThread 101 |  HWThread 102 |  HWThread 103 |  HWThread 104 |  HWThread 105 |  HWThread 106 |  HWThread 107 |  HWThread 108 |  HWThread 109 |  HWThread 110 |  HWThread 111 |  HWThread 112 |  HWThread 113 |  HWThread 114 |  HWThread 115 |  HWThread 116 |  HWThread 117 |  HWThread 118 |  HWThread 119 |  HWThread 120 |  HWThread 121 |  HWThread 122 |  HWThread 123 |  HWThread 124 |  HWThread 125 |  HWThread 126 |  HWThread 127 |  HWThread 128 |  HWThread 129 |  HWThread 130 |  HWThread 131 |  HWThread 132 |  HWThread 133 |  HWThread 134 |  HWThread 135 |  HWThread 136 |  HWThread 137 |  HWThread 138 |  HWThread 139 |  HWThread 140 |  HWThread 141 |  HWThread 142 |  HWThread 143 |  HWThread 144 |  HWThread 145 |  HWThread 146 |  HWThread 147 |  HWThread 148 |  HWThread 149 |  HWThread 150 |  HWThread 151 |  HWThread 152 |  HWThread 153 |  HWThread 154 |  HWThread 155 |  HWThread 156 |  HWThread 157 |  HWThread 158 |  HWThread 159 |
+----------------------+---------+---------------+---------------+---------------+---------------+---------------+---------------+---------------+---------------+---------------+---------------+---------------+---------------+---------------+---------------+---------------+---------------+---------------+---------------+---------------+---------------+---------------+---------------+---------------+---------------+---------------+---------------+---------------+---------------+---------------+---------------+---------------+---------------+---------------+---------------+---------------+---------------+---------------+---------------+---------------+---------------+---------------+---------------+---------------+---------------+---------------+---------------+---------------+---------------+---------------+---------------+---------------+---------------+---------------+---------------+---------------+---------------+---------------+---------------+---------------+---------------+---------------+---------------+---------------+---------------+---------------+---------------+---------------+---------------+---------------+---------------+---------------+---------------+---------------+---------------+---------------+---------------+---------------+---------------+---------------+---------------+---------------+---------------+---------------+---------------+---------------+---------------+---------------+---------------+---------------+---------------+---------------+---------------+---------------+---------------+---------------+---------------+---------------+---------------+---------------+---------------+---------------+---------------+---------------+---------------+---------------+---------------+---------------+---------------+---------------+---------------+---------------+---------------+---------------+---------------+---------------+---------------+---------------+---------------+---------------+---------------+---------------+---------------+---------------+---------------+---------------+---------------+---------------+---------------+---------------+---------------+---------------+---------------+---------------+---------------+---------------+---------------+---------------+---------------+---------------+---------------+---------------+---------------+---------------+---------------+---------------+---------------+---------------+---------------+---------------+---------------+---------------+---------------+---------------+---------------+---------------+---------------+---------------+---------------+---------------+---------------+
|   ACTUAL_CPU_CLOCK   |  FIXC1  | 4243548255815 | 3458771117192 | 3418934047305 | 3428330997201 | 3435378523767 | 3432416836600 | 3436593523221 | 3433372006123 | 3314548168933 | 3304679557256 | 3296948065464 | 3328789604286 | 3334182048476 | 3337809676150 | 3342621238593 | 3342128429137 | 3307195812005 | 3288191703270 | 3284090592350 | 3318245351258 | 3328675983476 | 3311937774087 | 3340473717198 | 3330375380023 | 3388281861947 | 3381932724845 | 3375578973383 | 3383835335527 | 3409706889117 | 3402962919287 | 3405395928912 | 3407765522976 | 3326945393724 | 3330927114949 | 3332589723011 | 3333357325307 | 3345389018980 | 3346990470970 | 3349765139494 | 3359621454765 | 3331030065602 | 3354065880748 | 3339304716496 | 3351376232226 | 3351144562402 | 3361808928390 | 3359626198115 | 3364134379449 | 2225070061493 | 1986214043461 | 1899728999928 | 1914019360921 | 1943975810046 | 1991257391173 | 1936207581521 | 1965991434191 | 1902353714031 | 1864677748976 | 1858574100662 | 1879177717840 | 1907437589143 | 1913403196994 | 1932934591290 | 1915762355416 | 2066949228517 | 2068203540695 | 2028280588839 | 2045467154129 | 2062878509959 | 2085602235755 | 2080975764137 | 2096577091835 | 2882770637331 | 2861724152922 | 2858075455821 | 2894615266257 | 2916786574550 | 2954182894720 | 2949224802724 | 2957616407045 | 2673106105619 | 2675349792186 | 2671087063755 | 2701011452159 | 2722978104479 | 2717293638651 | 2807581298853 | 2803505703235 | 2714044280793 | 2664526845553 | 2676729546245 | 2670167744241 | 2705818944210 | 2741328606640 | 2744352126359 | 2784897768594 | 3762266280978 | 3756786329046 | 3747274543723 | 3753864325885 | 3745819279624 | 3747545894820 | 3766164425070 | 3752762932260 | 3751818756638 | 3740427584829 | 3738250146238 | 3739913588738 | 3758107083659 | 3747639242683 | 3739866150969 | 3775936715773 | 3754901325886 | 3739138764594 | 3753920765041 | 3747626321772 | 3747809723830 | 3755062370188 | 3739187023323 | 3753804706163 | 3760598448406 | 3746974778807 | 3754981482433 | 3740073508968 | 3742934603745 | 3746615369664 | 3745045298723 | 3760400790745 | 3745785949617 | 3744745952232 | 3743565948320 | 3758329705109 | 3747639787962 | 3753766033402 | 3752203587126 | 3750939186128 | 3753711687579 | 3743845128983 | 3747772517300 | 3739297422661 | 3739303443394 | 3740849469957 | 3744034459951 | 3748571709681 | 3757298660842 | 3748103928880 | 3749161950224 | 3746801051820 | 3744804350070 | 3753626675456 | 3747017102824 | 3749999065704 | 3753957227335 | 3749847319676 | 3756629858255 | 3753342685068 | 3750522802663 | 3757806543752 | 3628047220279 | 3594490619997 |
|     MAX_CPU_CLOCK    |  FIXC2  | 2992629059446 | 2467853069630 | 2422125851210 | 2430866294298 | 2437344886392 | 2434595891936 | 2438340609796 | 2433383946604 | 2346092529144 | 2340520829400 | 2338326227016 | 2362394683038 | 2365375081550 | 2367845527424 | 2371222457006 | 2369608703072 | 2346232349734 | 2332408344240 | 2331197410386 | 2354234926446 | 2364465416274 | 2347731776754 | 2368446367352 | 2361622797768 | 2400764084836 | 2395140745400 | 2390550872918 | 2395743262978 | 2420480064912 | 2411690479120 | 2413604654136 | 2414321408330 | 2352978205266 | 2363689749434 | 2364334491194 | 2361363398212 | 2372483983220 | 2372741057908 | 2372628899420 | 2379054550912 | 2360181855694 | 2380065007762 | 2372043389040 | 2380098945770 | 2376997885340 | 2386396372594 | 2386392256456 | 2385953282518 | 1796688913994 | 1736983895166 | 1686636688204 | 1693247330710 | 1707458556024 | 1738510722780 | 1703951501096 | 1716299023140 | 1678482784004 | 1655021921436 | 1650005356168 | 1660428489044 | 1678329937102 | 1677796420820 | 1698803760160 | 1682423966678 | 1781743928952 | 1774096211550 | 1748109887940 | 1755224843554 | 1769410432426 | 1770548993538 | 1768606611174 | 1785234466730 | 2090806482752 | 2076755113108 | 2073473852190 | 2089220746158 | 2102164425608 | 2113755500246 | 2116094195618 | 2115257492062 | 2038546054064 | 2034543774588 | 2023642705656 | 2033608844592 | 2042743871012 | 2037062973270 | 2076984291746 | 2065247692040 | 2057501646746 | 2034488965470 | 2032771939666 | 2027518429222 | 2042909545664 | 2050642403888 | 2050193662140 | 2071095668174 | 2654568688746 | 2648980688302 | 2638979363358 | 2645660415320 | 2637413090026 | 2639040135940 | 2657882982716 | 2644200175110 | 2643357338492 | 2631484196016 | 2629411905172 | 2631179374512 | 2649791358708 | 2638764086972 | 2631152913558 | 2667931831708 | 2646475764556 | 2629969144218 | 2644838464216 | 2638609411282 | 2638879174594 | 2646004302838 | 2630005043926 | 2644667708930 | 2651627269798 | 2637865758658 | 2645843424692 | 2630724712434 | 2633755838194 | 2637392688892 | 2635756702150 | 2651229550710 | 2637300979482 | 2635825907286 | 2634734603956 | 2649511811882 | 2638895157574 | 2644954535626 | 2643575887784 | 2642154748246 | 2645436870570 | 2634745620962 | 2638445871282 | 2630036991374 | 2630046362710 | 2631554179748 | 2634759469498 | 2639460688150 | 2649112806392 | 2639333570822 | 2640955006846 | 2638451819328 | 2636537031882 | 2645340705020 | 2638446311644 | 2641594060274 | 2645541386410 | 2641401725664 | 2648178272090 | 2645052872904 | 2642286934092 | 2649271825850 | 2559165061024 | 2539417884016 |
| RETIRED_INSTRUCTIONS |   PMC0  | 2768634989659 | 2068189797128 | 2067533167242 | 2067783765815 | 2067762997989 | 2067858114350 | 2067705789744 | 2067447697338 | 2071418937612 | 2072072734229 | 2063575535570 | 2068593471546 | 2068905405728 | 2068048655854 | 2066272405501 | 2067353348311 | 2060153411801 | 2052445781322 | 2052891089904 | 2052847866677 | 2052966465129 | 2052426536040 | 2052563407971 | 2052545726349 | 2051330850815 | 2051454579629 | 2051450591909 | 2051166979217 | 2051821081250 | 2051289590798 | 2051248833915 | 2051372928748 | 2057966945907 | 2059184414079 | 2058830156102 | 2057945891785 | 2061512068378 | 2060296912689 | 2058943857288 | 2058301940228 | 2051350895271 | 2051571875751 | 2051475266750 | 2051242033395 | 2050735849510 | 2051091303818 | 2050945210254 | 2050779566880 | 2049789965088 | 2045590151595 | 2043596474540 | 2043757683846 | 2042877713030 | 2044266844974 | 2042975171093 | 2042894849027 | 2049631792435 | 2049564764976 | 2048146455963 | 2047636077923 | 2049744613525 | 2050001034411 | 2049447455876 | 2048526009070 | 2044012691111 | 2044067914257 | 2042794693768 | 2042478031317 | 2042867643443 | 2042525395594 | 2042410626526 | 2043220176026 | 2049265894944 | 2049174826022 | 2049207555531 | 2049674230370 | 2049552204130 | 2049828490017 | 2049851019530 | 2050120723989 | 2056080022579 | 2056026952659 | 2055947227086 | 2055926572067 | 2056560087514 | 2056898826648 | 2059117651338 | 2058253489035 | 2048641828088 | 2047992345166 | 2047925807494 | 2047437788279 | 2047608151302 | 2047613216952 | 2047473182523 | 2048423059532 | 2020427330595 | 2019525173005 | 2019801634315 | 2019030694377 | 2018815745022 | 2011851747313 | 2012397630151 | 2011611908540 | 2030704647847 | 2030104104950 | 2030850723026 | 2029453808552 | 2030122197487 | 2030045402363 | 2029458210526 | 2030727866105 | 2017724828923 | 2017507230713 | 2018415176257 | 2017600862783 | 2017402263780 | 2017667525721 | 2016616522798 | 2016768419192 | 2007645153797 | 2007011529450 | 2007162466136 | 2006318496948 | 2004825685232 | 2005754229298 | 2006069725561 | 2006259722229 | 2020390437418 | 2020172779133 | 2020760558453 | 2020615506892 | 2020780307124 | 2020328989228 | 2020787322582 | 2020007869926 | 2003755565009 | 2003275999171 | 2003410593993 | 2002678435382 | 2002809864968 | 2001999034348 | 2002653742941 | 2002546278887 | 2018385858122 | 2018046637503 | 2018871892231 | 2017513532813 | 2016938477284 | 2017190543191 | 2017203329985 | 2016828146518 | 2023531015901 | 2023535998226 | 2024715506859 | 2022101916731 | 2022711453003 | 2007606579630 | 1936203261721 | 1888832520611 |
|  CPU_CLOCKS_UNHALTED |   PMC1  | 3550651127264 | 3064072339634 | 3066027638381 | 3068870124016 | 3072772776419 | 3070774523047 | 3072713672817 | 3075986823158 | 2962658423411 | 2963256069884 | 2955058861266 | 2978043124782 | 2982937283036 | 2988039415672 | 2991950727573 | 2991413726574 | 2966202487249 | 2954444863721 | 2946342341965 | 2968174716599 | 2979229580769 | 2966900318226 | 2985533119570 | 2987839475459 | 3032591636955 | 3023745015753 | 3028744354965 | 3035000723066 | 3045229590678 | 3047642468718 | 3048545403615 | 3053866507983 | 2979753403541 | 2972811162569 | 2977919593698 | 2984725980459 | 2993410656010 | 2998135344192 | 2995686987048 | 3011764792969 | 2991137827202 | 2997241820919 | 2992409422462 | 3001426591147 | 3005700823819 | 3014009561713 | 3002996484251 | 3017943337087 | 2051042630373 | 1840548811363 | 1788122075170 | 1795587027927 | 1821979237970 | 1853646643166 | 1815444537392 | 1843061010279 | 1778836788218 | 1757563550902 | 1756263437151 | 1773300688098 | 1790120400193 | 1797177952138 | 1805035886876 | 1800112919771 | 1925173137317 | 1931945032289 | 1911395067677 | 1921768503018 | 1933071276911 | 1957366105531 | 1956509272489 | 1959673991559 | 2641240705585 | 2631041723998 | 2630361631893 | 2659988985732 | 2677513845159 | 2710400189795 | 2706486339046 | 2718409714869 | 2444467446718 | 2450001151963 | 2456200854612 | 2485065101498 | 2497175100654 | 2499718614700 | 2566457033833 | 2571151558723 | 2482889549020 | 2452710971538 | 2464973030834 | 2464573685659 | 2493745683208 | 2525938940360 | 2529148832789 | 2557822558634 | 3484577402585 | 3479287770805 | 3485831147383 | 3479490054989 | 3476802868816 | 3477990669559 | 3483220573833 | 3479631883397 | 3476646047736 | 3472511195462 | 3471680083307 | 3473358282695 | 3479044224703 | 3474994141269 | 3471778400598 | 3485152559151 | 3476692795149 | 3470728283114 | 3476026193477 | 3469794798137 | 3471010185925 | 3478777312128 | 3470872199031 | 3477783050774 | 3504642643635 | 3499941730971 | 3508629055953 | 3503499918998 | 3481028916652 | 3501652395561 | 3498615160550 | 3507218241038 | 3494143577293 | 3496369687825 | 3498769373420 | 3504746273901 | 3499506566225 | 3502231399230 | 3494240635498 | 3493752299967 | 3493033895869 | 3491439242672 | 3499624372993 | 3491688510215 | 3491097070891 | 3493622957128 | 3497021085361 | 3498628299074 | 3494034622383 | 3496892808103 | 3496085741819 | 3491603802602 | 3498529455507 | 3499466628760 | 3498159540925 | 3498107363230 | 3494017090242 | 3494637603941 | 3504791348718 | 3498797827946 | 3500757910626 | 3501561891420 | 3361658164239 | 3321295416380 |
|      CAS_CMD_RD      |  UMC0C0 |   87276781102 |             0 |             0 |             0 |             0 |             0 |             0 |             0 |             0 |             0 |             0 |             0 |             0 |             0 |             0 |             0 |             0 |             0 |             0 |             0 |             0 |             0 |             0 |             0 |             0 |             0 |             0 |             0 |             0 |             0 |             0 |             0 |             0 |             0 |             0 |             0 |             0 |             0 |             0 |             0 |             0 |             0 |             0 |             0 |             0 |             0 |             0 |             0 |             0 |             0 |             0 |             0 |             0 |             0 |             0 |             0 |             0 |             0 |             0 |             0 |             0 |             0 |             0 |             0 |             0 |             0 |             0 |             0 |             0 |             0 |             0 |             0 |             0 |             0 |             0 |             0 |             0 |             0 |             0 |             0 |             0 |             0 |             0 |             0 |             0 |             0 |             0 |             0 |             0 |             0 |             0 |             0 |             0 |             0 |             0 |             0 |   42626373618 |             0 |             0 |             0 |             0 |             0 |             0 |             0 |             0 |             0 |             0 |             0 |             0 |             0 |             0 |             0 |             0 |             0 |             0 |             0 |             0 |             0 |             0 |             0 |             0 |             0 |             0 |             0 |             0 |             0 |             0 |             0 |             0 |             0 |             0 |             0 |             0 |             0 |             0 |             0 |             0 |             0 |             0 |             0 |             0 |             0 |             0 |             0 |             0 |             0 |             0 |             0 |             0 |             0 |             0 |             0 |             0 |             0 |             0 |             0 |             0 |             0 |             0 |             0 |
|      CAS_CMD_WR      |  UMC0C1 |   34456357816 |             0 |             0 |             0 |             0 |             0 |             0 |             0 |             0 |             0 |             0 |             0 |             0 |             0 |             0 |             0 |             0 |             0 |             0 |             0 |             0 |             0 |             0 |             0 |             0 |             0 |             0 |             0 |             0 |             0 |             0 |             0 |             0 |             0 |             0 |             0 |             0 |             0 |             0 |             0 |             0 |             0 |             0 |             0 |             0 |             0 |             0 |             0 |             0 |             0 |             0 |             0 |             0 |             0 |             0 |             0 |             0 |             0 |             0 |             0 |             0 |             0 |             0 |             0 |             0 |             0 |             0 |             0 |             0 |             0 |             0 |             0 |             0 |             0 |             0 |             0 |             0 |             0 |             0 |             0 |             0 |             0 |             0 |             0 |             0 |             0 |             0 |             0 |             0 |             0 |             0 |             0 |             0 |             0 |             0 |             0 |   17523644909 |             0 |             0 |             0 |             0 |             0 |             0 |             0 |             0 |             0 |             0 |             0 |             0 |             0 |             0 |             0 |             0 |             0 |             0 |             0 |             0 |             0 |             0 |             0 |             0 |             0 |             0 |             0 |             0 |             0 |             0 |             0 |             0 |             0 |             0 |             0 |             0 |             0 |             0 |             0 |             0 |             0 |             0 |             0 |             0 |             0 |             0 |             0 |             0 |             0 |             0 |             0 |             0 |             0 |             0 |             0 |             0 |             0 |             0 |             0 |             0 |             0 |             0 |             0 |
|      CAS_CMD_RD      |  UMC1C0 |   88361041373 |             0 |             0 |             0 |             0 |             0 |             0 |             0 |             0 |             0 |             0 |             0 |             0 |             0 |             0 |             0 |             0 |             0 |             0 |             0 |             0 |             0 |             0 |             0 |             0 |             0 |             0 |             0 |             0 |             0 |             0 |             0 |             0 |             0 |             0 |             0 |             0 |             0 |             0 |             0 |             0 |             0 |             0 |             0 |             0 |             0 |             0 |             0 |             0 |             0 |             0 |             0 |             0 |             0 |             0 |             0 |             0 |             0 |             0 |             0 |             0 |             0 |             0 |             0 |             0 |             0 |             0 |             0 |             0 |             0 |             0 |             0 |             0 |             0 |             0 |             0 |             0 |             0 |             0 |             0 |             0 |             0 |             0 |             0 |             0 |             0 |             0 |             0 |             0 |             0 |             0 |             0 |             0 |             0 |             0 |             0 |   42356266333 |             0 |             0 |             0 |             0 |             0 |             0 |             0 |             0 |             0 |             0 |             0 |             0 |             0 |             0 |             0 |             0 |             0 |             0 |             0 |             0 |             0 |             0 |             0 |             0 |             0 |             0 |             0 |             0 |             0 |             0 |             0 |             0 |             0 |             0 |             0 |             0 |             0 |             0 |             0 |             0 |             0 |             0 |             0 |             0 |             0 |             0 |             0 |             0 |             0 |             0 |             0 |             0 |             0 |             0 |             0 |             0 |             0 |             0 |             0 |             0 |             0 |             0 |             0 |
|      CAS_CMD_WR      |  UMC1C1 |   34427972230 |             0 |             0 |             0 |             0 |             0 |             0 |             0 |             0 |             0 |             0 |             0 |             0 |             0 |             0 |             0 |             0 |             0 |             0 |             0 |             0 |             0 |             0 |             0 |             0 |             0 |             0 |             0 |             0 |             0 |             0 |             0 |             0 |             0 |             0 |             0 |             0 |             0 |             0 |             0 |             0 |             0 |             0 |             0 |             0 |             0 |             0 |             0 |             0 |             0 |             0 |             0 |             0 |             0 |             0 |             0 |             0 |             0 |             0 |             0 |             0 |             0 |             0 |             0 |             0 |             0 |             0 |             0 |             0 |             0 |             0 |             0 |             0 |             0 |             0 |             0 |             0 |             0 |             0 |             0 |             0 |             0 |             0 |             0 |             0 |             0 |             0 |             0 |             0 |             0 |             0 |             0 |             0 |             0 |             0 |             0 |   17522317131 |             0 |             0 |             0 |             0 |             0 |             0 |             0 |             0 |             0 |             0 |             0 |             0 |             0 |             0 |             0 |             0 |             0 |             0 |             0 |             0 |             0 |             0 |             0 |             0 |             0 |             0 |             0 |             0 |             0 |             0 |             0 |             0 |             0 |             0 |             0 |             0 |             0 |             0 |             0 |             0 |             0 |             0 |             0 |             0 |             0 |             0 |             0 |             0 |             0 |             0 |             0 |             0 |             0 |             0 |             0 |             0 |             0 |             0 |             0 |             0 |             0 |             0 |             0 |
|      CAS_CMD_RD      |  UMC2C0 |   88449422427 |             0 |             0 |             0 |             0 |             0 |             0 |             0 |             0 |             0 |             0 |             0 |             0 |             0 |             0 |             0 |             0 |             0 |             0 |             0 |             0 |             0 |             0 |             0 |             0 |             0 |             0 |             0 |             0 |             0 |             0 |             0 |             0 |             0 |             0 |             0 |             0 |             0 |             0 |             0 |             0 |             0 |             0 |             0 |             0 |             0 |             0 |             0 |             0 |             0 |             0 |             0 |             0 |             0 |             0 |             0 |             0 |             0 |             0 |             0 |             0 |             0 |             0 |             0 |             0 |             0 |             0 |             0 |             0 |             0 |             0 |             0 |             0 |             0 |             0 |             0 |             0 |             0 |             0 |             0 |             0 |             0 |             0 |             0 |             0 |             0 |             0 |             0 |             0 |             0 |             0 |             0 |             0 |             0 |             0 |             0 |   42568756168 |             0 |             0 |             0 |             0 |             0 |             0 |             0 |             0 |             0 |             0 |             0 |             0 |             0 |             0 |             0 |             0 |             0 |             0 |             0 |             0 |             0 |             0 |             0 |             0 |             0 |             0 |             0 |             0 |             0 |             0 |             0 |             0 |             0 |             0 |             0 |             0 |             0 |             0 |             0 |             0 |             0 |             0 |             0 |             0 |             0 |             0 |             0 |             0 |             0 |             0 |             0 |             0 |             0 |             0 |             0 |             0 |             0 |             0 |             0 |             0 |             0 |             0 |             0 |
|      CAS_CMD_WR      |  UMC2C1 |   34454641362 |             0 |             0 |             0 |             0 |             0 |             0 |             0 |             0 |             0 |             0 |             0 |             0 |             0 |             0 |             0 |             0 |             0 |             0 |             0 |             0 |             0 |             0 |             0 |             0 |             0 |             0 |             0 |             0 |             0 |             0 |             0 |             0 |             0 |             0 |             0 |             0 |             0 |             0 |             0 |             0 |             0 |             0 |             0 |             0 |             0 |             0 |             0 |             0 |             0 |             0 |             0 |             0 |             0 |             0 |             0 |             0 |             0 |             0 |             0 |             0 |             0 |             0 |             0 |             0 |             0 |             0 |             0 |             0 |             0 |             0 |             0 |             0 |             0 |             0 |             0 |             0 |             0 |             0 |             0 |             0 |             0 |             0 |             0 |             0 |             0 |             0 |             0 |             0 |             0 |             0 |             0 |             0 |             0 |             0 |             0 |   17557741954 |             0 |             0 |             0 |             0 |             0 |             0 |             0 |             0 |             0 |             0 |             0 |             0 |             0 |             0 |             0 |             0 |             0 |             0 |             0 |             0 |             0 |             0 |             0 |             0 |             0 |             0 |             0 |             0 |             0 |             0 |             0 |             0 |             0 |             0 |             0 |             0 |             0 |             0 |             0 |             0 |             0 |             0 |             0 |             0 |             0 |             0 |             0 |             0 |             0 |             0 |             0 |             0 |             0 |             0 |             0 |             0 |             0 |             0 |             0 |             0 |             0 |             0 |             0 |
|      CAS_CMD_RD      |  UMC3C0 |   87156189966 |             0 |             0 |             0 |             0 |             0 |             0 |             0 |             0 |             0 |             0 |             0 |             0 |             0 |             0 |             0 |             0 |             0 |             0 |             0 |             0 |             0 |             0 |             0 |             0 |             0 |             0 |             0 |             0 |             0 |             0 |             0 |             0 |             0 |             0 |             0 |             0 |             0 |             0 |             0 |             0 |             0 |             0 |             0 |             0 |             0 |             0 |             0 |             0 |             0 |             0 |             0 |             0 |             0 |             0 |             0 |             0 |             0 |             0 |             0 |             0 |             0 |             0 |             0 |             0 |             0 |             0 |             0 |             0 |             0 |             0 |             0 |             0 |             0 |             0 |             0 |             0 |             0 |             0 |             0 |             0 |             0 |             0 |             0 |             0 |             0 |             0 |             0 |             0 |             0 |             0 |             0 |             0 |             0 |             0 |             0 |   42653613327 |             0 |             0 |             0 |             0 |             0 |             0 |             0 |             0 |             0 |             0 |             0 |             0 |             0 |             0 |             0 |             0 |             0 |             0 |             0 |             0 |             0 |             0 |             0 |             0 |             0 |             0 |             0 |             0 |             0 |             0 |             0 |             0 |             0 |             0 |             0 |             0 |             0 |             0 |             0 |             0 |             0 |             0 |             0 |             0 |             0 |             0 |             0 |             0 |             0 |             0 |             0 |             0 |             0 |             0 |             0 |             0 |             0 |             0 |             0 |             0 |             0 |             0 |             0 |
|      CAS_CMD_WR      |  UMC3C1 |   34464282597 |             0 |             0 |             0 |             0 |             0 |             0 |             0 |             0 |             0 |             0 |             0 |             0 |             0 |             0 |             0 |             0 |             0 |             0 |             0 |             0 |             0 |             0 |             0 |             0 |             0 |             0 |             0 |             0 |             0 |             0 |             0 |             0 |             0 |             0 |             0 |             0 |             0 |             0 |             0 |             0 |             0 |             0 |             0 |             0 |             0 |             0 |             0 |             0 |             0 |             0 |             0 |             0 |             0 |             0 |             0 |             0 |             0 |             0 |             0 |             0 |             0 |             0 |             0 |             0 |             0 |             0 |             0 |             0 |             0 |             0 |             0 |             0 |             0 |             0 |             0 |             0 |             0 |             0 |             0 |             0 |             0 |             0 |             0 |             0 |             0 |             0 |             0 |             0 |             0 |             0 |             0 |             0 |             0 |             0 |             0 |   17522677870 |             0 |             0 |             0 |             0 |             0 |             0 |             0 |             0 |             0 |             0 |             0 |             0 |             0 |             0 |             0 |             0 |             0 |             0 |             0 |             0 |             0 |             0 |             0 |             0 |             0 |             0 |             0 |             0 |             0 |             0 |             0 |             0 |             0 |             0 |             0 |             0 |             0 |             0 |             0 |             0 |             0 |             0 |             0 |             0 |             0 |             0 |             0 |             0 |             0 |             0 |             0 |             0 |             0 |             0 |             0 |             0 |             0 |             0 |             0 |             0 |             0 |             0 |             0 |
|      CAS_CMD_RD      |  UMC4C0 |   87700344274 |             0 |             0 |             0 |             0 |             0 |             0 |             0 |             0 |             0 |             0 |             0 |             0 |             0 |             0 |             0 |             0 |             0 |             0 |             0 |             0 |             0 |             0 |             0 |             0 |             0 |             0 |             0 |             0 |             0 |             0 |             0 |             0 |             0 |             0 |             0 |             0 |             0 |             0 |             0 |             0 |             0 |             0 |             0 |             0 |             0 |             0 |             0 |             0 |             0 |             0 |             0 |             0 |             0 |             0 |             0 |             0 |             0 |             0 |             0 |             0 |             0 |             0 |             0 |             0 |             0 |             0 |             0 |             0 |             0 |             0 |             0 |             0 |             0 |             0 |             0 |             0 |             0 |             0 |             0 |             0 |             0 |             0 |             0 |             0 |             0 |             0 |             0 |             0 |             0 |             0 |             0 |             0 |             0 |             0 |             0 |   42314718781 |             0 |             0 |             0 |             0 |             0 |             0 |             0 |             0 |             0 |             0 |             0 |             0 |             0 |             0 |             0 |             0 |             0 |             0 |             0 |             0 |             0 |             0 |             0 |             0 |             0 |             0 |             0 |             0 |             0 |             0 |             0 |             0 |             0 |             0 |             0 |             0 |             0 |             0 |             0 |             0 |             0 |             0 |             0 |             0 |             0 |             0 |             0 |             0 |             0 |             0 |             0 |             0 |             0 |             0 |             0 |             0 |             0 |             0 |             0 |             0 |             0 |             0 |             0 |
|      CAS_CMD_WR      |  UMC4C1 |   34434881804 |             0 |             0 |             0 |             0 |             0 |             0 |             0 |             0 |             0 |             0 |             0 |             0 |             0 |             0 |             0 |             0 |             0 |             0 |             0 |             0 |             0 |             0 |             0 |             0 |             0 |             0 |             0 |             0 |             0 |             0 |             0 |             0 |             0 |             0 |             0 |             0 |             0 |             0 |             0 |             0 |             0 |             0 |             0 |             0 |             0 |             0 |             0 |             0 |             0 |             0 |             0 |             0 |             0 |             0 |             0 |             0 |             0 |             0 |             0 |             0 |             0 |             0 |             0 |             0 |             0 |             0 |             0 |             0 |             0 |             0 |             0 |             0 |             0 |             0 |             0 |             0 |             0 |             0 |             0 |             0 |             0 |             0 |             0 |             0 |             0 |             0 |             0 |             0 |             0 |             0 |             0 |             0 |             0 |             0 |             0 |   17534951020 |             0 |             0 |             0 |             0 |             0 |             0 |             0 |             0 |             0 |             0 |             0 |             0 |             0 |             0 |             0 |             0 |             0 |             0 |             0 |             0 |             0 |             0 |             0 |             0 |             0 |             0 |             0 |             0 |             0 |             0 |             0 |             0 |             0 |             0 |             0 |             0 |             0 |             0 |             0 |             0 |             0 |             0 |             0 |             0 |             0 |             0 |             0 |             0 |             0 |             0 |             0 |             0 |             0 |             0 |             0 |             0 |             0 |             0 |             0 |             0 |             0 |             0 |             0 |
|      CAS_CMD_RD      |  UMC5C0 |   87812007642 |             0 |             0 |             0 |             0 |             0 |             0 |             0 |             0 |             0 |             0 |             0 |             0 |             0 |             0 |             0 |             0 |             0 |             0 |             0 |             0 |             0 |             0 |             0 |             0 |             0 |             0 |             0 |             0 |             0 |             0 |             0 |             0 |             0 |             0 |             0 |             0 |             0 |             0 |             0 |             0 |             0 |             0 |             0 |             0 |             0 |             0 |             0 |             0 |             0 |             0 |             0 |             0 |             0 |             0 |             0 |             0 |             0 |             0 |             0 |             0 |             0 |             0 |             0 |             0 |             0 |             0 |             0 |             0 |             0 |             0 |             0 |             0 |             0 |             0 |             0 |             0 |             0 |             0 |             0 |             0 |             0 |             0 |             0 |             0 |             0 |             0 |             0 |             0 |             0 |             0 |             0 |             0 |             0 |             0 |             0 |   42447916447 |             0 |             0 |             0 |             0 |             0 |             0 |             0 |             0 |             0 |             0 |             0 |             0 |             0 |             0 |             0 |             0 |             0 |             0 |             0 |             0 |             0 |             0 |             0 |             0 |             0 |             0 |             0 |             0 |             0 |             0 |             0 |             0 |             0 |             0 |             0 |             0 |             0 |             0 |             0 |             0 |             0 |             0 |             0 |             0 |             0 |             0 |             0 |             0 |             0 |             0 |             0 |             0 |             0 |             0 |             0 |             0 |             0 |             0 |             0 |             0 |             0 |             0 |             0 |
|      CAS_CMD_WR      |  UMC5C1 |   34462583396 |             0 |             0 |             0 |             0 |             0 |             0 |             0 |             0 |             0 |             0 |             0 |             0 |             0 |             0 |             0 |             0 |             0 |             0 |             0 |             0 |             0 |             0 |             0 |             0 |             0 |             0 |             0 |             0 |             0 |             0 |             0 |             0 |             0 |             0 |             0 |             0 |             0 |             0 |             0 |             0 |             0 |             0 |             0 |             0 |             0 |             0 |             0 |             0 |             0 |             0 |             0 |             0 |             0 |             0 |             0 |             0 |             0 |             0 |             0 |             0 |             0 |             0 |             0 |             0 |             0 |             0 |             0 |             0 |             0 |             0 |             0 |             0 |             0 |             0 |             0 |             0 |             0 |             0 |             0 |             0 |             0 |             0 |             0 |             0 |             0 |             0 |             0 |             0 |             0 |             0 |             0 |             0 |             0 |             0 |             0 |   17526597209 |             0 |             0 |             0 |             0 |             0 |             0 |             0 |             0 |             0 |             0 |             0 |             0 |             0 |             0 |             0 |             0 |             0 |             0 |             0 |             0 |             0 |             0 |             0 |             0 |             0 |             0 |             0 |             0 |             0 |             0 |             0 |             0 |             0 |             0 |             0 |             0 |             0 |             0 |             0 |             0 |             0 |             0 |             0 |             0 |             0 |             0 |             0 |             0 |             0 |             0 |             0 |             0 |             0 |             0 |             0 |             0 |             0 |             0 |             0 |             0 |             0 |             0 |             0 |
|      CAS_CMD_RD      |  UMC6C0 |   87661347124 |             0 |             0 |             0 |             0 |             0 |             0 |             0 |             0 |             0 |             0 |             0 |             0 |             0 |             0 |             0 |             0 |             0 |             0 |             0 |             0 |             0 |             0 |             0 |             0 |             0 |             0 |             0 |             0 |             0 |             0 |             0 |             0 |             0 |             0 |             0 |             0 |             0 |             0 |             0 |             0 |             0 |             0 |             0 |             0 |             0 |             0 |             0 |             0 |             0 |             0 |             0 |             0 |             0 |             0 |             0 |             0 |             0 |             0 |             0 |             0 |             0 |             0 |             0 |             0 |             0 |             0 |             0 |             0 |             0 |             0 |             0 |             0 |             0 |             0 |             0 |             0 |             0 |             0 |             0 |             0 |             0 |             0 |             0 |             0 |             0 |             0 |             0 |             0 |             0 |             0 |             0 |             0 |             0 |             0 |             0 |   43171435704 |             0 |             0 |             0 |             0 |             0 |             0 |             0 |             0 |             0 |             0 |             0 |             0 |             0 |             0 |             0 |             0 |             0 |             0 |             0 |             0 |             0 |             0 |             0 |             0 |             0 |             0 |             0 |             0 |             0 |             0 |             0 |             0 |             0 |             0 |             0 |             0 |             0 |             0 |             0 |             0 |             0 |             0 |             0 |             0 |             0 |             0 |             0 |             0 |             0 |             0 |             0 |             0 |             0 |             0 |             0 |             0 |             0 |             0 |             0 |             0 |             0 |             0 |             0 |
|      CAS_CMD_WR      |  UMC6C1 |   34541636966 |             0 |             0 |             0 |             0 |             0 |             0 |             0 |             0 |             0 |             0 |             0 |             0 |             0 |             0 |             0 |             0 |             0 |             0 |             0 |             0 |             0 |             0 |             0 |             0 |             0 |             0 |             0 |             0 |             0 |             0 |             0 |             0 |             0 |             0 |             0 |             0 |             0 |             0 |             0 |             0 |             0 |             0 |             0 |             0 |             0 |             0 |             0 |             0 |             0 |             0 |             0 |             0 |             0 |             0 |             0 |             0 |             0 |             0 |             0 |             0 |             0 |             0 |             0 |             0 |             0 |             0 |             0 |             0 |             0 |             0 |             0 |             0 |             0 |             0 |             0 |             0 |             0 |             0 |             0 |             0 |             0 |             0 |             0 |             0 |             0 |             0 |             0 |             0 |             0 |             0 |             0 |             0 |             0 |             0 |             0 |   17522668381 |             0 |             0 |             0 |             0 |             0 |             0 |             0 |             0 |             0 |             0 |             0 |             0 |             0 |             0 |             0 |             0 |             0 |             0 |             0 |             0 |             0 |             0 |             0 |             0 |             0 |             0 |             0 |             0 |             0 |             0 |             0 |             0 |             0 |             0 |             0 |             0 |             0 |             0 |             0 |             0 |             0 |             0 |             0 |             0 |             0 |             0 |             0 |             0 |             0 |             0 |             0 |             0 |             0 |             0 |             0 |             0 |             0 |             0 |             0 |             0 |             0 |             0 |             0 |
|      CAS_CMD_RD      |  UMC7C0 |   87077874859 |             0 |             0 |             0 |             0 |             0 |             0 |             0 |             0 |             0 |             0 |             0 |             0 |             0 |             0 |             0 |             0 |             0 |             0 |             0 |             0 |             0 |             0 |             0 |             0 |             0 |             0 |             0 |             0 |             0 |             0 |             0 |             0 |             0 |             0 |             0 |             0 |             0 |             0 |             0 |             0 |             0 |             0 |             0 |             0 |             0 |             0 |             0 |             0 |             0 |             0 |             0 |             0 |             0 |             0 |             0 |             0 |             0 |             0 |             0 |             0 |             0 |             0 |             0 |             0 |             0 |             0 |             0 |             0 |             0 |             0 |             0 |             0 |             0 |             0 |             0 |             0 |             0 |             0 |             0 |             0 |             0 |             0 |             0 |             0 |             0 |             0 |             0 |             0 |             0 |             0 |             0 |             0 |             0 |             0 |             0 |   42831143256 |             0 |             0 |             0 |             0 |             0 |             0 |             0 |             0 |             0 |             0 |             0 |             0 |             0 |             0 |             0 |             0 |             0 |             0 |             0 |             0 |             0 |             0 |             0 |             0 |             0 |             0 |             0 |             0 |             0 |             0 |             0 |             0 |             0 |             0 |             0 |             0 |             0 |             0 |             0 |             0 |             0 |             0 |             0 |             0 |             0 |             0 |             0 |             0 |             0 |             0 |             0 |             0 |             0 |             0 |             0 |             0 |             0 |             0 |             0 |             0 |             0 |             0 |             0 |
|      CAS_CMD_WR      |  UMC7C1 |   34530810196 |             0 |             0 |             0 |             0 |             0 |             0 |             0 |             0 |             0 |             0 |             0 |             0 |             0 |             0 |             0 |             0 |             0 |             0 |             0 |             0 |             0 |             0 |             0 |             0 |             0 |             0 |             0 |             0 |             0 |             0 |             0 |             0 |             0 |             0 |             0 |             0 |             0 |             0 |             0 |             0 |             0 |             0 |             0 |             0 |             0 |             0 |             0 |             0 |             0 |             0 |             0 |             0 |             0 |             0 |             0 |             0 |             0 |             0 |             0 |             0 |             0 |             0 |             0 |             0 |             0 |             0 |             0 |             0 |             0 |             0 |             0 |             0 |             0 |             0 |             0 |             0 |             0 |             0 |             0 |             0 |             0 |             0 |             0 |             0 |             0 |             0 |             0 |             0 |             0 |             0 |             0 |             0 |             0 |             0 |             0 |   17505683782 |             0 |             0 |             0 |             0 |             0 |             0 |             0 |             0 |             0 |             0 |             0 |             0 |             0 |             0 |             0 |             0 |             0 |             0 |             0 |             0 |             0 |             0 |             0 |             0 |             0 |             0 |             0 |             0 |             0 |             0 |             0 |             0 |             0 |             0 |             0 |             0 |             0 |             0 |             0 |             0 |             0 |             0 |             0 |             0 |             0 |             0 |             0 |             0 |             0 |             0 |             0 |             0 |             0 |             0 |             0 |             0 |             0 |             0 |             0 |             0 |             0 |             0 |             0 |
|      CAS_CMD_RD      |  UMC8C0 |   88009567151 |             0 |             0 |             0 |             0 |             0 |             0 |             0 |             0 |             0 |             0 |             0 |             0 |             0 |             0 |             0 |             0 |             0 |             0 |             0 |             0 |             0 |             0 |             0 |             0 |             0 |             0 |             0 |             0 |             0 |             0 |             0 |             0 |             0 |             0 |             0 |             0 |             0 |             0 |             0 |             0 |             0 |             0 |             0 |             0 |             0 |             0 |             0 |             0 |             0 |             0 |             0 |             0 |             0 |             0 |             0 |             0 |             0 |             0 |             0 |             0 |             0 |             0 |             0 |             0 |             0 |             0 |             0 |             0 |             0 |             0 |             0 |             0 |             0 |             0 |             0 |             0 |             0 |             0 |             0 |             0 |             0 |             0 |             0 |             0 |             0 |             0 |             0 |             0 |             0 |             0 |             0 |             0 |             0 |             0 |             0 |   43030834944 |             0 |             0 |             0 |             0 |             0 |             0 |             0 |             0 |             0 |             0 |             0 |             0 |             0 |             0 |             0 |             0 |             0 |             0 |             0 |             0 |             0 |             0 |             0 |             0 |             0 |             0 |             0 |             0 |             0 |             0 |             0 |             0 |             0 |             0 |             0 |             0 |             0 |             0 |             0 |             0 |             0 |             0 |             0 |             0 |             0 |             0 |             0 |             0 |             0 |             0 |             0 |             0 |             0 |             0 |             0 |             0 |             0 |             0 |             0 |             0 |             0 |             0 |             0 |
|      CAS_CMD_WR      |  UMC8C1 |   34517693669 |             0 |             0 |             0 |             0 |             0 |             0 |             0 |             0 |             0 |             0 |             0 |             0 |             0 |             0 |             0 |             0 |             0 |             0 |             0 |             0 |             0 |             0 |             0 |             0 |             0 |             0 |             0 |             0 |             0 |             0 |             0 |             0 |             0 |             0 |             0 |             0 |             0 |             0 |             0 |             0 |             0 |             0 |             0 |             0 |             0 |             0 |             0 |             0 |             0 |             0 |             0 |             0 |             0 |             0 |             0 |             0 |             0 |             0 |             0 |             0 |             0 |             0 |             0 |             0 |             0 |             0 |             0 |             0 |             0 |             0 |             0 |             0 |             0 |             0 |             0 |             0 |             0 |             0 |             0 |             0 |             0 |             0 |             0 |             0 |             0 |             0 |             0 |             0 |             0 |             0 |             0 |             0 |             0 |             0 |             0 |   17532835035 |             0 |             0 |             0 |             0 |             0 |             0 |             0 |             0 |             0 |             0 |             0 |             0 |             0 |             0 |             0 |             0 |             0 |             0 |             0 |             0 |             0 |             0 |             0 |             0 |             0 |             0 |             0 |             0 |             0 |             0 |             0 |             0 |             0 |             0 |             0 |             0 |             0 |             0 |             0 |             0 |             0 |             0 |             0 |             0 |             0 |             0 |             0 |             0 |             0 |             0 |             0 |             0 |             0 |             0 |             0 |             0 |             0 |             0 |             0 |             0 |             0 |             0 |             0 |
|      CAS_CMD_RD      |  UMC9C0 |   87663759900 |             0 |             0 |             0 |             0 |             0 |             0 |             0 |             0 |             0 |             0 |             0 |             0 |             0 |             0 |             0 |             0 |             0 |             0 |             0 |             0 |             0 |             0 |             0 |             0 |             0 |             0 |             0 |             0 |             0 |             0 |             0 |             0 |             0 |             0 |             0 |             0 |             0 |             0 |             0 |             0 |             0 |             0 |             0 |             0 |             0 |             0 |             0 |             0 |             0 |             0 |             0 |             0 |             0 |             0 |             0 |             0 |             0 |             0 |             0 |             0 |             0 |             0 |             0 |             0 |             0 |             0 |             0 |             0 |             0 |             0 |             0 |             0 |             0 |             0 |             0 |             0 |             0 |             0 |             0 |             0 |             0 |             0 |             0 |             0 |             0 |             0 |             0 |             0 |             0 |             0 |             0 |             0 |             0 |             0 |             0 |   43228194050 |             0 |             0 |             0 |             0 |             0 |             0 |             0 |             0 |             0 |             0 |             0 |             0 |             0 |             0 |             0 |             0 |             0 |             0 |             0 |             0 |             0 |             0 |             0 |             0 |             0 |             0 |             0 |             0 |             0 |             0 |             0 |             0 |             0 |             0 |             0 |             0 |             0 |             0 |             0 |             0 |             0 |             0 |             0 |             0 |             0 |             0 |             0 |             0 |             0 |             0 |             0 |             0 |             0 |             0 |             0 |             0 |             0 |             0 |             0 |             0 |             0 |             0 |             0 |
|      CAS_CMD_WR      |  UMC9C1 |   34535962380 |             0 |             0 |             0 |             0 |             0 |             0 |             0 |             0 |             0 |             0 |             0 |             0 |             0 |             0 |             0 |             0 |             0 |             0 |             0 |             0 |             0 |             0 |             0 |             0 |             0 |             0 |             0 |             0 |             0 |             0 |             0 |             0 |             0 |             0 |             0 |             0 |             0 |             0 |             0 |             0 |             0 |             0 |             0 |             0 |             0 |             0 |             0 |             0 |             0 |             0 |             0 |             0 |             0 |             0 |             0 |             0 |             0 |             0 |             0 |             0 |             0 |             0 |             0 |             0 |             0 |             0 |             0 |             0 |             0 |             0 |             0 |             0 |             0 |             0 |             0 |             0 |             0 |             0 |             0 |             0 |             0 |             0 |             0 |             0 |             0 |             0 |             0 |             0 |             0 |             0 |             0 |             0 |             0 |             0 |             0 |   17542349102 |             0 |             0 |             0 |             0 |             0 |             0 |             0 |             0 |             0 |             0 |             0 |             0 |             0 |             0 |             0 |             0 |             0 |             0 |             0 |             0 |             0 |             0 |             0 |             0 |             0 |             0 |             0 |             0 |             0 |             0 |             0 |             0 |             0 |             0 |             0 |             0 |             0 |             0 |             0 |             0 |             0 |             0 |             0 |             0 |             0 |             0 |             0 |             0 |             0 |             0 |             0 |             0 |             0 |             0 |             0 |             0 |             0 |             0 |             0 |             0 |             0 |             0 |             0 |
|      CAS_CMD_RD      | UMC10C0 |   87227137700 |             0 |             0 |             0 |             0 |             0 |             0 |             0 |             0 |             0 |             0 |             0 |             0 |             0 |             0 |             0 |             0 |             0 |             0 |             0 |             0 |             0 |             0 |             0 |             0 |             0 |             0 |             0 |             0 |             0 |             0 |             0 |             0 |             0 |             0 |             0 |             0 |             0 |             0 |             0 |             0 |             0 |             0 |             0 |             0 |             0 |             0 |             0 |             0 |             0 |             0 |             0 |             0 |             0 |             0 |             0 |             0 |             0 |             0 |             0 |             0 |             0 |             0 |             0 |             0 |             0 |             0 |             0 |             0 |             0 |             0 |             0 |             0 |             0 |             0 |             0 |             0 |             0 |             0 |             0 |             0 |             0 |             0 |             0 |             0 |             0 |             0 |             0 |             0 |             0 |             0 |             0 |             0 |             0 |             0 |             0 |   42791700743 |             0 |             0 |             0 |             0 |             0 |             0 |             0 |             0 |             0 |             0 |             0 |             0 |             0 |             0 |             0 |             0 |             0 |             0 |             0 |             0 |             0 |             0 |             0 |             0 |             0 |             0 |             0 |             0 |             0 |             0 |             0 |             0 |             0 |             0 |             0 |             0 |             0 |             0 |             0 |             0 |             0 |             0 |             0 |             0 |             0 |             0 |             0 |             0 |             0 |             0 |             0 |             0 |             0 |             0 |             0 |             0 |             0 |             0 |             0 |             0 |             0 |             0 |             0 |
|      CAS_CMD_WR      | UMC10C1 |   34534401451 |             0 |             0 |             0 |             0 |             0 |             0 |             0 |             0 |             0 |             0 |             0 |             0 |             0 |             0 |             0 |             0 |             0 |             0 |             0 |             0 |             0 |             0 |             0 |             0 |             0 |             0 |             0 |             0 |             0 |             0 |             0 |             0 |             0 |             0 |             0 |             0 |             0 |             0 |             0 |             0 |             0 |             0 |             0 |             0 |             0 |             0 |             0 |             0 |             0 |             0 |             0 |             0 |             0 |             0 |             0 |             0 |             0 |             0 |             0 |             0 |             0 |             0 |             0 |             0 |             0 |             0 |             0 |             0 |             0 |             0 |             0 |             0 |             0 |             0 |             0 |             0 |             0 |             0 |             0 |             0 |             0 |             0 |             0 |             0 |             0 |             0 |             0 |             0 |             0 |             0 |             0 |             0 |             0 |             0 |             0 |   17532460523 |             0 |             0 |             0 |             0 |             0 |             0 |             0 |             0 |             0 |             0 |             0 |             0 |             0 |             0 |             0 |             0 |             0 |             0 |             0 |             0 |             0 |             0 |             0 |             0 |             0 |             0 |             0 |             0 |             0 |             0 |             0 |             0 |             0 |             0 |             0 |             0 |             0 |             0 |             0 |             0 |             0 |             0 |             0 |             0 |             0 |             0 |             0 |             0 |             0 |             0 |             0 |             0 |             0 |             0 |             0 |             0 |             0 |             0 |             0 |             0 |             0 |             0 |             0 |
|      CAS_CMD_RD      | UMC11C0 |   87636734995 |             0 |             0 |             0 |             0 |             0 |             0 |             0 |             0 |             0 |             0 |             0 |             0 |             0 |             0 |             0 |             0 |             0 |             0 |             0 |             0 |             0 |             0 |             0 |             0 |             0 |             0 |             0 |             0 |             0 |             0 |             0 |             0 |             0 |             0 |             0 |             0 |             0 |             0 |             0 |             0 |             0 |             0 |             0 |             0 |             0 |             0 |             0 |             0 |             0 |             0 |             0 |             0 |             0 |             0 |             0 |             0 |             0 |             0 |             0 |             0 |             0 |             0 |             0 |             0 |             0 |             0 |             0 |             0 |             0 |             0 |             0 |             0 |             0 |             0 |             0 |             0 |             0 |             0 |             0 |             0 |             0 |             0 |             0 |             0 |             0 |             0 |             0 |             0 |             0 |             0 |             0 |             0 |             0 |             0 |             0 |   43079417043 |             0 |             0 |             0 |             0 |             0 |             0 |             0 |             0 |             0 |             0 |             0 |             0 |             0 |             0 |             0 |             0 |             0 |             0 |             0 |             0 |             0 |             0 |             0 |             0 |             0 |             0 |             0 |             0 |             0 |             0 |             0 |             0 |             0 |             0 |             0 |             0 |             0 |             0 |             0 |             0 |             0 |             0 |             0 |             0 |             0 |             0 |             0 |             0 |             0 |             0 |             0 |             0 |             0 |             0 |             0 |             0 |             0 |             0 |             0 |             0 |             0 |             0 |             0 |
|      CAS_CMD_WR      | UMC11C1 |   34522157404 |             0 |             0 |             0 |             0 |             0 |             0 |             0 |             0 |             0 |             0 |             0 |             0 |             0 |             0 |             0 |             0 |             0 |             0 |             0 |             0 |             0 |             0 |             0 |             0 |             0 |             0 |             0 |             0 |             0 |             0 |             0 |             0 |             0 |             0 |             0 |             0 |             0 |             0 |             0 |             0 |             0 |             0 |             0 |             0 |             0 |             0 |             0 |             0 |             0 |             0 |             0 |             0 |             0 |             0 |             0 |             0 |             0 |             0 |             0 |             0 |             0 |             0 |             0 |             0 |             0 |             0 |             0 |             0 |             0 |             0 |             0 |             0 |             0 |             0 |             0 |             0 |             0 |             0 |             0 |             0 |             0 |             0 |             0 |             0 |             0 |             0 |             0 |             0 |             0 |             0 |             0 |             0 |             0 |             0 |             0 |   17581171337 |             0 |             0 |             0 |             0 |             0 |             0 |             0 |             0 |             0 |             0 |             0 |             0 |             0 |             0 |             0 |             0 |             0 |             0 |             0 |             0 |             0 |             0 |             0 |             0 |             0 |             0 |             0 |             0 |             0 |             0 |             0 |             0 |             0 |             0 |             0 |             0 |             0 |             0 |             0 |             0 |             0 |             0 |             0 |             0 |             0 |             0 |             0 |             0 |             0 |             0 |             0 |             0 |             0 |             0 |             0 |             0 |             0 |             0 |             0 |             0 |             0 |             0 |             0 |
+----------------------+---------+---------------+---------------+---------------+---------------+---------------+---------------+---------------+---------------+---------------+---------------+---------------+---------------+---------------+---------------+---------------+---------------+---------------+---------------+---------------+---------------+---------------+---------------+---------------+---------------+---------------+---------------+---------------+---------------+---------------+---------------+---------------+---------------+---------------+---------------+---------------+---------------+---------------+---------------+---------------+---------------+---------------+---------------+---------------+---------------+---------------+---------------+---------------+---------------+---------------+---------------+---------------+---------------+---------------+---------------+---------------+---------------+---------------+---------------+---------------+---------------+---------------+---------------+---------------+---------------+---------------+---------------+---------------+---------------+---------------+---------------+---------------+---------------+---------------+---------------+---------------+---------------+---------------+---------------+---------------+---------------+---------------+---------------+---------------+---------------+---------------+---------------+---------------+---------------+---------------+---------------+---------------+---------------+---------------+---------------+---------------+---------------+---------------+---------------+---------------+---------------+---------------+---------------+---------------+---------------+---------------+---------------+---------------+---------------+---------------+---------------+---------------+---------------+---------------+---------------+---------------+---------------+---------------+---------------+---------------+---------------+---------------+---------------+---------------+---------------+---------------+---------------+---------------+---------------+---------------+---------------+---------------+---------------+---------------+---------------+---------------+---------------+---------------+---------------+---------------+---------------+---------------+---------------+---------------+---------------+---------------+---------------+---------------+---------------+---------------+---------------+---------------+---------------+---------------+---------------+---------------+---------------+---------------+---------------+---------------+---------------+

+---------------------------+---------+-----------------+---------------+---------------+---------------+
|           Event           | Counter |       Sum       |      Min      |      Max      |      Avg      |
+---------------------------+---------+-----------------+---------------+---------------+---------------+
|   ACTUAL_CPU_CLOCK STAT   |  FIXC1  | 516121607809170 | 1858574100662 | 4243548255815 |  3.225760e+12 |
|     MAX_CPU_CLOCK STAT    |  FIXC2  | 374590609322488 | 1650005356168 | 2992629059446 |  2.341191e+12 |
| RETIRED_INSTRUCTIONS STAT |   PMC0  | 326681600724160 | 1888832520611 | 2768634989659 | 2041760004526 |
|  CPU_CLOCKS_UNHALTED STAT |   PMC1  | 473783784937693 | 1756263437151 | 3550651127264 |  2.961149e+12 |
|      CAS_CMD_RD STAT      |  UMC0C0 |    129903154720 |             0 |   87276781102 |     811894717 |
|      CAS_CMD_WR STAT      |  UMC0C1 |     51980002725 |             0 |   34456357816 |  3.248750e+08 |
|      CAS_CMD_RD STAT      |  UMC1C0 |    130717307706 |             0 |   88361041373 |  8.169832e+08 |
|      CAS_CMD_WR STAT      |  UMC1C1 |     51950289361 |             0 |   34427972230 |  3.246893e+08 |
|      CAS_CMD_RD STAT      |  UMC2C0 |    131018178595 |             0 |   88449422427 |  8.188636e+08 |
|      CAS_CMD_WR STAT      |  UMC2C1 |     52012383316 |             0 |   34454641362 |  3.250774e+08 |
|      CAS_CMD_RD STAT      |  UMC3C0 |    129809803293 |             0 |   87156189966 |  8.113113e+08 |
|      CAS_CMD_WR STAT      |  UMC3C1 |     51986960467 |             0 |   34464282597 |  3.249185e+08 |
|      CAS_CMD_RD STAT      |  UMC4C0 |    130015063055 |             0 |   87700344274 |  8.125941e+08 |
|      CAS_CMD_WR STAT      |  UMC4C1 |     51969832824 |             0 |   34434881804 |  3.248115e+08 |
|      CAS_CMD_RD STAT      |  UMC5C0 |    130259924089 |             0 |   87812007642 |  8.141245e+08 |
|      CAS_CMD_WR STAT      |  UMC5C1 |     51989180605 |             0 |   34462583396 |  3.249324e+08 |
|      CAS_CMD_RD STAT      |  UMC6C0 |    130832782828 |             0 |   87661347124 |  8.177049e+08 |
|      CAS_CMD_WR STAT      |  UMC6C1 |     52064305347 |             0 |   34541636966 |  3.254019e+08 |
|      CAS_CMD_RD STAT      |  UMC7C0 |    129909018115 |             0 |   87077874859 |  8.119314e+08 |
|      CAS_CMD_WR STAT      |  UMC7C1 |     52036493978 |             0 |   34530810196 |  3.252281e+08 |
|      CAS_CMD_RD STAT      |  UMC8C0 |    131040402095 |             0 |   88009567151 |  8.190025e+08 |
|      CAS_CMD_WR STAT      |  UMC8C1 |     52050528704 |             0 |   34517693669 |  3.253158e+08 |
|      CAS_CMD_RD STAT      |  UMC9C0 |    130891953950 |             0 |   87663759900 |  8.180747e+08 |
|      CAS_CMD_WR STAT      |  UMC9C1 |     52078311482 |             0 |   34535962380 |  3.254894e+08 |
|      CAS_CMD_RD STAT      | UMC10C0 |    130018838443 |             0 |   87227137700 |  8.126177e+08 |
|      CAS_CMD_WR STAT      | UMC10C1 |     52066861974 |             0 |   34534401451 |  3.254179e+08 |
|      CAS_CMD_RD STAT      | UMC11C0 |    130716152038 |             0 |   87636734995 |  8.169760e+08 |
|      CAS_CMD_WR STAT      | UMC11C1 |     52103328741 |             0 |   34522157404 |  3.256458e+08 |
+---------------------------+---------+-----------------+---------------+---------------+---------------+

+-----------------------------------+------------+------------+------------+------------+------------+------------+------------+------------+------------+------------+-------------+-------------+-------------+-------------+-------------+-------------+-------------+-------------+-------------+-------------+-------------+-------------+-------------+-------------+-------------+-------------+-------------+-------------+-------------+-------------+-------------+-------------+-------------+-------------+-------------+-------------+-------------+-------------+-------------+-------------+-------------+-------------+-------------+-------------+-------------+-------------+-------------+-------------+-------------+-------------+-------------+-------------+-------------+-------------+-------------+-------------+-------------+-------------+-------------+-------------+-------------+-------------+-------------+-------------+-------------+-------------+-------------+-------------+-------------+-------------+-------------+-------------+-------------+-------------+-------------+-------------+-------------+-------------+-------------+-------------+-------------+-------------+-------------+-------------+-------------+-------------+-------------+-------------+-------------+-------------+-------------+-------------+-------------+-------------+-------------+-------------+-------------+-------------+-------------+-------------+--------------+--------------+--------------+--------------+--------------+--------------+--------------+--------------+--------------+--------------+--------------+--------------+--------------+--------------+--------------+--------------+--------------+--------------+--------------+--------------+--------------+--------------+--------------+--------------+--------------+--------------+--------------+--------------+--------------+--------------+--------------+--------------+--------------+--------------+--------------+--------------+--------------+--------------+--------------+--------------+--------------+--------------+--------------+--------------+--------------+--------------+--------------+--------------+--------------+--------------+--------------+--------------+--------------+--------------+--------------+--------------+--------------+--------------+--------------+--------------+
|               Metric              | HWThread 0 | HWThread 1 | HWThread 2 | HWThread 3 | HWThread 4 | HWThread 5 | HWThread 6 | HWThread 7 | HWThread 8 | HWThread 9 | HWThread 10 | HWThread 11 | HWThread 12 | HWThread 13 | HWThread 14 | HWThread 15 | HWThread 16 | HWThread 17 | HWThread 18 | HWThread 19 | HWThread 20 | HWThread 21 | HWThread 22 | HWThread 23 | HWThread 24 | HWThread 25 | HWThread 26 | HWThread 27 | HWThread 28 | HWThread 29 | HWThread 30 | HWThread 31 | HWThread 32 | HWThread 33 | HWThread 34 | HWThread 35 | HWThread 36 | HWThread 37 | HWThread 38 | HWThread 39 | HWThread 40 | HWThread 41 | HWThread 42 | HWThread 43 | HWThread 44 | HWThread 45 | HWThread 46 | HWThread 47 | HWThread 48 | HWThread 49 | HWThread 50 | HWThread 51 | HWThread 52 | HWThread 53 | HWThread 54 | HWThread 55 | HWThread 56 | HWThread 57 | HWThread 58 | HWThread 59 | HWThread 60 | HWThread 61 | HWThread 62 | HWThread 63 | HWThread 64 | HWThread 65 | HWThread 66 | HWThread 67 | HWThread 68 | HWThread 69 | HWThread 70 | HWThread 71 | HWThread 72 | HWThread 73 | HWThread 74 | HWThread 75 | HWThread 76 | HWThread 77 | HWThread 78 | HWThread 79 | HWThread 80 | HWThread 81 | HWThread 82 | HWThread 83 | HWThread 84 | HWThread 85 | HWThread 86 | HWThread 87 | HWThread 88 | HWThread 89 | HWThread 90 | HWThread 91 | HWThread 92 | HWThread 93 | HWThread 94 | HWThread 95 | HWThread 96 | HWThread 97 | HWThread 98 | HWThread 99 | HWThread 100 | HWThread 101 | HWThread 102 | HWThread 103 | HWThread 104 | HWThread 105 | HWThread 106 | HWThread 107 | HWThread 108 | HWThread 109 | HWThread 110 | HWThread 111 | HWThread 112 | HWThread 113 | HWThread 114 | HWThread 115 | HWThread 116 | HWThread 117 | HWThread 118 | HWThread 119 | HWThread 120 | HWThread 121 | HWThread 122 | HWThread 123 | HWThread 124 | HWThread 125 | HWThread 126 | HWThread 127 | HWThread 128 | HWThread 129 | HWThread 130 | HWThread 131 | HWThread 132 | HWThread 133 | HWThread 134 | HWThread 135 | HWThread 136 | HWThread 137 | HWThread 138 | HWThread 139 | HWThread 140 | HWThread 141 | HWThread 142 | HWThread 143 | HWThread 144 | HWThread 145 | HWThread 146 | HWThread 147 | HWThread 148 | HWThread 149 | HWThread 150 | HWThread 151 | HWThread 152 | HWThread 153 | HWThread 154 | HWThread 155 | HWThread 156 | HWThread 157 | HWThread 158 | HWThread 159 |
+-----------------------------------+------------+------------+------------+------------+------------+------------+------------+------------+------------+------------+-------------+-------------+-------------+-------------+-------------+-------------+-------------+-------------+-------------+-------------+-------------+-------------+-------------+-------------+-------------+-------------+-------------+-------------+-------------+-------------+-------------+-------------+-------------+-------------+-------------+-------------+-------------+-------------+-------------+-------------+-------------+-------------+-------------+-------------+-------------+-------------+-------------+-------------+-------------+-------------+-------------+-------------+-------------+-------------+-------------+-------------+-------------+-------------+-------------+-------------+-------------+-------------+-------------+-------------+-------------+-------------+-------------+-------------+-------------+-------------+-------------+-------------+-------------+-------------+-------------+-------------+-------------+-------------+-------------+-------------+-------------+-------------+-------------+-------------+-------------+-------------+-------------+-------------+-------------+-------------+-------------+-------------+-------------+-------------+-------------+-------------+-------------+-------------+-------------+-------------+--------------+--------------+--------------+--------------+--------------+--------------+--------------+--------------+--------------+--------------+--------------+--------------+--------------+--------------+--------------+--------------+--------------+--------------+--------------+--------------+--------------+--------------+--------------+--------------+--------------+--------------+--------------+--------------+--------------+--------------+--------------+--------------+--------------+--------------+--------------+--------------+--------------+--------------+--------------+--------------+--------------+--------------+--------------+--------------+--------------+--------------+--------------+--------------+--------------+--------------+--------------+--------------+--------------+--------------+--------------+--------------+--------------+--------------+--------------+--------------+
|        Runtime (RDTSC) [s]        |  1212.5413 |  1212.5413 |  1212.5413 |  1212.5413 |  1212.5413 |  1212.5413 |  1212.5413 |  1212.5413 |  1212.5413 |  1212.5413 |   1212.5413 |   1212.5413 |   1212.5413 |   1212.5413 |   1212.5413 |   1212.5413 |   1212.5413 |   1212.5413 |   1212.5413 |   1212.5413 |   1212.5413 |   1212.5413 |   1212.5413 |   1212.5413 |   1212.5413 |   1212.5413 |   1212.5413 |   1212.5413 |   1212.5413 |   1212.5413 |   1212.5413 |   1212.5413 |   1212.5413 |   1212.5413 |   1212.5413 |   1212.5413 |   1212.5413 |   1212.5413 |   1212.5413 |   1212.5413 |   1212.5413 |   1212.5413 |   1212.5413 |   1212.5413 |   1212.5413 |   1212.5413 |   1212.5413 |   1212.5413 |   1212.5413 |   1212.5413 |   1212.5413 |   1212.5413 |   1212.5413 |   1212.5413 |   1212.5413 |   1212.5413 |   1212.5413 |   1212.5413 |   1212.5413 |   1212.5413 |   1212.5413 |   1212.5413 |   1212.5413 |   1212.5413 |   1212.5413 |   1212.5413 |   1212.5413 |   1212.5413 |   1212.5413 |   1212.5413 |   1212.5413 |   1212.5413 |   1212.5413 |   1212.5413 |   1212.5413 |   1212.5413 |   1212.5413 |   1212.5413 |   1212.5413 |   1212.5413 |   1212.5413 |   1212.5413 |   1212.5413 |   1212.5413 |   1212.5413 |   1212.5413 |   1212.5413 |   1212.5413 |   1212.5413 |   1212.5413 |   1212.5413 |   1212.5413 |   1212.5413 |   1212.5413 |   1212.5413 |   1212.5413 |   1212.5413 |   1212.5413 |   1212.5413 |   1212.5413 |    1212.5413 |    1212.5413 |    1212.5413 |    1212.5413 |    1212.5413 |    1212.5413 |    1212.5413 |    1212.5413 |    1212.5413 |    1212.5413 |    1212.5413 |    1212.5413 |    1212.5413 |    1212.5413 |    1212.5413 |    1212.5413 |    1212.5413 |    1212.5413 |    1212.5413 |    1212.5413 |    1212.5413 |    1212.5413 |    1212.5413 |    1212.5413 |    1212.5413 |    1212.5413 |    1212.5413 |    1212.5413 |    1212.5413 |    1212.5413 |    1212.5413 |    1212.5413 |    1212.5413 |    1212.5413 |    1212.5413 |    1212.5413 |    1212.5413 |    1212.5413 |    1212.5413 |    1212.5413 |    1212.5413 |    1212.5413 |    1212.5413 |    1212.5413 |    1212.5413 |    1212.5413 |    1212.5413 |    1212.5413 |    1212.5413 |    1212.5413 |    1212.5413 |    1212.5413 |    1212.5413 |    1212.5413 |    1212.5413 |    1212.5413 |    1212.5413 |    1212.5413 |    1212.5413 |    1212.5413 |
|        Runtime unhalted [s]       |  1632.1349 |  1330.2974 |  1314.9754 |  1318.5896 |  1321.3002 |  1320.1611 |  1321.7675 |  1320.5285 |  1274.8270 |  1271.0313 |   1268.0577 |   1280.3044 |   1282.3785 |   1283.7737 |   1285.6243 |   1285.4348 |   1271.9991 |   1264.6899 |   1263.1125 |   1276.2490 |   1280.2607 |   1273.8230 |   1284.7983 |   1280.9144 |   1303.1861 |   1300.7441 |   1298.3004 |   1301.4759 |   1311.4265 |   1308.8327 |   1309.7684 |   1310.6798 |   1279.5951 |   1281.1266 |   1281.7660 |   1282.0613 |   1286.6888 |   1287.3048 |   1288.3720 |   1292.1628 |   1281.1662 |   1290.0261 |   1284.3487 |   1288.9916 |   1288.9025 |   1293.0042 |   1292.1647 |   1293.8986 |    855.7967 |    763.9289 |    730.6654 |    736.1617 |    747.6834 |    765.8687 |    744.6957 |    756.1510 |    731.6749 |    717.1842 |    714.8366 |    722.7611 |    733.6303 |    735.9247 |    743.4368 |    736.8321 |    794.9809 |    795.4634 |    780.1084 |    786.7186 |    793.4153 |    802.1552 |    800.3758 |    806.3763 |   1108.7586 |   1100.6638 |   1099.2604 |   1113.3142 |   1121.8416 |   1136.2248 |   1134.3179 |   1137.5454 |   1028.1183 |   1028.9813 |   1027.3418 |   1038.8512 |   1047.2999 |   1045.1135 |   1079.8396 |   1078.2720 |   1043.8638 |   1024.8186 |   1029.5120 |   1026.9882 |   1040.7002 |   1054.3578 |   1055.5207 |   1071.1151 |   1447.0263 |   1444.9187 |   1441.2603 |   1443.7948 |    1440.7006 |    1441.3646 |    1448.5256 |    1443.3712 |    1443.0081 |    1438.6268 |    1437.7894 |    1438.4291 |    1445.4266 |    1441.4005 |    1438.4109 |    1452.2842 |    1444.1937 |    1438.1311 |    1443.8165 |    1441.3956 |    1441.4661 |    1444.2556 |    1438.1497 |    1443.7719 |    1446.3849 |    1441.1450 |    1444.2245 |    1438.4906 |    1439.5911 |    1441.0067 |    1440.4029 |    1446.3088 |    1440.6877 |    1440.2877 |    1439.8339 |    1445.5123 |    1441.4008 |    1443.7570 |    1443.1561 |    1442.6698 |    1443.7361 |    1439.9413 |    1441.4518 |    1438.1922 |    1438.1945 |    1438.7891 |    1440.0141 |    1441.7592 |    1445.1157 |    1441.5793 |    1441.9862 |    1441.0782 |    1440.3102 |    1443.7034 |    1441.1613 |    1442.3082 |    1443.8305 |    1442.2498 |    1444.8585 |    1443.5942 |    1442.5096 |    1445.3110 |    1395.4036 |    1382.4972 |
|            Clock [MHz]            |  3686.7981 |  3643.9769 |  3670.0089 |  3666.8637 |  3664.6348 |  3665.6098 |  3664.4339 |  3668.4560 |  3673.2653 |  3671.0470 |   3665.8957 |   3663.5910 |   3664.9022 |   3665.0618 |   3665.1180 |   3667.0733 |   3664.8988 |   3665.4360 |   3662.7660 |   3664.6440 |   3660.2576 |   3667.8096 |   3667.0565 |   3666.5343 |   3669.4683 |   3671.1913 |   3671.3296 |   3672.3329 |   3662.5928 |   3668.6708 |   3668.3822 |   3669.8449 |   3676.2147 |   3663.9349 |   3664.7641 |   3670.2204 |   3666.2024 |   3667.5600 |   3670.7739 |   3671.6311 |   3669.4940 |   3664.0034 |   3660.2143 |   3661.0130 |   3665.5358 |   3662.7185 |   3660.3467 |   3665.9328 |   3219.9112 |   2973.0578 |   2928.4864 |   2938.9962 |   2960.1504 |   2977.9892 |   2954.3897 |   2978.2542 |   2946.7784 |   2929.3626 |   2928.6510 |   2942.5292 |   2954.9225 |   2965.1067 |   2958.3329 |   2960.5969 |   3016.1825 |   3031.0228 |   3016.7019 |   3029.9318 |   3031.2249 |   3062.6448 |   3059.2071 |   3053.4349 |   3584.8365 |   3582.7423 |   3583.8368 |   3602.2978 |   3607.5393 |   3633.7557 |   3623.6478 |   3635.3958 |   3409.3279 |   3418.9018 |   3431.8422 |   3453.2824 |   3465.7987 |   3468.2086 |   3514.5702 |   3529.4123 |   3429.6503 |   3405.1626 |   3423.6466 |   3424.1031 |   3443.6792 |   3475.7158 |   3480.3109 |   3496.0867 |   3684.9250 |   3687.3197 |   3691.9228 |   3689.0757 |    3692.6807 |    3692.1051 |    3684.1433 |    3690.0300 |    3690.2779 |    3695.6734 |    3696.4329 |    3695.5936 |    3687.4876 |    3692.5834 |    3695.5839 |    3679.7903 |    3688.9579 |    3696.5282 |    3690.2777 |    3692.7871 |    3692.5903 |    3689.7735 |    3696.5255 |    3690.4018 |    3687.3773 |    3693.1860 |    3689.9183 |    3696.3904 |    3694.9607 |    3693.4941 |    3694.2378 |    3687.7367 |    3692.8048 |    3693.8456 |    3694.2111 |    3688.0951 |    3692.4005 |    3689.9636 |    3690.3513 |    3691.0920 |    3689.2374 |    3694.4712 |    3693.1601 |    3696.5897 |    3696.5825 |    3695.9919 |    3694.6386 |    3692.5274 |    3687.6387 |    3692.2444 |    3691.0191 |    3692.1944 |    3692.9068 |    3689.2880 |    3692.4150 |    3690.9501 |    3689.3330 |    3691.0695 |    3688.2834 |    3689.4103 |    3690.4976 |    3687.9158 |    3685.9355 |    3680.2411 |
|                CPI                |     1.2825 |     1.4815 |     1.4829 |     1.4841 |     1.4860 |     1.4850 |     1.4860 |     1.4878 |     1.4303 |     1.4301 |      1.4320 |      1.4396 |      1.4418 |      1.4449 |      1.4480 |      1.4470 |      1.4398 |      1.4395 |      1.4352 |      1.4459 |      1.4512 |      1.4456 |      1.4545 |      1.4557 |      1.4784 |      1.4740 |      1.4764 |      1.4796 |      1.4842 |      1.4857 |      1.4862 |      1.4887 |      1.4479 |      1.4437 |      1.4464 |      1.4503 |      1.4520 |      1.4552 |      1.4550 |      1.4632 |      1.4581 |      1.4609 |      1.4587 |      1.4632 |      1.4657 |      1.4695 |      1.4642 |      1.4716 |      1.0006 |      0.8998 |      0.8750 |      0.8786 |      0.8919 |      0.9068 |      0.8886 |      0.9022 |      0.8679 |      0.8575 |      0.8575 |      0.8660 |      0.8733 |      0.8767 |      0.8807 |      0.8787 |      0.9419 |      0.9451 |      0.9357 |      0.9409 |      0.9463 |      0.9583 |      0.9579 |      0.9591 |      1.2889 |      1.2840 |      1.2836 |      1.2978 |      1.3064 |      1.3223 |      1.3203 |      1.3260 |      1.1889 |      1.1916 |      1.1947 |      1.2087 |      1.2142 |      1.2153 |      1.2464 |      1.2492 |      1.2120 |      1.1976 |      1.2036 |      1.2037 |      1.2179 |      1.2336 |      1.2353 |      1.2487 |      1.7247 |      1.7228 |      1.7258 |      1.7233 |       1.7222 |       1.7288 |       1.7309 |       1.7298 |       1.7120 |       1.7105 |       1.7095 |       1.7115 |       1.7137 |       1.7118 |       1.7107 |       1.7162 |       1.7231 |       1.7203 |       1.7222 |       1.7198 |       1.7205 |       1.7242 |       1.7211 |       1.7244 |       1.7456 |       1.7439 |       1.7481 |       1.7462 |       1.7363 |       1.7458 |       1.7440 |       1.7481 |       1.7294 |       1.7307 |       1.7314 |       1.7345 |       1.7318 |       1.7335 |       1.7291 |       1.7296 |       1.7432 |       1.7429 |       1.7468 |       1.7435 |       1.7431 |       1.7451 |       1.7462 |       1.7471 |       1.7311 |       1.7328 |       1.7317 |       1.7306 |       1.7346 |       1.7348 |       1.7342 |       1.7345 |       1.7267 |       1.7270 |       1.7310 |       1.7303 |       1.7307 |       1.7441 |       1.7362 |       1.7584 |
|  Memory read bandwidth [MBytes/s] | 55528.0549 |          0 |          0 |          0 |          0 |          0 |          0 |          0 |          0 |          0 |           0 |           0 |           0 |           0 |           0 |           0 |           0 |           0 |           0 |           0 |           0 |           0 |           0 |           0 |           0 |           0 |           0 |           0 |           0 |           0 |           0 |           0 |           0 |           0 |           0 |           0 |           0 |           0 |           0 |           0 |           0 |           0 |           0 |           0 |           0 |           0 |           0 |           0 |           0 |           0 |           0 |           0 |           0 |           0 |           0 |           0 |           0 |           0 |           0 |           0 |           0 |           0 |           0 |           0 |           0 |           0 |           0 |           0 |           0 |           0 |           0 |           0 |           0 |           0 |           0 |           0 |           0 |           0 |           0 |           0 |           0 |           0 |           0 |           0 |           0 |           0 |           0 |           0 |           0 |           0 |           0 |           0 |           0 |           0 |           0 |           0 |  27082.3130 |           0 |           0 |           0 |            0 |            0 |            0 |            0 |            0 |            0 |            0 |            0 |            0 |            0 |            0 |            0 |            0 |            0 |            0 |            0 |            0 |            0 |            0 |            0 |            0 |            0 |            0 |            0 |            0 |            0 |            0 |            0 |            0 |            0 |            0 |            0 |            0 |            0 |            0 |            0 |            0 |            0 |            0 |            0 |            0 |            0 |            0 |            0 |            0 |            0 |            0 |            0 |            0 |            0 |            0 |            0 |            0 |            0 |            0 |            0 |            0 |            0 |            0 |            0 |
|  Memory read data volume [GBytes] | 67330.0613 |          0 |          0 |          0 |          0 |          0 |          0 |          0 |          0 |          0 |           0 |           0 |           0 |           0 |           0 |           0 |           0 |           0 |           0 |           0 |           0 |           0 |           0 |           0 |           0 |           0 |           0 |           0 |           0 |           0 |           0 |           0 |           0 |           0 |           0 |           0 |           0 |           0 |           0 |           0 |           0 |           0 |           0 |           0 |           0 |           0 |           0 |           0 |           0 |           0 |           0 |           0 |           0 |           0 |           0 |           0 |           0 |           0 |           0 |           0 |           0 |           0 |           0 |           0 |           0 |           0 |           0 |           0 |           0 |           0 |           0 |           0 |           0 |           0 |           0 |           0 |           0 |           0 |           0 |           0 |           0 |           0 |           0 |           0 |           0 |           0 |           0 |           0 |           0 |           0 |           0 |           0 |           0 |           0 |           0 |           0 |  32838.4237 |           0 |           0 |           0 |            0 |            0 |            0 |            0 |            0 |            0 |            0 |            0 |            0 |            0 |            0 |            0 |            0 |            0 |            0 |            0 |            0 |            0 |            0 |            0 |            0 |            0 |            0 |            0 |            0 |            0 |            0 |            0 |            0 |            0 |            0 |            0 |            0 |            0 |            0 |            0 |            0 |            0 |            0 |            0 |            0 |            0 |            0 |            0 |            0 |            0 |            0 |            0 |            0 |            0 |            0 |            0 |            0 |            0 |            0 |            0 |            0 |            0 |            0 |            0 |
| Memory write bandwidth [MBytes/s] | 21845.4710 |          0 |          0 |          0 |          0 |          0 |          0 |          0 |          0 |          0 |           0 |           0 |           0 |           0 |           0 |           0 |           0 |           0 |           0 |           0 |           0 |           0 |           0 |           0 |           0 |           0 |           0 |           0 |           0 |           0 |           0 |           0 |           0 |           0 |           0 |           0 |           0 |           0 |           0 |           0 |           0 |           0 |           0 |           0 |           0 |           0 |           0 |           0 |           0 |           0 |           0 |           0 |           0 |           0 |           0 |           0 |           0 |           0 |           0 |           0 |           0 |           0 |           0 |           0 |           0 |           0 |           0 |           0 |           0 |           0 |           0 |           0 |           0 |           0 |           0 |           0 |           0 |           0 |           0 |           0 |           0 |           0 |           0 |           0 |           0 |           0 |           0 |           0 |           0 |           0 |           0 |           0 |           0 |           0 |           0 |           0 |  11105.5401 |           0 |           0 |           0 |            0 |            0 |            0 |            0 |            0 |            0 |            0 |            0 |            0 |            0 |            0 |            0 |            0 |            0 |            0 |            0 |            0 |            0 |            0 |            0 |            0 |            0 |            0 |            0 |            0 |            0 |            0 |            0 |            0 |            0 |            0 |            0 |            0 |            0 |            0 |            0 |            0 |            0 |            0 |            0 |            0 |            0 |            0 |            0 |            0 |            0 |            0 |            0 |            0 |            0 |            0 |            0 |            0 |            0 |            0 |            0 |            0 |            0 |            0 |            0 |
| Memory write data volume [GBytes] | 26488.5364 |          0 |          0 |          0 |          0 |          0 |          0 |          0 |          0 |          0 |           0 |           0 |           0 |           0 |           0 |           0 |           0 |           0 |           0 |           0 |           0 |           0 |           0 |           0 |           0 |           0 |           0 |           0 |           0 |           0 |           0 |           0 |           0 |           0 |           0 |           0 |           0 |           0 |           0 |           0 |           0 |           0 |           0 |           0 |           0 |           0 |           0 |           0 |           0 |           0 |           0 |           0 |           0 |           0 |           0 |           0 |           0 |           0 |           0 |           0 |           0 |           0 |           0 |           0 |           0 |           0 |           0 |           0 |           0 |           0 |           0 |           0 |           0 |           0 |           0 |           0 |           0 |           0 |           0 |           0 |           0 |           0 |           0 |           0 |           0 |           0 |           0 |           0 |           0 |           0 |           0 |           0 |           0 |           0 |           0 |           0 |  13465.9263 |           0 |           0 |           0 |            0 |            0 |            0 |            0 |            0 |            0 |            0 |            0 |            0 |            0 |            0 |            0 |            0 |            0 |            0 |            0 |            0 |            0 |            0 |            0 |            0 |            0 |            0 |            0 |            0 |            0 |            0 |            0 |            0 |            0 |            0 |            0 |            0 |            0 |            0 |            0 |            0 |            0 |            0 |            0 |            0 |            0 |            0 |            0 |            0 |            0 |            0 |            0 |            0 |            0 |            0 |            0 |            0 |            0 |            0 |            0 |            0 |            0 |            0 |            0 |
|    Memory bandwidth [MBytes/s]    | 77373.5259 |          0 |          0 |          0 |          0 |          0 |          0 |          0 |          0 |          0 |           0 |           0 |           0 |           0 |           0 |           0 |           0 |           0 |           0 |           0 |           0 |           0 |           0 |           0 |           0 |           0 |           0 |           0 |           0 |           0 |           0 |           0 |           0 |           0 |           0 |           0 |           0 |           0 |           0 |           0 |           0 |           0 |           0 |           0 |           0 |           0 |           0 |           0 |           0 |           0 |           0 |           0 |           0 |           0 |           0 |           0 |           0 |           0 |           0 |           0 |           0 |           0 |           0 |           0 |           0 |           0 |           0 |           0 |           0 |           0 |           0 |           0 |           0 |           0 |           0 |           0 |           0 |           0 |           0 |           0 |           0 |           0 |           0 |           0 |           0 |           0 |           0 |           0 |           0 |           0 |           0 |           0 |           0 |           0 |           0 |           0 |  38187.8531 |           0 |           0 |           0 |            0 |            0 |            0 |            0 |            0 |            0 |            0 |            0 |            0 |            0 |            0 |            0 |            0 |            0 |            0 |            0 |            0 |            0 |            0 |            0 |            0 |            0 |            0 |            0 |            0 |            0 |            0 |            0 |            0 |            0 |            0 |            0 |            0 |            0 |            0 |            0 |            0 |            0 |            0 |            0 |            0 |            0 |            0 |            0 |            0 |            0 |            0 |            0 |            0 |            0 |            0 |            0 |            0 |            0 |            0 |            0 |            0 |            0 |            0 |            0 |
|    Memory data volume [GBytes]    | 93818.5977 |          0 |          0 |          0 |          0 |          0 |          0 |          0 |          0 |          0 |           0 |           0 |           0 |           0 |           0 |           0 |           0 |           0 |           0 |           0 |           0 |           0 |           0 |           0 |           0 |           0 |           0 |           0 |           0 |           0 |           0 |           0 |           0 |           0 |           0 |           0 |           0 |           0 |           0 |           0 |           0 |           0 |           0 |           0 |           0 |           0 |           0 |           0 |           0 |           0 |           0 |           0 |           0 |           0 |           0 |           0 |           0 |           0 |           0 |           0 |           0 |           0 |           0 |           0 |           0 |           0 |           0 |           0 |           0 |           0 |           0 |           0 |           0 |           0 |           0 |           0 |           0 |           0 |           0 |           0 |           0 |           0 |           0 |           0 |           0 |           0 |           0 |           0 |           0 |           0 |           0 |           0 |           0 |           0 |           0 |           0 |  46304.3500 |           0 |           0 |           0 |            0 |            0 |            0 |            0 |            0 |            0 |            0 |            0 |            0 |            0 |            0 |            0 |            0 |            0 |            0 |            0 |            0 |            0 |            0 |            0 |            0 |            0 |            0 |            0 |            0 |            0 |            0 |            0 |            0 |            0 |            0 |            0 |            0 |            0 |            0 |            0 |            0 |            0 |            0 |            0 |            0 |            0 |            0 |            0 |            0 |            0 |            0 |            0 |            0 |            0 |            0 |            0 |            0 |            0 |            0 |            0 |            0 |            0 |            0 |            0 |
+-----------------------------------+------------+------------+------------+------------+------------+------------+------------+------------+------------+------------+-------------+-------------+-------------+-------------+-------------+-------------+-------------+-------------+-------------+-------------+-------------+-------------+-------------+-------------+-------------+-------------+-------------+-------------+-------------+-------------+-------------+-------------+-------------+-------------+-------------+-------------+-------------+-------------+-------------+-------------+-------------+-------------+-------------+-------------+-------------+-------------+-------------+-------------+-------------+-------------+-------------+-------------+-------------+-------------+-------------+-------------+-------------+-------------+-------------+-------------+-------------+-------------+-------------+-------------+-------------+-------------+-------------+-------------+-------------+-------------+-------------+-------------+-------------+-------------+-------------+-------------+-------------+-------------+-------------+-------------+-------------+-------------+-------------+-------------+-------------+-------------+-------------+-------------+-------------+-------------+-------------+-------------+-------------+-------------+-------------+-------------+-------------+-------------+-------------+-------------+--------------+--------------+--------------+--------------+--------------+--------------+--------------+--------------+--------------+--------------+--------------+--------------+--------------+--------------+--------------+--------------+--------------+--------------+--------------+--------------+--------------+--------------+--------------+--------------+--------------+--------------+--------------+--------------+--------------+--------------+--------------+--------------+--------------+--------------+--------------+--------------+--------------+--------------+--------------+--------------+--------------+--------------+--------------+--------------+--------------+--------------+--------------+--------------+--------------+--------------+--------------+--------------+--------------+--------------+--------------+--------------+--------------+--------------+--------------+--------------+

+----------------------------------------+-------------+-----------+------------+-----------+
|                 Metric                 |     Sum     |    Min    |     Max    |    Avg    |
+----------------------------------------+-------------+-----------+------------+-----------+
|        Runtime (RDTSC) [s] STAT        | 194006.6080 | 1212.5413 |  1212.5413 | 1212.5413 |
|        Runtime unhalted [s] STAT       | 198508.4268 |  714.8366 |  1632.1349 | 1240.6777 |
|            Clock [MHz] STAT            | 568180.2034 | 2928.4864 |  3696.5897 | 3551.1263 |
|                CPI STAT                |    232.4078 |    0.8575 |     1.7584 |    1.4525 |
|  Memory read bandwidth [MBytes/s] STAT |  82610.3679 |         0 | 55528.0549 |  516.3148 |
|  Memory read data volume [GBytes] STAT | 100168.4850 |         0 | 67330.0613 |  626.0530 |
| Memory write bandwidth [MBytes/s] STAT |  32951.0111 |         0 | 21845.4710 |  205.9438 |
| Memory write data volume [GBytes] STAT |  39954.4627 |         0 | 26488.5364 |  249.7154 |
|    Memory bandwidth [MBytes/s] STAT    | 115561.3790 |         0 | 77373.5259 |  722.2586 |
|    Memory data volume [GBytes] STAT    | 140122.9477 |         0 | 93818.5977 |  875.7684 |
+----------------------------------------+-------------+-----------+------------+-----------+

