INFO: You are running LIKWID in a cpuset with 176 CPUs. Taking given IDs as logical ID in cpuset
--------------------------------------------------------------------------------
CPU name:	AMD EPYC 9A14 96-Core Processor                
CPU type:	AMD K19 (Zen4) architecture
CPU clock:	2.60 GHz
--------------------------------------------------------------------------------
Use symmetry. Molecule point group: C2v
Norb: 24   Ne: (5, 5)
Running RHF...
converged SCF energy = -76.0267607337664
Running FCI ...
Guessing CI wfn symmetry = 0
Num symmetry allowed elements 451681246
tol 1e-10  toloose 1e-05
max_cycle 100  max_space 12  max_memory 760540  incore True
    CPU time for contract_2e  12142.83 sec, wall time     84.33 sec
davidson 0 1  |r|= 0.999  e= [-85.21409431]  max|de|= -85.2  lindep=    1
    CPU time for contract_2e  12156.36 sec, wall time     83.98 sec
davidson 1 2  |r|= 0.336  e= [-85.41295423]  max|de|= -0.199  lindep= 0.992
    CPU time for contract_2e  12173.21 sec, wall time     85.75 sec
davidson 2 3  |r|= 0.0993  e= [-85.4295567]  max|de|= -0.0166  lindep= 0.982
    CPU time for contract_2e  12185.17 sec, wall time     87.44 sec
davidson 3 4  |r|= 0.0324  e= [-85.43094102]  max|de|= -0.00138  lindep= 0.955
    CPU time for contract_2e  12248.55 sec, wall time     89.55 sec
davidson 4 5  |r|= 0.0129  e= [-85.43110245]  max|de|= -0.000161  lindep= 0.911
    CPU time for contract_2e  12229.62 sec, wall time     91.20 sec
davidson 5 6  |r|= 0.00436  e= [-85.43112741]  max|de|= -2.5e-05  lindep= 0.833
    CPU time for contract_2e  12370.05 sec, wall time     93.66 sec
davidson 6 7  |r|= 0.00169  e= [-85.43113026]  max|de|= -2.84e-06  lindep= 0.932
    CPU time for contract_2e  12341.40 sec, wall time     95.20 sec
davidson 7 8  |r|= 0.000705  e= [-85.4311307]  max|de|= -4.44e-07  lindep= 0.849
    CPU time for contract_2e  12369.94 sec, wall time     97.11 sec
davidson 8 9  |r|= 0.000319  e= [-85.43113078]  max|de|= -8.55e-08  lindep= 0.895
    CPU time for contract_2e  12471.64 sec, wall time     99.83 sec
davidson 9 10  |r|= 0.000127  e= [-85.4311308]  max|de|= -1.57e-08  lindep= 0.804
    CPU time for contract_2e  12432.45 sec, wall time    101.12 sec
davidson 10 11  |r|= 4.77e-05  e= [-85.4311308]  max|de|= -2.31e-09  lindep= 0.878
    CPU time for contract_2e  12393.32 sec, wall time    102.15 sec
davidson 11 12  |r|= 1.71e-05  e= [-85.4311308]  max|de|= -2.93e-10  lindep= 0.87
    CPU time for contract_2e  12429.95 sec, wall time    104.89 sec
davidson 12 1  |r|= 1.71e-05  e= [-85.4311308]  max|de|= 3.28e-12  lindep=    1
    CPU time for contract_2e  12324.51 sec, wall time     84.82 sec
root 0 converged  |r|= 6.26e-06  e= -85.43113080323197  max|de|= -3.29e-11
converged 13 2  |r|= 6.26e-06  e= [-85.4311308]  max|de|= -3.29e-11
--------------------------------------------------------------------------------
Group 1: MEM
+----------------------+---------+---------------+---------------+---------------+---------------+---------------+---------------+---------------+---------------+---------------+---------------+---------------+---------------+---------------+---------------+---------------+---------------+---------------+---------------+---------------+---------------+---------------+---------------+---------------+---------------+---------------+---------------+---------------+---------------+---------------+---------------+---------------+---------------+---------------+---------------+---------------+---------------+---------------+---------------+---------------+---------------+---------------+---------------+---------------+---------------+---------------+---------------+---------------+---------------+---------------+---------------+---------------+---------------+---------------+---------------+---------------+---------------+---------------+---------------+---------------+---------------+---------------+---------------+---------------+---------------+---------------+---------------+---------------+---------------+---------------+---------------+---------------+---------------+---------------+---------------+---------------+---------------+---------------+---------------+---------------+---------------+---------------+---------------+---------------+---------------+---------------+---------------+---------------+---------------+---------------+---------------+---------------+---------------+---------------+---------------+---------------+---------------+---------------+---------------+---------------+---------------+---------------+---------------+---------------+---------------+---------------+---------------+---------------+---------------+---------------+---------------+---------------+---------------+---------------+---------------+---------------+---------------+---------------+---------------+---------------+---------------+---------------+---------------+---------------+---------------+---------------+---------------+---------------+---------------+---------------+---------------+---------------+---------------+---------------+---------------+---------------+---------------+---------------+---------------+---------------+---------------+---------------+---------------+---------------+---------------+---------------+---------------+---------------+---------------+---------------+---------------+---------------+---------------+---------------+---------------+---------------+---------------+---------------+---------------+---------------+---------------+---------------+---------------+---------------+---------------+---------------+---------------+---------------+---------------+---------------+---------------+---------------+---------------+---------------+---------------+---------------+---------------+
|         Event        | Counter |   HWThread 0  |   HWThread 1  |   HWThread 2  |   HWThread 3  |   HWThread 4  |   HWThread 5  |   HWThread 6  |   HWThread 7  |   HWThread 8  |   HWThread 9  |  HWThread 10  |  HWThread 11  |  HWThread 12  |  HWThread 13  |  HWThread 14  |  HWThread 15  |  HWThread 16  |  HWThread 17  |  HWThread 18  |  HWThread 19  |  HWThread 20  |  HWThread 21  |  HWThread 22  |  HWThread 23  |  HWThread 24  |  HWThread 25  |  HWThread 26  |  HWThread 27  |  HWThread 28  |  HWThread 29  |  HWThread 30  |  HWThread 31  |  HWThread 32  |  HWThread 33  |  HWThread 34  |  HWThread 35  |  HWThread 36  |  HWThread 37  |  HWThread 38  |  HWThread 39  |  HWThread 40  |  HWThread 41  |  HWThread 42  |  HWThread 43  |  HWThread 44  |  HWThread 45  |  HWThread 46  |  HWThread 47  |  HWThread 48  |  HWThread 49  |  HWThread 50  |  HWThread 51  |  HWThread 52  |  HWThread 53  |  HWThread 54  |  HWThread 55  |  HWThread 56  |  HWThread 57  |  HWThread 58  |  HWThread 59  |  HWThread 60  |  HWThread 61  |  HWThread 62  |  HWThread 63  |  HWThread 64  |  HWThread 65  |  HWThread 66  |  HWThread 67  |  HWThread 68  |  HWThread 69  |  HWThread 70  |  HWThread 71  |  HWThread 72  |  HWThread 73  |  HWThread 74  |  HWThread 75  |  HWThread 76  |  HWThread 77  |  HWThread 78  |  HWThread 79  |  HWThread 80  |  HWThread 81  |  HWThread 82  |  HWThread 83  |  HWThread 84  |  HWThread 85  |  HWThread 86  |  HWThread 87  |  HWThread 88  |  HWThread 89  |  HWThread 90  |  HWThread 91  |  HWThread 92  |  HWThread 93  |  HWThread 94  |  HWThread 95  |  HWThread 96  |  HWThread 97  |  HWThread 98  |  HWThread 99  |  HWThread 100 |  HWThread 101 |  HWThread 102 |  HWThread 103 |  HWThread 104 |  HWThread 105 |  HWThread 106 |  HWThread 107 |  HWThread 108 |  HWThread 109 |  HWThread 110 |  HWThread 111 |  HWThread 112 |  HWThread 113 |  HWThread 114 |  HWThread 115 |  HWThread 116 |  HWThread 117 |  HWThread 118 |  HWThread 119 |  HWThread 120 |  HWThread 121 |  HWThread 122 |  HWThread 123 |  HWThread 124 |  HWThread 125 |  HWThread 126 |  HWThread 127 |  HWThread 128 |  HWThread 129 |  HWThread 130 |  HWThread 131 |  HWThread 132 |  HWThread 133 |  HWThread 134 |  HWThread 135 |  HWThread 136 |  HWThread 137 |  HWThread 138 |  HWThread 139 |  HWThread 140 |  HWThread 141 |  HWThread 142 |  HWThread 143 |  HWThread 144 |  HWThread 145 |  HWThread 146 |  HWThread 147 |  HWThread 148 |  HWThread 149 |  HWThread 150 |  HWThread 151 |  HWThread 152 |  HWThread 153 |  HWThread 154 |  HWThread 155 |  HWThread 156 |  HWThread 157 |  HWThread 158 |  HWThread 159 |  HWThread 160 |  HWThread 161 |  HWThread 162 |  HWThread 163 |  HWThread 164 |  HWThread 165 |  HWThread 166 |  HWThread 167 |  HWThread 168 |  HWThread 169 |  HWThread 170 |  HWThread 171 |  HWThread 172 |  HWThread 173 |  HWThread 174 |  HWThread 175 |
+----------------------+---------+---------------+---------------+---------------+---------------+---------------+---------------+---------------+---------------+---------------+---------------+---------------+---------------+---------------+---------------+---------------+---------------+---------------+---------------+---------------+---------------+---------------+---------------+---------------+---------------+---------------+---------------+---------------+---------------+---------------+---------------+---------------+---------------+---------------+---------------+---------------+---------------+---------------+---------------+---------------+---------------+---------------+---------------+---------------+---------------+---------------+---------------+---------------+---------------+---------------+---------------+---------------+---------------+---------------+---------------+---------------+---------------+---------------+---------------+---------------+---------------+---------------+---------------+---------------+---------------+---------------+---------------+---------------+---------------+---------------+---------------+---------------+---------------+---------------+---------------+---------------+---------------+---------------+---------------+---------------+---------------+---------------+---------------+---------------+---------------+---------------+---------------+---------------+---------------+---------------+---------------+---------------+---------------+---------------+---------------+---------------+---------------+---------------+---------------+---------------+---------------+---------------+---------------+---------------+---------------+---------------+---------------+---------------+---------------+---------------+---------------+---------------+---------------+---------------+---------------+---------------+---------------+---------------+---------------+---------------+---------------+---------------+---------------+---------------+---------------+---------------+---------------+---------------+---------------+---------------+---------------+---------------+---------------+---------------+---------------+---------------+---------------+---------------+---------------+---------------+---------------+---------------+---------------+---------------+---------------+---------------+---------------+---------------+---------------+---------------+---------------+---------------+---------------+---------------+---------------+---------------+---------------+---------------+---------------+---------------+---------------+---------------+---------------+---------------+---------------+---------------+---------------+---------------+---------------+---------------+---------------+---------------+---------------+---------------+---------------+---------------+---------------+
|   ACTUAL_CPU_CLOCK   |  FIXC1  | 3723792620266 | 2637278149617 | 2552413267280 | 2588086672939 | 2595186179818 | 2617085464861 | 2643744181487 | 2646117913410 | 2529636258062 | 2488974012921 | 2449407190052 | 2503515899659 | 2522318143223 | 2553126960524 | 2531333329774 | 2553364624847 | 2513087416974 | 2460620674005 | 2434843085919 | 2473959509264 | 2478290392719 | 2501302151054 | 2536601884775 | 2533141647168 | 2120806225017 | 2015749561589 | 2002720084237 | 2008614002849 | 2010930545130 | 2022936933606 | 2034722346799 | 2040894235991 | 2015629196284 | 1980151477823 | 1975552207931 | 1978195998361 | 2012629821416 | 2026502601895 | 2008716209289 | 2015100285242 | 2035042392817 | 2005307753796 | 1992001672773 | 2028825026235 | 2014152644767 | 2018438047975 | 2017225150782 | 2030349914123 | 3600992605284 | 3616909752255 | 3610053040490 | 3616669491883 | 3631396207014 | 3626890493318 | 3635781560543 | 3629462355543 | 3532335566710 | 3532484387759 | 3531915648871 | 3513342104561 | 3535328951888 | 3566601572760 | 3578908926143 | 3571261088763 | 3535675499563 | 3525244499779 | 3510384613080 | 3540876055922 | 3553230035734 | 3548102666586 | 3577547180022 | 3584341359705 | 3665884038498 | 3672925186987 | 3676773326959 | 3673800892761 | 3698929623286 | 3702506706779 | 3704190445251 | 3703152203953 | 3585574621901 | 3588765677636 | 3559240825251 | 3587682346855 | 3593738809031 | 3601216004295 | 3604435095587 | 3631773229634 | 3560201639100 | 3572583624059 | 3546214041123 | 3568618061324 | 3575253317329 | 3589411650354 | 3593201836471 | 3604411150905 | 4138933924045 | 4127211954914 | 4147642937313 | 4135139158415 | 4128173117166 | 4134815082057 | 4143649727030 | 4155480264160 | 4118583257172 | 4126031808744 | 4120122814918 | 4142406784865 | 4149470308810 | 4123911660908 | 4156561622483 | 4142527785223 | 4147724146548 | 4126192201862 | 4125715433827 | 4144049346196 | 4138318889509 | 4130759497046 | 4126635918735 | 4126857262768 | 4138320719010 | 4130057856158 | 4143418206687 | 4129955750533 | 4130380346525 | 4135431994904 | 4130616298911 | 4142959433779 | 4147914700475 | 4135166976229 | 4129558890589 | 4135337403201 | 4128787404698 | 4133514724967 | 4141893311197 | 4139315711220 | 4148558991721 | 4129814075777 | 4130002536879 | 4135806808390 | 4139475748681 | 4145383578271 | 4134309261161 | 4140123332410 | 4129323123027 | 4125436829079 | 4126946245345 | 4126364386059 | 4126508203659 | 4120253963704 | 4120342466044 | 4131931784996 | 4131064818299 | 4131132187099 | 4130929490271 | 4130276157744 | 4160183600553 | 4125145032425 | 4124175209430 | 4142171794487 | 4134964937251 | 4132834581825 | 4160595721423 | 4157455331521 | 4134573689378 | 4137180468932 | 4145366832798 | 4135371586495 | 4140814142466 | 4134177466680 | 4147530907697 | 4156395146149 | 4161719996821 | 4143700785756 | 4105664721102 | 4086637272493 |
|     MAX_CPU_CLOCK    |  FIXC2  | 2706265831412 | 2141404314894 | 2069814285266 | 2089284712788 | 2092206944672 | 2103362995630 | 2119196767688 | 2120897471784 | 2057369874040 | 2027923267318 | 2005679571714 | 2034471171902 | 2041255886592 | 2061716753304 | 2045125533204 | 2058707172340 | 2051855226330 | 2013450461984 | 2004005688750 | 2021815458858 | 2020469249708 | 2032483289070 | 2060533913386 | 2046523772852 | 1861288244140 | 1811053288928 | 1809856121606 | 1807150792850 | 1811608625502 | 1817070976084 | 1819073115366 | 1823989103300 | 1815802746680 | 1787161954422 | 1794640700528 | 1788509749078 | 1808073857018 | 1820327897674 | 1807991928600 | 1808892053748 | 1836761608968 | 1809204407998 | 1800548640774 | 1826885536242 | 1807291914142 | 1811128886788 | 1808481691198 | 1815181264052 | 2541027909212 | 2558389057484 | 2554938238710 | 2556234660616 | 2571495017416 | 2565332604588 | 2572429667756 | 2562903569902 | 2496304383820 | 2495114752104 | 2499090044048 | 2481435784074 | 2497298874226 | 2525025893858 | 2532236361278 | 2527543705258 | 2496279773338 | 2488934449144 | 2478174499606 | 2500725769542 | 2512868631442 | 2507204427598 | 2533083080554 | 2535955818630 | 2586849601076 | 2595533879822 | 2601554256964 | 2595112385502 | 2618148268788 | 2621472349210 | 2622722018618 | 2619845259772 | 2534310700376 | 2538808563382 | 2511860026728 | 2534577025812 | 2539982719092 | 2543943108850 | 2548028388932 | 2570939816796 | 2514511842648 | 2529787750438 | 2506176757058 | 2522309500100 | 2527353346570 | 2539436645018 | 2541710845934 | 2550586398828 | 2923525090460 | 2911285114946 | 2931752333094 | 2919348428230 | 2912115466728 | 2918998581070 | 2928113714058 | 2940475842616 | 2902536318604 | 2909110335404 | 2904126641962 | 2925550085614 | 2932757396166 | 2906739741854 | 2939486765982 | 2925156732446 | 2931093862502 | 2908378736640 | 2908906292422 | 2925651041222 | 2920144828276 | 2912289651570 | 2908377918550 | 2908178672906 | 2915794257636 | 2907283596776 | 2920816123576 | 2907218546934 | 2907749548314 | 2912735150598 | 2907837408580 | 2920091830786 | 2925911516918 | 2913074104278 | 2907226064834 | 2913067358318 | 2906460419746 | 2911247901536 | 2919851182898 | 2917171157134 | 2926505995140 | 2907162971934 | 2907269938508 | 2913093844986 | 2917102737614 | 2922591537944 | 2911617074522 | 2917420489672 | 2916042410424 | 2912147401228 | 2913688897262 | 2912869480274 | 2913189348680 | 2907030479652 | 2907088636738 | 2918868299048 | 2918542644134 | 2917995643030 | 2917810782276 | 2917077761520 | 2947386922376 | 2911921634258 | 2910809592158 | 2929522075220 | 2917816227950 | 2915150395612 | 2943948829640 | 2939999175386 | 2916224625340 | 2919537783448 | 2927836068820 | 2917946633472 | 2918999787964 | 2911991897412 | 2925277095598 | 2934522679478 | 2939999781394 | 2922824169694 | 2895304124388 | 2886323115286 |
| RETIRED_INSTRUCTIONS |   PMC0  | 2601912444227 | 1893719184596 | 1892298826694 | 1892688643484 | 1892659093015 | 1892918185247 | 1892980084428 | 1893111570654 | 1895015398180 | 1893995456153 | 1893424386244 | 1893652178567 | 1893970415651 | 1894704858319 | 1893995357522 | 1894320023529 | 1891739583837 | 1883696600663 | 1883619938574 | 1884033955273 | 1884083723155 | 1884069145240 | 1884985991788 | 1884127336613 | 1884152588453 | 1881487904309 | 1881652412200 | 1881515433070 | 1882006751466 | 1880956794582 | 1881416675044 | 1881452293519 | 1887277953154 | 1885326727448 | 1885554223587 | 1885178520390 | 1885240726484 | 1884851613840 | 1884193928684 | 1884675238347 | 1885388734654 | 1883300819025 | 1881516169655 | 1883645948251 | 1881162824813 | 1880584397693 | 1880467854899 | 1880754322356 | 1891269076384 | 1891836982739 | 1891863136576 | 1891717500213 | 1892180053222 | 1891699563761 | 1892036015009 | 1891665514185 | 1895681049073 | 1895664317888 | 1895917474280 | 1895262068782 | 1895943563418 | 1896191132057 | 1896281401740 | 1896607645308 | 1891223454907 | 1888896996925 | 1890310463295 | 1891331420838 | 1891904305056 | 1891208091911 | 1892098871180 | 1892022555297 | 1890911854694 | 1891193286379 | 1891272938073 | 1891034744478 | 1892411943446 | 1891733447660 | 1891789143652 | 1891469930300 | 1895264297547 | 1895803239025 | 1894718065288 | 1895716540196 | 1895720282596 | 1895124977122 | 1895489261982 | 1896079546681 | 1890886702822 | 1891396719368 | 1890456425821 | 1890756487758 | 1887801266636 | 1890713678536 | 1890045072147 | 1891558518665 | 1869131664162 | 1869365953270 | 1870490681032 | 1868710320002 | 1868757027732 | 1868644414574 | 1868492442674 | 1868991459005 | 1883769097568 | 1883184599969 | 1883925174426 | 1883487910555 | 1884102943481 | 1882094961794 | 1883703374858 | 1882078159408 | 1877305190384 | 1875942757228 | 1876483745106 | 1875718129960 | 1875434767687 | 1867799398457 | 1868379483676 | 1866862583954 | 1850836499975 | 1850136560785 | 1851650074671 | 1850137661180 | 1850427576978 | 1849836887225 | 1850070941392 | 1850051000496 | 1865754166426 | 1864914308592 | 1865187731262 | 1864445036658 | 1864680761717 | 1863565676904 | 1864257137681 | 1863433606003 | 1850129761863 | 1848730824172 | 1849635541383 | 1848193595475 | 1849147006574 | 1847945208829 | 1847945111546 | 1847853527650 | 1849425147109 | 1849900265210 | 1848977085813 | 1848579288787 | 1848573467700 | 1847647046884 | 1848089161998 | 1847958042043 | 1858905792546 | 1858295081125 | 1858745745914 | 1857531926220 | 1859194364442 | 1857003793763 | 1857509388292 | 1857350251239 | 1855623293431 | 1854368018838 | 1855975231898 | 1854985661038 | 1854161932056 | 1853075320384 | 1853713137904 | 1852810962924 | 1852030141003 | 1851454847927 | 1846433900810 | 1845051924034 | 1845459610683 | 1818166156067 | 1801001459555 | 1732697906850 |
|  CPU_CLOCKS_UNHALTED |   PMC1  | 3018520861397 | 2305431214167 | 2262193839332 | 2291968783907 | 2298225040868 | 2313446981759 | 2329724782863 | 2332202392853 | 2229080846591 | 2208056112538 | 2185117832474 | 2217908804720 | 2236815593304 | 2257891282229 | 2251264604736 | 2259001781821 | 2225501281716 | 2195634450792 | 2172613837947 | 2203418565097 | 2212102695456 | 2229185307760 | 2245786295046 | 2255385658354 | 1925723090610 | 1842012430627 | 1830150315532 | 1838617188374 | 1839896746584 | 1849830417546 | 1859184874798 | 1862903872783 | 1830259786124 | 1815238493195 | 1803748429921 | 1811815919411 | 1834676412462 | 1842647501185 | 1833298771462 | 1840446340175 | 1843193190777 | 1836496796292 | 1828448317491 | 1843280811705 | 1845498382140 | 1848189925174 | 1849309523966 | 1859042403578 | 3149434355166 | 3151129361750 | 3149892562806 | 3159224647184 | 3157094671126 | 3163094124732 | 3169277025079 | 3175107074907 | 3087130493285 | 3089025333660 | 3085504161536 | 3072491446319 | 3089952085844 | 3106385998854 | 3120506814394 | 3113126079020 | 3092685055367 | 3086141227432 | 3079775865955 | 3098053402675 | 3105011114985 | 3101793679340 | 3117172203554 | 3126256132888 | 3205427838726 | 3206967787716 | 3206970702074 | 3213526202377 | 3210847652471 | 3220073553986 | 3226437505829 | 3230428904479 | 3132240546225 | 3131026118801 | 3120366945073 | 3128073086601 | 3138807506739 | 3145937280785 | 3148611745879 | 3162142287498 | 3115359374261 | 3116282254636 | 3106043395009 | 3121527877419 | 3125310761865 | 3135239014534 | 3136632489661 | 3140180887023 | 3751680751995 | 3747705018456 | 3760647030373 | 3751627875484 | 3748714913379 | 3750591606414 | 3749587515996 | 3756367990931 | 3736905469351 | 3731430277857 | 3742432145028 | 3742955162394 | 3747070183063 | 3740496361212 | 3742016246308 | 3745257864616 | 3733750302420 | 3729716719736 | 3733178979699 | 3733888528816 | 3735220205183 | 3731907918889 | 3733234210851 | 3732706930912 | 3781255142095 | 3775277624530 | 3785591748596 | 3778875247524 | 3778735239620 | 3781728915963 | 3780194134592 | 3781980194754 | 3773258592610 | 3770126458217 | 3766578401430 | 3765014116993 | 3766876099030 | 3764052949902 | 3764021148652 | 3770137999572 | 3769949118196 | 3763002246742 | 3768630740260 | 3764061619691 | 3766041638751 | 3766266060852 | 3762895237620 | 3765040030604 | 3759799910955 | 3752195744636 | 3755936195165 | 3758417619926 | 3755786162236 | 3756273774541 | 3756798310699 | 3760646390195 | 3758280478459 | 3759278540563 | 3764387757811 | 3758169648813 | 3760550714171 | 3759461533812 | 3756332224236 | 3763106884997 | 3741017603676 | 3747280056143 | 3762527215616 | 3757229144602 | 3749731436120 | 3749446911934 | 3753437886797 | 3749846471609 | 3813118624755 | 3806675797586 | 3818452293588 | 3816290505511 | 3811966507406 | 3812310587311 | 3770911345241 | 3739445005101 |
|      CAS_CMD_RD      |  UMC0C0 |   90521009187 |             0 |             0 |             0 |             0 |             0 |             0 |             0 |             0 |             0 |             0 |             0 |             0 |             0 |             0 |             0 |             0 |             0 |             0 |             0 |             0 |             0 |             0 |             0 |             0 |             0 |             0 |             0 |             0 |             0 |             0 |             0 |             0 |             0 |             0 |             0 |             0 |             0 |             0 |             0 |             0 |             0 |             0 |             0 |             0 |             0 |             0 |             0 |             0 |             0 |             0 |             0 |             0 |             0 |             0 |             0 |             0 |             0 |             0 |             0 |             0 |             0 |             0 |             0 |             0 |             0 |             0 |             0 |             0 |             0 |             0 |             0 |             0 |             0 |             0 |             0 |             0 |             0 |             0 |             0 |             0 |             0 |             0 |             0 |             0 |             0 |             0 |             0 |             0 |             0 |             0 |             0 |             0 |             0 |             0 |             0 |   51439915411 |             0 |             0 |             0 |             0 |             0 |             0 |             0 |             0 |             0 |             0 |             0 |             0 |             0 |             0 |             0 |             0 |             0 |             0 |             0 |             0 |             0 |             0 |             0 |             0 |             0 |             0 |             0 |             0 |             0 |             0 |             0 |             0 |             0 |             0 |             0 |             0 |             0 |             0 |             0 |             0 |             0 |             0 |             0 |             0 |             0 |             0 |             0 |             0 |             0 |             0 |             0 |             0 |             0 |             0 |             0 |             0 |             0 |             0 |             0 |             0 |             0 |             0 |             0 |             0 |             0 |             0 |             0 |             0 |             0 |             0 |             0 |             0 |             0 |             0 |             0 |             0 |             0 |             0 |             0 |
|      CAS_CMD_WR      |  UMC0C1 |   35531298637 |             0 |             0 |             0 |             0 |             0 |             0 |             0 |             0 |             0 |             0 |             0 |             0 |             0 |             0 |             0 |             0 |             0 |             0 |             0 |             0 |             0 |             0 |             0 |             0 |             0 |             0 |             0 |             0 |             0 |             0 |             0 |             0 |             0 |             0 |             0 |             0 |             0 |             0 |             0 |             0 |             0 |             0 |             0 |             0 |             0 |             0 |             0 |             0 |             0 |             0 |             0 |             0 |             0 |             0 |             0 |             0 |             0 |             0 |             0 |             0 |             0 |             0 |             0 |             0 |             0 |             0 |             0 |             0 |             0 |             0 |             0 |             0 |             0 |             0 |             0 |             0 |             0 |             0 |             0 |             0 |             0 |             0 |             0 |             0 |             0 |             0 |             0 |             0 |             0 |             0 |             0 |             0 |             0 |             0 |             0 |   21452041131 |             0 |             0 |             0 |             0 |             0 |             0 |             0 |             0 |             0 |             0 |             0 |             0 |             0 |             0 |             0 |             0 |             0 |             0 |             0 |             0 |             0 |             0 |             0 |             0 |             0 |             0 |             0 |             0 |             0 |             0 |             0 |             0 |             0 |             0 |             0 |             0 |             0 |             0 |             0 |             0 |             0 |             0 |             0 |             0 |             0 |             0 |             0 |             0 |             0 |             0 |             0 |             0 |             0 |             0 |             0 |             0 |             0 |             0 |             0 |             0 |             0 |             0 |             0 |             0 |             0 |             0 |             0 |             0 |             0 |             0 |             0 |             0 |             0 |             0 |             0 |             0 |             0 |             0 |             0 |
|      CAS_CMD_RD      |  UMC1C0 |   90604110545 |             0 |             0 |             0 |             0 |             0 |             0 |             0 |             0 |             0 |             0 |             0 |             0 |             0 |             0 |             0 |             0 |             0 |             0 |             0 |             0 |             0 |             0 |             0 |             0 |             0 |             0 |             0 |             0 |             0 |             0 |             0 |             0 |             0 |             0 |             0 |             0 |             0 |             0 |             0 |             0 |             0 |             0 |             0 |             0 |             0 |             0 |             0 |             0 |             0 |             0 |             0 |             0 |             0 |             0 |             0 |             0 |             0 |             0 |             0 |             0 |             0 |             0 |             0 |             0 |             0 |             0 |             0 |             0 |             0 |             0 |             0 |             0 |             0 |             0 |             0 |             0 |             0 |             0 |             0 |             0 |             0 |             0 |             0 |             0 |             0 |             0 |             0 |             0 |             0 |             0 |             0 |             0 |             0 |             0 |             0 |   51544809058 |             0 |             0 |             0 |             0 |             0 |             0 |             0 |             0 |             0 |             0 |             0 |             0 |             0 |             0 |             0 |             0 |             0 |             0 |             0 |             0 |             0 |             0 |             0 |             0 |             0 |             0 |             0 |             0 |             0 |             0 |             0 |             0 |             0 |             0 |             0 |             0 |             0 |             0 |             0 |             0 |             0 |             0 |             0 |             0 |             0 |             0 |             0 |             0 |             0 |             0 |             0 |             0 |             0 |             0 |             0 |             0 |             0 |             0 |             0 |             0 |             0 |             0 |             0 |             0 |             0 |             0 |             0 |             0 |             0 |             0 |             0 |             0 |             0 |             0 |             0 |             0 |             0 |             0 |             0 |
|      CAS_CMD_WR      |  UMC1C1 |   35516589012 |             0 |             0 |             0 |             0 |             0 |             0 |             0 |             0 |             0 |             0 |             0 |             0 |             0 |             0 |             0 |             0 |             0 |             0 |             0 |             0 |             0 |             0 |             0 |             0 |             0 |             0 |             0 |             0 |             0 |             0 |             0 |             0 |             0 |             0 |             0 |             0 |             0 |             0 |             0 |             0 |             0 |             0 |             0 |             0 |             0 |             0 |             0 |             0 |             0 |             0 |             0 |             0 |             0 |             0 |             0 |             0 |             0 |             0 |             0 |             0 |             0 |             0 |             0 |             0 |             0 |             0 |             0 |             0 |             0 |             0 |             0 |             0 |             0 |             0 |             0 |             0 |             0 |             0 |             0 |             0 |             0 |             0 |             0 |             0 |             0 |             0 |             0 |             0 |             0 |             0 |             0 |             0 |             0 |             0 |             0 |   21445578348 |             0 |             0 |             0 |             0 |             0 |             0 |             0 |             0 |             0 |             0 |             0 |             0 |             0 |             0 |             0 |             0 |             0 |             0 |             0 |             0 |             0 |             0 |             0 |             0 |             0 |             0 |             0 |             0 |             0 |             0 |             0 |             0 |             0 |             0 |             0 |             0 |             0 |             0 |             0 |             0 |             0 |             0 |             0 |             0 |             0 |             0 |             0 |             0 |             0 |             0 |             0 |             0 |             0 |             0 |             0 |             0 |             0 |             0 |             0 |             0 |             0 |             0 |             0 |             0 |             0 |             0 |             0 |             0 |             0 |             0 |             0 |             0 |             0 |             0 |             0 |             0 |             0 |             0 |             0 |
|      CAS_CMD_RD      |  UMC2C0 |   90498893712 |             0 |             0 |             0 |             0 |             0 |             0 |             0 |             0 |             0 |             0 |             0 |             0 |             0 |             0 |             0 |             0 |             0 |             0 |             0 |             0 |             0 |             0 |             0 |             0 |             0 |             0 |             0 |             0 |             0 |             0 |             0 |             0 |             0 |             0 |             0 |             0 |             0 |             0 |             0 |             0 |             0 |             0 |             0 |             0 |             0 |             0 |             0 |             0 |             0 |             0 |             0 |             0 |             0 |             0 |             0 |             0 |             0 |             0 |             0 |             0 |             0 |             0 |             0 |             0 |             0 |             0 |             0 |             0 |             0 |             0 |             0 |             0 |             0 |             0 |             0 |             0 |             0 |             0 |             0 |             0 |             0 |             0 |             0 |             0 |             0 |             0 |             0 |             0 |             0 |             0 |             0 |             0 |             0 |             0 |             0 |   51309844557 |             0 |             0 |             0 |             0 |             0 |             0 |             0 |             0 |             0 |             0 |             0 |             0 |             0 |             0 |             0 |             0 |             0 |             0 |             0 |             0 |             0 |             0 |             0 |             0 |             0 |             0 |             0 |             0 |             0 |             0 |             0 |             0 |             0 |             0 |             0 |             0 |             0 |             0 |             0 |             0 |             0 |             0 |             0 |             0 |             0 |             0 |             0 |             0 |             0 |             0 |             0 |             0 |             0 |             0 |             0 |             0 |             0 |             0 |             0 |             0 |             0 |             0 |             0 |             0 |             0 |             0 |             0 |             0 |             0 |             0 |             0 |             0 |             0 |             0 |             0 |             0 |             0 |             0 |             0 |
|      CAS_CMD_WR      |  UMC2C1 |   35538906481 |             0 |             0 |             0 |             0 |             0 |             0 |             0 |             0 |             0 |             0 |             0 |             0 |             0 |             0 |             0 |             0 |             0 |             0 |             0 |             0 |             0 |             0 |             0 |             0 |             0 |             0 |             0 |             0 |             0 |             0 |             0 |             0 |             0 |             0 |             0 |             0 |             0 |             0 |             0 |             0 |             0 |             0 |             0 |             0 |             0 |             0 |             0 |             0 |             0 |             0 |             0 |             0 |             0 |             0 |             0 |             0 |             0 |             0 |             0 |             0 |             0 |             0 |             0 |             0 |             0 |             0 |             0 |             0 |             0 |             0 |             0 |             0 |             0 |             0 |             0 |             0 |             0 |             0 |             0 |             0 |             0 |             0 |             0 |             0 |             0 |             0 |             0 |             0 |             0 |             0 |             0 |             0 |             0 |             0 |             0 |   21462616956 |             0 |             0 |             0 |             0 |             0 |             0 |             0 |             0 |             0 |             0 |             0 |             0 |             0 |             0 |             0 |             0 |             0 |             0 |             0 |             0 |             0 |             0 |             0 |             0 |             0 |             0 |             0 |             0 |             0 |             0 |             0 |             0 |             0 |             0 |             0 |             0 |             0 |             0 |             0 |             0 |             0 |             0 |             0 |             0 |             0 |             0 |             0 |             0 |             0 |             0 |             0 |             0 |             0 |             0 |             0 |             0 |             0 |             0 |             0 |             0 |             0 |             0 |             0 |             0 |             0 |             0 |             0 |             0 |             0 |             0 |             0 |             0 |             0 |             0 |             0 |             0 |             0 |             0 |             0 |
|      CAS_CMD_RD      |  UMC3C0 |   90097313521 |             0 |             0 |             0 |             0 |             0 |             0 |             0 |             0 |             0 |             0 |             0 |             0 |             0 |             0 |             0 |             0 |             0 |             0 |             0 |             0 |             0 |             0 |             0 |             0 |             0 |             0 |             0 |             0 |             0 |             0 |             0 |             0 |             0 |             0 |             0 |             0 |             0 |             0 |             0 |             0 |             0 |             0 |             0 |             0 |             0 |             0 |             0 |             0 |             0 |             0 |             0 |             0 |             0 |             0 |             0 |             0 |             0 |             0 |             0 |             0 |             0 |             0 |             0 |             0 |             0 |             0 |             0 |             0 |             0 |             0 |             0 |             0 |             0 |             0 |             0 |             0 |             0 |             0 |             0 |             0 |             0 |             0 |             0 |             0 |             0 |             0 |             0 |             0 |             0 |             0 |             0 |             0 |             0 |             0 |             0 |   51456182172 |             0 |             0 |             0 |             0 |             0 |             0 |             0 |             0 |             0 |             0 |             0 |             0 |             0 |             0 |             0 |             0 |             0 |             0 |             0 |             0 |             0 |             0 |             0 |             0 |             0 |             0 |             0 |             0 |             0 |             0 |             0 |             0 |             0 |             0 |             0 |             0 |             0 |             0 |             0 |             0 |             0 |             0 |             0 |             0 |             0 |             0 |             0 |             0 |             0 |             0 |             0 |             0 |             0 |             0 |             0 |             0 |             0 |             0 |             0 |             0 |             0 |             0 |             0 |             0 |             0 |             0 |             0 |             0 |             0 |             0 |             0 |             0 |             0 |             0 |             0 |             0 |             0 |             0 |             0 |
|      CAS_CMD_WR      |  UMC3C1 |   35471388209 |             0 |             0 |             0 |             0 |             0 |             0 |             0 |             0 |             0 |             0 |             0 |             0 |             0 |             0 |             0 |             0 |             0 |             0 |             0 |             0 |             0 |             0 |             0 |             0 |             0 |             0 |             0 |             0 |             0 |             0 |             0 |             0 |             0 |             0 |             0 |             0 |             0 |             0 |             0 |             0 |             0 |             0 |             0 |             0 |             0 |             0 |             0 |             0 |             0 |             0 |             0 |             0 |             0 |             0 |             0 |             0 |             0 |             0 |             0 |             0 |             0 |             0 |             0 |             0 |             0 |             0 |             0 |             0 |             0 |             0 |             0 |             0 |             0 |             0 |             0 |             0 |             0 |             0 |             0 |             0 |             0 |             0 |             0 |             0 |             0 |             0 |             0 |             0 |             0 |             0 |             0 |             0 |             0 |             0 |             0 |   21437198826 |             0 |             0 |             0 |             0 |             0 |             0 |             0 |             0 |             0 |             0 |             0 |             0 |             0 |             0 |             0 |             0 |             0 |             0 |             0 |             0 |             0 |             0 |             0 |             0 |             0 |             0 |             0 |             0 |             0 |             0 |             0 |             0 |             0 |             0 |             0 |             0 |             0 |             0 |             0 |             0 |             0 |             0 |             0 |             0 |             0 |             0 |             0 |             0 |             0 |             0 |             0 |             0 |             0 |             0 |             0 |             0 |             0 |             0 |             0 |             0 |             0 |             0 |             0 |             0 |             0 |             0 |             0 |             0 |             0 |             0 |             0 |             0 |             0 |             0 |             0 |             0 |             0 |             0 |             0 |
|      CAS_CMD_RD      |  UMC4C0 |   91057395055 |             0 |             0 |             0 |             0 |             0 |             0 |             0 |             0 |             0 |             0 |             0 |             0 |             0 |             0 |             0 |             0 |             0 |             0 |             0 |             0 |             0 |             0 |             0 |             0 |             0 |             0 |             0 |             0 |             0 |             0 |             0 |             0 |             0 |             0 |             0 |             0 |             0 |             0 |             0 |             0 |             0 |             0 |             0 |             0 |             0 |             0 |             0 |             0 |             0 |             0 |             0 |             0 |             0 |             0 |             0 |             0 |             0 |             0 |             0 |             0 |             0 |             0 |             0 |             0 |             0 |             0 |             0 |             0 |             0 |             0 |             0 |             0 |             0 |             0 |             0 |             0 |             0 |             0 |             0 |             0 |             0 |             0 |             0 |             0 |             0 |             0 |             0 |             0 |             0 |             0 |             0 |             0 |             0 |             0 |             0 |   51543908559 |             0 |             0 |             0 |             0 |             0 |             0 |             0 |             0 |             0 |             0 |             0 |             0 |             0 |             0 |             0 |             0 |             0 |             0 |             0 |             0 |             0 |             0 |             0 |             0 |             0 |             0 |             0 |             0 |             0 |             0 |             0 |             0 |             0 |             0 |             0 |             0 |             0 |             0 |             0 |             0 |             0 |             0 |             0 |             0 |             0 |             0 |             0 |             0 |             0 |             0 |             0 |             0 |             0 |             0 |             0 |             0 |             0 |             0 |             0 |             0 |             0 |             0 |             0 |             0 |             0 |             0 |             0 |             0 |             0 |             0 |             0 |             0 |             0 |             0 |             0 |             0 |             0 |             0 |             0 |
|      CAS_CMD_WR      |  UMC4C1 |   35472561829 |             0 |             0 |             0 |             0 |             0 |             0 |             0 |             0 |             0 |             0 |             0 |             0 |             0 |             0 |             0 |             0 |             0 |             0 |             0 |             0 |             0 |             0 |             0 |             0 |             0 |             0 |             0 |             0 |             0 |             0 |             0 |             0 |             0 |             0 |             0 |             0 |             0 |             0 |             0 |             0 |             0 |             0 |             0 |             0 |             0 |             0 |             0 |             0 |             0 |             0 |             0 |             0 |             0 |             0 |             0 |             0 |             0 |             0 |             0 |             0 |             0 |             0 |             0 |             0 |             0 |             0 |             0 |             0 |             0 |             0 |             0 |             0 |             0 |             0 |             0 |             0 |             0 |             0 |             0 |             0 |             0 |             0 |             0 |             0 |             0 |             0 |             0 |             0 |             0 |             0 |             0 |             0 |             0 |             0 |             0 |   21411997018 |             0 |             0 |             0 |             0 |             0 |             0 |             0 |             0 |             0 |             0 |             0 |             0 |             0 |             0 |             0 |             0 |             0 |             0 |             0 |             0 |             0 |             0 |             0 |             0 |             0 |             0 |             0 |             0 |             0 |             0 |             0 |             0 |             0 |             0 |             0 |             0 |             0 |             0 |             0 |             0 |             0 |             0 |             0 |             0 |             0 |             0 |             0 |             0 |             0 |             0 |             0 |             0 |             0 |             0 |             0 |             0 |             0 |             0 |             0 |             0 |             0 |             0 |             0 |             0 |             0 |             0 |             0 |             0 |             0 |             0 |             0 |             0 |             0 |             0 |             0 |             0 |             0 |             0 |             0 |
|      CAS_CMD_RD      |  UMC5C0 |   90264831925 |             0 |             0 |             0 |             0 |             0 |             0 |             0 |             0 |             0 |             0 |             0 |             0 |             0 |             0 |             0 |             0 |             0 |             0 |             0 |             0 |             0 |             0 |             0 |             0 |             0 |             0 |             0 |             0 |             0 |             0 |             0 |             0 |             0 |             0 |             0 |             0 |             0 |             0 |             0 |             0 |             0 |             0 |             0 |             0 |             0 |             0 |             0 |             0 |             0 |             0 |             0 |             0 |             0 |             0 |             0 |             0 |             0 |             0 |             0 |             0 |             0 |             0 |             0 |             0 |             0 |             0 |             0 |             0 |             0 |             0 |             0 |             0 |             0 |             0 |             0 |             0 |             0 |             0 |             0 |             0 |             0 |             0 |             0 |             0 |             0 |             0 |             0 |             0 |             0 |             0 |             0 |             0 |             0 |             0 |             0 |   51340827012 |             0 |             0 |             0 |             0 |             0 |             0 |             0 |             0 |             0 |             0 |             0 |             0 |             0 |             0 |             0 |             0 |             0 |             0 |             0 |             0 |             0 |             0 |             0 |             0 |             0 |             0 |             0 |             0 |             0 |             0 |             0 |             0 |             0 |             0 |             0 |             0 |             0 |             0 |             0 |             0 |             0 |             0 |             0 |             0 |             0 |             0 |             0 |             0 |             0 |             0 |             0 |             0 |             0 |             0 |             0 |             0 |             0 |             0 |             0 |             0 |             0 |             0 |             0 |             0 |             0 |             0 |             0 |             0 |             0 |             0 |             0 |             0 |             0 |             0 |             0 |             0 |             0 |             0 |             0 |
|      CAS_CMD_WR      |  UMC5C1 |   35465457290 |             0 |             0 |             0 |             0 |             0 |             0 |             0 |             0 |             0 |             0 |             0 |             0 |             0 |             0 |             0 |             0 |             0 |             0 |             0 |             0 |             0 |             0 |             0 |             0 |             0 |             0 |             0 |             0 |             0 |             0 |             0 |             0 |             0 |             0 |             0 |             0 |             0 |             0 |             0 |             0 |             0 |             0 |             0 |             0 |             0 |             0 |             0 |             0 |             0 |             0 |             0 |             0 |             0 |             0 |             0 |             0 |             0 |             0 |             0 |             0 |             0 |             0 |             0 |             0 |             0 |             0 |             0 |             0 |             0 |             0 |             0 |             0 |             0 |             0 |             0 |             0 |             0 |             0 |             0 |             0 |             0 |             0 |             0 |             0 |             0 |             0 |             0 |             0 |             0 |             0 |             0 |             0 |             0 |             0 |             0 |   21426002851 |             0 |             0 |             0 |             0 |             0 |             0 |             0 |             0 |             0 |             0 |             0 |             0 |             0 |             0 |             0 |             0 |             0 |             0 |             0 |             0 |             0 |             0 |             0 |             0 |             0 |             0 |             0 |             0 |             0 |             0 |             0 |             0 |             0 |             0 |             0 |             0 |             0 |             0 |             0 |             0 |             0 |             0 |             0 |             0 |             0 |             0 |             0 |             0 |             0 |             0 |             0 |             0 |             0 |             0 |             0 |             0 |             0 |             0 |             0 |             0 |             0 |             0 |             0 |             0 |             0 |             0 |             0 |             0 |             0 |             0 |             0 |             0 |             0 |             0 |             0 |             0 |             0 |             0 |             0 |
|      CAS_CMD_RD      |  UMC6C0 |   91420643019 |             0 |             0 |             0 |             0 |             0 |             0 |             0 |             0 |             0 |             0 |             0 |             0 |             0 |             0 |             0 |             0 |             0 |             0 |             0 |             0 |             0 |             0 |             0 |             0 |             0 |             0 |             0 |             0 |             0 |             0 |             0 |             0 |             0 |             0 |             0 |             0 |             0 |             0 |             0 |             0 |             0 |             0 |             0 |             0 |             0 |             0 |             0 |             0 |             0 |             0 |             0 |             0 |             0 |             0 |             0 |             0 |             0 |             0 |             0 |             0 |             0 |             0 |             0 |             0 |             0 |             0 |             0 |             0 |             0 |             0 |             0 |             0 |             0 |             0 |             0 |             0 |             0 |             0 |             0 |             0 |             0 |             0 |             0 |             0 |             0 |             0 |             0 |             0 |             0 |             0 |             0 |             0 |             0 |             0 |             0 |   51727307726 |             0 |             0 |             0 |             0 |             0 |             0 |             0 |             0 |             0 |             0 |             0 |             0 |             0 |             0 |             0 |             0 |             0 |             0 |             0 |             0 |             0 |             0 |             0 |             0 |             0 |             0 |             0 |             0 |             0 |             0 |             0 |             0 |             0 |             0 |             0 |             0 |             0 |             0 |             0 |             0 |             0 |             0 |             0 |             0 |             0 |             0 |             0 |             0 |             0 |             0 |             0 |             0 |             0 |             0 |             0 |             0 |             0 |             0 |             0 |             0 |             0 |             0 |             0 |             0 |             0 |             0 |             0 |             0 |             0 |             0 |             0 |             0 |             0 |             0 |             0 |             0 |             0 |             0 |             0 |
|      CAS_CMD_WR      |  UMC6C1 |   35556436170 |             0 |             0 |             0 |             0 |             0 |             0 |             0 |             0 |             0 |             0 |             0 |             0 |             0 |             0 |             0 |             0 |             0 |             0 |             0 |             0 |             0 |             0 |             0 |             0 |             0 |             0 |             0 |             0 |             0 |             0 |             0 |             0 |             0 |             0 |             0 |             0 |             0 |             0 |             0 |             0 |             0 |             0 |             0 |             0 |             0 |             0 |             0 |             0 |             0 |             0 |             0 |             0 |             0 |             0 |             0 |             0 |             0 |             0 |             0 |             0 |             0 |             0 |             0 |             0 |             0 |             0 |             0 |             0 |             0 |             0 |             0 |             0 |             0 |             0 |             0 |             0 |             0 |             0 |             0 |             0 |             0 |             0 |             0 |             0 |             0 |             0 |             0 |             0 |             0 |             0 |             0 |             0 |             0 |             0 |             0 |   21450345952 |             0 |             0 |             0 |             0 |             0 |             0 |             0 |             0 |             0 |             0 |             0 |             0 |             0 |             0 |             0 |             0 |             0 |             0 |             0 |             0 |             0 |             0 |             0 |             0 |             0 |             0 |             0 |             0 |             0 |             0 |             0 |             0 |             0 |             0 |             0 |             0 |             0 |             0 |             0 |             0 |             0 |             0 |             0 |             0 |             0 |             0 |             0 |             0 |             0 |             0 |             0 |             0 |             0 |             0 |             0 |             0 |             0 |             0 |             0 |             0 |             0 |             0 |             0 |             0 |             0 |             0 |             0 |             0 |             0 |             0 |             0 |             0 |             0 |             0 |             0 |             0 |             0 |             0 |             0 |
|      CAS_CMD_RD      |  UMC7C0 |   90176827782 |             0 |             0 |             0 |             0 |             0 |             0 |             0 |             0 |             0 |             0 |             0 |             0 |             0 |             0 |             0 |             0 |             0 |             0 |             0 |             0 |             0 |             0 |             0 |             0 |             0 |             0 |             0 |             0 |             0 |             0 |             0 |             0 |             0 |             0 |             0 |             0 |             0 |             0 |             0 |             0 |             0 |             0 |             0 |             0 |             0 |             0 |             0 |             0 |             0 |             0 |             0 |             0 |             0 |             0 |             0 |             0 |             0 |             0 |             0 |             0 |             0 |             0 |             0 |             0 |             0 |             0 |             0 |             0 |             0 |             0 |             0 |             0 |             0 |             0 |             0 |             0 |             0 |             0 |             0 |             0 |             0 |             0 |             0 |             0 |             0 |             0 |             0 |             0 |             0 |             0 |             0 |             0 |             0 |             0 |             0 |   51452373276 |             0 |             0 |             0 |             0 |             0 |             0 |             0 |             0 |             0 |             0 |             0 |             0 |             0 |             0 |             0 |             0 |             0 |             0 |             0 |             0 |             0 |             0 |             0 |             0 |             0 |             0 |             0 |             0 |             0 |             0 |             0 |             0 |             0 |             0 |             0 |             0 |             0 |             0 |             0 |             0 |             0 |             0 |             0 |             0 |             0 |             0 |             0 |             0 |             0 |             0 |             0 |             0 |             0 |             0 |             0 |             0 |             0 |             0 |             0 |             0 |             0 |             0 |             0 |             0 |             0 |             0 |             0 |             0 |             0 |             0 |             0 |             0 |             0 |             0 |             0 |             0 |             0 |             0 |             0 |
|      CAS_CMD_WR      |  UMC7C1 |   35514818282 |             0 |             0 |             0 |             0 |             0 |             0 |             0 |             0 |             0 |             0 |             0 |             0 |             0 |             0 |             0 |             0 |             0 |             0 |             0 |             0 |             0 |             0 |             0 |             0 |             0 |             0 |             0 |             0 |             0 |             0 |             0 |             0 |             0 |             0 |             0 |             0 |             0 |             0 |             0 |             0 |             0 |             0 |             0 |             0 |             0 |             0 |             0 |             0 |             0 |             0 |             0 |             0 |             0 |             0 |             0 |             0 |             0 |             0 |             0 |             0 |             0 |             0 |             0 |             0 |             0 |             0 |             0 |             0 |             0 |             0 |             0 |             0 |             0 |             0 |             0 |             0 |             0 |             0 |             0 |             0 |             0 |             0 |             0 |             0 |             0 |             0 |             0 |             0 |             0 |             0 |             0 |             0 |             0 |             0 |             0 |   21439076168 |             0 |             0 |             0 |             0 |             0 |             0 |             0 |             0 |             0 |             0 |             0 |             0 |             0 |             0 |             0 |             0 |             0 |             0 |             0 |             0 |             0 |             0 |             0 |             0 |             0 |             0 |             0 |             0 |             0 |             0 |             0 |             0 |             0 |             0 |             0 |             0 |             0 |             0 |             0 |             0 |             0 |             0 |             0 |             0 |             0 |             0 |             0 |             0 |             0 |             0 |             0 |             0 |             0 |             0 |             0 |             0 |             0 |             0 |             0 |             0 |             0 |             0 |             0 |             0 |             0 |             0 |             0 |             0 |             0 |             0 |             0 |             0 |             0 |             0 |             0 |             0 |             0 |             0 |             0 |
|      CAS_CMD_RD      |  UMC8C0 |   91172397729 |             0 |             0 |             0 |             0 |             0 |             0 |             0 |             0 |             0 |             0 |             0 |             0 |             0 |             0 |             0 |             0 |             0 |             0 |             0 |             0 |             0 |             0 |             0 |             0 |             0 |             0 |             0 |             0 |             0 |             0 |             0 |             0 |             0 |             0 |             0 |             0 |             0 |             0 |             0 |             0 |             0 |             0 |             0 |             0 |             0 |             0 |             0 |             0 |             0 |             0 |             0 |             0 |             0 |             0 |             0 |             0 |             0 |             0 |             0 |             0 |             0 |             0 |             0 |             0 |             0 |             0 |             0 |             0 |             0 |             0 |             0 |             0 |             0 |             0 |             0 |             0 |             0 |             0 |             0 |             0 |             0 |             0 |             0 |             0 |             0 |             0 |             0 |             0 |             0 |             0 |             0 |             0 |             0 |             0 |             0 |   51435183963 |             0 |             0 |             0 |             0 |             0 |             0 |             0 |             0 |             0 |             0 |             0 |             0 |             0 |             0 |             0 |             0 |             0 |             0 |             0 |             0 |             0 |             0 |             0 |             0 |             0 |             0 |             0 |             0 |             0 |             0 |             0 |             0 |             0 |             0 |             0 |             0 |             0 |             0 |             0 |             0 |             0 |             0 |             0 |             0 |             0 |             0 |             0 |             0 |             0 |             0 |             0 |             0 |             0 |             0 |             0 |             0 |             0 |             0 |             0 |             0 |             0 |             0 |             0 |             0 |             0 |             0 |             0 |             0 |             0 |             0 |             0 |             0 |             0 |             0 |             0 |             0 |             0 |             0 |             0 |
|      CAS_CMD_WR      |  UMC8C1 |   35542823823 |             0 |             0 |             0 |             0 |             0 |             0 |             0 |             0 |             0 |             0 |             0 |             0 |             0 |             0 |             0 |             0 |             0 |             0 |             0 |             0 |             0 |             0 |             0 |             0 |             0 |             0 |             0 |             0 |             0 |             0 |             0 |             0 |             0 |             0 |             0 |             0 |             0 |             0 |             0 |             0 |             0 |             0 |             0 |             0 |             0 |             0 |             0 |             0 |             0 |             0 |             0 |             0 |             0 |             0 |             0 |             0 |             0 |             0 |             0 |             0 |             0 |             0 |             0 |             0 |             0 |             0 |             0 |             0 |             0 |             0 |             0 |             0 |             0 |             0 |             0 |             0 |             0 |             0 |             0 |             0 |             0 |             0 |             0 |             0 |             0 |             0 |             0 |             0 |             0 |             0 |             0 |             0 |             0 |             0 |             0 |   21457419192 |             0 |             0 |             0 |             0 |             0 |             0 |             0 |             0 |             0 |             0 |             0 |             0 |             0 |             0 |             0 |             0 |             0 |             0 |             0 |             0 |             0 |             0 |             0 |             0 |             0 |             0 |             0 |             0 |             0 |             0 |             0 |             0 |             0 |             0 |             0 |             0 |             0 |             0 |             0 |             0 |             0 |             0 |             0 |             0 |             0 |             0 |             0 |             0 |             0 |             0 |             0 |             0 |             0 |             0 |             0 |             0 |             0 |             0 |             0 |             0 |             0 |             0 |             0 |             0 |             0 |             0 |             0 |             0 |             0 |             0 |             0 |             0 |             0 |             0 |             0 |             0 |             0 |             0 |             0 |
|      CAS_CMD_RD      |  UMC9C0 |   90386360593 |             0 |             0 |             0 |             0 |             0 |             0 |             0 |             0 |             0 |             0 |             0 |             0 |             0 |             0 |             0 |             0 |             0 |             0 |             0 |             0 |             0 |             0 |             0 |             0 |             0 |             0 |             0 |             0 |             0 |             0 |             0 |             0 |             0 |             0 |             0 |             0 |             0 |             0 |             0 |             0 |             0 |             0 |             0 |             0 |             0 |             0 |             0 |             0 |             0 |             0 |             0 |             0 |             0 |             0 |             0 |             0 |             0 |             0 |             0 |             0 |             0 |             0 |             0 |             0 |             0 |             0 |             0 |             0 |             0 |             0 |             0 |             0 |             0 |             0 |             0 |             0 |             0 |             0 |             0 |             0 |             0 |             0 |             0 |             0 |             0 |             0 |             0 |             0 |             0 |             0 |             0 |             0 |             0 |             0 |             0 |   52209972897 |             0 |             0 |             0 |             0 |             0 |             0 |             0 |             0 |             0 |             0 |             0 |             0 |             0 |             0 |             0 |             0 |             0 |             0 |             0 |             0 |             0 |             0 |             0 |             0 |             0 |             0 |             0 |             0 |             0 |             0 |             0 |             0 |             0 |             0 |             0 |             0 |             0 |             0 |             0 |             0 |             0 |             0 |             0 |             0 |             0 |             0 |             0 |             0 |             0 |             0 |             0 |             0 |             0 |             0 |             0 |             0 |             0 |             0 |             0 |             0 |             0 |             0 |             0 |             0 |             0 |             0 |             0 |             0 |             0 |             0 |             0 |             0 |             0 |             0 |             0 |             0 |             0 |             0 |             0 |
|      CAS_CMD_WR      |  UMC9C1 |   35515560028 |             0 |             0 |             0 |             0 |             0 |             0 |             0 |             0 |             0 |             0 |             0 |             0 |             0 |             0 |             0 |             0 |             0 |             0 |             0 |             0 |             0 |             0 |             0 |             0 |             0 |             0 |             0 |             0 |             0 |             0 |             0 |             0 |             0 |             0 |             0 |             0 |             0 |             0 |             0 |             0 |             0 |             0 |             0 |             0 |             0 |             0 |             0 |             0 |             0 |             0 |             0 |             0 |             0 |             0 |             0 |             0 |             0 |             0 |             0 |             0 |             0 |             0 |             0 |             0 |             0 |             0 |             0 |             0 |             0 |             0 |             0 |             0 |             0 |             0 |             0 |             0 |             0 |             0 |             0 |             0 |             0 |             0 |             0 |             0 |             0 |             0 |             0 |             0 |             0 |             0 |             0 |             0 |             0 |             0 |             0 |   21446298416 |             0 |             0 |             0 |             0 |             0 |             0 |             0 |             0 |             0 |             0 |             0 |             0 |             0 |             0 |             0 |             0 |             0 |             0 |             0 |             0 |             0 |             0 |             0 |             0 |             0 |             0 |             0 |             0 |             0 |             0 |             0 |             0 |             0 |             0 |             0 |             0 |             0 |             0 |             0 |             0 |             0 |             0 |             0 |             0 |             0 |             0 |             0 |             0 |             0 |             0 |             0 |             0 |             0 |             0 |             0 |             0 |             0 |             0 |             0 |             0 |             0 |             0 |             0 |             0 |             0 |             0 |             0 |             0 |             0 |             0 |             0 |             0 |             0 |             0 |             0 |             0 |             0 |             0 |             0 |
|      CAS_CMD_RD      | UMC10C0 |   90482834198 |             0 |             0 |             0 |             0 |             0 |             0 |             0 |             0 |             0 |             0 |             0 |             0 |             0 |             0 |             0 |             0 |             0 |             0 |             0 |             0 |             0 |             0 |             0 |             0 |             0 |             0 |             0 |             0 |             0 |             0 |             0 |             0 |             0 |             0 |             0 |             0 |             0 |             0 |             0 |             0 |             0 |             0 |             0 |             0 |             0 |             0 |             0 |             0 |             0 |             0 |             0 |             0 |             0 |             0 |             0 |             0 |             0 |             0 |             0 |             0 |             0 |             0 |             0 |             0 |             0 |             0 |             0 |             0 |             0 |             0 |             0 |             0 |             0 |             0 |             0 |             0 |             0 |             0 |             0 |             0 |             0 |             0 |             0 |             0 |             0 |             0 |             0 |             0 |             0 |             0 |             0 |             0 |             0 |             0 |             0 |   51370080545 |             0 |             0 |             0 |             0 |             0 |             0 |             0 |             0 |             0 |             0 |             0 |             0 |             0 |             0 |             0 |             0 |             0 |             0 |             0 |             0 |             0 |             0 |             0 |             0 |             0 |             0 |             0 |             0 |             0 |             0 |             0 |             0 |             0 |             0 |             0 |             0 |             0 |             0 |             0 |             0 |             0 |             0 |             0 |             0 |             0 |             0 |             0 |             0 |             0 |             0 |             0 |             0 |             0 |             0 |             0 |             0 |             0 |             0 |             0 |             0 |             0 |             0 |             0 |             0 |             0 |             0 |             0 |             0 |             0 |             0 |             0 |             0 |             0 |             0 |             0 |             0 |             0 |             0 |             0 |
|      CAS_CMD_WR      | UMC10C1 |   35555278109 |             0 |             0 |             0 |             0 |             0 |             0 |             0 |             0 |             0 |             0 |             0 |             0 |             0 |             0 |             0 |             0 |             0 |             0 |             0 |             0 |             0 |             0 |             0 |             0 |             0 |             0 |             0 |             0 |             0 |             0 |             0 |             0 |             0 |             0 |             0 |             0 |             0 |             0 |             0 |             0 |             0 |             0 |             0 |             0 |             0 |             0 |             0 |             0 |             0 |             0 |             0 |             0 |             0 |             0 |             0 |             0 |             0 |             0 |             0 |             0 |             0 |             0 |             0 |             0 |             0 |             0 |             0 |             0 |             0 |             0 |             0 |             0 |             0 |             0 |             0 |             0 |             0 |             0 |             0 |             0 |             0 |             0 |             0 |             0 |             0 |             0 |             0 |             0 |             0 |             0 |             0 |             0 |             0 |             0 |             0 |   21430113605 |             0 |             0 |             0 |             0 |             0 |             0 |             0 |             0 |             0 |             0 |             0 |             0 |             0 |             0 |             0 |             0 |             0 |             0 |             0 |             0 |             0 |             0 |             0 |             0 |             0 |             0 |             0 |             0 |             0 |             0 |             0 |             0 |             0 |             0 |             0 |             0 |             0 |             0 |             0 |             0 |             0 |             0 |             0 |             0 |             0 |             0 |             0 |             0 |             0 |             0 |             0 |             0 |             0 |             0 |             0 |             0 |             0 |             0 |             0 |             0 |             0 |             0 |             0 |             0 |             0 |             0 |             0 |             0 |             0 |             0 |             0 |             0 |             0 |             0 |             0 |             0 |             0 |             0 |             0 |
|      CAS_CMD_RD      | UMC11C0 |   90311912892 |             0 |             0 |             0 |             0 |             0 |             0 |             0 |             0 |             0 |             0 |             0 |             0 |             0 |             0 |             0 |             0 |             0 |             0 |             0 |             0 |             0 |             0 |             0 |             0 |             0 |             0 |             0 |             0 |             0 |             0 |             0 |             0 |             0 |             0 |             0 |             0 |             0 |             0 |             0 |             0 |             0 |             0 |             0 |             0 |             0 |             0 |             0 |             0 |             0 |             0 |             0 |             0 |             0 |             0 |             0 |             0 |             0 |             0 |             0 |             0 |             0 |             0 |             0 |             0 |             0 |             0 |             0 |             0 |             0 |             0 |             0 |             0 |             0 |             0 |             0 |             0 |             0 |             0 |             0 |             0 |             0 |             0 |             0 |             0 |             0 |             0 |             0 |             0 |             0 |             0 |             0 |             0 |             0 |             0 |             0 |   51850357086 |             0 |             0 |             0 |             0 |             0 |             0 |             0 |             0 |             0 |             0 |             0 |             0 |             0 |             0 |             0 |             0 |             0 |             0 |             0 |             0 |             0 |             0 |             0 |             0 |             0 |             0 |             0 |             0 |             0 |             0 |             0 |             0 |             0 |             0 |             0 |             0 |             0 |             0 |             0 |             0 |             0 |             0 |             0 |             0 |             0 |             0 |             0 |             0 |             0 |             0 |             0 |             0 |             0 |             0 |             0 |             0 |             0 |             0 |             0 |             0 |             0 |             0 |             0 |             0 |             0 |             0 |             0 |             0 |             0 |             0 |             0 |             0 |             0 |             0 |             0 |             0 |             0 |             0 |             0 |
|      CAS_CMD_WR      | UMC11C1 |   35531000627 |             0 |             0 |             0 |             0 |             0 |             0 |             0 |             0 |             0 |             0 |             0 |             0 |             0 |             0 |             0 |             0 |             0 |             0 |             0 |             0 |             0 |             0 |             0 |             0 |             0 |             0 |             0 |             0 |             0 |             0 |             0 |             0 |             0 |             0 |             0 |             0 |             0 |             0 |             0 |             0 |             0 |             0 |             0 |             0 |             0 |             0 |             0 |             0 |             0 |             0 |             0 |             0 |             0 |             0 |             0 |             0 |             0 |             0 |             0 |             0 |             0 |             0 |             0 |             0 |             0 |             0 |             0 |             0 |             0 |             0 |             0 |             0 |             0 |             0 |             0 |             0 |             0 |             0 |             0 |             0 |             0 |             0 |             0 |             0 |             0 |             0 |             0 |             0 |             0 |             0 |             0 |             0 |             0 |             0 |             0 |   21431727667 |             0 |             0 |             0 |             0 |             0 |             0 |             0 |             0 |             0 |             0 |             0 |             0 |             0 |             0 |             0 |             0 |             0 |             0 |             0 |             0 |             0 |             0 |             0 |             0 |             0 |             0 |             0 |             0 |             0 |             0 |             0 |             0 |             0 |             0 |             0 |             0 |             0 |             0 |             0 |             0 |             0 |             0 |             0 |             0 |             0 |             0 |             0 |             0 |             0 |             0 |             0 |             0 |             0 |             0 |             0 |             0 |             0 |             0 |             0 |             0 |             0 |             0 |             0 |             0 |             0 |             0 |             0 |             0 |             0 |             0 |             0 |             0 |             0 |             0 |             0 |             0 |             0 |             0 |             0 |
+----------------------+---------+---------------+---------------+---------------+---------------+---------------+---------------+---------------+---------------+---------------+---------------+---------------+---------------+---------------+---------------+---------------+---------------+---------------+---------------+---------------+---------------+---------------+---------------+---------------+---------------+---------------+---------------+---------------+---------------+---------------+---------------+---------------+---------------+---------------+---------------+---------------+---------------+---------------+---------------+---------------+---------------+---------------+---------------+---------------+---------------+---------------+---------------+---------------+---------------+---------------+---------------+---------------+---------------+---------------+---------------+---------------+---------------+---------------+---------------+---------------+---------------+---------------+---------------+---------------+---------------+---------------+---------------+---------------+---------------+---------------+---------------+---------------+---------------+---------------+---------------+---------------+---------------+---------------+---------------+---------------+---------------+---------------+---------------+---------------+---------------+---------------+---------------+---------------+---------------+---------------+---------------+---------------+---------------+---------------+---------------+---------------+---------------+---------------+---------------+---------------+---------------+---------------+---------------+---------------+---------------+---------------+---------------+---------------+---------------+---------------+---------------+---------------+---------------+---------------+---------------+---------------+---------------+---------------+---------------+---------------+---------------+---------------+---------------+---------------+---------------+---------------+---------------+---------------+---------------+---------------+---------------+---------------+---------------+---------------+---------------+---------------+---------------+---------------+---------------+---------------+---------------+---------------+---------------+---------------+---------------+---------------+---------------+---------------+---------------+---------------+---------------+---------------+---------------+---------------+---------------+---------------+---------------+---------------+---------------+---------------+---------------+---------------+---------------+---------------+---------------+---------------+---------------+---------------+---------------+---------------+---------------+---------------+---------------+---------------+---------------+---------------+---------------+

+---------------------------+---------+-----------------+---------------+---------------+--------------+
|           Event           | Counter |       Sum       |      Min      |      Max      |      Avg     |
+---------------------------+---------+-----------------+---------------+---------------+--------------+
|   ACTUAL_CPU_CLOCK STAT   |  FIXC1  | 613874829834945 | 1975552207931 | 4161719996821 | 3.487925e+12 |
|     MAX_CPU_CLOCK STAT    |  FIXC2  | 448935477903354 | 1787161954422 | 2947386922376 | 2.550770e+12 |
| RETIRED_INSTRUCTIONS STAT |   PMC0  | 330722162063378 | 1732697906850 | 2601912444227 | 1.879103e+12 |
|  CPU_CLOCKS_UNHALTED STAT |   PMC1  | 550473905627534 | 1803748429921 | 3818452293588 |      nil     |
|      CAS_CMD_RD STAT      |  UMC0C0 |    141960924598 |             0 |   90521009187 | 8.065962e+08 |
|      CAS_CMD_WR STAT      |  UMC0C1 |     56983339768 |             0 |   35531298637 | 3.237690e+08 |
|      CAS_CMD_RD STAT      |  UMC1C0 |    142148919603 |             0 |   90604110545 | 8.076643e+08 |
|      CAS_CMD_WR STAT      |  UMC1C1 |     56962167360 |             0 |   35516589012 | 3.236487e+08 |
|      CAS_CMD_RD STAT      |  UMC2C0 |    141808738269 |             0 |   90498893712 | 8.057315e+08 |
|      CAS_CMD_WR STAT      |  UMC2C1 |     57001523437 |             0 |   35538906481 | 3.238723e+08 |
|      CAS_CMD_RD STAT      |  UMC3C0 |    141553495693 |             0 |   90097313521 | 8.042812e+08 |
|      CAS_CMD_WR STAT      |  UMC3C1 |     56908587035 |             0 |   35471388209 | 3.233442e+08 |
|      CAS_CMD_RD STAT      |  UMC4C0 |    142601303614 |             0 |   91057395055 | 8.102347e+08 |
|      CAS_CMD_WR STAT      |  UMC4C1 |     56884558847 |             0 |   35472561829 | 3.232077e+08 |
|      CAS_CMD_RD STAT      |  UMC5C0 |    141605658937 |             0 |   90264831925 | 8.045776e+08 |
|      CAS_CMD_WR STAT      |  UMC5C1 |     56891460141 |             0 |   35465457290 | 3.232469e+08 |
|      CAS_CMD_RD STAT      |  UMC6C0 |    143147950745 |             0 |   91420643019 | 8.133406e+08 |
|      CAS_CMD_WR STAT      |  UMC6C1 |     57006782122 |             0 |   35556436170 | 3.239022e+08 |
|      CAS_CMD_RD STAT      |  UMC7C0 |    141629201058 |             0 |   90176827782 | 8.047114e+08 |
|      CAS_CMD_WR STAT      |  UMC7C1 |     56953894450 |             0 |   35514818282 | 3.236017e+08 |
|      CAS_CMD_RD STAT      |  UMC8C0 |    142607581692 |             0 |   91172397729 | 8.102704e+08 |
|      CAS_CMD_WR STAT      |  UMC8C1 |     57000243015 |             0 |   35542823823 | 3.238650e+08 |
|      CAS_CMD_RD STAT      |  UMC9C0 |    142596333490 |             0 |   90386360593 | 8.102064e+08 |
|      CAS_CMD_WR STAT      |  UMC9C1 |     56961858444 |             0 |   35515560028 | 3.236469e+08 |
|      CAS_CMD_RD STAT      | UMC10C0 |    141852914743 |             0 |   90482834198 | 8.059825e+08 |
|      CAS_CMD_WR STAT      | UMC10C1 |     56985391714 |             0 |   35555278109 | 3.237806e+08 |
|      CAS_CMD_RD STAT      | UMC11C0 |    142162269978 |             0 |   90311912892 | 8.077402e+08 |
|      CAS_CMD_WR STAT      | UMC11C1 |     56962728294 |             0 |   35531000627 | 3.236519e+08 |
+---------------------------+---------+-----------------+---------------+---------------+--------------+

+-----------------------------------+------------+------------+------------+------------+------------+------------+------------+------------+------------+------------+-------------+-------------+-------------+-------------+-------------+-------------+-------------+-------------+-------------+-------------+-------------+-------------+-------------+-------------+-------------+-------------+-------------+-------------+-------------+-------------+-------------+-------------+-------------+-------------+-------------+-------------+-------------+-------------+-------------+-------------+-------------+-------------+-------------+-------------+-------------+-------------+-------------+-------------+-------------+-------------+-------------+-------------+-------------+-------------+-------------+-------------+-------------+-------------+-------------+-------------+-------------+-------------+-------------+-------------+-------------+-------------+-------------+-------------+-------------+-------------+-------------+-------------+-------------+-------------+-------------+-------------+-------------+-------------+-------------+-------------+-------------+-------------+-------------+-------------+-------------+-------------+-------------+-------------+-------------+-------------+-------------+-------------+-------------+-------------+-------------+-------------+-------------+-------------+-------------+-------------+--------------+--------------+--------------+--------------+--------------+--------------+--------------+--------------+--------------+--------------+--------------+--------------+--------------+--------------+--------------+--------------+--------------+--------------+--------------+--------------+--------------+--------------+--------------+--------------+--------------+--------------+--------------+--------------+--------------+--------------+--------------+--------------+--------------+--------------+--------------+--------------+--------------+--------------+--------------+--------------+--------------+--------------+--------------+--------------+--------------+--------------+--------------+--------------+--------------+--------------+--------------+--------------+--------------+--------------+--------------+--------------+--------------+--------------+--------------+--------------+--------------+--------------+--------------+--------------+--------------+--------------+--------------+--------------+--------------+--------------+--------------+--------------+--------------+--------------+--------------+--------------+
|               Metric              | HWThread 0 | HWThread 1 | HWThread 2 | HWThread 3 | HWThread 4 | HWThread 5 | HWThread 6 | HWThread 7 | HWThread 8 | HWThread 9 | HWThread 10 | HWThread 11 | HWThread 12 | HWThread 13 | HWThread 14 | HWThread 15 | HWThread 16 | HWThread 17 | HWThread 18 | HWThread 19 | HWThread 20 | HWThread 21 | HWThread 22 | HWThread 23 | HWThread 24 | HWThread 25 | HWThread 26 | HWThread 27 | HWThread 28 | HWThread 29 | HWThread 30 | HWThread 31 | HWThread 32 | HWThread 33 | HWThread 34 | HWThread 35 | HWThread 36 | HWThread 37 | HWThread 38 | HWThread 39 | HWThread 40 | HWThread 41 | HWThread 42 | HWThread 43 | HWThread 44 | HWThread 45 | HWThread 46 | HWThread 47 | HWThread 48 | HWThread 49 | HWThread 50 | HWThread 51 | HWThread 52 | HWThread 53 | HWThread 54 | HWThread 55 | HWThread 56 | HWThread 57 | HWThread 58 | HWThread 59 | HWThread 60 | HWThread 61 | HWThread 62 | HWThread 63 | HWThread 64 | HWThread 65 | HWThread 66 | HWThread 67 | HWThread 68 | HWThread 69 | HWThread 70 | HWThread 71 | HWThread 72 | HWThread 73 | HWThread 74 | HWThread 75 | HWThread 76 | HWThread 77 | HWThread 78 | HWThread 79 | HWThread 80 | HWThread 81 | HWThread 82 | HWThread 83 | HWThread 84 | HWThread 85 | HWThread 86 | HWThread 87 | HWThread 88 | HWThread 89 | HWThread 90 | HWThread 91 | HWThread 92 | HWThread 93 | HWThread 94 | HWThread 95 | HWThread 96 | HWThread 97 | HWThread 98 | HWThread 99 | HWThread 100 | HWThread 101 | HWThread 102 | HWThread 103 | HWThread 104 | HWThread 105 | HWThread 106 | HWThread 107 | HWThread 108 | HWThread 109 | HWThread 110 | HWThread 111 | HWThread 112 | HWThread 113 | HWThread 114 | HWThread 115 | HWThread 116 | HWThread 117 | HWThread 118 | HWThread 119 | HWThread 120 | HWThread 121 | HWThread 122 | HWThread 123 | HWThread 124 | HWThread 125 | HWThread 126 | HWThread 127 | HWThread 128 | HWThread 129 | HWThread 130 | HWThread 131 | HWThread 132 | HWThread 133 | HWThread 134 | HWThread 135 | HWThread 136 | HWThread 137 | HWThread 138 | HWThread 139 | HWThread 140 | HWThread 141 | HWThread 142 | HWThread 143 | HWThread 144 | HWThread 145 | HWThread 146 | HWThread 147 | HWThread 148 | HWThread 149 | HWThread 150 | HWThread 151 | HWThread 152 | HWThread 153 | HWThread 154 | HWThread 155 | HWThread 156 | HWThread 157 | HWThread 158 | HWThread 159 | HWThread 160 | HWThread 161 | HWThread 162 | HWThread 163 | HWThread 164 | HWThread 165 | HWThread 166 | HWThread 167 | HWThread 168 | HWThread 169 | HWThread 170 | HWThread 171 | HWThread 172 | HWThread 173 | HWThread 174 | HWThread 175 |
+-----------------------------------+------------+------------+------------+------------+------------+------------+------------+------------+------------+------------+-------------+-------------+-------------+-------------+-------------+-------------+-------------+-------------+-------------+-------------+-------------+-------------+-------------+-------------+-------------+-------------+-------------+-------------+-------------+-------------+-------------+-------------+-------------+-------------+-------------+-------------+-------------+-------------+-------------+-------------+-------------+-------------+-------------+-------------+-------------+-------------+-------------+-------------+-------------+-------------+-------------+-------------+-------------+-------------+-------------+-------------+-------------+-------------+-------------+-------------+-------------+-------------+-------------+-------------+-------------+-------------+-------------+-------------+-------------+-------------+-------------+-------------+-------------+-------------+-------------+-------------+-------------+-------------+-------------+-------------+-------------+-------------+-------------+-------------+-------------+-------------+-------------+-------------+-------------+-------------+-------------+-------------+-------------+-------------+-------------+-------------+-------------+-------------+-------------+-------------+--------------+--------------+--------------+--------------+--------------+--------------+--------------+--------------+--------------+--------------+--------------+--------------+--------------+--------------+--------------+--------------+--------------+--------------+--------------+--------------+--------------+--------------+--------------+--------------+--------------+--------------+--------------+--------------+--------------+--------------+--------------+--------------+--------------+--------------+--------------+--------------+--------------+--------------+--------------+--------------+--------------+--------------+--------------+--------------+--------------+--------------+--------------+--------------+--------------+--------------+--------------+--------------+--------------+--------------+--------------+--------------+--------------+--------------+--------------+--------------+--------------+--------------+--------------+--------------+--------------+--------------+--------------+--------------+--------------+--------------+--------------+--------------+--------------+--------------+--------------+--------------+
|        Runtime (RDTSC) [s]        |  1320.8783 |  1320.8783 |  1320.8783 |  1320.8783 |  1320.8783 |  1320.8783 |  1320.8783 |  1320.8783 |  1320.8783 |  1320.8783 |   1320.8783 |   1320.8783 |   1320.8783 |   1320.8783 |   1320.8783 |   1320.8783 |   1320.8783 |   1320.8783 |   1320.8783 |   1320.8783 |   1320.8783 |   1320.8783 |   1320.8783 |   1320.8783 |   1320.8783 |   1320.8783 |   1320.8783 |   1320.8783 |   1320.8783 |   1320.8783 |   1320.8783 |   1320.8783 |   1320.8783 |   1320.8783 |   1320.8783 |   1320.8783 |   1320.8783 |   1320.8783 |   1320.8783 |   1320.8783 |   1320.8783 |   1320.8783 |   1320.8783 |   1320.8783 |   1320.8783 |   1320.8783 |   1320.8783 |   1320.8783 |   1320.8783 |   1320.8783 |   1320.8783 |   1320.8783 |   1320.8783 |   1320.8783 |   1320.8783 |   1320.8783 |   1320.8783 |   1320.8783 |   1320.8783 |   1320.8783 |   1320.8783 |   1320.8783 |   1320.8783 |   1320.8783 |   1320.8783 |   1320.8783 |   1320.8783 |   1320.8783 |   1320.8783 |   1320.8783 |   1320.8783 |   1320.8783 |   1320.8783 |   1320.8783 |   1320.8783 |   1320.8783 |   1320.8783 |   1320.8783 |   1320.8783 |   1320.8783 |   1320.8783 |   1320.8783 |   1320.8783 |   1320.8783 |   1320.8783 |   1320.8783 |   1320.8783 |   1320.8783 |   1320.8783 |   1320.8783 |   1320.8783 |   1320.8783 |   1320.8783 |   1320.8783 |   1320.8783 |   1320.8783 |   1320.8783 |   1320.8783 |   1320.8783 |   1320.8783 |    1320.8783 |    1320.8783 |    1320.8783 |    1320.8783 |    1320.8783 |    1320.8783 |    1320.8783 |    1320.8783 |    1320.8783 |    1320.8783 |    1320.8783 |    1320.8783 |    1320.8783 |    1320.8783 |    1320.8783 |    1320.8783 |    1320.8783 |    1320.8783 |    1320.8783 |    1320.8783 |    1320.8783 |    1320.8783 |    1320.8783 |    1320.8783 |    1320.8783 |    1320.8783 |    1320.8783 |    1320.8783 |    1320.8783 |    1320.8783 |    1320.8783 |    1320.8783 |    1320.8783 |    1320.8783 |    1320.8783 |    1320.8783 |    1320.8783 |    1320.8783 |    1320.8783 |    1320.8783 |    1320.8783 |    1320.8783 |    1320.8783 |    1320.8783 |    1320.8783 |    1320.8783 |    1320.8783 |    1320.8783 |    1320.8783 |    1320.8783 |    1320.8783 |    1320.8783 |    1320.8783 |    1320.8783 |    1320.8783 |    1320.8783 |    1320.8783 |    1320.8783 |    1320.8783 |    1320.8783 |    1320.8783 |    1320.8783 |    1320.8783 |    1320.8783 |    1320.8783 |    1320.8783 |    1320.8783 |    1320.8783 |    1320.8783 |    1320.8783 |    1320.8783 |    1320.8783 |    1320.8783 |    1320.8783 |    1320.8783 |    1320.8783 |
|        Runtime unhalted [s]       |  1432.2567 |  1014.3581 |   981.7171 |   995.4380 |   998.1686 |  1006.5916 |  1016.8451 |  1017.7581 |   972.9566 |   957.3169 |    942.0986 |    962.9101 |    970.1419 |    981.9916 |    973.6093 |    982.0831 |    966.5915 |    946.4116 |    936.4969 |    951.5420 |    953.2078 |    962.0586 |    975.6357 |    974.3048 |    815.7111 |    775.3039 |    770.2924 |    772.5594 |    773.4504 |    778.0683 |    782.6012 |    784.9751 |    775.2576 |    761.6120 |    759.8430 |    760.8599 |    774.1040 |    779.4397 |    772.5987 |    775.0541 |    782.7243 |    771.2877 |    766.1699 |    780.3330 |    774.6897 |    776.3379 |    775.8714 |    780.9195 |   1385.0250 |   1391.1471 |   1388.5098 |   1391.0547 |   1396.7189 |   1394.9859 |   1398.4056 |   1395.9751 |   1358.6179 |   1358.6751 |   1358.4564 |   1351.3126 |   1359.7692 |   1371.7974 |   1376.5311 |   1373.5896 |   1359.9025 |   1355.8905 |   1350.1751 |   1361.9028 |   1366.6544 |   1364.6823 |   1376.0073 |   1378.6205 |   1409.9837 |   1412.6919 |   1414.1720 |   1413.0287 |   1422.6938 |   1424.0697 |   1424.7173 |   1424.3179 |   1379.0949 |   1380.3222 |   1368.9663 |   1379.9056 |   1382.2350 |   1385.1109 |   1386.3491 |   1396.8639 |   1369.3358 |   1374.0982 |   1363.9559 |   1372.5730 |   1375.1251 |   1380.5707 |   1382.0285 |   1386.3398 |   1591.9297 |   1587.4211 |   1595.2793 |   1590.4701 |    1587.7908 |    1590.3455 |    1593.7435 |    1598.2938 |    1584.1023 |    1586.9672 |    1584.6945 |    1593.2654 |    1595.9822 |    1586.1517 |    1598.7097 |    1593.3119 |    1595.3106 |    1587.0289 |    1586.8455 |    1593.8972 |    1591.6931 |    1588.7856 |    1587.1996 |    1587.2847 |    1591.6938 |    1588.5157 |    1593.6544 |    1588.4764 |    1588.6398 |    1590.5827 |    1588.7305 |    1593.4780 |    1595.3839 |    1590.4808 |    1588.3238 |    1590.5464 |    1588.0271 |    1589.8453 |    1593.0679 |    1592.0765 |    1595.6317 |    1588.4220 |    1588.4944 |    1590.7269 |    1592.1381 |    1594.4103 |    1590.1509 |    1592.3871 |    1588.2331 |    1586.7384 |    1587.3189 |    1587.0951 |    1587.1504 |    1584.7449 |    1584.7790 |    1589.2365 |    1588.9030 |    1588.9289 |    1588.8510 |    1588.5997 |    1600.1028 |    1586.6261 |    1586.2531 |    1593.1750 |    1590.4031 |    1589.5837 |    1600.2613 |    1599.0534 |    1590.2526 |    1591.2552 |    1594.4039 |    1590.5595 |    1592.6528 |    1590.1002 |    1595.2363 |    1598.6456 |    1600.6937 |    1593.7631 |    1579.1336 |    1571.8152 |
|            Clock [MHz]            |  3577.5001 |  3202.0041 |  3206.1529 |  3220.6669 |  3224.9909 |  3234.9554 |  3243.4915 |  3243.8005 |  3196.7621 |  3191.0489 |   3175.1486 |   3199.3624 |   3212.6768 |   3219.6453 |   3218.0589 |   3224.6522 |   3184.3845 |   3177.3740 |   3158.9056 |   3181.3811 |   3189.0738 |   3199.6597 |   3200.6425 |   3218.1575 |   2962.4565 |   2893.8097 |   2877.0064 |   2889.7929 |   2886.0065 |   2894.5101 |   2908.1689 |   2909.1283 |   2886.0682 |   2880.7072 |   2862.0395 |   2875.6937 |   2894.0922 |   2894.4241 |   2888.5954 |   2896.3339 |   2880.6155 |   2881.7614 |   2876.4012 |   2887.3397 |   2897.5350 |   2897.5483 |   2900.0459 |   2908.1413 |   3684.4903 |   3675.6631 |   3673.6502 |   3678.5166 |   3671.5764 |   3675.8297 |   3674.6746 |   3681.9226 |   3678.9936 |   3680.9028 |   3674.4559 |   3681.1373 |   3680.6450 |   3672.4288 |   3674.6081 |   3673.5635 |   3682.5085 |   3682.4801 |   3682.8789 |   3681.3684 |   3676.3611 |   3679.3496 |   3671.9821 |   3674.7881 |   3684.4457 |   3679.1712 |   3674.5028 |   3680.6461 |   3673.2159 |   3672.1059 |   3672.0253 |   3675.0271 |   3678.4387 |   3675.1898 |   3684.0589 |   3680.2143 |   3678.5814 |   3680.4964 |   3677.8801 |   3672.7505 |   3681.1671 |   3671.6641 |   3678.8990 |   3678.4623 |   3677.9471 |   3674.9421 |   3675.5310 |   3674.1671 |   3680.8345 |   3685.8415 |   3678.2285 |   3682.7210 |    3685.6486 |    3682.8737 |    3679.2535 |    3674.2460 |    3689.2221 |    3687.5422 |    3688.5802 |    3681.3730 |    3678.5879 |    3688.6532 |    3676.4387 |    3681.9756 |    3679.1268 |    3688.6132 |    3687.5181 |    3682.7057 |    3684.5477 |    3687.7372 |    3689.0109 |    3689.4615 |    3690.0469 |    3693.4596 |    3688.2400 |    3693.4510 |    3693.1561 |    3691.3439 |    3693.2555 |    3688.7463 |    3685.8126 |    3690.6778 |    3693.0865 |    3690.8385 |    3693.3692 |    3691.5174 |    3688.1010 |    3689.1920 |    3685.6363 |    3693.3949 |    3693.4275 |    3691.2239 |    3689.4212 |    3687.7479 |    3691.7588 |    3689.5965 |    3681.7106 |    3683.1653 |    3682.5636 |    3683.0802 |    3682.8041 |    3685.0130 |    3685.0184 |    3680.4698 |    3680.1082 |    3680.8581 |    3680.9107 |    3681.2533 |    3669.7795 |    3683.1903 |    3683.7312 |    3676.1731 |    3684.4996 |    3685.9690 |    3674.4292 |    3676.5883 |    3686.1617 |    3684.3000 |    3681.1273 |    3684.6973 |    3688.2155 |    3691.1660 |    3686.2708 |    3682.5104 |    3680.3590 |    3685.9574 |    3686.8368 |    3681.1691 |
|                CPI                |     1.1601 |     1.2174 |     1.1955 |     1.2110 |     1.2143 |     1.2222 |     1.2307 |     1.2319 |     1.1763 |     1.1658 |      1.1541 |      1.1712 |      1.1810 |      1.1917 |      1.1886 |      1.1925 |      1.1764 |      1.1656 |      1.1534 |      1.1695 |      1.1741 |      1.1832 |      1.1914 |      1.1970 |      1.0221 |      0.9790 |      0.9726 |      0.9772 |      0.9776 |      0.9835 |      0.9882 |      0.9901 |      0.9698 |      0.9628 |      0.9566 |      0.9611 |      0.9732 |      0.9776 |      0.9730 |      0.9765 |      0.9776 |      0.9751 |      0.9718 |      0.9786 |      0.9810 |      0.9828 |      0.9834 |      0.9885 |      1.6652 |      1.6656 |      1.6650 |      1.6700 |      1.6685 |      1.6721 |      1.6751 |      1.6785 |      1.6285 |      1.6295 |      1.6274 |      1.6211 |      1.6298 |      1.6382 |      1.6456 |      1.6414 |      1.6353 |      1.6338 |      1.6292 |      1.6380 |      1.6412 |      1.6401 |      1.6475 |      1.6523 |      1.6952 |      1.6957 |      1.6957 |      1.6993 |      1.6967 |      1.7022 |      1.7055 |      1.7079 |      1.6527 |      1.6516 |      1.6469 |      1.6501 |      1.6557 |      1.6600 |      1.6611 |      1.6677 |      1.6476 |      1.6476 |      1.6430 |      1.6509 |      1.6555 |      1.6582 |      1.6596 |      1.6601 |      2.0072 |      2.0048 |      2.0105 |      2.0076 |       2.0060 |       2.0071 |       2.0067 |       2.0098 |       1.9837 |       1.9814 |       1.9865 |       1.9872 |       1.9888 |       1.9874 |       1.9865 |       1.9900 |       1.9889 |       1.9882 |       1.9895 |       1.9906 |       1.9917 |       1.9980 |       1.9981 |       1.9995 |       2.0430 |       2.0405 |       2.0444 |       2.0425 |       2.0421 |       2.0444 |       2.0433 |       2.0443 |       2.0224 |       2.0216 |       2.0194 |       2.0194 |       2.0201 |       2.0198 |       2.0190 |       2.0232 |       2.0377 |       2.0355 |       2.0375 |       2.0366 |       2.0366 |       2.0381 |       2.0363 |       2.0375 |       2.0330 |       2.0283 |       2.0314 |       2.0331 |       2.0317 |       2.0330 |       2.0328 |       2.0350 |       2.0218 |       2.0230 |       2.0252 |       2.0232 |       2.0227 |       2.0245 |       2.0222 |       2.0261 |       2.0160 |       2.0208 |       2.0273 |       2.0255 |       2.0223 |       2.0234 |       2.0248 |       2.0239 |       2.0589 |       2.0560 |       2.0680 |       2.0684 |       2.0656 |       2.0968 |       2.0938 |       2.1582 |
|  Memory read bandwidth [MBytes/s] | 52667.7227 |          0 |          0 |          0 |          0 |          0 |          0 |          0 |          0 |          0 |           0 |           0 |           0 |           0 |           0 |           0 |           0 |           0 |           0 |           0 |           0 |           0 |           0 |           0 |           0 |           0 |           0 |           0 |           0 |           0 |           0 |           0 |           0 |           0 |           0 |           0 |           0 |           0 |           0 |           0 |           0 |           0 |           0 |           0 |           0 |           0 |           0 |           0 |           0 |           0 |           0 |           0 |           0 |           0 |           0 |           0 |           0 |           0 |           0 |           0 |           0 |           0 |           0 |           0 |           0 |           0 |           0 |           0 |           0 |           0 |           0 |           0 |           0 |           0 |           0 |           0 |           0 |           0 |           0 |           0 |           0 |           0 |           0 |           0 |           0 |           0 |           0 |           0 |           0 |           0 |           0 |           0 |           0 |           0 |           0 |           0 |  29976.6981 |           0 |           0 |           0 |            0 |            0 |            0 |            0 |            0 |            0 |            0 |            0 |            0 |            0 |            0 |            0 |            0 |            0 |            0 |            0 |            0 |            0 |            0 |            0 |            0 |            0 |            0 |            0 |            0 |            0 |            0 |            0 |            0 |            0 |            0 |            0 |            0 |            0 |            0 |            0 |            0 |            0 |            0 |            0 |            0 |            0 |            0 |            0 |            0 |            0 |            0 |            0 |            0 |            0 |            0 |            0 |            0 |            0 |            0 |            0 |            0 |            0 |            0 |            0 |            0 |            0 |            0 |            0 |            0 |            0 |            0 |            0 |            0 |            0 |            0 |            0 |            0 |            0 |            0 |            0 |
|  Memory read data volume [GBytes] | 69567.6499 |          0 |          0 |          0 |          0 |          0 |          0 |          0 |          0 |          0 |           0 |           0 |           0 |           0 |           0 |           0 |           0 |           0 |           0 |           0 |           0 |           0 |           0 |           0 |           0 |           0 |           0 |           0 |           0 |           0 |           0 |           0 |           0 |           0 |           0 |           0 |           0 |           0 |           0 |           0 |           0 |           0 |           0 |           0 |           0 |           0 |           0 |           0 |           0 |           0 |           0 |           0 |           0 |           0 |           0 |           0 |           0 |           0 |           0 |           0 |           0 |           0 |           0 |           0 |           0 |           0 |           0 |           0 |           0 |           0 |           0 |           0 |           0 |           0 |           0 |           0 |           0 |           0 |           0 |           0 |           0 |           0 |           0 |           0 |           0 |           0 |           0 |           0 |           0 |           0 |           0 |           0 |           0 |           0 |           0 |           0 |  39595.5688 |           0 |           0 |           0 |            0 |            0 |            0 |            0 |            0 |            0 |            0 |            0 |            0 |            0 |            0 |            0 |            0 |            0 |            0 |            0 |            0 |            0 |            0 |            0 |            0 |            0 |            0 |            0 |            0 |            0 |            0 |            0 |            0 |            0 |            0 |            0 |            0 |            0 |            0 |            0 |            0 |            0 |            0 |            0 |            0 |            0 |            0 |            0 |            0 |            0 |            0 |            0 |            0 |            0 |            0 |            0 |            0 |            0 |            0 |            0 |            0 |            0 |            0 |            0 |            0 |            0 |            0 |            0 |            0 |            0 |            0 |            0 |            0 |            0 |            0 |            0 |            0 |            0 |            0 |            0 |
| Memory write bandwidth [MBytes/s] | 20651.0898 |          0 |          0 |          0 |          0 |          0 |          0 |          0 |          0 |          0 |           0 |           0 |           0 |           0 |           0 |           0 |           0 |           0 |           0 |           0 |           0 |           0 |           0 |           0 |           0 |           0 |           0 |           0 |           0 |           0 |           0 |           0 |           0 |           0 |           0 |           0 |           0 |           0 |           0 |           0 |           0 |           0 |           0 |           0 |           0 |           0 |           0 |           0 |           0 |           0 |           0 |           0 |           0 |           0 |           0 |           0 |           0 |           0 |           0 |           0 |           0 |           0 |           0 |           0 |           0 |           0 |           0 |           0 |           0 |           0 |           0 |           0 |           0 |           0 |           0 |           0 |           0 |           0 |           0 |           0 |           0 |           0 |           0 |           0 |           0 |           0 |           0 |           0 |           0 |           0 |           0 |           0 |           0 |           0 |           0 |           0 |  12466.3924 |           0 |           0 |           0 |            0 |            0 |            0 |            0 |            0 |            0 |            0 |            0 |            0 |            0 |            0 |            0 |            0 |            0 |            0 |            0 |            0 |            0 |            0 |            0 |            0 |            0 |            0 |            0 |            0 |            0 |            0 |            0 |            0 |            0 |            0 |            0 |            0 |            0 |            0 |            0 |            0 |            0 |            0 |            0 |            0 |            0 |            0 |            0 |            0 |            0 |            0 |            0 |            0 |            0 |            0 |            0 |            0 |            0 |            0 |            0 |            0 |            0 |            0 |            0 |            0 |            0 |            0 |            0 |            0 |            0 |            0 |            0 |            0 |            0 |            0 |            0 |            0 |            0 |            0 |            0 |
| Memory write data volume [GBytes] | 27277.5756 |          0 |          0 |          0 |          0 |          0 |          0 |          0 |          0 |          0 |           0 |           0 |           0 |           0 |           0 |           0 |           0 |           0 |           0 |           0 |           0 |           0 |           0 |           0 |           0 |           0 |           0 |           0 |           0 |           0 |           0 |           0 |           0 |           0 |           0 |           0 |           0 |           0 |           0 |           0 |           0 |           0 |           0 |           0 |           0 |           0 |           0 |           0 |           0 |           0 |           0 |           0 |           0 |           0 |           0 |           0 |           0 |           0 |           0 |           0 |           0 |           0 |           0 |           0 |           0 |           0 |           0 |           0 |           0 |           0 |           0 |           0 |           0 |           0 |           0 |           0 |           0 |           0 |           0 |           0 |           0 |           0 |           0 |           0 |           0 |           0 |           0 |           0 |           0 |           0 |           0 |           0 |           0 |           0 |           0 |           0 |  16466.5866 |           0 |           0 |           0 |            0 |            0 |            0 |            0 |            0 |            0 |            0 |            0 |            0 |            0 |            0 |            0 |            0 |            0 |            0 |            0 |            0 |            0 |            0 |            0 |            0 |            0 |            0 |            0 |            0 |            0 |            0 |            0 |            0 |            0 |            0 |            0 |            0 |            0 |            0 |            0 |            0 |            0 |            0 |            0 |            0 |            0 |            0 |            0 |            0 |            0 |            0 |            0 |            0 |            0 |            0 |            0 |            0 |            0 |            0 |            0 |            0 |            0 |            0 |            0 |            0 |            0 |            0 |            0 |            0 |            0 |            0 |            0 |            0 |            0 |            0 |            0 |            0 |            0 |            0 |            0 |
|    Memory bandwidth [MBytes/s]    | 73318.8125 |          0 |          0 |          0 |          0 |          0 |          0 |          0 |          0 |          0 |           0 |           0 |           0 |           0 |           0 |           0 |           0 |           0 |           0 |           0 |           0 |           0 |           0 |           0 |           0 |           0 |           0 |           0 |           0 |           0 |           0 |           0 |           0 |           0 |           0 |           0 |           0 |           0 |           0 |           0 |           0 |           0 |           0 |           0 |           0 |           0 |           0 |           0 |           0 |           0 |           0 |           0 |           0 |           0 |           0 |           0 |           0 |           0 |           0 |           0 |           0 |           0 |           0 |           0 |           0 |           0 |           0 |           0 |           0 |           0 |           0 |           0 |           0 |           0 |           0 |           0 |           0 |           0 |           0 |           0 |           0 |           0 |           0 |           0 |           0 |           0 |           0 |           0 |           0 |           0 |           0 |           0 |           0 |           0 |           0 |           0 |  42443.0904 |           0 |           0 |           0 |            0 |            0 |            0 |            0 |            0 |            0 |            0 |            0 |            0 |            0 |            0 |            0 |            0 |            0 |            0 |            0 |            0 |            0 |            0 |            0 |            0 |            0 |            0 |            0 |            0 |            0 |            0 |            0 |            0 |            0 |            0 |            0 |            0 |            0 |            0 |            0 |            0 |            0 |            0 |            0 |            0 |            0 |            0 |            0 |            0 |            0 |            0 |            0 |            0 |            0 |            0 |            0 |            0 |            0 |            0 |            0 |            0 |            0 |            0 |            0 |            0 |            0 |            0 |            0 |            0 |            0 |            0 |            0 |            0 |            0 |            0 |            0 |            0 |            0 |            0 |            0 |
|    Memory data volume [GBytes]    | 96845.2255 |          0 |          0 |          0 |          0 |          0 |          0 |          0 |          0 |          0 |           0 |           0 |           0 |           0 |           0 |           0 |           0 |           0 |           0 |           0 |           0 |           0 |           0 |           0 |           0 |           0 |           0 |           0 |           0 |           0 |           0 |           0 |           0 |           0 |           0 |           0 |           0 |           0 |           0 |           0 |           0 |           0 |           0 |           0 |           0 |           0 |           0 |           0 |           0 |           0 |           0 |           0 |           0 |           0 |           0 |           0 |           0 |           0 |           0 |           0 |           0 |           0 |           0 |           0 |           0 |           0 |           0 |           0 |           0 |           0 |           0 |           0 |           0 |           0 |           0 |           0 |           0 |           0 |           0 |           0 |           0 |           0 |           0 |           0 |           0 |           0 |           0 |           0 |           0 |           0 |           0 |           0 |           0 |           0 |           0 |           0 |  56062.1554 |           0 |           0 |           0 |            0 |            0 |            0 |            0 |            0 |            0 |            0 |            0 |            0 |            0 |            0 |            0 |            0 |            0 |            0 |            0 |            0 |            0 |            0 |            0 |            0 |            0 |            0 |            0 |            0 |            0 |            0 |            0 |            0 |            0 |            0 |            0 |            0 |            0 |            0 |            0 |            0 |            0 |            0 |            0 |            0 |            0 |            0 |            0 |            0 |            0 |            0 |            0 |            0 |            0 |            0 |            0 |            0 |            0 |            0 |            0 |            0 |            0 |            0 |            0 |            0 |            0 |            0 |            0 |            0 |            0 |            0 |            0 |            0 |            0 |            0 |            0 |            0 |            0 |            0 |            0 |
+-----------------------------------+------------+------------+------------+------------+------------+------------+------------+------------+------------+------------+-------------+-------------+-------------+-------------+-------------+-------------+-------------+-------------+-------------+-------------+-------------+-------------+-------------+-------------+-------------+-------------+-------------+-------------+-------------+-------------+-------------+-------------+-------------+-------------+-------------+-------------+-------------+-------------+-------------+-------------+-------------+-------------+-------------+-------------+-------------+-------------+-------------+-------------+-------------+-------------+-------------+-------------+-------------+-------------+-------------+-------------+-------------+-------------+-------------+-------------+-------------+-------------+-------------+-------------+-------------+-------------+-------------+-------------+-------------+-------------+-------------+-------------+-------------+-------------+-------------+-------------+-------------+-------------+-------------+-------------+-------------+-------------+-------------+-------------+-------------+-------------+-------------+-------------+-------------+-------------+-------------+-------------+-------------+-------------+-------------+-------------+-------------+-------------+-------------+-------------+--------------+--------------+--------------+--------------+--------------+--------------+--------------+--------------+--------------+--------------+--------------+--------------+--------------+--------------+--------------+--------------+--------------+--------------+--------------+--------------+--------------+--------------+--------------+--------------+--------------+--------------+--------------+--------------+--------------+--------------+--------------+--------------+--------------+--------------+--------------+--------------+--------------+--------------+--------------+--------------+--------------+--------------+--------------+--------------+--------------+--------------+--------------+--------------+--------------+--------------+--------------+--------------+--------------+--------------+--------------+--------------+--------------+--------------+--------------+--------------+--------------+--------------+--------------+--------------+--------------+--------------+--------------+--------------+--------------+--------------+--------------+--------------+--------------+--------------+--------------+--------------+

+----------------------------------------+-------------+-----------+------------+-----------+
|                 Metric                 |     Sum     |    Min    |     Max    |    Avg    |
+----------------------------------------+-------------+-----------+------------+-----------+
|        Runtime (RDTSC) [s] STAT        | 232474.5808 | 1320.8783 |  1320.8783 | 1320.8783 |
|        Runtime unhalted [s] STAT       | 236110.4486 |  759.8430 |  1600.6937 | 1341.5366 |
|            Clock [MHz] STAT            | 618072.3526 | 2862.0395 |  3693.4596 | 3511.7747 |
|                CPI STAT                |    293.5976 |    0.9566 |     2.1582 |    1.6682 |
|  Memory read bandwidth [MBytes/s] STAT |  82644.4208 |         0 | 52667.7227 |  469.5706 |
|  Memory read data volume [GBytes] STAT | 109163.2187 |         0 | 69567.6499 |  620.2456 |
| Memory write bandwidth [MBytes/s] STAT |  33117.4822 |         0 | 20651.0898 |  188.1675 |
| Memory write data volume [GBytes] STAT |  43744.1622 |         0 | 27277.5756 |  248.5464 |
|    Memory bandwidth [MBytes/s] STAT    | 115761.9029 |         0 | 73318.8125 |  657.7381 |
|    Memory data volume [GBytes] STAT    | 152907.3809 |         0 | 96845.2255 |  868.7919 |
+----------------------------------------+-------------+-----------+------------+-----------+

