--------------------------------------------------------------------------------
CPU name:	AMD EPYC 9A14 96-Core Processor                
CPU type:	AMD K19 (Zen4) architecture
CPU clock:	2.60 GHz
--------------------------------------------------------------------------------
Use symmetry. Molecule point group: C2v
Norb: 24   Ne: (5, 5)
Running RHF...
converged SCF energy = -76.0267607337664
Running FCI ...
Guessing CI wfn symmetry = 0
Num symmetry allowed elements 451681246
tol 1e-10  toloose 1e-05
max_cycle 100  max_space 12  max_memory 760533  incore True
    CPU time for contract_2e  13655.93 sec, wall time     87.48 sec
davidson 0 1  |r|= 0.999  e= [-85.21409431]  max|de|= -85.2  lindep=    1
    CPU time for contract_2e  13741.51 sec, wall time     87.17 sec
davidson 1 2  |r|= 0.336  e= [-85.41295423]  max|de|= -0.199  lindep= 0.992
    CPU time for contract_2e  13909.41 sec, wall time     90.01 sec
davidson 2 3  |r|= 0.0993  e= [-85.4295567]  max|de|= -0.0166  lindep= 0.982
    CPU time for contract_2e  13789.90 sec, wall time     91.07 sec
davidson 3 4  |r|= 0.0324  e= [-85.43094102]  max|de|= -0.00138  lindep= 0.955
    CPU time for contract_2e  13713.74 sec, wall time     92.24 sec
davidson 4 5  |r|= 0.0129  e= [-85.43110245]  max|de|= -0.000161  lindep= 0.911
    CPU time for contract_2e  13751.14 sec, wall time     93.93 sec
davidson 5 6  |r|= 0.00436  e= [-85.43112741]  max|de|= -2.5e-05  lindep= 0.833
    CPU time for contract_2e  13767.90 sec, wall time     95.67 sec
davidson 6 7  |r|= 0.00169  e= [-85.43113026]  max|de|= -2.84e-06  lindep= 0.932
    CPU time for contract_2e  13817.15 sec, wall time     97.65 sec
davidson 7 8  |r|= 0.000705  e= [-85.4311307]  max|de|= -4.44e-07  lindep= 0.849
    CPU time for contract_2e  13830.41 sec, wall time     99.50 sec
davidson 8 9  |r|= 0.000319  e= [-85.43113078]  max|de|= -8.55e-08  lindep= 0.895
    CPU time for contract_2e  13811.29 sec, wall time    100.95 sec
davidson 9 10  |r|= 0.000127  e= [-85.4311308]  max|de|= -1.57e-08  lindep= 0.804
    CPU time for contract_2e  13765.81 sec, wall time    102.64 sec
davidson 10 11  |r|= 4.77e-05  e= [-85.4311308]  max|de|= -2.31e-09  lindep= 0.878
    CPU time for contract_2e  13772.29 sec, wall time    104.29 sec
davidson 11 12  |r|= 1.71e-05  e= [-85.4311308]  max|de|= -2.93e-10  lindep= 0.87
    CPU time for contract_2e  13768.33 sec, wall time    106.75 sec
davidson 12 1  |r|= 1.71e-05  e= [-85.4311308]  max|de|= 3.23e-12  lindep=    1
    CPU time for contract_2e  13742.76 sec, wall time     87.15 sec
root 0 converged  |r|= 6.26e-06  e= -85.43113080323201  max|de|= -3.3e-11
converged 13 2  |r|= 6.26e-06  e= [-85.4311308]  max|de|= -3.3e-11
--------------------------------------------------------------------------------
Group 1: MEM
+----------------------+---------+---------------+---------------+---------------+---------------+---------------+---------------+---------------+---------------+---------------+---------------+---------------+---------------+---------------+---------------+---------------+---------------+---------------+---------------+---------------+---------------+---------------+---------------+---------------+---------------+---------------+---------------+---------------+---------------+---------------+---------------+---------------+---------------+---------------+---------------+---------------+---------------+---------------+---------------+---------------+---------------+---------------+---------------+---------------+---------------+---------------+---------------+---------------+---------------+---------------+---------------+---------------+---------------+---------------+---------------+---------------+---------------+---------------+---------------+---------------+---------------+---------------+---------------+---------------+---------------+---------------+---------------+---------------+---------------+---------------+---------------+---------------+---------------+---------------+---------------+---------------+---------------+---------------+---------------+---------------+---------------+---------------+---------------+---------------+---------------+---------------+---------------+---------------+---------------+---------------+---------------+---------------+---------------+---------------+---------------+---------------+---------------+---------------+---------------+---------------+---------------+---------------+---------------+---------------+---------------+---------------+---------------+---------------+---------------+---------------+---------------+---------------+---------------+---------------+---------------+---------------+---------------+---------------+---------------+---------------+---------------+---------------+---------------+---------------+---------------+---------------+---------------+---------------+---------------+---------------+---------------+---------------+---------------+---------------+---------------+---------------+---------------+---------------+---------------+---------------+---------------+---------------+---------------+---------------+---------------+---------------+---------------+---------------+---------------+---------------+---------------+---------------+---------------+---------------+---------------+---------------+---------------+---------------+---------------+---------------+---------------+---------------+---------------+---------------+---------------+---------------+---------------+---------------+---------------+---------------+---------------+---------------+---------------+---------------+---------------+---------------+---------------+---------------+---------------+---------------+---------------+---------------+---------------+---------------+---------------+---------------+---------------+---------------+---------------+---------------+---------------+---------------+---------------+
|         Event        | Counter |   HWThread 0  |   HWThread 1  |   HWThread 2  |   HWThread 3  |   HWThread 4  |   HWThread 5  |   HWThread 6  |   HWThread 7  |   HWThread 8  |   HWThread 9  |  HWThread 10  |  HWThread 11  |  HWThread 12  |  HWThread 13  |  HWThread 14  |  HWThread 15  |  HWThread 16  |  HWThread 17  |  HWThread 18  |  HWThread 19  |  HWThread 20  |  HWThread 21  |  HWThread 22  |  HWThread 23  |  HWThread 24  |  HWThread 25  |  HWThread 26  |  HWThread 27  |  HWThread 28  |  HWThread 29  |  HWThread 30  |  HWThread 31  |  HWThread 32  |  HWThread 33  |  HWThread 34  |  HWThread 35  |  HWThread 36  |  HWThread 37  |  HWThread 38  |  HWThread 39  |  HWThread 40  |  HWThread 41  |  HWThread 42  |  HWThread 43  |  HWThread 44  |  HWThread 45  |  HWThread 46  |  HWThread 47  |  HWThread 48  |  HWThread 49  |  HWThread 50  |  HWThread 51  |  HWThread 52  |  HWThread 53  |  HWThread 54  |  HWThread 55  |  HWThread 56  |  HWThread 57  |  HWThread 58  |  HWThread 59  |  HWThread 60  |  HWThread 61  |  HWThread 62  |  HWThread 63  |  HWThread 64  |  HWThread 65  |  HWThread 66  |  HWThread 67  |  HWThread 68  |  HWThread 69  |  HWThread 70  |  HWThread 71  |  HWThread 72  |  HWThread 73  |  HWThread 74  |  HWThread 75  |  HWThread 76  |  HWThread 77  |  HWThread 78  |  HWThread 79  |  HWThread 80  |  HWThread 81  |  HWThread 82  |  HWThread 83  |  HWThread 84  |  HWThread 85  |  HWThread 86  |  HWThread 87  |  HWThread 88  |  HWThread 89  |  HWThread 90  |  HWThread 91  |  HWThread 92  |  HWThread 93  |  HWThread 94  |  HWThread 95  |  HWThread 96  |  HWThread 97  |  HWThread 98  |  HWThread 99  |  HWThread 100 |  HWThread 101 |  HWThread 102 |  HWThread 103 |  HWThread 104 |  HWThread 105 |  HWThread 106 |  HWThread 107 |  HWThread 108 |  HWThread 109 |  HWThread 110 |  HWThread 111 |  HWThread 112 |  HWThread 113 |  HWThread 114 |  HWThread 115 |  HWThread 116 |  HWThread 117 |  HWThread 118 |  HWThread 119 |  HWThread 120 |  HWThread 121 |  HWThread 122 |  HWThread 123 |  HWThread 124 |  HWThread 125 |  HWThread 126 |  HWThread 127 |  HWThread 128 |  HWThread 129 |  HWThread 130 |  HWThread 131 |  HWThread 132 |  HWThread 133 |  HWThread 134 |  HWThread 135 |  HWThread 136 |  HWThread 137 |  HWThread 138 |  HWThread 139 |  HWThread 140 |  HWThread 141 |  HWThread 142 |  HWThread 143 |  HWThread 144 |  HWThread 145 |  HWThread 146 |  HWThread 147 |  HWThread 148 |  HWThread 149 |  HWThread 150 |  HWThread 151 |  HWThread 152 |  HWThread 153 |  HWThread 154 |  HWThread 155 |  HWThread 156 |  HWThread 157 |  HWThread 158 |  HWThread 159 |  HWThread 160 |  HWThread 161 |  HWThread 162 |  HWThread 163 |  HWThread 164 |  HWThread 165 |  HWThread 166 |  HWThread 167 |  HWThread 168 |  HWThread 169 |  HWThread 170 |  HWThread 171 |  HWThread 172 |  HWThread 173 |  HWThread 174 |  HWThread 175 |  HWThread 176 |  HWThread 177 |  HWThread 178 |  HWThread 179 |  HWThread 180 |  HWThread 181 |  HWThread 182 |  HWThread 183 |  HWThread 184 |  HWThread 185 |  HWThread 186 |  HWThread 187 |  HWThread 188 |  HWThread 189 |  HWThread 190 |  HWThread 191 |
+----------------------+---------+---------------+---------------+---------------+---------------+---------------+---------------+---------------+---------------+---------------+---------------+---------------+---------------+---------------+---------------+---------------+---------------+---------------+---------------+---------------+---------------+---------------+---------------+---------------+---------------+---------------+---------------+---------------+---------------+---------------+---------------+---------------+---------------+---------------+---------------+---------------+---------------+---------------+---------------+---------------+---------------+---------------+---------------+---------------+---------------+---------------+---------------+---------------+---------------+---------------+---------------+---------------+---------------+---------------+---------------+---------------+---------------+---------------+---------------+---------------+---------------+---------------+---------------+---------------+---------------+---------------+---------------+---------------+---------------+---------------+---------------+---------------+---------------+---------------+---------------+---------------+---------------+---------------+---------------+---------------+---------------+---------------+---------------+---------------+---------------+---------------+---------------+---------------+---------------+---------------+---------------+---------------+---------------+---------------+---------------+---------------+---------------+---------------+---------------+---------------+---------------+---------------+---------------+---------------+---------------+---------------+---------------+---------------+---------------+---------------+---------------+---------------+---------------+---------------+---------------+---------------+---------------+---------------+---------------+---------------+---------------+---------------+---------------+---------------+---------------+---------------+---------------+---------------+---------------+---------------+---------------+---------------+---------------+---------------+---------------+---------------+---------------+---------------+---------------+---------------+---------------+---------------+---------------+---------------+---------------+---------------+---------------+---------------+---------------+---------------+---------------+---------------+---------------+---------------+---------------+---------------+---------------+---------------+---------------+---------------+---------------+---------------+---------------+---------------+---------------+---------------+---------------+---------------+---------------+---------------+---------------+---------------+---------------+---------------+---------------+---------------+---------------+---------------+---------------+---------------+---------------+---------------+---------------+---------------+---------------+---------------+---------------+---------------+---------------+---------------+---------------+---------------+---------------+
|   ACTUAL_CPU_CLOCK   |  FIXC1  | 3149339776055 | 2047654734606 | 2011094908815 | 2011598755924 | 2002284393564 | 2010370771852 | 2006101361552 | 2041996716786 | 2052808784624 | 2003886355769 | 1993926538173 | 1976420738028 | 1993846388530 | 2027393217487 | 1993562376303 | 2006707293385 | 2023932495881 | 2039629240940 | 2015999402907 | 2036163542109 | 2007270489195 | 2005136953536 | 2035770872231 | 2049384109028 | 2534678528687 | 2505428573261 | 2472651714235 | 2515030657420 | 2559704755553 | 2546403680160 | 2575371861307 | 2583611459797 | 2508361243187 | 2433066949412 | 2411466487073 | 2481138830896 | 2484750653843 | 2481854582899 | 2512335904352 | 2547171177517 | 2479747228639 | 2437606476055 | 2421837950216 | 2460642710917 | 2517119720559 | 2498293397685 | 2513487987807 | 2530763978966 | 3607808296817 | 3598027824194 | 3603614241346 | 3602990860753 | 3625878292926 | 3614307312328 | 3631227901800 | 3633306772067 | 3465483054746 | 3438208820879 | 3413384500854 | 3454767237373 | 3464054855342 | 3481908531187 | 3497549024073 | 3515082406693 | 3461234886936 | 3422899417056 | 3393969963838 | 3440694872322 | 3478879330197 | 3455184020192 | 3467712986999 | 3490848471347 | 3618880823488 | 3616352027306 | 3621778382298 | 3620864539197 | 3630722532275 | 3632332204634 | 3632813553490 | 3634620720980 | 3473038066562 | 3435659711060 | 3453786415422 | 3484028649403 | 3505472047649 | 3504675749515 | 3514468425397 | 3527814703621 | 3541566458559 | 3521275763987 | 3499499226616 | 3536484453717 | 3545274336980 | 3547721806935 | 3556432969227 | 3570908917650 | 4240643603798 | 4244401166702 | 4245995698782 | 4250302189288 | 4231369628338 | 4244656305121 | 4237613928258 | 4231804495556 | 4233949019634 | 4257683516454 | 4228803863833 | 4236718272464 | 4236805342364 | 4253855668005 | 4242813197009 | 4235135057872 | 4255166716991 | 4257353898059 | 4253112849297 | 4244418996699 | 4248121249783 | 4253566737856 | 4245384335822 | 4246964478876 | 4251156975937 | 4244659059767 | 4241818146931 | 4246870487290 | 4238196503128 | 4256025487407 | 4234553136784 | 4252203557522 | 4246568487713 | 4256257034986 | 4260058139281 | 4254554386746 | 4238747878587 | 4265280324217 | 4246895526708 | 4253735133163 | 4246580597881 | 4237681873225 | 4260749381779 | 4250253190046 | 4237225030702 | 4242086961249 | 4247323526504 | 4255473526048 | 4252416109486 | 4246395893071 | 4247230703844 | 4258680207157 | 4247632797261 | 4241485956776 | 4250239698112 | 4239180354452 | 4217331731760 | 4231547566303 | 4225820192953 | 4231967873855 | 4223928818719 | 4231647268122 | 4234738419406 | 4241054495860 | 4225816916822 | 4206131550037 | 4223710252129 | 4226879469728 | 4215484860974 | 4216756234902 | 4221195714211 | 4227257001127 | 4257288593980 | 4241917182902 | 4241937060685 | 4242446340416 | 4241031056671 | 4238198601833 | 4250227430609 | 4240939119599 | 4260401600028 | 4257008968446 | 4255567306087 | 4268206214546 | 4251203885030 | 4257403720150 | 4255133631518 | 4260527721543 | 4251023836038 | 4254368493088 | 4251901066523 | 4264032952879 | 4254295684648 | 4234176759383 | 4200420361899 | 4115577755429 |
|     MAX_CPU_CLOCK    |  FIXC2  | 2425587611096 | 1882952926972 | 1853460566360 | 1856355829562 | 1850735539614 | 1852777542434 | 1847285990602 | 1869229447280 | 1860068370992 | 1833084012110 | 1822567229704 | 1815835483982 | 1829991658534 | 1842949611412 | 1825384937714 | 1831379029220 | 1846904728162 | 1855152749294 | 1849908904090 | 1859472186520 | 1845069077046 | 1837614599938 | 1859197457806 | 1867893130298 | 2088915793848 | 2072947945770 | 2054039008502 | 2073962103772 | 2093383027502 | 2087000011018 | 2098881874024 | 2103173740590 | 2079760481552 | 2029525536792 | 2019623508474 | 2051672001548 | 2053505639250 | 2053652003078 | 2067279204432 | 2089176541218 | 2073089485090 | 2041225266600 | 2039098609340 | 2049731570250 | 2089190817246 | 2065748156472 | 2072475765438 | 2079737953046 | 2552627645230 | 2546605987120 | 2551016271908 | 2547770257630 | 2569486278632 | 2555414484922 | 2570929228140 | 2574195761956 | 2467609145456 | 2456229212268 | 2435930775226 | 2457445192644 | 2459885359438 | 2470552235970 | 2481480383798 | 2492516148330 | 2467261492046 | 2446016283490 | 2436208832798 | 2461122665872 | 2472572585912 | 2458383954312 | 2463502268864 | 2474431957556 | 2556880813344 | 2555648328194 | 2561333042554 | 2558821509348 | 2566362854614 | 2569239074220 | 2566496676016 | 2568063943718 | 2475652338770 | 2459992985398 | 2467335949572 | 2477716867054 | 2492210824168 | 2485917467462 | 2492529119184 | 2503716185022 | 2512804117226 | 2500113960734 | 2484342056430 | 2509801528182 | 2513949144408 | 2515966623612 | 2519904625316 | 2531339570396 | 3000630033388 | 3004069789734 | 3005879118294 | 3010150467168 | 2991323535668 | 3004450152860 | 2997374108638 | 2991611304162 | 2994401046286 | 3017684166016 | 2988615410014 | 2995697001388 | 2995989537060 | 3011168840238 | 2999942153260 | 2990997739704 | 3008906491578 | 3011568020578 | 3007525182012 | 2998382035012 | 3002147890716 | 3007823486902 | 2999640921056 | 3001224552872 | 3009192204226 | 3002437244170 | 2999653723378 | 3004875004742 | 2996085099904 | 3013883911064 | 2992383793776 | 3010272678504 | 3002230476466 | 3011766827732 | 3015216929764 | 3010171082620 | 2994335137300 | 3021199426960 | 3002166250616 | 3009644142050 | 3001074907922 | 2991792086166 | 3014664460262 | 3004985889568 | 2991723827586 | 2996121091964 | 3001595752142 | 3009588363184 | 3006062618988 | 3000082543432 | 3000456763122 | 3011820652490 | 3000336688674 | 2994413674902 | 3003134109950 | 2992062366046 | 2979420141126 | 2992249964210 | 2988038692340 | 2988540660222 | 2981500468986 | 2987729534660 | 2991334042684 | 2997390107842 | 2988029531188 | 2967636520498 | 2988283308270 | 2984333693770 | 2973600268444 | 2974176656464 | 2978083140578 | 2984197320442 | 3013866797630 | 2997849324496 | 2997710514058 | 2998234925530 | 2996932577886 | 2993965448890 | 3006428382750 | 2996778655234 | 3012621223222 | 3009307964442 | 3007465584474 | 3021028658102 | 3003757660462 | 3010875945012 | 3007816625398 | 3013000797612 | 3002303720468 | 3006559747100 | 3003442564746 | 3016471809962 | 3005726574760 | 2999754025996 | 2967336507512 | 2909349049282 |
| RETIRED_INSTRUCTIONS |   PMC0  | 2467217684334 | 1762375329836 | 1759804006827 | 1758591150866 | 1757822159925 | 1757922896148 | 1757473605042 | 1758654496989 | 1771427974415 | 1767257937156 | 1770172615816 | 1766365698141 | 1766817381801 | 1768359577246 | 1766279934243 | 1764100156921 | 1759385863526 | 1750969734787 | 1758393955150 | 1752304392275 | 1749955063595 | 1750116068525 | 1752395021838 | 1749832589499 | 1748760492670 | 1747272820996 | 1746312625708 | 1746560368038 | 1746908256300 | 1746672093167 | 1747083272676 | 1747175182689 | 1750713336334 | 1749393132448 | 1749053109692 | 1749403763834 | 1749369845976 | 1749322412589 | 1749842384779 | 1750356027849 | 1747253051850 | 1746606538870 | 1744975648198 | 1746201094241 | 1748023460641 | 1746905149792 | 1746576887597 | 1746745433944 | 1756788773951 | 1756406070192 | 1756883420984 | 1756678670502 | 1757330514848 | 1756893838575 | 1757231299030 | 1757374271125 | 1761699213815 | 1761865123040 | 1760674671026 | 1761344198278 | 1761438275210 | 1761574538729 | 1762099538174 | 1762574636613 | 1755095752851 | 1755604163507 | 1755061687022 | 1755918770065 | 1755989847355 | 1755706813269 | 1755917820425 | 1752643956902 | 1754820464874 | 1755967796939 | 1755440499915 | 1756004734539 | 1755514502946 | 1755615089329 | 1755396803881 | 1755205503385 | 1760279197689 | 1760170131549 | 1760012029292 | 1760190609045 | 1760908385439 | 1760723089892 | 1760533518507 | 1761024782905 | 1753916388932 | 1755287409367 | 1754069002765 | 1754943998745 | 1755069059210 | 1754084125534 | 1755655500785 | 1755410625868 | 1731088881759 | 1730453173822 | 1730125393085 | 1729004935197 | 1726989079060 | 1731905789967 | 1727776361951 | 1728062190177 | 1751554381740 | 1752585080877 | 1750710062350 | 1749817255201 | 1750192742996 | 1750033337888 | 1749042625548 | 1748247121641 | 1739846824744 | 1738560902948 | 1738527570942 | 1736743117802 | 1736917348179 | 1736354948290 | 1738122812197 | 1736317008299 | 1719989726787 | 1719536878891 | 1718543154801 | 1717779907120 | 1717444645851 | 1717501962705 | 1716716276275 | 1716810142763 | 1730289901703 | 1730761915268 | 1729802246135 | 1729816110926 | 1728851108704 | 1722382089299 | 1722015905828 | 1721644461010 | 1708419731355 | 1707919412628 | 1709240176388 | 1707368244707 | 1707059446178 | 1706471260348 | 1706953470449 | 1707299468435 | 1727813888175 | 1725933096940 | 1726063544600 | 1725526656050 | 1724513442104 | 1723625781195 | 1723924605558 | 1722905773173 | 1737848834485 | 1737874648579 | 1737696236256 | 1736449743363 | 1736940193281 | 1736432385709 | 1736446352702 | 1735019867338 | 1730664690267 | 1729955951503 | 1730443022320 | 1728804467412 | 1729055937884 | 1727735808684 | 1728625180482 | 1728473508209 | 1707504333463 | 1706727385885 | 1699681692397 | 1699004109674 | 1698664490170 | 1698167512319 | 1698529633764 | 1697758735836 | 1712164880112 | 1711650442308 | 1711339203107 | 1711002512809 | 1710547518178 | 1709625183189 | 1709675869696 | 1710555498623 | 1710832664083 | 1708931711379 | 1709212950572 | 1708376776159 | 1701413854271 | 1669129798114 | 1666451528706 | 1590181037024 |
|  CPU_CLOCKS_UNHALTED |   PMC1  | 2563688215340 | 1831637982220 | 1812939262004 | 1815929876871 | 1810416382605 | 1815883916155 | 1817442132801 | 1839170357380 | 1844315963159 | 1811857218198 | 1808483266098 | 1795447500011 | 1805132626097 | 1831580339525 | 1809182812287 | 1821972787694 | 1837126627034 | 1852072175040 | 1828650435484 | 1838098934322 | 1823903184544 | 1827283183847 | 1843154660076 | 1855396213667 | 2228268590833 | 2205304832751 | 2193508745031 | 2225372365633 | 2251431432361 | 2248630231891 | 2264238895820 | 2272118001814 | 2204003805053 | 2153096708528 | 2142054737602 | 2182164223833 | 2201010035371 | 2196919681780 | 2213761890396 | 2244515465115 | 2183240000410 | 2162118470994 | 2145583939834 | 2180370582194 | 2212271298092 | 2204353299651 | 2223735497858 | 2237563831543 | 3118040944442 | 3093135030234 | 3119016005953 | 3119822826870 | 3130821050470 | 3113268066245 | 3141248458553 | 3141553367241 | 2999340127246 | 2977264391873 | 2968786406364 | 2997392223073 | 3005637969642 | 3009519088737 | 3026492519973 | 3039651889850 | 3003639929960 | 2975985838272 | 2948453894191 | 2984198787717 | 3021675796198 | 3006018367747 | 3015100604119 | 3032866663943 | 3137817047613 | 3135452537413 | 3137226988524 | 3142128310707 | 3147871792242 | 3148064234372 | 3150210066553 | 3152478928775 | 3008176865674 | 2973164526302 | 2996868556830 | 3022071628934 | 3036227315790 | 3029872719269 | 3048044691169 | 3054670615352 | 3068442412520 | 3056075620706 | 3045151798928 | 3067984334024 | 3075596931282 | 3074075135176 | 3084939208549 | 3093861030452 | 3841680219484 | 3846752639740 | 3850707739487 | 3850076419132 | 3841756415580 | 3846550176756 | 3843293951416 | 3841769357755 | 3821715909101 | 3822790007955 | 3825915441809 | 3826043809080 | 3826933526621 | 3835238091900 | 3831888617550 | 3829721293638 | 3835516171120 | 3837745365931 | 3841846089796 | 3834548456705 | 3834025141290 | 3840857581968 | 3831593528899 | 3834752726524 | 3868455796270 | 3868965185859 | 3871409665167 | 3866580635344 | 3866196521679 | 3871867983286 | 3862622839262 | 3867781681057 | 3866683375105 | 3872311447009 | 3876840527483 | 3874306635627 | 3866484088303 | 3878157735190 | 3874091562929 | 3869428303957 | 3859577920923 | 3861723773890 | 3872991751486 | 3863211746227 | 3860898584546 | 3856120928596 | 3864256136496 | 3871445366127 | 3819852398196 | 3822379369589 | 3829047244849 | 3828863853206 | 3825234457458 | 3823274281264 | 3825088946249 | 3823098655397 | 3781455999256 | 3800355090176 | 3800364117939 | 3808392296035 | 3803138051113 | 3808423124683 | 3808575639369 | 3811779804876 | 3786931002138 | 3778266829531 | 3787334874661 | 3797690873626 | 3790812424494 | 3792916086597 | 3796765472208 | 3800402806428 | 3869148747995 | 3870256621944 | 3871182272661 | 3871480209767 | 3871973762418 | 3870191539072 | 3873405217357 | 3867077393235 | 3870633204384 | 3868108423568 | 3877567580685 | 3872598977559 | 3863830898460 | 3866121671530 | 3872354873140 | 3873874780781 | 3867427094931 | 3871941987204 | 3873525133753 | 3873924015014 | 3869848903074 | 3827857754041 | 3811880077089 | 3709289536823 |
|      CAS_CMD_RD      |  UMC0C0 |   99417885215 |             0 |             0 |             0 |             0 |             0 |             0 |             0 |             0 |             0 |             0 |             0 |             0 |             0 |             0 |             0 |             0 |             0 |             0 |             0 |             0 |             0 |             0 |             0 |             0 |             0 |             0 |             0 |             0 |             0 |             0 |             0 |             0 |             0 |             0 |             0 |             0 |             0 |             0 |             0 |             0 |             0 |             0 |             0 |             0 |             0 |             0 |             0 |             0 |             0 |             0 |             0 |             0 |             0 |             0 |             0 |             0 |             0 |             0 |             0 |             0 |             0 |             0 |             0 |             0 |             0 |             0 |             0 |             0 |             0 |             0 |             0 |             0 |             0 |             0 |             0 |             0 |             0 |             0 |             0 |             0 |             0 |             0 |             0 |             0 |             0 |             0 |             0 |             0 |             0 |             0 |             0 |             0 |             0 |             0 |             0 |   51091477045 |             0 |             0 |             0 |             0 |             0 |             0 |             0 |             0 |             0 |             0 |             0 |             0 |             0 |             0 |             0 |             0 |             0 |             0 |             0 |             0 |             0 |             0 |             0 |             0 |             0 |             0 |             0 |             0 |             0 |             0 |             0 |             0 |             0 |             0 |             0 |             0 |             0 |             0 |             0 |             0 |             0 |             0 |             0 |             0 |             0 |             0 |             0 |             0 |             0 |             0 |             0 |             0 |             0 |             0 |             0 |             0 |             0 |             0 |             0 |             0 |             0 |             0 |             0 |             0 |             0 |             0 |             0 |             0 |             0 |             0 |             0 |             0 |             0 |             0 |             0 |             0 |             0 |             0 |             0 |             0 |             0 |             0 |             0 |             0 |             0 |             0 |             0 |             0 |             0 |             0 |             0 |             0 |             0 |             0 |             0 |
|      CAS_CMD_WR      |  UMC0C1 |   35800373872 |             0 |             0 |             0 |             0 |             0 |             0 |             0 |             0 |             0 |             0 |             0 |             0 |             0 |             0 |             0 |             0 |             0 |             0 |             0 |             0 |             0 |             0 |             0 |             0 |             0 |             0 |             0 |             0 |             0 |             0 |             0 |             0 |             0 |             0 |             0 |             0 |             0 |             0 |             0 |             0 |             0 |             0 |             0 |             0 |             0 |             0 |             0 |             0 |             0 |             0 |             0 |             0 |             0 |             0 |             0 |             0 |             0 |             0 |             0 |             0 |             0 |             0 |             0 |             0 |             0 |             0 |             0 |             0 |             0 |             0 |             0 |             0 |             0 |             0 |             0 |             0 |             0 |             0 |             0 |             0 |             0 |             0 |             0 |             0 |             0 |             0 |             0 |             0 |             0 |             0 |             0 |             0 |             0 |             0 |             0 |   25419592542 |             0 |             0 |             0 |             0 |             0 |             0 |             0 |             0 |             0 |             0 |             0 |             0 |             0 |             0 |             0 |             0 |             0 |             0 |             0 |             0 |             0 |             0 |             0 |             0 |             0 |             0 |             0 |             0 |             0 |             0 |             0 |             0 |             0 |             0 |             0 |             0 |             0 |             0 |             0 |             0 |             0 |             0 |             0 |             0 |             0 |             0 |             0 |             0 |             0 |             0 |             0 |             0 |             0 |             0 |             0 |             0 |             0 |             0 |             0 |             0 |             0 |             0 |             0 |             0 |             0 |             0 |             0 |             0 |             0 |             0 |             0 |             0 |             0 |             0 |             0 |             0 |             0 |             0 |             0 |             0 |             0 |             0 |             0 |             0 |             0 |             0 |             0 |             0 |             0 |             0 |             0 |             0 |             0 |             0 |             0 |
|      CAS_CMD_RD      |  UMC1C0 |   98907370205 |             0 |             0 |             0 |             0 |             0 |             0 |             0 |             0 |             0 |             0 |             0 |             0 |             0 |             0 |             0 |             0 |             0 |             0 |             0 |             0 |             0 |             0 |             0 |             0 |             0 |             0 |             0 |             0 |             0 |             0 |             0 |             0 |             0 |             0 |             0 |             0 |             0 |             0 |             0 |             0 |             0 |             0 |             0 |             0 |             0 |             0 |             0 |             0 |             0 |             0 |             0 |             0 |             0 |             0 |             0 |             0 |             0 |             0 |             0 |             0 |             0 |             0 |             0 |             0 |             0 |             0 |             0 |             0 |             0 |             0 |             0 |             0 |             0 |             0 |             0 |             0 |             0 |             0 |             0 |             0 |             0 |             0 |             0 |             0 |             0 |             0 |             0 |             0 |             0 |             0 |             0 |             0 |             0 |             0 |             0 |   51131382943 |             0 |             0 |             0 |             0 |             0 |             0 |             0 |             0 |             0 |             0 |             0 |             0 |             0 |             0 |             0 |             0 |             0 |             0 |             0 |             0 |             0 |             0 |             0 |             0 |             0 |             0 |             0 |             0 |             0 |             0 |             0 |             0 |             0 |             0 |             0 |             0 |             0 |             0 |             0 |             0 |             0 |             0 |             0 |             0 |             0 |             0 |             0 |             0 |             0 |             0 |             0 |             0 |             0 |             0 |             0 |             0 |             0 |             0 |             0 |             0 |             0 |             0 |             0 |             0 |             0 |             0 |             0 |             0 |             0 |             0 |             0 |             0 |             0 |             0 |             0 |             0 |             0 |             0 |             0 |             0 |             0 |             0 |             0 |             0 |             0 |             0 |             0 |             0 |             0 |             0 |             0 |             0 |             0 |             0 |             0 |
|      CAS_CMD_WR      |  UMC1C1 |   35819715955 |             0 |             0 |             0 |             0 |             0 |             0 |             0 |             0 |             0 |             0 |             0 |             0 |             0 |             0 |             0 |             0 |             0 |             0 |             0 |             0 |             0 |             0 |             0 |             0 |             0 |             0 |             0 |             0 |             0 |             0 |             0 |             0 |             0 |             0 |             0 |             0 |             0 |             0 |             0 |             0 |             0 |             0 |             0 |             0 |             0 |             0 |             0 |             0 |             0 |             0 |             0 |             0 |             0 |             0 |             0 |             0 |             0 |             0 |             0 |             0 |             0 |             0 |             0 |             0 |             0 |             0 |             0 |             0 |             0 |             0 |             0 |             0 |             0 |             0 |             0 |             0 |             0 |             0 |             0 |             0 |             0 |             0 |             0 |             0 |             0 |             0 |             0 |             0 |             0 |             0 |             0 |             0 |             0 |             0 |             0 |   25408875991 |             0 |             0 |             0 |             0 |             0 |             0 |             0 |             0 |             0 |             0 |             0 |             0 |             0 |             0 |             0 |             0 |             0 |             0 |             0 |             0 |             0 |             0 |             0 |             0 |             0 |             0 |             0 |             0 |             0 |             0 |             0 |             0 |             0 |             0 |             0 |             0 |             0 |             0 |             0 |             0 |             0 |             0 |             0 |             0 |             0 |             0 |             0 |             0 |             0 |             0 |             0 |             0 |             0 |             0 |             0 |             0 |             0 |             0 |             0 |             0 |             0 |             0 |             0 |             0 |             0 |             0 |             0 |             0 |             0 |             0 |             0 |             0 |             0 |             0 |             0 |             0 |             0 |             0 |             0 |             0 |             0 |             0 |             0 |             0 |             0 |             0 |             0 |             0 |             0 |             0 |             0 |             0 |             0 |             0 |             0 |
|      CAS_CMD_RD      |  UMC2C0 |   98989091539 |             0 |             0 |             0 |             0 |             0 |             0 |             0 |             0 |             0 |             0 |             0 |             0 |             0 |             0 |             0 |             0 |             0 |             0 |             0 |             0 |             0 |             0 |             0 |             0 |             0 |             0 |             0 |             0 |             0 |             0 |             0 |             0 |             0 |             0 |             0 |             0 |             0 |             0 |             0 |             0 |             0 |             0 |             0 |             0 |             0 |             0 |             0 |             0 |             0 |             0 |             0 |             0 |             0 |             0 |             0 |             0 |             0 |             0 |             0 |             0 |             0 |             0 |             0 |             0 |             0 |             0 |             0 |             0 |             0 |             0 |             0 |             0 |             0 |             0 |             0 |             0 |             0 |             0 |             0 |             0 |             0 |             0 |             0 |             0 |             0 |             0 |             0 |             0 |             0 |             0 |             0 |             0 |             0 |             0 |             0 |   51098065493 |             0 |             0 |             0 |             0 |             0 |             0 |             0 |             0 |             0 |             0 |             0 |             0 |             0 |             0 |             0 |             0 |             0 |             0 |             0 |             0 |             0 |             0 |             0 |             0 |             0 |             0 |             0 |             0 |             0 |             0 |             0 |             0 |             0 |             0 |             0 |             0 |             0 |             0 |             0 |             0 |             0 |             0 |             0 |             0 |             0 |             0 |             0 |             0 |             0 |             0 |             0 |             0 |             0 |             0 |             0 |             0 |             0 |             0 |             0 |             0 |             0 |             0 |             0 |             0 |             0 |             0 |             0 |             0 |             0 |             0 |             0 |             0 |             0 |             0 |             0 |             0 |             0 |             0 |             0 |             0 |             0 |             0 |             0 |             0 |             0 |             0 |             0 |             0 |             0 |             0 |             0 |             0 |             0 |             0 |             0 |
|      CAS_CMD_WR      |  UMC2C1 |   35866170762 |             0 |             0 |             0 |             0 |             0 |             0 |             0 |             0 |             0 |             0 |             0 |             0 |             0 |             0 |             0 |             0 |             0 |             0 |             0 |             0 |             0 |             0 |             0 |             0 |             0 |             0 |             0 |             0 |             0 |             0 |             0 |             0 |             0 |             0 |             0 |             0 |             0 |             0 |             0 |             0 |             0 |             0 |             0 |             0 |             0 |             0 |             0 |             0 |             0 |             0 |             0 |             0 |             0 |             0 |             0 |             0 |             0 |             0 |             0 |             0 |             0 |             0 |             0 |             0 |             0 |             0 |             0 |             0 |             0 |             0 |             0 |             0 |             0 |             0 |             0 |             0 |             0 |             0 |             0 |             0 |             0 |             0 |             0 |             0 |             0 |             0 |             0 |             0 |             0 |             0 |             0 |             0 |             0 |             0 |             0 |   25444519265 |             0 |             0 |             0 |             0 |             0 |             0 |             0 |             0 |             0 |             0 |             0 |             0 |             0 |             0 |             0 |             0 |             0 |             0 |             0 |             0 |             0 |             0 |             0 |             0 |             0 |             0 |             0 |             0 |             0 |             0 |             0 |             0 |             0 |             0 |             0 |             0 |             0 |             0 |             0 |             0 |             0 |             0 |             0 |             0 |             0 |             0 |             0 |             0 |             0 |             0 |             0 |             0 |             0 |             0 |             0 |             0 |             0 |             0 |             0 |             0 |             0 |             0 |             0 |             0 |             0 |             0 |             0 |             0 |             0 |             0 |             0 |             0 |             0 |             0 |             0 |             0 |             0 |             0 |             0 |             0 |             0 |             0 |             0 |             0 |             0 |             0 |             0 |             0 |             0 |             0 |             0 |             0 |             0 |             0 |             0 |
|      CAS_CMD_RD      |  UMC3C0 |   98472975350 |             0 |             0 |             0 |             0 |             0 |             0 |             0 |             0 |             0 |             0 |             0 |             0 |             0 |             0 |             0 |             0 |             0 |             0 |             0 |             0 |             0 |             0 |             0 |             0 |             0 |             0 |             0 |             0 |             0 |             0 |             0 |             0 |             0 |             0 |             0 |             0 |             0 |             0 |             0 |             0 |             0 |             0 |             0 |             0 |             0 |             0 |             0 |             0 |             0 |             0 |             0 |             0 |             0 |             0 |             0 |             0 |             0 |             0 |             0 |             0 |             0 |             0 |             0 |             0 |             0 |             0 |             0 |             0 |             0 |             0 |             0 |             0 |             0 |             0 |             0 |             0 |             0 |             0 |             0 |             0 |             0 |             0 |             0 |             0 |             0 |             0 |             0 |             0 |             0 |             0 |             0 |             0 |             0 |             0 |             0 |   51058008468 |             0 |             0 |             0 |             0 |             0 |             0 |             0 |             0 |             0 |             0 |             0 |             0 |             0 |             0 |             0 |             0 |             0 |             0 |             0 |             0 |             0 |             0 |             0 |             0 |             0 |             0 |             0 |             0 |             0 |             0 |             0 |             0 |             0 |             0 |             0 |             0 |             0 |             0 |             0 |             0 |             0 |             0 |             0 |             0 |             0 |             0 |             0 |             0 |             0 |             0 |             0 |             0 |             0 |             0 |             0 |             0 |             0 |             0 |             0 |             0 |             0 |             0 |             0 |             0 |             0 |             0 |             0 |             0 |             0 |             0 |             0 |             0 |             0 |             0 |             0 |             0 |             0 |             0 |             0 |             0 |             0 |             0 |             0 |             0 |             0 |             0 |             0 |             0 |             0 |             0 |             0 |             0 |             0 |             0 |             0 |
|      CAS_CMD_WR      |  UMC3C1 |   35837336412 |             0 |             0 |             0 |             0 |             0 |             0 |             0 |             0 |             0 |             0 |             0 |             0 |             0 |             0 |             0 |             0 |             0 |             0 |             0 |             0 |             0 |             0 |             0 |             0 |             0 |             0 |             0 |             0 |             0 |             0 |             0 |             0 |             0 |             0 |             0 |             0 |             0 |             0 |             0 |             0 |             0 |             0 |             0 |             0 |             0 |             0 |             0 |             0 |             0 |             0 |             0 |             0 |             0 |             0 |             0 |             0 |             0 |             0 |             0 |             0 |             0 |             0 |             0 |             0 |             0 |             0 |             0 |             0 |             0 |             0 |             0 |             0 |             0 |             0 |             0 |             0 |             0 |             0 |             0 |             0 |             0 |             0 |             0 |             0 |             0 |             0 |             0 |             0 |             0 |             0 |             0 |             0 |             0 |             0 |             0 |   25404476406 |             0 |             0 |             0 |             0 |             0 |             0 |             0 |             0 |             0 |             0 |             0 |             0 |             0 |             0 |             0 |             0 |             0 |             0 |             0 |             0 |             0 |             0 |             0 |             0 |             0 |             0 |             0 |             0 |             0 |             0 |             0 |             0 |             0 |             0 |             0 |             0 |             0 |             0 |             0 |             0 |             0 |             0 |             0 |             0 |             0 |             0 |             0 |             0 |             0 |             0 |             0 |             0 |             0 |             0 |             0 |             0 |             0 |             0 |             0 |             0 |             0 |             0 |             0 |             0 |             0 |             0 |             0 |             0 |             0 |             0 |             0 |             0 |             0 |             0 |             0 |             0 |             0 |             0 |             0 |             0 |             0 |             0 |             0 |             0 |             0 |             0 |             0 |             0 |             0 |             0 |             0 |             0 |             0 |             0 |             0 |
|      CAS_CMD_RD      |  UMC4C0 |   98144265668 |             0 |             0 |             0 |             0 |             0 |             0 |             0 |             0 |             0 |             0 |             0 |             0 |             0 |             0 |             0 |             0 |             0 |             0 |             0 |             0 |             0 |             0 |             0 |             0 |             0 |             0 |             0 |             0 |             0 |             0 |             0 |             0 |             0 |             0 |             0 |             0 |             0 |             0 |             0 |             0 |             0 |             0 |             0 |             0 |             0 |             0 |             0 |             0 |             0 |             0 |             0 |             0 |             0 |             0 |             0 |             0 |             0 |             0 |             0 |             0 |             0 |             0 |             0 |             0 |             0 |             0 |             0 |             0 |             0 |             0 |             0 |             0 |             0 |             0 |             0 |             0 |             0 |             0 |             0 |             0 |             0 |             0 |             0 |             0 |             0 |             0 |             0 |             0 |             0 |             0 |             0 |             0 |             0 |             0 |             0 |   51147109094 |             0 |             0 |             0 |             0 |             0 |             0 |             0 |             0 |             0 |             0 |             0 |             0 |             0 |             0 |             0 |             0 |             0 |             0 |             0 |             0 |             0 |             0 |             0 |             0 |             0 |             0 |             0 |             0 |             0 |             0 |             0 |             0 |             0 |             0 |             0 |             0 |             0 |             0 |             0 |             0 |             0 |             0 |             0 |             0 |             0 |             0 |             0 |             0 |             0 |             0 |             0 |             0 |             0 |             0 |             0 |             0 |             0 |             0 |             0 |             0 |             0 |             0 |             0 |             0 |             0 |             0 |             0 |             0 |             0 |             0 |             0 |             0 |             0 |             0 |             0 |             0 |             0 |             0 |             0 |             0 |             0 |             0 |             0 |             0 |             0 |             0 |             0 |             0 |             0 |             0 |             0 |             0 |             0 |             0 |             0 |
|      CAS_CMD_WR      |  UMC4C1 |   35789889427 |             0 |             0 |             0 |             0 |             0 |             0 |             0 |             0 |             0 |             0 |             0 |             0 |             0 |             0 |             0 |             0 |             0 |             0 |             0 |             0 |             0 |             0 |             0 |             0 |             0 |             0 |             0 |             0 |             0 |             0 |             0 |             0 |             0 |             0 |             0 |             0 |             0 |             0 |             0 |             0 |             0 |             0 |             0 |             0 |             0 |             0 |             0 |             0 |             0 |             0 |             0 |             0 |             0 |             0 |             0 |             0 |             0 |             0 |             0 |             0 |             0 |             0 |             0 |             0 |             0 |             0 |             0 |             0 |             0 |             0 |             0 |             0 |             0 |             0 |             0 |             0 |             0 |             0 |             0 |             0 |             0 |             0 |             0 |             0 |             0 |             0 |             0 |             0 |             0 |             0 |             0 |             0 |             0 |             0 |             0 |   25396399317 |             0 |             0 |             0 |             0 |             0 |             0 |             0 |             0 |             0 |             0 |             0 |             0 |             0 |             0 |             0 |             0 |             0 |             0 |             0 |             0 |             0 |             0 |             0 |             0 |             0 |             0 |             0 |             0 |             0 |             0 |             0 |             0 |             0 |             0 |             0 |             0 |             0 |             0 |             0 |             0 |             0 |             0 |             0 |             0 |             0 |             0 |             0 |             0 |             0 |             0 |             0 |             0 |             0 |             0 |             0 |             0 |             0 |             0 |             0 |             0 |             0 |             0 |             0 |             0 |             0 |             0 |             0 |             0 |             0 |             0 |             0 |             0 |             0 |             0 |             0 |             0 |             0 |             0 |             0 |             0 |             0 |             0 |             0 |             0 |             0 |             0 |             0 |             0 |             0 |             0 |             0 |             0 |             0 |             0 |             0 |
|      CAS_CMD_RD      |  UMC5C0 |   97592056489 |             0 |             0 |             0 |             0 |             0 |             0 |             0 |             0 |             0 |             0 |             0 |             0 |             0 |             0 |             0 |             0 |             0 |             0 |             0 |             0 |             0 |             0 |             0 |             0 |             0 |             0 |             0 |             0 |             0 |             0 |             0 |             0 |             0 |             0 |             0 |             0 |             0 |             0 |             0 |             0 |             0 |             0 |             0 |             0 |             0 |             0 |             0 |             0 |             0 |             0 |             0 |             0 |             0 |             0 |             0 |             0 |             0 |             0 |             0 |             0 |             0 |             0 |             0 |             0 |             0 |             0 |             0 |             0 |             0 |             0 |             0 |             0 |             0 |             0 |             0 |             0 |             0 |             0 |             0 |             0 |             0 |             0 |             0 |             0 |             0 |             0 |             0 |             0 |             0 |             0 |             0 |             0 |             0 |             0 |             0 |   51075607294 |             0 |             0 |             0 |             0 |             0 |             0 |             0 |             0 |             0 |             0 |             0 |             0 |             0 |             0 |             0 |             0 |             0 |             0 |             0 |             0 |             0 |             0 |             0 |             0 |             0 |             0 |             0 |             0 |             0 |             0 |             0 |             0 |             0 |             0 |             0 |             0 |             0 |             0 |             0 |             0 |             0 |             0 |             0 |             0 |             0 |             0 |             0 |             0 |             0 |             0 |             0 |             0 |             0 |             0 |             0 |             0 |             0 |             0 |             0 |             0 |             0 |             0 |             0 |             0 |             0 |             0 |             0 |             0 |             0 |             0 |             0 |             0 |             0 |             0 |             0 |             0 |             0 |             0 |             0 |             0 |             0 |             0 |             0 |             0 |             0 |             0 |             0 |             0 |             0 |             0 |             0 |             0 |             0 |             0 |             0 |
|      CAS_CMD_WR      |  UMC5C1 |   35795786340 |             0 |             0 |             0 |             0 |             0 |             0 |             0 |             0 |             0 |             0 |             0 |             0 |             0 |             0 |             0 |             0 |             0 |             0 |             0 |             0 |             0 |             0 |             0 |             0 |             0 |             0 |             0 |             0 |             0 |             0 |             0 |             0 |             0 |             0 |             0 |             0 |             0 |             0 |             0 |             0 |             0 |             0 |             0 |             0 |             0 |             0 |             0 |             0 |             0 |             0 |             0 |             0 |             0 |             0 |             0 |             0 |             0 |             0 |             0 |             0 |             0 |             0 |             0 |             0 |             0 |             0 |             0 |             0 |             0 |             0 |             0 |             0 |             0 |             0 |             0 |             0 |             0 |             0 |             0 |             0 |             0 |             0 |             0 |             0 |             0 |             0 |             0 |             0 |             0 |             0 |             0 |             0 |             0 |             0 |             0 |   25398997029 |             0 |             0 |             0 |             0 |             0 |             0 |             0 |             0 |             0 |             0 |             0 |             0 |             0 |             0 |             0 |             0 |             0 |             0 |             0 |             0 |             0 |             0 |             0 |             0 |             0 |             0 |             0 |             0 |             0 |             0 |             0 |             0 |             0 |             0 |             0 |             0 |             0 |             0 |             0 |             0 |             0 |             0 |             0 |             0 |             0 |             0 |             0 |             0 |             0 |             0 |             0 |             0 |             0 |             0 |             0 |             0 |             0 |             0 |             0 |             0 |             0 |             0 |             0 |             0 |             0 |             0 |             0 |             0 |             0 |             0 |             0 |             0 |             0 |             0 |             0 |             0 |             0 |             0 |             0 |             0 |             0 |             0 |             0 |             0 |             0 |             0 |             0 |             0 |             0 |             0 |             0 |             0 |             0 |             0 |             0 |
|      CAS_CMD_RD      |  UMC6C0 |   99224142548 |             0 |             0 |             0 |             0 |             0 |             0 |             0 |             0 |             0 |             0 |             0 |             0 |             0 |             0 |             0 |             0 |             0 |             0 |             0 |             0 |             0 |             0 |             0 |             0 |             0 |             0 |             0 |             0 |             0 |             0 |             0 |             0 |             0 |             0 |             0 |             0 |             0 |             0 |             0 |             0 |             0 |             0 |             0 |             0 |             0 |             0 |             0 |             0 |             0 |             0 |             0 |             0 |             0 |             0 |             0 |             0 |             0 |             0 |             0 |             0 |             0 |             0 |             0 |             0 |             0 |             0 |             0 |             0 |             0 |             0 |             0 |             0 |             0 |             0 |             0 |             0 |             0 |             0 |             0 |             0 |             0 |             0 |             0 |             0 |             0 |             0 |             0 |             0 |             0 |             0 |             0 |             0 |             0 |             0 |             0 |   51120644829 |             0 |             0 |             0 |             0 |             0 |             0 |             0 |             0 |             0 |             0 |             0 |             0 |             0 |             0 |             0 |             0 |             0 |             0 |             0 |             0 |             0 |             0 |             0 |             0 |             0 |             0 |             0 |             0 |             0 |             0 |             0 |             0 |             0 |             0 |             0 |             0 |             0 |             0 |             0 |             0 |             0 |             0 |             0 |             0 |             0 |             0 |             0 |             0 |             0 |             0 |             0 |             0 |             0 |             0 |             0 |             0 |             0 |             0 |             0 |             0 |             0 |             0 |             0 |             0 |             0 |             0 |             0 |             0 |             0 |             0 |             0 |             0 |             0 |             0 |             0 |             0 |             0 |             0 |             0 |             0 |             0 |             0 |             0 |             0 |             0 |             0 |             0 |             0 |             0 |             0 |             0 |             0 |             0 |             0 |             0 |
|      CAS_CMD_WR      |  UMC6C1 |   35935851215 |             0 |             0 |             0 |             0 |             0 |             0 |             0 |             0 |             0 |             0 |             0 |             0 |             0 |             0 |             0 |             0 |             0 |             0 |             0 |             0 |             0 |             0 |             0 |             0 |             0 |             0 |             0 |             0 |             0 |             0 |             0 |             0 |             0 |             0 |             0 |             0 |             0 |             0 |             0 |             0 |             0 |             0 |             0 |             0 |             0 |             0 |             0 |             0 |             0 |             0 |             0 |             0 |             0 |             0 |             0 |             0 |             0 |             0 |             0 |             0 |             0 |             0 |             0 |             0 |             0 |             0 |             0 |             0 |             0 |             0 |             0 |             0 |             0 |             0 |             0 |             0 |             0 |             0 |             0 |             0 |             0 |             0 |             0 |             0 |             0 |             0 |             0 |             0 |             0 |             0 |             0 |             0 |             0 |             0 |             0 |   25384364782 |             0 |             0 |             0 |             0 |             0 |             0 |             0 |             0 |             0 |             0 |             0 |             0 |             0 |             0 |             0 |             0 |             0 |             0 |             0 |             0 |             0 |             0 |             0 |             0 |             0 |             0 |             0 |             0 |             0 |             0 |             0 |             0 |             0 |             0 |             0 |             0 |             0 |             0 |             0 |             0 |             0 |             0 |             0 |             0 |             0 |             0 |             0 |             0 |             0 |             0 |             0 |             0 |             0 |             0 |             0 |             0 |             0 |             0 |             0 |             0 |             0 |             0 |             0 |             0 |             0 |             0 |             0 |             0 |             0 |             0 |             0 |             0 |             0 |             0 |             0 |             0 |             0 |             0 |             0 |             0 |             0 |             0 |             0 |             0 |             0 |             0 |             0 |             0 |             0 |             0 |             0 |             0 |             0 |             0 |             0 |
|      CAS_CMD_RD      |  UMC7C0 |   98897194947 |             0 |             0 |             0 |             0 |             0 |             0 |             0 |             0 |             0 |             0 |             0 |             0 |             0 |             0 |             0 |             0 |             0 |             0 |             0 |             0 |             0 |             0 |             0 |             0 |             0 |             0 |             0 |             0 |             0 |             0 |             0 |             0 |             0 |             0 |             0 |             0 |             0 |             0 |             0 |             0 |             0 |             0 |             0 |             0 |             0 |             0 |             0 |             0 |             0 |             0 |             0 |             0 |             0 |             0 |             0 |             0 |             0 |             0 |             0 |             0 |             0 |             0 |             0 |             0 |             0 |             0 |             0 |             0 |             0 |             0 |             0 |             0 |             0 |             0 |             0 |             0 |             0 |             0 |             0 |             0 |             0 |             0 |             0 |             0 |             0 |             0 |             0 |             0 |             0 |             0 |             0 |             0 |             0 |             0 |             0 |   51099660944 |             0 |             0 |             0 |             0 |             0 |             0 |             0 |             0 |             0 |             0 |             0 |             0 |             0 |             0 |             0 |             0 |             0 |             0 |             0 |             0 |             0 |             0 |             0 |             0 |             0 |             0 |             0 |             0 |             0 |             0 |             0 |             0 |             0 |             0 |             0 |             0 |             0 |             0 |             0 |             0 |             0 |             0 |             0 |             0 |             0 |             0 |             0 |             0 |             0 |             0 |             0 |             0 |             0 |             0 |             0 |             0 |             0 |             0 |             0 |             0 |             0 |             0 |             0 |             0 |             0 |             0 |             0 |             0 |             0 |             0 |             0 |             0 |             0 |             0 |             0 |             0 |             0 |             0 |             0 |             0 |             0 |             0 |             0 |             0 |             0 |             0 |             0 |             0 |             0 |             0 |             0 |             0 |             0 |             0 |             0 |
|      CAS_CMD_WR      |  UMC7C1 |   35852191038 |             0 |             0 |             0 |             0 |             0 |             0 |             0 |             0 |             0 |             0 |             0 |             0 |             0 |             0 |             0 |             0 |             0 |             0 |             0 |             0 |             0 |             0 |             0 |             0 |             0 |             0 |             0 |             0 |             0 |             0 |             0 |             0 |             0 |             0 |             0 |             0 |             0 |             0 |             0 |             0 |             0 |             0 |             0 |             0 |             0 |             0 |             0 |             0 |             0 |             0 |             0 |             0 |             0 |             0 |             0 |             0 |             0 |             0 |             0 |             0 |             0 |             0 |             0 |             0 |             0 |             0 |             0 |             0 |             0 |             0 |             0 |             0 |             0 |             0 |             0 |             0 |             0 |             0 |             0 |             0 |             0 |             0 |             0 |             0 |             0 |             0 |             0 |             0 |             0 |             0 |             0 |             0 |             0 |             0 |             0 |   25375824821 |             0 |             0 |             0 |             0 |             0 |             0 |             0 |             0 |             0 |             0 |             0 |             0 |             0 |             0 |             0 |             0 |             0 |             0 |             0 |             0 |             0 |             0 |             0 |             0 |             0 |             0 |             0 |             0 |             0 |             0 |             0 |             0 |             0 |             0 |             0 |             0 |             0 |             0 |             0 |             0 |             0 |             0 |             0 |             0 |             0 |             0 |             0 |             0 |             0 |             0 |             0 |             0 |             0 |             0 |             0 |             0 |             0 |             0 |             0 |             0 |             0 |             0 |             0 |             0 |             0 |             0 |             0 |             0 |             0 |             0 |             0 |             0 |             0 |             0 |             0 |             0 |             0 |             0 |             0 |             0 |             0 |             0 |             0 |             0 |             0 |             0 |             0 |             0 |             0 |             0 |             0 |             0 |             0 |             0 |             0 |
|      CAS_CMD_RD      |  UMC8C0 |   98415323918 |             0 |             0 |             0 |             0 |             0 |             0 |             0 |             0 |             0 |             0 |             0 |             0 |             0 |             0 |             0 |             0 |             0 |             0 |             0 |             0 |             0 |             0 |             0 |             0 |             0 |             0 |             0 |             0 |             0 |             0 |             0 |             0 |             0 |             0 |             0 |             0 |             0 |             0 |             0 |             0 |             0 |             0 |             0 |             0 |             0 |             0 |             0 |             0 |             0 |             0 |             0 |             0 |             0 |             0 |             0 |             0 |             0 |             0 |             0 |             0 |             0 |             0 |             0 |             0 |             0 |             0 |             0 |             0 |             0 |             0 |             0 |             0 |             0 |             0 |             0 |             0 |             0 |             0 |             0 |             0 |             0 |             0 |             0 |             0 |             0 |             0 |             0 |             0 |             0 |             0 |             0 |             0 |             0 |             0 |             0 |   51095059848 |             0 |             0 |             0 |             0 |             0 |             0 |             0 |             0 |             0 |             0 |             0 |             0 |             0 |             0 |             0 |             0 |             0 |             0 |             0 |             0 |             0 |             0 |             0 |             0 |             0 |             0 |             0 |             0 |             0 |             0 |             0 |             0 |             0 |             0 |             0 |             0 |             0 |             0 |             0 |             0 |             0 |             0 |             0 |             0 |             0 |             0 |             0 |             0 |             0 |             0 |             0 |             0 |             0 |             0 |             0 |             0 |             0 |             0 |             0 |             0 |             0 |             0 |             0 |             0 |             0 |             0 |             0 |             0 |             0 |             0 |             0 |             0 |             0 |             0 |             0 |             0 |             0 |             0 |             0 |             0 |             0 |             0 |             0 |             0 |             0 |             0 |             0 |             0 |             0 |             0 |             0 |             0 |             0 |             0 |             0 |
|      CAS_CMD_WR      |  UMC8C1 |   35913532879 |             0 |             0 |             0 |             0 |             0 |             0 |             0 |             0 |             0 |             0 |             0 |             0 |             0 |             0 |             0 |             0 |             0 |             0 |             0 |             0 |             0 |             0 |             0 |             0 |             0 |             0 |             0 |             0 |             0 |             0 |             0 |             0 |             0 |             0 |             0 |             0 |             0 |             0 |             0 |             0 |             0 |             0 |             0 |             0 |             0 |             0 |             0 |             0 |             0 |             0 |             0 |             0 |             0 |             0 |             0 |             0 |             0 |             0 |             0 |             0 |             0 |             0 |             0 |             0 |             0 |             0 |             0 |             0 |             0 |             0 |             0 |             0 |             0 |             0 |             0 |             0 |             0 |             0 |             0 |             0 |             0 |             0 |             0 |             0 |             0 |             0 |             0 |             0 |             0 |             0 |             0 |             0 |             0 |             0 |             0 |   25433000101 |             0 |             0 |             0 |             0 |             0 |             0 |             0 |             0 |             0 |             0 |             0 |             0 |             0 |             0 |             0 |             0 |             0 |             0 |             0 |             0 |             0 |             0 |             0 |             0 |             0 |             0 |             0 |             0 |             0 |             0 |             0 |             0 |             0 |             0 |             0 |             0 |             0 |             0 |             0 |             0 |             0 |             0 |             0 |             0 |             0 |             0 |             0 |             0 |             0 |             0 |             0 |             0 |             0 |             0 |             0 |             0 |             0 |             0 |             0 |             0 |             0 |             0 |             0 |             0 |             0 |             0 |             0 |             0 |             0 |             0 |             0 |             0 |             0 |             0 |             0 |             0 |             0 |             0 |             0 |             0 |             0 |             0 |             0 |             0 |             0 |             0 |             0 |             0 |             0 |             0 |             0 |             0 |             0 |             0 |             0 |
|      CAS_CMD_RD      |  UMC9C0 |   98989643952 |             0 |             0 |             0 |             0 |             0 |             0 |             0 |             0 |             0 |             0 |             0 |             0 |             0 |             0 |             0 |             0 |             0 |             0 |             0 |             0 |             0 |             0 |             0 |             0 |             0 |             0 |             0 |             0 |             0 |             0 |             0 |             0 |             0 |             0 |             0 |             0 |             0 |             0 |             0 |             0 |             0 |             0 |             0 |             0 |             0 |             0 |             0 |             0 |             0 |             0 |             0 |             0 |             0 |             0 |             0 |             0 |             0 |             0 |             0 |             0 |             0 |             0 |             0 |             0 |             0 |             0 |             0 |             0 |             0 |             0 |             0 |             0 |             0 |             0 |             0 |             0 |             0 |             0 |             0 |             0 |             0 |             0 |             0 |             0 |             0 |             0 |             0 |             0 |             0 |             0 |             0 |             0 |             0 |             0 |             0 |   51174206888 |             0 |             0 |             0 |             0 |             0 |             0 |             0 |             0 |             0 |             0 |             0 |             0 |             0 |             0 |             0 |             0 |             0 |             0 |             0 |             0 |             0 |             0 |             0 |             0 |             0 |             0 |             0 |             0 |             0 |             0 |             0 |             0 |             0 |             0 |             0 |             0 |             0 |             0 |             0 |             0 |             0 |             0 |             0 |             0 |             0 |             0 |             0 |             0 |             0 |             0 |             0 |             0 |             0 |             0 |             0 |             0 |             0 |             0 |             0 |             0 |             0 |             0 |             0 |             0 |             0 |             0 |             0 |             0 |             0 |             0 |             0 |             0 |             0 |             0 |             0 |             0 |             0 |             0 |             0 |             0 |             0 |             0 |             0 |             0 |             0 |             0 |             0 |             0 |             0 |             0 |             0 |             0 |             0 |             0 |             0 |
|      CAS_CMD_WR      |  UMC9C1 |   35867633901 |             0 |             0 |             0 |             0 |             0 |             0 |             0 |             0 |             0 |             0 |             0 |             0 |             0 |             0 |             0 |             0 |             0 |             0 |             0 |             0 |             0 |             0 |             0 |             0 |             0 |             0 |             0 |             0 |             0 |             0 |             0 |             0 |             0 |             0 |             0 |             0 |             0 |             0 |             0 |             0 |             0 |             0 |             0 |             0 |             0 |             0 |             0 |             0 |             0 |             0 |             0 |             0 |             0 |             0 |             0 |             0 |             0 |             0 |             0 |             0 |             0 |             0 |             0 |             0 |             0 |             0 |             0 |             0 |             0 |             0 |             0 |             0 |             0 |             0 |             0 |             0 |             0 |             0 |             0 |             0 |             0 |             0 |             0 |             0 |             0 |             0 |             0 |             0 |             0 |             0 |             0 |             0 |             0 |             0 |             0 |   25386906205 |             0 |             0 |             0 |             0 |             0 |             0 |             0 |             0 |             0 |             0 |             0 |             0 |             0 |             0 |             0 |             0 |             0 |             0 |             0 |             0 |             0 |             0 |             0 |             0 |             0 |             0 |             0 |             0 |             0 |             0 |             0 |             0 |             0 |             0 |             0 |             0 |             0 |             0 |             0 |             0 |             0 |             0 |             0 |             0 |             0 |             0 |             0 |             0 |             0 |             0 |             0 |             0 |             0 |             0 |             0 |             0 |             0 |             0 |             0 |             0 |             0 |             0 |             0 |             0 |             0 |             0 |             0 |             0 |             0 |             0 |             0 |             0 |             0 |             0 |             0 |             0 |             0 |             0 |             0 |             0 |             0 |             0 |             0 |             0 |             0 |             0 |             0 |             0 |             0 |             0 |             0 |             0 |             0 |             0 |             0 |
|      CAS_CMD_RD      | UMC10C0 |   99610774807 |             0 |             0 |             0 |             0 |             0 |             0 |             0 |             0 |             0 |             0 |             0 |             0 |             0 |             0 |             0 |             0 |             0 |             0 |             0 |             0 |             0 |             0 |             0 |             0 |             0 |             0 |             0 |             0 |             0 |             0 |             0 |             0 |             0 |             0 |             0 |             0 |             0 |             0 |             0 |             0 |             0 |             0 |             0 |             0 |             0 |             0 |             0 |             0 |             0 |             0 |             0 |             0 |             0 |             0 |             0 |             0 |             0 |             0 |             0 |             0 |             0 |             0 |             0 |             0 |             0 |             0 |             0 |             0 |             0 |             0 |             0 |             0 |             0 |             0 |             0 |             0 |             0 |             0 |             0 |             0 |             0 |             0 |             0 |             0 |             0 |             0 |             0 |             0 |             0 |             0 |             0 |             0 |             0 |             0 |             0 |   51155759118 |             0 |             0 |             0 |             0 |             0 |             0 |             0 |             0 |             0 |             0 |             0 |             0 |             0 |             0 |             0 |             0 |             0 |             0 |             0 |             0 |             0 |             0 |             0 |             0 |             0 |             0 |             0 |             0 |             0 |             0 |             0 |             0 |             0 |             0 |             0 |             0 |             0 |             0 |             0 |             0 |             0 |             0 |             0 |             0 |             0 |             0 |             0 |             0 |             0 |             0 |             0 |             0 |             0 |             0 |             0 |             0 |             0 |             0 |             0 |             0 |             0 |             0 |             0 |             0 |             0 |             0 |             0 |             0 |             0 |             0 |             0 |             0 |             0 |             0 |             0 |             0 |             0 |             0 |             0 |             0 |             0 |             0 |             0 |             0 |             0 |             0 |             0 |             0 |             0 |             0 |             0 |             0 |             0 |             0 |             0 |
|      CAS_CMD_WR      | UMC10C1 |   35955833029 |             0 |             0 |             0 |             0 |             0 |             0 |             0 |             0 |             0 |             0 |             0 |             0 |             0 |             0 |             0 |             0 |             0 |             0 |             0 |             0 |             0 |             0 |             0 |             0 |             0 |             0 |             0 |             0 |             0 |             0 |             0 |             0 |             0 |             0 |             0 |             0 |             0 |             0 |             0 |             0 |             0 |             0 |             0 |             0 |             0 |             0 |             0 |             0 |             0 |             0 |             0 |             0 |             0 |             0 |             0 |             0 |             0 |             0 |             0 |             0 |             0 |             0 |             0 |             0 |             0 |             0 |             0 |             0 |             0 |             0 |             0 |             0 |             0 |             0 |             0 |             0 |             0 |             0 |             0 |             0 |             0 |             0 |             0 |             0 |             0 |             0 |             0 |             0 |             0 |             0 |             0 |             0 |             0 |             0 |             0 |   25389090802 |             0 |             0 |             0 |             0 |             0 |             0 |             0 |             0 |             0 |             0 |             0 |             0 |             0 |             0 |             0 |             0 |             0 |             0 |             0 |             0 |             0 |             0 |             0 |             0 |             0 |             0 |             0 |             0 |             0 |             0 |             0 |             0 |             0 |             0 |             0 |             0 |             0 |             0 |             0 |             0 |             0 |             0 |             0 |             0 |             0 |             0 |             0 |             0 |             0 |             0 |             0 |             0 |             0 |             0 |             0 |             0 |             0 |             0 |             0 |             0 |             0 |             0 |             0 |             0 |             0 |             0 |             0 |             0 |             0 |             0 |             0 |             0 |             0 |             0 |             0 |             0 |             0 |             0 |             0 |             0 |             0 |             0 |             0 |             0 |             0 |             0 |             0 |             0 |             0 |             0 |             0 |             0 |             0 |             0 |             0 |
|      CAS_CMD_RD      | UMC11C0 |   98807873796 |             0 |             0 |             0 |             0 |             0 |             0 |             0 |             0 |             0 |             0 |             0 |             0 |             0 |             0 |             0 |             0 |             0 |             0 |             0 |             0 |             0 |             0 |             0 |             0 |             0 |             0 |             0 |             0 |             0 |             0 |             0 |             0 |             0 |             0 |             0 |             0 |             0 |             0 |             0 |             0 |             0 |             0 |             0 |             0 |             0 |             0 |             0 |             0 |             0 |             0 |             0 |             0 |             0 |             0 |             0 |             0 |             0 |             0 |             0 |             0 |             0 |             0 |             0 |             0 |             0 |             0 |             0 |             0 |             0 |             0 |             0 |             0 |             0 |             0 |             0 |             0 |             0 |             0 |             0 |             0 |             0 |             0 |             0 |             0 |             0 |             0 |             0 |             0 |             0 |             0 |             0 |             0 |             0 |             0 |             0 |   51124854832 |             0 |             0 |             0 |             0 |             0 |             0 |             0 |             0 |             0 |             0 |             0 |             0 |             0 |             0 |             0 |             0 |             0 |             0 |             0 |             0 |             0 |             0 |             0 |             0 |             0 |             0 |             0 |             0 |             0 |             0 |             0 |             0 |             0 |             0 |             0 |             0 |             0 |             0 |             0 |             0 |             0 |             0 |             0 |             0 |             0 |             0 |             0 |             0 |             0 |             0 |             0 |             0 |             0 |             0 |             0 |             0 |             0 |             0 |             0 |             0 |             0 |             0 |             0 |             0 |             0 |             0 |             0 |             0 |             0 |             0 |             0 |             0 |             0 |             0 |             0 |             0 |             0 |             0 |             0 |             0 |             0 |             0 |             0 |             0 |             0 |             0 |             0 |             0 |             0 |             0 |             0 |             0 |             0 |             0 |             0 |
|      CAS_CMD_WR      | UMC11C1 |   35826793960 |             0 |             0 |             0 |             0 |             0 |             0 |             0 |             0 |             0 |             0 |             0 |             0 |             0 |             0 |             0 |             0 |             0 |             0 |             0 |             0 |             0 |             0 |             0 |             0 |             0 |             0 |             0 |             0 |             0 |             0 |             0 |             0 |             0 |             0 |             0 |             0 |             0 |             0 |             0 |             0 |             0 |             0 |             0 |             0 |             0 |             0 |             0 |             0 |             0 |             0 |             0 |             0 |             0 |             0 |             0 |             0 |             0 |             0 |             0 |             0 |             0 |             0 |             0 |             0 |             0 |             0 |             0 |             0 |             0 |             0 |             0 |             0 |             0 |             0 |             0 |             0 |             0 |             0 |             0 |             0 |             0 |             0 |             0 |             0 |             0 |             0 |             0 |             0 |             0 |             0 |             0 |             0 |             0 |             0 |             0 |   25413627486 |             0 |             0 |             0 |             0 |             0 |             0 |             0 |             0 |             0 |             0 |             0 |             0 |             0 |             0 |             0 |             0 |             0 |             0 |             0 |             0 |             0 |             0 |             0 |             0 |             0 |             0 |             0 |             0 |             0 |             0 |             0 |             0 |             0 |             0 |             0 |             0 |             0 |             0 |             0 |             0 |             0 |             0 |             0 |             0 |             0 |             0 |             0 |             0 |             0 |             0 |             0 |             0 |             0 |             0 |             0 |             0 |             0 |             0 |             0 |             0 |             0 |             0 |             0 |             0 |             0 |             0 |             0 |             0 |             0 |             0 |             0 |             0 |             0 |             0 |             0 |             0 |             0 |             0 |             0 |             0 |             0 |             0 |             0 |             0 |             0 |             0 |             0 |             0 |             0 |             0 |             0 |             0 |             0 |             0 |             0 |
+----------------------+---------+---------------+---------------+---------------+---------------+---------------+---------------+---------------+---------------+---------------+---------------+---------------+---------------+---------------+---------------+---------------+---------------+---------------+---------------+---------------+---------------+---------------+---------------+---------------+---------------+---------------+---------------+---------------+---------------+---------------+---------------+---------------+---------------+---------------+---------------+---------------+---------------+---------------+---------------+---------------+---------------+---------------+---------------+---------------+---------------+---------------+---------------+---------------+---------------+---------------+---------------+---------------+---------------+---------------+---------------+---------------+---------------+---------------+---------------+---------------+---------------+---------------+---------------+---------------+---------------+---------------+---------------+---------------+---------------+---------------+---------------+---------------+---------------+---------------+---------------+---------------+---------------+---------------+---------------+---------------+---------------+---------------+---------------+---------------+---------------+---------------+---------------+---------------+---------------+---------------+---------------+---------------+---------------+---------------+---------------+---------------+---------------+---------------+---------------+---------------+---------------+---------------+---------------+---------------+---------------+---------------+---------------+---------------+---------------+---------------+---------------+---------------+---------------+---------------+---------------+---------------+---------------+---------------+---------------+---------------+---------------+---------------+---------------+---------------+---------------+---------------+---------------+---------------+---------------+---------------+---------------+---------------+---------------+---------------+---------------+---------------+---------------+---------------+---------------+---------------+---------------+---------------+---------------+---------------+---------------+---------------+---------------+---------------+---------------+---------------+---------------+---------------+---------------+---------------+---------------+---------------+---------------+---------------+---------------+---------------+---------------+---------------+---------------+---------------+---------------+---------------+---------------+---------------+---------------+---------------+---------------+---------------+---------------+---------------+---------------+---------------+---------------+---------------+---------------+---------------+---------------+---------------+---------------+---------------+---------------+---------------+---------------+---------------+---------------+---------------+---------------+---------------+---------------+

+---------------------------+---------+-----------------+---------------+---------------+--------------+
|           Event           | Counter |       Sum       |      Min      |      Max      |      Avg     |
+---------------------------+---------+-----------------+---------------+---------------+--------------+
|   ACTUAL_CPU_CLOCK STAT   |  FIXC1  | 686291663097415 | 1976420738028 | 4268206214546 |      nil     |
|     MAX_CPU_CLOCK STAT    |  FIXC2  | 502758750531076 | 1815835483982 | 3021199426960 |      nil     |
| RETIRED_INSTRUCTIONS STAT |   PMC0  | 334494020331920 | 1590181037024 | 2467217684334 | 1.742156e+12 |
|  CPU_CLOCKS_UNHALTED STAT |   PMC1  | 613283879409794 | 1795447500011 | 3878157735190 |      nil     |
|      CAS_CMD_RD STAT      |  UMC0C0 |    150509362260 |             0 |   99417885215 | 7.839029e+08 |
|      CAS_CMD_WR STAT      |  UMC0C1 |     61219966414 |             0 |   35800373872 | 3.188540e+08 |
|      CAS_CMD_RD STAT      |  UMC1C0 |    150038753148 |             0 |   98907370205 | 7.814518e+08 |
|      CAS_CMD_WR STAT      |  UMC1C1 |     61228591946 |             0 |   35819715955 | 3.188989e+08 |
|      CAS_CMD_RD STAT      |  UMC2C0 |    150087157032 |             0 |   98989091539 | 7.817039e+08 |
|      CAS_CMD_WR STAT      |  UMC2C1 |     61310690027 |             0 |   35866170762 | 3.193265e+08 |
|      CAS_CMD_RD STAT      |  UMC3C0 |    149530983818 |             0 |   98472975350 | 7.788072e+08 |
|      CAS_CMD_WR STAT      |  UMC3C1 |     61241812818 |             0 |   35837336412 | 3.189678e+08 |
|      CAS_CMD_RD STAT      |  UMC4C0 |    149291374762 |             0 |   98144265668 | 7.775592e+08 |
|      CAS_CMD_WR STAT      |  UMC4C1 |     61186288744 |             0 |   35789889427 | 3.186786e+08 |
|      CAS_CMD_RD STAT      |  UMC5C0 |    148667663783 |             0 |   97592056489 | 7.743107e+08 |
|      CAS_CMD_WR STAT      |  UMC5C1 |     61194783369 |             0 |   35795786340 | 3.187228e+08 |
|      CAS_CMD_RD STAT      |  UMC6C0 |    150344787377 |             0 |   99224142548 | 7.830458e+08 |
|      CAS_CMD_WR STAT      |  UMC6C1 |     61320215997 |             0 |   35935851215 | 3.193761e+08 |
|      CAS_CMD_RD STAT      |  UMC7C0 |    149996855891 |             0 |   98897194947 | 7.812336e+08 |
|      CAS_CMD_WR STAT      |  UMC7C1 |     61228015859 |             0 |   35852191038 | 3.188959e+08 |
|      CAS_CMD_RD STAT      |  UMC8C0 |    149510383766 |             0 |   98415323918 | 7.786999e+08 |
|      CAS_CMD_WR STAT      |  UMC8C1 |     61346532980 |             0 |   35913532879 | 3.195132e+08 |
|      CAS_CMD_RD STAT      |  UMC9C0 |    150163850840 |             0 |   98989643952 | 7.821034e+08 |
|      CAS_CMD_WR STAT      |  UMC9C1 |     61254540106 |             0 |   35867633901 | 3.190341e+08 |
|      CAS_CMD_RD STAT      | UMC10C0 |    150766533925 |             0 |   99610774807 | 7.852424e+08 |
|      CAS_CMD_WR STAT      | UMC10C1 |     61344923831 |             0 |   35955833029 | 3.195048e+08 |
|      CAS_CMD_RD STAT      | UMC11C0 |    149932728628 |             0 |   98807873796 | 7.808996e+08 |
|      CAS_CMD_WR STAT      | UMC11C1 |     61240421446 |             0 |   35826793960 | 3.189605e+08 |
+---------------------------+---------+-----------------+---------------+---------------+--------------+

+-----------------------------------+-------------+------------+------------+------------+------------+------------+------------+------------+------------+------------+-------------+-------------+-------------+-------------+-------------+-------------+-------------+-------------+-------------+-------------+-------------+-------------+-------------+-------------+-------------+-------------+-------------+-------------+-------------+-------------+-------------+-------------+-------------+-------------+-------------+-------------+-------------+-------------+-------------+-------------+-------------+-------------+-------------+-------------+-------------+-------------+-------------+-------------+-------------+-------------+-------------+-------------+-------------+-------------+-------------+-------------+-------------+-------------+-------------+-------------+-------------+-------------+-------------+-------------+-------------+-------------+-------------+-------------+-------------+-------------+-------------+-------------+-------------+-------------+-------------+-------------+-------------+-------------+-------------+-------------+-------------+-------------+-------------+-------------+-------------+-------------+-------------+-------------+-------------+-------------+-------------+-------------+-------------+-------------+-------------+-------------+-------------+-------------+-------------+-------------+--------------+--------------+--------------+--------------+--------------+--------------+--------------+--------------+--------------+--------------+--------------+--------------+--------------+--------------+--------------+--------------+--------------+--------------+--------------+--------------+--------------+--------------+--------------+--------------+--------------+--------------+--------------+--------------+--------------+--------------+--------------+--------------+--------------+--------------+--------------+--------------+--------------+--------------+--------------+--------------+--------------+--------------+--------------+--------------+--------------+--------------+--------------+--------------+--------------+--------------+--------------+--------------+--------------+--------------+--------------+--------------+--------------+--------------+--------------+--------------+--------------+--------------+--------------+--------------+--------------+--------------+--------------+--------------+--------------+--------------+--------------+--------------+--------------+--------------+--------------+--------------+--------------+--------------+--------------+--------------+--------------+--------------+--------------+--------------+--------------+--------------+--------------+--------------+--------------+--------------+--------------+--------------+
|               Metric              |  HWThread 0 | HWThread 1 | HWThread 2 | HWThread 3 | HWThread 4 | HWThread 5 | HWThread 6 | HWThread 7 | HWThread 8 | HWThread 9 | HWThread 10 | HWThread 11 | HWThread 12 | HWThread 13 | HWThread 14 | HWThread 15 | HWThread 16 | HWThread 17 | HWThread 18 | HWThread 19 | HWThread 20 | HWThread 21 | HWThread 22 | HWThread 23 | HWThread 24 | HWThread 25 | HWThread 26 | HWThread 27 | HWThread 28 | HWThread 29 | HWThread 30 | HWThread 31 | HWThread 32 | HWThread 33 | HWThread 34 | HWThread 35 | HWThread 36 | HWThread 37 | HWThread 38 | HWThread 39 | HWThread 40 | HWThread 41 | HWThread 42 | HWThread 43 | HWThread 44 | HWThread 45 | HWThread 46 | HWThread 47 | HWThread 48 | HWThread 49 | HWThread 50 | HWThread 51 | HWThread 52 | HWThread 53 | HWThread 54 | HWThread 55 | HWThread 56 | HWThread 57 | HWThread 58 | HWThread 59 | HWThread 60 | HWThread 61 | HWThread 62 | HWThread 63 | HWThread 64 | HWThread 65 | HWThread 66 | HWThread 67 | HWThread 68 | HWThread 69 | HWThread 70 | HWThread 71 | HWThread 72 | HWThread 73 | HWThread 74 | HWThread 75 | HWThread 76 | HWThread 77 | HWThread 78 | HWThread 79 | HWThread 80 | HWThread 81 | HWThread 82 | HWThread 83 | HWThread 84 | HWThread 85 | HWThread 86 | HWThread 87 | HWThread 88 | HWThread 89 | HWThread 90 | HWThread 91 | HWThread 92 | HWThread 93 | HWThread 94 | HWThread 95 | HWThread 96 | HWThread 97 | HWThread 98 | HWThread 99 | HWThread 100 | HWThread 101 | HWThread 102 | HWThread 103 | HWThread 104 | HWThread 105 | HWThread 106 | HWThread 107 | HWThread 108 | HWThread 109 | HWThread 110 | HWThread 111 | HWThread 112 | HWThread 113 | HWThread 114 | HWThread 115 | HWThread 116 | HWThread 117 | HWThread 118 | HWThread 119 | HWThread 120 | HWThread 121 | HWThread 122 | HWThread 123 | HWThread 124 | HWThread 125 | HWThread 126 | HWThread 127 | HWThread 128 | HWThread 129 | HWThread 130 | HWThread 131 | HWThread 132 | HWThread 133 | HWThread 134 | HWThread 135 | HWThread 136 | HWThread 137 | HWThread 138 | HWThread 139 | HWThread 140 | HWThread 141 | HWThread 142 | HWThread 143 | HWThread 144 | HWThread 145 | HWThread 146 | HWThread 147 | HWThread 148 | HWThread 149 | HWThread 150 | HWThread 151 | HWThread 152 | HWThread 153 | HWThread 154 | HWThread 155 | HWThread 156 | HWThread 157 | HWThread 158 | HWThread 159 | HWThread 160 | HWThread 161 | HWThread 162 | HWThread 163 | HWThread 164 | HWThread 165 | HWThread 166 | HWThread 167 | HWThread 168 | HWThread 169 | HWThread 170 | HWThread 171 | HWThread 172 | HWThread 173 | HWThread 174 | HWThread 175 | HWThread 176 | HWThread 177 | HWThread 178 | HWThread 179 | HWThread 180 | HWThread 181 | HWThread 182 | HWThread 183 | HWThread 184 | HWThread 185 | HWThread 186 | HWThread 187 | HWThread 188 | HWThread 189 | HWThread 190 | HWThread 191 |
+-----------------------------------+-------------+------------+------------+------------+------------+------------+------------+------------+------------+------------+-------------+-------------+-------------+-------------+-------------+-------------+-------------+-------------+-------------+-------------+-------------+-------------+-------------+-------------+-------------+-------------+-------------+-------------+-------------+-------------+-------------+-------------+-------------+-------------+-------------+-------------+-------------+-------------+-------------+-------------+-------------+-------------+-------------+-------------+-------------+-------------+-------------+-------------+-------------+-------------+-------------+-------------+-------------+-------------+-------------+-------------+-------------+-------------+-------------+-------------+-------------+-------------+-------------+-------------+-------------+-------------+-------------+-------------+-------------+-------------+-------------+-------------+-------------+-------------+-------------+-------------+-------------+-------------+-------------+-------------+-------------+-------------+-------------+-------------+-------------+-------------+-------------+-------------+-------------+-------------+-------------+-------------+-------------+-------------+-------------+-------------+-------------+-------------+-------------+-------------+--------------+--------------+--------------+--------------+--------------+--------------+--------------+--------------+--------------+--------------+--------------+--------------+--------------+--------------+--------------+--------------+--------------+--------------+--------------+--------------+--------------+--------------+--------------+--------------+--------------+--------------+--------------+--------------+--------------+--------------+--------------+--------------+--------------+--------------+--------------+--------------+--------------+--------------+--------------+--------------+--------------+--------------+--------------+--------------+--------------+--------------+--------------+--------------+--------------+--------------+--------------+--------------+--------------+--------------+--------------+--------------+--------------+--------------+--------------+--------------+--------------+--------------+--------------+--------------+--------------+--------------+--------------+--------------+--------------+--------------+--------------+--------------+--------------+--------------+--------------+--------------+--------------+--------------+--------------+--------------+--------------+--------------+--------------+--------------+--------------+--------------+--------------+--------------+--------------+--------------+--------------+--------------+
|        Runtime (RDTSC) [s]        |   1355.9764 |  1355.9764 |  1355.9764 |  1355.9764 |  1355.9764 |  1355.9764 |  1355.9764 |  1355.9764 |  1355.9764 |  1355.9764 |   1355.9764 |   1355.9764 |   1355.9764 |   1355.9764 |   1355.9764 |   1355.9764 |   1355.9764 |   1355.9764 |   1355.9764 |   1355.9764 |   1355.9764 |   1355.9764 |   1355.9764 |   1355.9764 |   1355.9764 |   1355.9764 |   1355.9764 |   1355.9764 |   1355.9764 |   1355.9764 |   1355.9764 |   1355.9764 |   1355.9764 |   1355.9764 |   1355.9764 |   1355.9764 |   1355.9764 |   1355.9764 |   1355.9764 |   1355.9764 |   1355.9764 |   1355.9764 |   1355.9764 |   1355.9764 |   1355.9764 |   1355.9764 |   1355.9764 |   1355.9764 |   1355.9764 |   1355.9764 |   1355.9764 |   1355.9764 |   1355.9764 |   1355.9764 |   1355.9764 |   1355.9764 |   1355.9764 |   1355.9764 |   1355.9764 |   1355.9764 |   1355.9764 |   1355.9764 |   1355.9764 |   1355.9764 |   1355.9764 |   1355.9764 |   1355.9764 |   1355.9764 |   1355.9764 |   1355.9764 |   1355.9764 |   1355.9764 |   1355.9764 |   1355.9764 |   1355.9764 |   1355.9764 |   1355.9764 |   1355.9764 |   1355.9764 |   1355.9764 |   1355.9764 |   1355.9764 |   1355.9764 |   1355.9764 |   1355.9764 |   1355.9764 |   1355.9764 |   1355.9764 |   1355.9764 |   1355.9764 |   1355.9764 |   1355.9764 |   1355.9764 |   1355.9764 |   1355.9764 |   1355.9764 |   1355.9764 |   1355.9764 |   1355.9764 |   1355.9764 |    1355.9764 |    1355.9764 |    1355.9764 |    1355.9764 |    1355.9764 |    1355.9764 |    1355.9764 |    1355.9764 |    1355.9764 |    1355.9764 |    1355.9764 |    1355.9764 |    1355.9764 |    1355.9764 |    1355.9764 |    1355.9764 |    1355.9764 |    1355.9764 |    1355.9764 |    1355.9764 |    1355.9764 |    1355.9764 |    1355.9764 |    1355.9764 |    1355.9764 |    1355.9764 |    1355.9764 |    1355.9764 |    1355.9764 |    1355.9764 |    1355.9764 |    1355.9764 |    1355.9764 |    1355.9764 |    1355.9764 |    1355.9764 |    1355.9764 |    1355.9764 |    1355.9764 |    1355.9764 |    1355.9764 |    1355.9764 |    1355.9764 |    1355.9764 |    1355.9764 |    1355.9764 |    1355.9764 |    1355.9764 |    1355.9764 |    1355.9764 |    1355.9764 |    1355.9764 |    1355.9764 |    1355.9764 |    1355.9764 |    1355.9764 |    1355.9764 |    1355.9764 |    1355.9764 |    1355.9764 |    1355.9764 |    1355.9764 |    1355.9764 |    1355.9764 |    1355.9764 |    1355.9764 |    1355.9764 |    1355.9764 |    1355.9764 |    1355.9764 |    1355.9764 |    1355.9764 |    1355.9764 |    1355.9764 |    1355.9764 |    1355.9764 |    1355.9764 |    1355.9764 |    1355.9764 |    1355.9764 |    1355.9764 |    1355.9764 |    1355.9764 |    1355.9764 |    1355.9764 |    1355.9764 |    1355.9764 |    1355.9764 |    1355.9764 |    1355.9764 |    1355.9764 |    1355.9764 |
|        Runtime unhalted [s]       |   1211.3048 |   787.5727 |   773.5110 |   773.7047 |   770.1222 |   773.2324 |   771.5903 |   785.3965 |   789.5550 |   770.7384 |    766.9076 |    760.1745 |    766.8768 |    779.7796 |    766.7676 |    771.8234 |    778.4486 |    784.4859 |    775.3973 |    783.1529 |    772.0400 |    771.2194 |    783.0019 |    788.2378 |    974.8926 |    963.6425 |    951.0358 |    967.3356 |    984.5183 |    979.4024 |    990.5442 |    993.7133 |    964.7704 |    935.8106 |    927.5026 |    954.3001 |    955.6893 |    954.5754 |    966.2992 |    979.6976 |    953.7649 |    937.5566 |    931.4917 |    946.4168 |    968.1391 |    960.8981 |    966.7423 |    973.3870 |   1387.6417 |   1383.8800 |   1386.0286 |   1385.7889 |   1394.5919 |   1390.1414 |   1396.6494 |   1397.4490 |   1332.9004 |   1322.4101 |   1312.8621 |   1328.7788 |   1332.3510 |   1339.2180 |   1345.2336 |   1351.9773 |   1331.2664 |   1316.5218 |   1305.3949 |   1323.3663 |   1338.0529 |   1328.9391 |   1333.7580 |   1342.6564 |   1391.9005 |   1390.9279 |   1393.0149 |   1392.6635 |   1396.4551 |   1397.0742 |   1397.2593 |   1397.9544 |   1335.8062 |   1321.4296 |   1328.4016 |   1340.0334 |   1348.2810 |   1347.9747 |   1351.7412 |   1356.8745 |   1362.1637 |   1354.3594 |   1345.9837 |   1360.2090 |   1363.5898 |   1364.5312 |   1367.8817 |   1373.4494 |   1631.0440 |   1632.4892 |   1633.1025 |   1634.7589 |    1627.4770 |    1632.5874 |    1629.8787 |    1627.6443 |    1628.4691 |    1637.5979 |    1626.4902 |    1629.5342 |    1629.5677 |    1636.1257 |    1631.8785 |    1628.9253 |    1636.6299 |    1637.4711 |    1635.8399 |    1632.4961 |    1633.9201 |    1636.0145 |    1632.8674 |    1633.4752 |    1635.0877 |    1632.5884 |    1631.4958 |    1633.4390 |    1630.1028 |    1636.9602 |    1628.7015 |    1635.4902 |    1633.3228 |    1637.0493 |    1638.5113 |    1636.3944 |    1630.3149 |    1640.5198 |    1633.4486 |    1636.0793 |    1633.3275 |    1629.9049 |    1638.7771 |    1634.7401 |    1629.7291 |    1631.5992 |    1633.6132 |    1636.7479 |    1635.5720 |    1633.2565 |    1633.5775 |    1637.9813 |    1633.7322 |    1631.3680 |    1634.7349 |    1630.4812 |    1622.0778 |    1627.5455 |    1625.3426 |    1627.7071 |    1624.6151 |    1627.5838 |    1628.7727 |    1631.2020 |    1625.3413 |    1617.7699 |    1624.5311 |    1625.7500 |    1621.3674 |    1621.8564 |    1623.5639 |    1625.8952 |    1637.4460 |    1631.5339 |    1631.5415 |    1631.7374 |    1631.1930 |    1630.1036 |    1634.7302 |    1631.1577 |    1638.6434 |    1637.3385 |    1636.7840 |    1641.6452 |    1635.1057 |    1637.4903 |    1636.6172 |    1638.6919 |    1635.0365 |    1636.3229 |    1635.3739 |    1640.0401 |    1636.2949 |    1628.5567 |    1615.5733 |    1582.9410 |
|            Clock [MHz]            |   3375.7374 |  2827.3747 |  2821.0794 |  2817.3852 |  2812.8560 |  2821.1032 |  2823.4808 |  2840.2628 |  2869.3643 |  2842.2143 |   2844.4067 |   2829.8864 |   2832.7528 |   2860.1619 |   2839.4973 |   2848.8651 |   2849.1652 |   2858.4964 |   2833.3887 |   2847.0105 |   2828.5207 |   2836.9763 |   2846.8821 |   2852.5774 |   3154.7725 |   3142.3874 |   3129.8272 |   3152.8881 |   3179.1226 |   3172.2755 |   3190.2010 |   3193.8767 |   3135.7603 |   3116.9199 |   3104.3945 |   3144.1932 |   3145.9587 |   3142.0680 |   3159.6914 |   3169.9257 |   3109.9647 |   3104.8366 |   3087.9691 |   3121.1717 |   3132.5056 |   3144.3593 |   3153.2140 |   3163.8007 |   3674.7016 |   3673.4054 |   3672.7483 |   3676.7914 |   3668.8758 |   3677.3064 |   3672.2267 |   3669.6665 |   3651.3503 |   3639.3972 |   3643.2281 |   3655.1150 |   3661.3057 |   3664.2864 |   3664.5366 |   3666.6008 |   3647.3882 |   3638.3200 |   3622.0928 |   3634.7873 |   3658.1071 |   3654.1601 |   3659.7909 |   3667.9346 |   3679.8481 |   3679.0501 |   3676.3929 |   3679.0728 |   3678.2488 |   3675.7599 |   3680.1752 |   3679.7589 |   3647.4218 |   3631.1348 |   3639.4293 |   3655.9154 |   3657.0241 |   3665.4494 |   3665.9413 |   3663.4205 |   3664.3999 |   3661.8987 |   3662.3564 |   3663.5192 |   3666.5656 |   3666.1546 |   3669.4132 |   3667.7055 |   3674.3914 |   3673.4362 |   3672.6043 |   3671.1126 |    3677.7624 |    3673.1920 |    3675.7548 |    3677.7866 |    3676.2222 |    3668.3071 |    3678.8629 |    3677.0353 |    3676.7518 |    3672.9392 |    3677.1143 |    3681.4362 |    3676.8337 |    3675.4725 |    3676.7469 |    3680.4200 |    3679.0096 |    3676.7746 |    3679.7121 |    3679.1393 |    3673.0201 |    3675.6569 |    3676.6054 |    3674.5884 |    3677.8418 |    3671.5022 |    3679.2254 |    3672.6057 |    3677.5637 |    3674.2830 |    3673.3563 |    3674.7601 |    3680.4699 |    3670.5765 |    3677.9256 |    3674.6958 |    3678.9902 |    3682.6720 |    3674.6257 |    3677.3796 |    3682.3590 |    3681.1736 |    3678.9953 |    3676.2657 |    3677.9331 |    3680.0471 |    3680.3115 |    3676.3091 |    3680.8072 |    3682.7508 |    3679.6354 |    3683.6414 |    3680.2058 |    3676.7784 |    3676.9768 |    3681.7076 |    3683.3909 |    3682.4281 |    3680.6775 |    3678.7195 |    3676.9853 |    3685.0064 |    3674.8401 |    3682.4646 |    3685.7939 |    3686.1910 |    3685.2314 |    3682.9618 |    3672.6127 |    3678.9042 |    3679.0918 |    3678.8899 |    3679.2608 |    3680.4474 |    3675.5929 |    3679.3700 |    3676.8178 |    3677.9348 |    3678.9416 |    3673.3021 |    3679.7062 |    3676.3603 |    3678.1374 |    3676.4634 |    3681.3322 |    3679.0133 |    3680.6957 |    3675.2542 |    3679.9702 |    3669.8595 |    3680.3748 |    3677.9098 |
|                CPI                |      1.0391 |     1.0393 |     1.0302 |     1.0326 |     1.0299 |     1.0330 |     1.0341 |     1.0458 |     1.0411 |     1.0252 |      1.0216 |      1.0165 |      1.0217 |      1.0358 |      1.0243 |      1.0328 |      1.0442 |      1.0577 |      1.0400 |      1.0490 |      1.0423 |      1.0441 |      1.0518 |      1.0603 |      1.2742 |      1.2621 |      1.2561 |      1.2741 |      1.2888 |      1.2874 |      1.2960 |      1.3005 |      1.2589 |      1.2308 |      1.2247 |      1.2474 |      1.2582 |      1.2559 |      1.2651 |      1.2823 |      1.2495 |      1.2379 |      1.2296 |      1.2486 |      1.2656 |      1.2619 |      1.2732 |      1.2810 |      1.7749 |      1.7611 |      1.7753 |      1.7760 |      1.7816 |      1.7720 |      1.7876 |      1.7876 |      1.7025 |      1.6898 |      1.6862 |      1.7018 |      1.7064 |      1.7084 |      1.7175 |      1.7246 |      1.7114 |      1.6951 |      1.6800 |      1.6995 |      1.7208 |      1.7121 |      1.7171 |      1.7305 |      1.7881 |      1.7856 |      1.7871 |      1.7894 |      1.7931 |      1.7931 |      1.7946 |      1.7961 |      1.7089 |      1.6891 |      1.7028 |      1.7169 |      1.7242 |      1.7208 |      1.7313 |      1.7346 |      1.7495 |      1.7411 |      1.7361 |      1.7482 |      1.7524 |      1.7525 |      1.7571 |      1.7625 |      2.2192 |      2.2230 |      2.2257 |      2.2268 |       2.2245 |       2.2210 |       2.2244 |       2.2232 |       2.1819 |       2.1812 |       2.1854 |       2.1865 |       2.1866 |       2.1915 |       2.1908 |       2.1906 |       2.2045 |       2.2074 |       2.2098 |       2.2079 |       2.2074 |       2.2120 |       2.2044 |       2.2086 |       2.2491 |       2.2500 |       2.2527 |       2.2509 |       2.2511 |       2.2544 |       2.2500 |       2.2529 |       2.2347 |       2.2373 |       2.2412 |       2.2397 |       2.2364 |       2.2516 |       2.2497 |       2.2475 |       2.2592 |       2.2611 |       2.2659 |       2.2627 |       2.2617 |       2.2597 |       2.2638 |       2.2676 |       2.2108 |       2.2147 |       2.2184 |       2.2190 |       2.2182 |       2.2182 |       2.2188 |       2.2190 |       2.1759 |       2.1868 |       2.1870 |       2.1932 |       2.1896 |       2.1932 |       2.1933 |       2.1970 |       2.1881 |       2.1840 |       2.1887 |       2.1967 |       2.1924 |       2.1953 |       2.1964 |       2.1987 |       2.2660 |       2.2676 |       2.2776 |       2.2787 |       2.2794 |       2.2790 |       2.2804 |       2.2778 |       2.2607 |       2.2599 |       2.2658 |       2.2634 |       2.2588 |       2.2614 |       2.2650 |       2.2647 |       2.2606 |       2.2657 |       2.2663 |       2.2676 |       2.2745 |       2.2933 |       2.2874 |       2.3326 |
|  Memory read bandwidth [MBytes/s] |  55952.2961 |          0 |          0 |          0 |          0 |          0 |          0 |          0 |          0 |          0 |           0 |           0 |           0 |           0 |           0 |           0 |           0 |           0 |           0 |           0 |           0 |           0 |           0 |           0 |           0 |           0 |           0 |           0 |           0 |           0 |           0 |           0 |           0 |           0 |           0 |           0 |           0 |           0 |           0 |           0 |           0 |           0 |           0 |           0 |           0 |           0 |           0 |           0 |           0 |           0 |           0 |           0 |           0 |           0 |           0 |           0 |           0 |           0 |           0 |           0 |           0 |           0 |           0 |           0 |           0 |           0 |           0 |           0 |           0 |           0 |           0 |           0 |           0 |           0 |           0 |           0 |           0 |           0 |           0 |           0 |           0 |           0 |           0 |           0 |           0 |           0 |           0 |           0 |           0 |           0 |           0 |           0 |           0 |           0 |           0 |           0 |  28950.2081 |           0 |           0 |           0 |            0 |            0 |            0 |            0 |            0 |            0 |            0 |            0 |            0 |            0 |            0 |            0 |            0 |            0 |            0 |            0 |            0 |            0 |            0 |            0 |            0 |            0 |            0 |            0 |            0 |            0 |            0 |            0 |            0 |            0 |            0 |            0 |            0 |            0 |            0 |            0 |            0 |            0 |            0 |            0 |            0 |            0 |            0 |            0 |            0 |            0 |            0 |            0 |            0 |            0 |            0 |            0 |            0 |            0 |            0 |            0 |            0 |            0 |            0 |            0 |            0 |            0 |            0 |            0 |            0 |            0 |            0 |            0 |            0 |            0 |            0 |            0 |            0 |            0 |            0 |            0 |            0 |            0 |            0 |            0 |            0 |            0 |            0 |            0 |            0 |            0 |            0 |            0 |            0 |            0 |            0 |            0 |
|  Memory read data volume [GBytes] |  75869.9903 |          0 |          0 |          0 |          0 |          0 |          0 |          0 |          0 |          0 |           0 |           0 |           0 |           0 |           0 |           0 |           0 |           0 |           0 |           0 |           0 |           0 |           0 |           0 |           0 |           0 |           0 |           0 |           0 |           0 |           0 |           0 |           0 |           0 |           0 |           0 |           0 |           0 |           0 |           0 |           0 |           0 |           0 |           0 |           0 |           0 |           0 |           0 |           0 |           0 |           0 |           0 |           0 |           0 |           0 |           0 |           0 |           0 |           0 |           0 |           0 |           0 |           0 |           0 |           0 |           0 |           0 |           0 |           0 |           0 |           0 |           0 |           0 |           0 |           0 |           0 |           0 |           0 |           0 |           0 |           0 |           0 |           0 |           0 |           0 |           0 |           0 |           0 |           0 |           0 |           0 |           0 |           0 |           0 |           0 |           0 |  39255.7976 |           0 |           0 |           0 |            0 |            0 |            0 |            0 |            0 |            0 |            0 |            0 |            0 |            0 |            0 |            0 |            0 |            0 |            0 |            0 |            0 |            0 |            0 |            0 |            0 |            0 |            0 |            0 |            0 |            0 |            0 |            0 |            0 |            0 |            0 |            0 |            0 |            0 |            0 |            0 |            0 |            0 |            0 |            0 |            0 |            0 |            0 |            0 |            0 |            0 |            0 |            0 |            0 |            0 |            0 |            0 |            0 |            0 |            0 |            0 |            0 |            0 |            0 |            0 |            0 |            0 |            0 |            0 |            0 |            0 |            0 |            0 |            0 |            0 |            0 |            0 |            0 |            0 |            0 |            0 |            0 |            0 |            0 |            0 |            0 |            0 |            0 |            0 |            0 |            0 |            0 |            0 |            0 |            0 |            0 |            0 |
| Memory write bandwidth [MBytes/s] |  20307.6631 |          0 |          0 |          0 |          0 |          0 |          0 |          0 |          0 |          0 |           0 |           0 |           0 |           0 |           0 |           0 |           0 |           0 |           0 |           0 |           0 |           0 |           0 |           0 |           0 |           0 |           0 |           0 |           0 |           0 |           0 |           0 |           0 |           0 |           0 |           0 |           0 |           0 |           0 |           0 |           0 |           0 |           0 |           0 |           0 |           0 |           0 |           0 |           0 |           0 |           0 |           0 |           0 |           0 |           0 |           0 |           0 |           0 |           0 |           0 |           0 |           0 |           0 |           0 |           0 |           0 |           0 |           0 |           0 |           0 |           0 |           0 |           0 |           0 |           0 |           0 |           0 |           0 |           0 |           0 |           0 |           0 |           0 |           0 |           0 |           0 |           0 |           0 |           0 |           0 |           0 |           0 |           0 |           0 |           0 |           0 |  14388.7194 |           0 |           0 |           0 |            0 |            0 |            0 |            0 |            0 |            0 |            0 |            0 |            0 |            0 |            0 |            0 |            0 |            0 |            0 |            0 |            0 |            0 |            0 |            0 |            0 |            0 |            0 |            0 |            0 |            0 |            0 |            0 |            0 |            0 |            0 |            0 |            0 |            0 |            0 |            0 |            0 |            0 |            0 |            0 |            0 |            0 |            0 |            0 |            0 |            0 |            0 |            0 |            0 |            0 |            0 |            0 |            0 |            0 |            0 |            0 |            0 |            0 |            0 |            0 |            0 |            0 |            0 |            0 |            0 |            0 |            0 |            0 |            0 |            0 |            0 |            0 |            0 |            0 |            0 |            0 |            0 |            0 |            0 |            0 |            0 |            0 |            0 |            0 |            0 |            0 |            0 |            0 |            0 |            0 |            0 |            0 |
| Memory write data volume [GBytes] |  27536.7110 |          0 |          0 |          0 |          0 |          0 |          0 |          0 |          0 |          0 |           0 |           0 |           0 |           0 |           0 |           0 |           0 |           0 |           0 |           0 |           0 |           0 |           0 |           0 |           0 |           0 |           0 |           0 |           0 |           0 |           0 |           0 |           0 |           0 |           0 |           0 |           0 |           0 |           0 |           0 |           0 |           0 |           0 |           0 |           0 |           0 |           0 |           0 |           0 |           0 |           0 |           0 |           0 |           0 |           0 |           0 |           0 |           0 |           0 |           0 |           0 |           0 |           0 |           0 |           0 |           0 |           0 |           0 |           0 |           0 |           0 |           0 |           0 |           0 |           0 |           0 |           0 |           0 |           0 |           0 |           0 |           0 |           0 |           0 |           0 |           0 |           0 |           0 |           0 |           0 |           0 |           0 |           0 |           0 |           0 |           0 |  19510.7632 |           0 |           0 |           0 |            0 |            0 |            0 |            0 |            0 |            0 |            0 |            0 |            0 |            0 |            0 |            0 |            0 |            0 |            0 |            0 |            0 |            0 |            0 |            0 |            0 |            0 |            0 |            0 |            0 |            0 |            0 |            0 |            0 |            0 |            0 |            0 |            0 |            0 |            0 |            0 |            0 |            0 |            0 |            0 |            0 |            0 |            0 |            0 |            0 |            0 |            0 |            0 |            0 |            0 |            0 |            0 |            0 |            0 |            0 |            0 |            0 |            0 |            0 |            0 |            0 |            0 |            0 |            0 |            0 |            0 |            0 |            0 |            0 |            0 |            0 |            0 |            0 |            0 |            0 |            0 |            0 |            0 |            0 |            0 |            0 |            0 |            0 |            0 |            0 |            0 |            0 |            0 |            0 |            0 |            0 |            0 |
|    Memory bandwidth [MBytes/s]    |  76259.9592 |          0 |          0 |          0 |          0 |          0 |          0 |          0 |          0 |          0 |           0 |           0 |           0 |           0 |           0 |           0 |           0 |           0 |           0 |           0 |           0 |           0 |           0 |           0 |           0 |           0 |           0 |           0 |           0 |           0 |           0 |           0 |           0 |           0 |           0 |           0 |           0 |           0 |           0 |           0 |           0 |           0 |           0 |           0 |           0 |           0 |           0 |           0 |           0 |           0 |           0 |           0 |           0 |           0 |           0 |           0 |           0 |           0 |           0 |           0 |           0 |           0 |           0 |           0 |           0 |           0 |           0 |           0 |           0 |           0 |           0 |           0 |           0 |           0 |           0 |           0 |           0 |           0 |           0 |           0 |           0 |           0 |           0 |           0 |           0 |           0 |           0 |           0 |           0 |           0 |           0 |           0 |           0 |           0 |           0 |           0 |  43338.9275 |           0 |           0 |           0 |            0 |            0 |            0 |            0 |            0 |            0 |            0 |            0 |            0 |            0 |            0 |            0 |            0 |            0 |            0 |            0 |            0 |            0 |            0 |            0 |            0 |            0 |            0 |            0 |            0 |            0 |            0 |            0 |            0 |            0 |            0 |            0 |            0 |            0 |            0 |            0 |            0 |            0 |            0 |            0 |            0 |            0 |            0 |            0 |            0 |            0 |            0 |            0 |            0 |            0 |            0 |            0 |            0 |            0 |            0 |            0 |            0 |            0 |            0 |            0 |            0 |            0 |            0 |            0 |            0 |            0 |            0 |            0 |            0 |            0 |            0 |            0 |            0 |            0 |            0 |            0 |            0 |            0 |            0 |            0 |            0 |            0 |            0 |            0 |            0 |            0 |            0 |            0 |            0 |            0 |            0 |            0 |
|    Memory data volume [GBytes]    | 103406.7013 |          0 |          0 |          0 |          0 |          0 |          0 |          0 |          0 |          0 |           0 |           0 |           0 |           0 |           0 |           0 |           0 |           0 |           0 |           0 |           0 |           0 |           0 |           0 |           0 |           0 |           0 |           0 |           0 |           0 |           0 |           0 |           0 |           0 |           0 |           0 |           0 |           0 |           0 |           0 |           0 |           0 |           0 |           0 |           0 |           0 |           0 |           0 |           0 |           0 |           0 |           0 |           0 |           0 |           0 |           0 |           0 |           0 |           0 |           0 |           0 |           0 |           0 |           0 |           0 |           0 |           0 |           0 |           0 |           0 |           0 |           0 |           0 |           0 |           0 |           0 |           0 |           0 |           0 |           0 |           0 |           0 |           0 |           0 |           0 |           0 |           0 |           0 |           0 |           0 |           0 |           0 |           0 |           0 |           0 |           0 |  58766.5607 |           0 |           0 |           0 |            0 |            0 |            0 |            0 |            0 |            0 |            0 |            0 |            0 |            0 |            0 |            0 |            0 |            0 |            0 |            0 |            0 |            0 |            0 |            0 |            0 |            0 |            0 |            0 |            0 |            0 |            0 |            0 |            0 |            0 |            0 |            0 |            0 |            0 |            0 |            0 |            0 |            0 |            0 |            0 |            0 |            0 |            0 |            0 |            0 |            0 |            0 |            0 |            0 |            0 |            0 |            0 |            0 |            0 |            0 |            0 |            0 |            0 |            0 |            0 |            0 |            0 |            0 |            0 |            0 |            0 |            0 |            0 |            0 |            0 |            0 |            0 |            0 |            0 |            0 |            0 |            0 |            0 |            0 |            0 |            0 |            0 |            0 |            0 |            0 |            0 |            0 |            0 |            0 |            0 |            0 |            0 |
+-----------------------------------+-------------+------------+------------+------------+------------+------------+------------+------------+------------+------------+-------------+-------------+-------------+-------------+-------------+-------------+-------------+-------------+-------------+-------------+-------------+-------------+-------------+-------------+-------------+-------------+-------------+-------------+-------------+-------------+-------------+-------------+-------------+-------------+-------------+-------------+-------------+-------------+-------------+-------------+-------------+-------------+-------------+-------------+-------------+-------------+-------------+-------------+-------------+-------------+-------------+-------------+-------------+-------------+-------------+-------------+-------------+-------------+-------------+-------------+-------------+-------------+-------------+-------------+-------------+-------------+-------------+-------------+-------------+-------------+-------------+-------------+-------------+-------------+-------------+-------------+-------------+-------------+-------------+-------------+-------------+-------------+-------------+-------------+-------------+-------------+-------------+-------------+-------------+-------------+-------------+-------------+-------------+-------------+-------------+-------------+-------------+-------------+-------------+-------------+--------------+--------------+--------------+--------------+--------------+--------------+--------------+--------------+--------------+--------------+--------------+--------------+--------------+--------------+--------------+--------------+--------------+--------------+--------------+--------------+--------------+--------------+--------------+--------------+--------------+--------------+--------------+--------------+--------------+--------------+--------------+--------------+--------------+--------------+--------------+--------------+--------------+--------------+--------------+--------------+--------------+--------------+--------------+--------------+--------------+--------------+--------------+--------------+--------------+--------------+--------------+--------------+--------------+--------------+--------------+--------------+--------------+--------------+--------------+--------------+--------------+--------------+--------------+--------------+--------------+--------------+--------------+--------------+--------------+--------------+--------------+--------------+--------------+--------------+--------------+--------------+--------------+--------------+--------------+--------------+--------------+--------------+--------------+--------------+--------------+--------------+--------------+--------------+--------------+--------------+--------------+--------------+

+----------------------------------------+-------------+-----------+-------------+-----------+
|                 Metric                 |     Sum     |    Min    |     Max     |    Avg    |
+----------------------------------------+-------------+-----------+-------------+-----------+
|        Runtime (RDTSC) [s] STAT        | 260347.4688 | 1355.9764 |   1355.9764 | 1355.9764 |
|        Runtime unhalted [s] STAT       | 263962.7396 |  760.1745 |   1641.6452 | 1374.8059 |
|            Clock [MHz] STAT            | 672975.7032 | 2812.8560 |   3686.1910 | 3505.0818 |
|                CPI STAT                |    353.1199 |    1.0165 |      2.3326 |    1.8392 |
|  Memory read bandwidth [MBytes/s] STAT |  84902.5042 |         0 |  55952.2961 |  442.2005 |
|  Memory read data volume [GBytes] STAT | 115125.7879 |         0 |  75869.9903 |  599.6135 |
| Memory write bandwidth [MBytes/s] STAT |  34696.3825 |         0 |  20307.6631 |  180.7103 |
| Memory write data volume [GBytes] STAT |  47047.4742 |         0 |  27536.7110 |  245.0389 |
|    Memory bandwidth [MBytes/s] STAT    | 119598.8867 |         0 |  76259.9592 |  622.9109 |
|    Memory data volume [GBytes] STAT    | 162173.2620 |         0 | 103406.7013 |  844.6524 |
+----------------------------------------+-------------+-----------+-------------+-----------+

