INFO: You are running LIKWID in a cpuset with 128 CPUs. Taking given IDs as logical ID in cpuset
--------------------------------------------------------------------------------
CPU name:	AMD EPYC 9A14 96-Core Processor                
CPU type:	AMD K19 (Zen4) architecture
CPU clock:	2.60 GHz
--------------------------------------------------------------------------------
Use symmetry. Molecule point group: Dooh
Norb: 18   Ne: (8, 8)
Running RHF...
SCF not converged.
SCF energy = -149.453202296908
Running FCI ...
Guessing CI wfn symmetry = 0
Num symmetry allowed elements 239373732
tol 1e-10  toloose 1e-05
max_cycle 100  max_space 12  max_memory 746701  incore True
    CPU time for contract_2e   7601.94 sec, wall time     66.32 sec
davidson 0 1  |r|= 0.965  e= [-177.41918315]  max|de|= -177  lindep=    1
    CPU time for contract_2e   7379.09 sec, wall time     66.07 sec
davidson 1 2  |r|= 0.477  e= [-177.66345341]  max|de|= -0.244  lindep= 0.976
    CPU time for contract_2e   7386.29 sec, wall time     66.94 sec
davidson 2 3  |r|= 0.189  e= [-177.71009544]  max|de|= -0.0466  lindep= 0.997
    CPU time for contract_2e   7349.72 sec, wall time     67.38 sec
davidson 3 4  |r|= 0.0734  e= [-177.71605069]  max|de|= -0.00596  lindep= 0.98
    CPU time for contract_2e   7351.72 sec, wall time     68.27 sec
davidson 4 5  |r|= 0.0317  e= [-177.71693538]  max|de|= -0.000885  lindep= 0.96
    CPU time for contract_2e   7398.45 sec, wall time     69.74 sec
davidson 5 6  |r|= 0.0142  e= [-177.71710364]  max|de|= -0.000168  lindep= 0.93
    CPU time for contract_2e   7574.58 sec, wall time     72.80 sec
davidson 6 7  |r|= 0.00606  e= [-177.71713434]  max|de|= -3.07e-05  lindep= 0.918
    CPU time for contract_2e   7611.36 sec, wall time     73.86 sec
davidson 7 8  |r|= 0.00244  e= [-177.71713934]  max|de|= -5e-06  lindep= 0.932
    CPU time for contract_2e   7441.24 sec, wall time     72.70 sec
davidson 8 9  |r|= 0.000953  e= [-177.71714013]  max|de|= -7.84e-07  lindep= 0.926
    CPU time for contract_2e   7408.94 sec, wall time     73.16 sec
davidson 9 10  |r|= 0.000379  e= [-177.71714025]  max|de|= -1.21e-07  lindep= 0.919
    CPU time for contract_2e   7423.73 sec, wall time     74.07 sec
davidson 10 11  |r|= 0.000155  e= [-177.71714027]  max|de|= -1.73e-08  lindep= 0.942
    CPU time for contract_2e   7442.11 sec, wall time     75.09 sec
davidson 11 12  |r|= 6.24e-05  e= [-177.71714027]  max|de|= -2.81e-09  lindep= 0.939
    CPU time for contract_2e   7567.22 sec, wall time     77.63 sec
davidson 12 1  |r|= 6.24e-05  e= [-177.71714027]  max|de|= 1.27e-11  lindep=    1
    CPU time for contract_2e   7245.43 sec, wall time     64.86 sec
davidson 13 2  |r|= 2.68e-05  e= [-177.71714027]  max|de|= -3.93e-10  lindep= 0.988
    CPU time for contract_2e   7227.42 sec, wall time     65.59 sec
davidson 14 3  |r|= 1.29e-05  e= [-177.71714027]  max|de|= -1.22e-10  lindep= 0.879
    CPU time for contract_2e   7273.44 sec, wall time     66.84 sec
root 0 converged  |r|= 5.47e-06  e= -177.71714027031786  max|de|= -2.3e-11
converged 15 4  |r|= 5.47e-06  e= [-177.71714027]  max|de|= -2.3e-11
--------------------------------------------------------------------------------
Group 1: MEM
+----------------------+---------+---------------+---------------+---------------+---------------+---------------+---------------+---------------+---------------+---------------+---------------+---------------+---------------+---------------+---------------+---------------+---------------+---------------+---------------+---------------+---------------+---------------+---------------+---------------+---------------+---------------+---------------+---------------+---------------+---------------+---------------+---------------+---------------+---------------+---------------+---------------+---------------+---------------+---------------+---------------+---------------+---------------+---------------+---------------+---------------+---------------+---------------+---------------+---------------+---------------+---------------+---------------+---------------+---------------+---------------+---------------+---------------+---------------+---------------+---------------+---------------+---------------+---------------+---------------+---------------+---------------+---------------+---------------+---------------+---------------+---------------+---------------+---------------+---------------+---------------+---------------+---------------+---------------+---------------+---------------+---------------+---------------+---------------+---------------+---------------+---------------+---------------+---------------+---------------+---------------+---------------+---------------+---------------+---------------+---------------+---------------+---------------+---------------+---------------+---------------+---------------+---------------+---------------+---------------+---------------+---------------+---------------+---------------+---------------+---------------+---------------+---------------+---------------+---------------+---------------+---------------+---------------+---------------+---------------+---------------+---------------+---------------+---------------+---------------+---------------+---------------+---------------+---------------+---------------+
|         Event        | Counter |   HWThread 0  |   HWThread 1  |   HWThread 2  |   HWThread 3  |   HWThread 4  |   HWThread 5  |   HWThread 6  |   HWThread 7  |   HWThread 8  |   HWThread 9  |  HWThread 10  |  HWThread 11  |  HWThread 12  |  HWThread 13  |  HWThread 14  |  HWThread 15  |  HWThread 16  |  HWThread 17  |  HWThread 18  |  HWThread 19  |  HWThread 20  |  HWThread 21  |  HWThread 22  |  HWThread 23  |  HWThread 24  |  HWThread 25  |  HWThread 26  |  HWThread 27  |  HWThread 28  |  HWThread 29  |  HWThread 30  |  HWThread 31  |  HWThread 32  |  HWThread 33  |  HWThread 34  |  HWThread 35  |  HWThread 36  |  HWThread 37  |  HWThread 38  |  HWThread 39  |  HWThread 40  |  HWThread 41  |  HWThread 42  |  HWThread 43  |  HWThread 44  |  HWThread 45  |  HWThread 46  |  HWThread 47  |  HWThread 48  |  HWThread 49  |  HWThread 50  |  HWThread 51  |  HWThread 52  |  HWThread 53  |  HWThread 54  |  HWThread 55  |  HWThread 56  |  HWThread 57  |  HWThread 58  |  HWThread 59  |  HWThread 60  |  HWThread 61  |  HWThread 62  |  HWThread 63  |  HWThread 64  |  HWThread 65  |  HWThread 66  |  HWThread 67  |  HWThread 68  |  HWThread 69  |  HWThread 70  |  HWThread 71  |  HWThread 72  |  HWThread 73  |  HWThread 74  |  HWThread 75  |  HWThread 76  |  HWThread 77  |  HWThread 78  |  HWThread 79  |  HWThread 80  |  HWThread 81  |  HWThread 82  |  HWThread 83  |  HWThread 84  |  HWThread 85  |  HWThread 86  |  HWThread 87  |  HWThread 88  |  HWThread 89  |  HWThread 90  |  HWThread 91  |  HWThread 92  |  HWThread 93  |  HWThread 94  |  HWThread 95  |  HWThread 96  |  HWThread 97  |  HWThread 98  |  HWThread 99  |  HWThread 100 |  HWThread 101 |  HWThread 102 |  HWThread 103 |  HWThread 104 |  HWThread 105 |  HWThread 106 |  HWThread 107 |  HWThread 108 |  HWThread 109 |  HWThread 110 |  HWThread 111 |  HWThread 112 |  HWThread 113 |  HWThread 114 |  HWThread 115 |  HWThread 116 |  HWThread 117 |  HWThread 118 |  HWThread 119 |  HWThread 120 |  HWThread 121 |  HWThread 122 |  HWThread 123 |  HWThread 124 |  HWThread 125 |  HWThread 126 |  HWThread 127 |
+----------------------+---------+---------------+---------------+---------------+---------------+---------------+---------------+---------------+---------------+---------------+---------------+---------------+---------------+---------------+---------------+---------------+---------------+---------------+---------------+---------------+---------------+---------------+---------------+---------------+---------------+---------------+---------------+---------------+---------------+---------------+---------------+---------------+---------------+---------------+---------------+---------------+---------------+---------------+---------------+---------------+---------------+---------------+---------------+---------------+---------------+---------------+---------------+---------------+---------------+---------------+---------------+---------------+---------------+---------------+---------------+---------------+---------------+---------------+---------------+---------------+---------------+---------------+---------------+---------------+---------------+---------------+---------------+---------------+---------------+---------------+---------------+---------------+---------------+---------------+---------------+---------------+---------------+---------------+---------------+---------------+---------------+---------------+---------------+---------------+---------------+---------------+---------------+---------------+---------------+---------------+---------------+---------------+---------------+---------------+---------------+---------------+---------------+---------------+---------------+---------------+---------------+---------------+---------------+---------------+---------------+---------------+---------------+---------------+---------------+---------------+---------------+---------------+---------------+---------------+---------------+---------------+---------------+---------------+---------------+---------------+---------------+---------------+---------------+---------------+---------------+---------------+---------------+---------------+---------------+
|   ACTUAL_CPU_CLOCK   |  FIXC1  | 3692795894336 | 2848946992535 | 2812321700294 | 2820530125586 | 2828292496057 | 2820111253223 | 2852150895910 | 2834029988802 | 2378047720816 | 2329207911157 | 2362190191837 | 2336793555743 | 2348910978142 | 2359547187663 | 2349603396909 | 2337659441845 | 2944657799969 | 2944469651508 | 2936835070414 | 2946840706671 | 2966228208196 | 2964031057757 | 2983690711478 | 2990693765731 | 3359015558388 | 3350958559251 | 3351908166695 | 3365226742669 | 3369141325450 | 3369247573914 | 3400226208878 | 3405445760372 | 2652943327929 | 2599744744807 | 2666332743501 | 2650897233697 | 2729732934476 | 2695452554451 | 2648914129046 | 2728165724407 | 3291139710580 | 3279344163725 | 3288292281256 | 3315810887818 | 3286164015811 | 3289292174230 | 3319456921552 | 3340803391948 | 3764214106439 | 3781785388500 | 3784081494025 | 3778169146091 | 3766530609399 | 3774773043402 | 3781681986628 | 3772199659416 | 3375405548810 | 3390961351610 | 3426090456987 | 3463086634895 | 3485667528514 | 3451228470660 | 3540281578887 | 3529624698890 | 3789096400767 | 3777630512380 | 3784984022874 | 3770980256335 | 3767963414844 | 3784600546506 | 3793954178890 | 3771533858903 | 3782173182015 | 3776863676846 | 3782527056011 | 3773510478963 | 3774274457966 | 3775452220069 | 3777263428669 | 3781532449257 | 3779365047859 | 3704814580338 | 3716171695806 | 3778833334574 | 3775460413806 | 3792195030828 | 3749969343398 | 3776498020374 | 3782926028284 | 3780710437780 | 3784441253139 | 3769317850938 | 3772972489149 | 3784515928946 | 3780797039465 | 3778526777337 | 3791746316267 | 3787740533731 | 3787527866445 | 3786931154041 | 3795335710561 | 3772560246757 | 3776141097800 | 3778973540224 | 3798975890999 | 3792188090985 | 3794882706883 | 3774947775600 | 3775355057876 | 3777541165815 | 3778832343077 | 3773628682723 | 3816256720518 | 3787231930421 | 3793208004016 | 3788260292079 | 3778021310113 | 3771310242936 | 3789445411379 | 3792192940992 | 3781353259105 | 3789073713428 | 3785766352344 | 3789563356065 | 3787420161093 | 3783479834850 | 3752664773544 | 3730683921844 |
|     MAX_CPU_CLOCK    |  FIXC2  | 2597909860494 | 2031806141846 | 1991523940952 | 1997997009840 | 2005335798284 | 1999340088954 | 2021570742282 | 2008941227254 | 1692367130766 | 1662002517656 | 1682512773240 | 1667454534668 | 1675910789696 | 1680544575008 | 1675360601226 | 1666168487230 | 2088046046216 | 2087295855112 | 2083561365314 | 2088483666048 | 2103089876706 | 2102209611216 | 2114517623166 | 2120866100002 | 2376163728354 | 2369263566748 | 2371247062158 | 2378052759862 | 2385286753876 | 2378790390002 | 2404573009072 | 2406516291894 | 1880282977612 | 1844454291862 | 1891645390024 | 1877550693304 | 1933732601164 | 1909550074198 | 1873932116550 | 1932010274688 | 2322633282242 | 2308649950802 | 2320135397450 | 2340959426104 | 2312834935034 | 2318824311206 | 2336743134830 | 2356020664894 | 2653202191484 | 2672341593792 | 2669734562144 | 2664477446176 | 2652716216072 | 2660727382534 | 2666875853928 | 2659232984824 | 2384247334040 | 2396924519054 | 2418027530126 | 2448398680962 | 2457936191724 | 2432886682876 | 2494879219014 | 2488473690898 | 2674057833148 | 2661911930808 | 2669840434092 | 2655338507328 | 2652236943668 | 2669216916444 | 2679087026590 | 2655433886352 | 2666241415188 | 2660799196250 | 2665752770564 | 2656722266042 | 2657800869360 | 2659147281726 | 2661023935310 | 2665178947366 | 2668294637372 | 2614736598656 | 2619452793412 | 2664294708270 | 2662478120094 | 2677367678544 | 2646258514614 | 2661151263056 | 2667145028782 | 2664474512934 | 2667778826596 | 2652573703104 | 2656495246236 | 2667814117826 | 2664195619488 | 2662045272068 | 2674247255940 | 2669745831116 | 2669966029302 | 2669477514522 | 2677749018594 | 2654205387444 | 2658236977422 | 2660263595990 | 2682762345302 | 2675957658868 | 2679022089094 | 2657219598358 | 2657920767242 | 2659726731480 | 2661282572312 | 2655424550792 | 2698917496704 | 2669575439206 | 2675572535688 | 2670481894314 | 2659943312052 | 2652950831102 | 2671314360962 | 2674577390238 | 2664620576878 | 2672096553542 | 2668617418194 | 2672764835026 | 2670259830134 | 2667497798992 | 2646765125992 | 2625250003740 |
| RETIRED_INSTRUCTIONS |   PMC0  | 1384134937811 |  770897354230 |  770652655585 |  770869768154 |  770800598278 |  771088496991 |  770951751536 |  770802701501 |  786492761712 |  787522657095 |  784747034531 |  786450972129 |  785753775473 |  784007257831 |  784903245352 |  785424039073 |  770616798146 |  770764378802 |  770771710575 |  770184934608 |  771081870668 |  770977902097 |  770948472792 |  770892094340 |  769458701159 |  769442940328 |  769396546757 |  769610627930 |  769626340982 |  769145251056 |  769777563900 |  770041346022 |  780539890745 |  781186490987 |  781783274613 |  781322755036 |  781146533289 |  780225391089 |  775647544600 |  777868257541 |  767213298701 |  766741385937 |  766927270424 |  767133297967 |  766454814373 |  766817230104 |  766708572317 |  767236127136 |  744239669679 |  744954068968 |  744108032703 |  743397178969 |  741898457460 |  742067222370 |  740531078086 |  740338048815 |  789277531666 |  790082279985 |  789931311965 |  789454378685 |  786228354507 |  787788888342 |  784142109217 |  784287288891 |  748772591115 |  748757435907 |  749960366818 |  746177618821 |  747457943355 |  748354521120 |  737088936837 |  744512853974 |  734923576678 |  734367794183 |  734930616905 |  733388292205 |  732632331793 |  733452920124 |  732760419287 |  732826772800 |  775706295595 |  783896108457 |  782945943211 |  774845251331 |  776340430273 |  774111307536 |  777503672129 |  772337091398 |  741306869896 |  741543273427 |  742507285843 |  740562066402 |  735658241850 |  736704696442 |  735203289167 |  733941273318 |  694603481612 |  693831978904 |  694444546515 |  693335497572 |  693937859679 |  692763285579 |  691462611076 |  691332135268 |  718913622884 |  717741173996 |  718711826149 |  716404163519 |  716580566875 |  716289482613 |  716069655794 |  715022726254 |  694985212398 |  693428605631 |  693728008789 |  692356596995 |  693573228564 |  693091296034 |  693586085929 |  693437039295 |  734979080861 |  734771602616 |  734828469237 |  735163764209 |  734236798490 |  714041787640 |  684134982987 |  575347822690 |
|  CPU_CLOCKS_UNHALTED |   PMC1  | 3288726628608 | 2686084438893 | 2673756517701 | 2680692951420 | 2685712922534 | 2678079651930 | 2705237441187 | 2689217625013 | 2286955178448 | 2248662335011 | 2281602614672 | 2259984553059 | 2270001611054 | 2282143293811 | 2271248629743 | 2262901810196 | 2785695172761 | 2788139883235 | 2782412808026 | 2791045903719 | 2805477996729 | 2802315057425 | 2820516515196 | 2821223422895 | 3128986963559 | 3124315902633 | 3125763233075 | 3140079185967 | 3129943242533 | 3143901324132 | 3162707232173 | 3172904896448 | 2531076640639 | 2486871768437 | 2540690512417 | 2532892287734 | 2594618618699 | 2568331154285 | 2533462001998 | 2595493129603 | 3082218177814 | 3084890534905 | 3088324787777 | 3105831820556 | 3091413164190 | 3085703801813 | 3115467536314 | 3126314266954 | 3448117340890 | 3451048368216 | 3464604638091 | 3457067928032 | 3456805216411 | 3458856034390 | 3461919063181 | 3451833533907 | 3140208332187 | 3148002063284 | 3187855351881 | 3203316534125 | 3232505415115 | 3208073969043 | 3275770691919 | 3266194875733 | 3479184011853 | 3478265742310 | 3481033208292 | 3470599990324 | 3473447782098 | 3479708555651 | 3427670891862 | 3468208645386 | 3466244011229 | 3466394517237 | 3469420511314 | 3463974371122 | 3464994819096 | 3464071319106 | 3462210336931 | 3464133923911 | 3455171776051 | 3400052707062 | 3418697095680 | 3462710939498 | 3459884027990 | 3470684070793 | 3434676476403 | 3456930218239 | 3469929656197 | 3471830609752 | 3475225949224 | 3468569496656 | 3468559849352 | 3471517745133 | 3470663344286 | 3468607948627 | 3495518311845 | 3498451552152 | 3498777127698 | 3497933974575 | 3502463649168 | 3495881379202 | 3498309206995 | 3497072258090 | 3493413269685 | 3495015564638 | 3495654494212 | 3489963230159 | 3493686135072 | 3491702250495 | 3487122602418 | 3489527124894 | 3499954704594 | 3499449220506 | 3505824214253 | 3495978976183 | 3496776841585 | 3496276443319 | 3494950610528 | 3495294041969 | 3511463355742 | 3516761921887 | 3518318712053 | 3517562130084 | 3516994369401 | 3516922262652 | 3474447879323 | 3469471179225 |
|      CAS_CMD_RD      |  UMC0C0 |   77706680217 |             0 |             0 |             0 |             0 |             0 |             0 |             0 |             0 |             0 |             0 |             0 |             0 |             0 |             0 |             0 |             0 |             0 |             0 |             0 |             0 |             0 |             0 |             0 |             0 |             0 |             0 |             0 |             0 |             0 |             0 |             0 |             0 |             0 |             0 |             0 |             0 |             0 |             0 |             0 |             0 |             0 |             0 |             0 |             0 |             0 |             0 |             0 |             0 |             0 |             0 |             0 |             0 |             0 |             0 |             0 |             0 |             0 |             0 |             0 |             0 |             0 |             0 |             0 |             0 |             0 |             0 |             0 |             0 |             0 |             0 |             0 |             0 |             0 |             0 |             0 |             0 |             0 |             0 |             0 |             0 |             0 |             0 |             0 |             0 |             0 |             0 |             0 |             0 |             0 |             0 |             0 |             0 |             0 |             0 |             0 |   24173373755 |             0 |             0 |             0 |             0 |             0 |             0 |             0 |             0 |             0 |             0 |             0 |             0 |             0 |             0 |             0 |             0 |             0 |             0 |             0 |             0 |             0 |             0 |             0 |             0 |             0 |             0 |             0 |             0 |             0 |             0 |             0 |
|      CAS_CMD_WR      |  UMC0C1 |   33892671834 |             0 |             0 |             0 |             0 |             0 |             0 |             0 |             0 |             0 |             0 |             0 |             0 |             0 |             0 |             0 |             0 |             0 |             0 |             0 |             0 |             0 |             0 |             0 |             0 |             0 |             0 |             0 |             0 |             0 |             0 |             0 |             0 |             0 |             0 |             0 |             0 |             0 |             0 |             0 |             0 |             0 |             0 |             0 |             0 |             0 |             0 |             0 |             0 |             0 |             0 |             0 |             0 |             0 |             0 |             0 |             0 |             0 |             0 |             0 |             0 |             0 |             0 |             0 |             0 |             0 |             0 |             0 |             0 |             0 |             0 |             0 |             0 |             0 |             0 |             0 |             0 |             0 |             0 |             0 |             0 |             0 |             0 |             0 |             0 |             0 |             0 |             0 |             0 |             0 |             0 |             0 |             0 |             0 |             0 |             0 |   11255218173 |             0 |             0 |             0 |             0 |             0 |             0 |             0 |             0 |             0 |             0 |             0 |             0 |             0 |             0 |             0 |             0 |             0 |             0 |             0 |             0 |             0 |             0 |             0 |             0 |             0 |             0 |             0 |             0 |             0 |             0 |             0 |
|      CAS_CMD_RD      |  UMC1C0 |   77903306466 |             0 |             0 |             0 |             0 |             0 |             0 |             0 |             0 |             0 |             0 |             0 |             0 |             0 |             0 |             0 |             0 |             0 |             0 |             0 |             0 |             0 |             0 |             0 |             0 |             0 |             0 |             0 |             0 |             0 |             0 |             0 |             0 |             0 |             0 |             0 |             0 |             0 |             0 |             0 |             0 |             0 |             0 |             0 |             0 |             0 |             0 |             0 |             0 |             0 |             0 |             0 |             0 |             0 |             0 |             0 |             0 |             0 |             0 |             0 |             0 |             0 |             0 |             0 |             0 |             0 |             0 |             0 |             0 |             0 |             0 |             0 |             0 |             0 |             0 |             0 |             0 |             0 |             0 |             0 |             0 |             0 |             0 |             0 |             0 |             0 |             0 |             0 |             0 |             0 |             0 |             0 |             0 |             0 |             0 |             0 |   24074853470 |             0 |             0 |             0 |             0 |             0 |             0 |             0 |             0 |             0 |             0 |             0 |             0 |             0 |             0 |             0 |             0 |             0 |             0 |             0 |             0 |             0 |             0 |             0 |             0 |             0 |             0 |             0 |             0 |             0 |             0 |             0 |
|      CAS_CMD_WR      |  UMC1C1 |   33919006570 |             0 |             0 |             0 |             0 |             0 |             0 |             0 |             0 |             0 |             0 |             0 |             0 |             0 |             0 |             0 |             0 |             0 |             0 |             0 |             0 |             0 |             0 |             0 |             0 |             0 |             0 |             0 |             0 |             0 |             0 |             0 |             0 |             0 |             0 |             0 |             0 |             0 |             0 |             0 |             0 |             0 |             0 |             0 |             0 |             0 |             0 |             0 |             0 |             0 |             0 |             0 |             0 |             0 |             0 |             0 |             0 |             0 |             0 |             0 |             0 |             0 |             0 |             0 |             0 |             0 |             0 |             0 |             0 |             0 |             0 |             0 |             0 |             0 |             0 |             0 |             0 |             0 |             0 |             0 |             0 |             0 |             0 |             0 |             0 |             0 |             0 |             0 |             0 |             0 |             0 |             0 |             0 |             0 |             0 |             0 |   11213175446 |             0 |             0 |             0 |             0 |             0 |             0 |             0 |             0 |             0 |             0 |             0 |             0 |             0 |             0 |             0 |             0 |             0 |             0 |             0 |             0 |             0 |             0 |             0 |             0 |             0 |             0 |             0 |             0 |             0 |             0 |             0 |
|      CAS_CMD_RD      |  UMC2C0 |   77735249222 |             0 |             0 |             0 |             0 |             0 |             0 |             0 |             0 |             0 |             0 |             0 |             0 |             0 |             0 |             0 |             0 |             0 |             0 |             0 |             0 |             0 |             0 |             0 |             0 |             0 |             0 |             0 |             0 |             0 |             0 |             0 |             0 |             0 |             0 |             0 |             0 |             0 |             0 |             0 |             0 |             0 |             0 |             0 |             0 |             0 |             0 |             0 |             0 |             0 |             0 |             0 |             0 |             0 |             0 |             0 |             0 |             0 |             0 |             0 |             0 |             0 |             0 |             0 |             0 |             0 |             0 |             0 |             0 |             0 |             0 |             0 |             0 |             0 |             0 |             0 |             0 |             0 |             0 |             0 |             0 |             0 |             0 |             0 |             0 |             0 |             0 |             0 |             0 |             0 |             0 |             0 |             0 |             0 |             0 |             0 |   24197581896 |             0 |             0 |             0 |             0 |             0 |             0 |             0 |             0 |             0 |             0 |             0 |             0 |             0 |             0 |             0 |             0 |             0 |             0 |             0 |             0 |             0 |             0 |             0 |             0 |             0 |             0 |             0 |             0 |             0 |             0 |             0 |
|      CAS_CMD_WR      |  UMC2C1 |   33932507089 |             0 |             0 |             0 |             0 |             0 |             0 |             0 |             0 |             0 |             0 |             0 |             0 |             0 |             0 |             0 |             0 |             0 |             0 |             0 |             0 |             0 |             0 |             0 |             0 |             0 |             0 |             0 |             0 |             0 |             0 |             0 |             0 |             0 |             0 |             0 |             0 |             0 |             0 |             0 |             0 |             0 |             0 |             0 |             0 |             0 |             0 |             0 |             0 |             0 |             0 |             0 |             0 |             0 |             0 |             0 |             0 |             0 |             0 |             0 |             0 |             0 |             0 |             0 |             0 |             0 |             0 |             0 |             0 |             0 |             0 |             0 |             0 |             0 |             0 |             0 |             0 |             0 |             0 |             0 |             0 |             0 |             0 |             0 |             0 |             0 |             0 |             0 |             0 |             0 |             0 |             0 |             0 |             0 |             0 |             0 |   11337411312 |             0 |             0 |             0 |             0 |             0 |             0 |             0 |             0 |             0 |             0 |             0 |             0 |             0 |             0 |             0 |             0 |             0 |             0 |             0 |             0 |             0 |             0 |             0 |             0 |             0 |             0 |             0 |             0 |             0 |             0 |             0 |
|      CAS_CMD_RD      |  UMC3C0 |   77858552824 |             0 |             0 |             0 |             0 |             0 |             0 |             0 |             0 |             0 |             0 |             0 |             0 |             0 |             0 |             0 |             0 |             0 |             0 |             0 |             0 |             0 |             0 |             0 |             0 |             0 |             0 |             0 |             0 |             0 |             0 |             0 |             0 |             0 |             0 |             0 |             0 |             0 |             0 |             0 |             0 |             0 |             0 |             0 |             0 |             0 |             0 |             0 |             0 |             0 |             0 |             0 |             0 |             0 |             0 |             0 |             0 |             0 |             0 |             0 |             0 |             0 |             0 |             0 |             0 |             0 |             0 |             0 |             0 |             0 |             0 |             0 |             0 |             0 |             0 |             0 |             0 |             0 |             0 |             0 |             0 |             0 |             0 |             0 |             0 |             0 |             0 |             0 |             0 |             0 |             0 |             0 |             0 |             0 |             0 |             0 |   24200615653 |             0 |             0 |             0 |             0 |             0 |             0 |             0 |             0 |             0 |             0 |             0 |             0 |             0 |             0 |             0 |             0 |             0 |             0 |             0 |             0 |             0 |             0 |             0 |             0 |             0 |             0 |             0 |             0 |             0 |             0 |             0 |
|      CAS_CMD_WR      |  UMC3C1 |   33906766560 |             0 |             0 |             0 |             0 |             0 |             0 |             0 |             0 |             0 |             0 |             0 |             0 |             0 |             0 |             0 |             0 |             0 |             0 |             0 |             0 |             0 |             0 |             0 |             0 |             0 |             0 |             0 |             0 |             0 |             0 |             0 |             0 |             0 |             0 |             0 |             0 |             0 |             0 |             0 |             0 |             0 |             0 |             0 |             0 |             0 |             0 |             0 |             0 |             0 |             0 |             0 |             0 |             0 |             0 |             0 |             0 |             0 |             0 |             0 |             0 |             0 |             0 |             0 |             0 |             0 |             0 |             0 |             0 |             0 |             0 |             0 |             0 |             0 |             0 |             0 |             0 |             0 |             0 |             0 |             0 |             0 |             0 |             0 |             0 |             0 |             0 |             0 |             0 |             0 |             0 |             0 |             0 |             0 |             0 |             0 |   11263504096 |             0 |             0 |             0 |             0 |             0 |             0 |             0 |             0 |             0 |             0 |             0 |             0 |             0 |             0 |             0 |             0 |             0 |             0 |             0 |             0 |             0 |             0 |             0 |             0 |             0 |             0 |             0 |             0 |             0 |             0 |             0 |
|      CAS_CMD_RD      |  UMC4C0 |   78017296453 |             0 |             0 |             0 |             0 |             0 |             0 |             0 |             0 |             0 |             0 |             0 |             0 |             0 |             0 |             0 |             0 |             0 |             0 |             0 |             0 |             0 |             0 |             0 |             0 |             0 |             0 |             0 |             0 |             0 |             0 |             0 |             0 |             0 |             0 |             0 |             0 |             0 |             0 |             0 |             0 |             0 |             0 |             0 |             0 |             0 |             0 |             0 |             0 |             0 |             0 |             0 |             0 |             0 |             0 |             0 |             0 |             0 |             0 |             0 |             0 |             0 |             0 |             0 |             0 |             0 |             0 |             0 |             0 |             0 |             0 |             0 |             0 |             0 |             0 |             0 |             0 |             0 |             0 |             0 |             0 |             0 |             0 |             0 |             0 |             0 |             0 |             0 |             0 |             0 |             0 |             0 |             0 |             0 |             0 |             0 |   24079042462 |             0 |             0 |             0 |             0 |             0 |             0 |             0 |             0 |             0 |             0 |             0 |             0 |             0 |             0 |             0 |             0 |             0 |             0 |             0 |             0 |             0 |             0 |             0 |             0 |             0 |             0 |             0 |             0 |             0 |             0 |             0 |
|      CAS_CMD_WR      |  UMC4C1 |   33915390607 |             0 |             0 |             0 |             0 |             0 |             0 |             0 |             0 |             0 |             0 |             0 |             0 |             0 |             0 |             0 |             0 |             0 |             0 |             0 |             0 |             0 |             0 |             0 |             0 |             0 |             0 |             0 |             0 |             0 |             0 |             0 |             0 |             0 |             0 |             0 |             0 |             0 |             0 |             0 |             0 |             0 |             0 |             0 |             0 |             0 |             0 |             0 |             0 |             0 |             0 |             0 |             0 |             0 |             0 |             0 |             0 |             0 |             0 |             0 |             0 |             0 |             0 |             0 |             0 |             0 |             0 |             0 |             0 |             0 |             0 |             0 |             0 |             0 |             0 |             0 |             0 |             0 |             0 |             0 |             0 |             0 |             0 |             0 |             0 |             0 |             0 |             0 |             0 |             0 |             0 |             0 |             0 |             0 |             0 |             0 |   11209174862 |             0 |             0 |             0 |             0 |             0 |             0 |             0 |             0 |             0 |             0 |             0 |             0 |             0 |             0 |             0 |             0 |             0 |             0 |             0 |             0 |             0 |             0 |             0 |             0 |             0 |             0 |             0 |             0 |             0 |             0 |             0 |
|      CAS_CMD_RD      |  UMC5C0 |   78600308808 |             0 |             0 |             0 |             0 |             0 |             0 |             0 |             0 |             0 |             0 |             0 |             0 |             0 |             0 |             0 |             0 |             0 |             0 |             0 |             0 |             0 |             0 |             0 |             0 |             0 |             0 |             0 |             0 |             0 |             0 |             0 |             0 |             0 |             0 |             0 |             0 |             0 |             0 |             0 |             0 |             0 |             0 |             0 |             0 |             0 |             0 |             0 |             0 |             0 |             0 |             0 |             0 |             0 |             0 |             0 |             0 |             0 |             0 |             0 |             0 |             0 |             0 |             0 |             0 |             0 |             0 |             0 |             0 |             0 |             0 |             0 |             0 |             0 |             0 |             0 |             0 |             0 |             0 |             0 |             0 |             0 |             0 |             0 |             0 |             0 |             0 |             0 |             0 |             0 |             0 |             0 |             0 |             0 |             0 |             0 |   24152331245 |             0 |             0 |             0 |             0 |             0 |             0 |             0 |             0 |             0 |             0 |             0 |             0 |             0 |             0 |             0 |             0 |             0 |             0 |             0 |             0 |             0 |             0 |             0 |             0 |             0 |             0 |             0 |             0 |             0 |             0 |             0 |
|      CAS_CMD_WR      |  UMC5C1 |   33931743981 |             0 |             0 |             0 |             0 |             0 |             0 |             0 |             0 |             0 |             0 |             0 |             0 |             0 |             0 |             0 |             0 |             0 |             0 |             0 |             0 |             0 |             0 |             0 |             0 |             0 |             0 |             0 |             0 |             0 |             0 |             0 |             0 |             0 |             0 |             0 |             0 |             0 |             0 |             0 |             0 |             0 |             0 |             0 |             0 |             0 |             0 |             0 |             0 |             0 |             0 |             0 |             0 |             0 |             0 |             0 |             0 |             0 |             0 |             0 |             0 |             0 |             0 |             0 |             0 |             0 |             0 |             0 |             0 |             0 |             0 |             0 |             0 |             0 |             0 |             0 |             0 |             0 |             0 |             0 |             0 |             0 |             0 |             0 |             0 |             0 |             0 |             0 |             0 |             0 |             0 |             0 |             0 |             0 |             0 |             0 |   11315272923 |             0 |             0 |             0 |             0 |             0 |             0 |             0 |             0 |             0 |             0 |             0 |             0 |             0 |             0 |             0 |             0 |             0 |             0 |             0 |             0 |             0 |             0 |             0 |             0 |             0 |             0 |             0 |             0 |             0 |             0 |             0 |
|      CAS_CMD_RD      |  UMC6C0 |   78609153785 |             0 |             0 |             0 |             0 |             0 |             0 |             0 |             0 |             0 |             0 |             0 |             0 |             0 |             0 |             0 |             0 |             0 |             0 |             0 |             0 |             0 |             0 |             0 |             0 |             0 |             0 |             0 |             0 |             0 |             0 |             0 |             0 |             0 |             0 |             0 |             0 |             0 |             0 |             0 |             0 |             0 |             0 |             0 |             0 |             0 |             0 |             0 |             0 |             0 |             0 |             0 |             0 |             0 |             0 |             0 |             0 |             0 |             0 |             0 |             0 |             0 |             0 |             0 |             0 |             0 |             0 |             0 |             0 |             0 |             0 |             0 |             0 |             0 |             0 |             0 |             0 |             0 |             0 |             0 |             0 |             0 |             0 |             0 |             0 |             0 |             0 |             0 |             0 |             0 |             0 |             0 |             0 |             0 |             0 |             0 |   24331455321 |             0 |             0 |             0 |             0 |             0 |             0 |             0 |             0 |             0 |             0 |             0 |             0 |             0 |             0 |             0 |             0 |             0 |             0 |             0 |             0 |             0 |             0 |             0 |             0 |             0 |             0 |             0 |             0 |             0 |             0 |             0 |
|      CAS_CMD_WR      |  UMC6C1 |   33908472847 |             0 |             0 |             0 |             0 |             0 |             0 |             0 |             0 |             0 |             0 |             0 |             0 |             0 |             0 |             0 |             0 |             0 |             0 |             0 |             0 |             0 |             0 |             0 |             0 |             0 |             0 |             0 |             0 |             0 |             0 |             0 |             0 |             0 |             0 |             0 |             0 |             0 |             0 |             0 |             0 |             0 |             0 |             0 |             0 |             0 |             0 |             0 |             0 |             0 |             0 |             0 |             0 |             0 |             0 |             0 |             0 |             0 |             0 |             0 |             0 |             0 |             0 |             0 |             0 |             0 |             0 |             0 |             0 |             0 |             0 |             0 |             0 |             0 |             0 |             0 |             0 |             0 |             0 |             0 |             0 |             0 |             0 |             0 |             0 |             0 |             0 |             0 |             0 |             0 |             0 |             0 |             0 |             0 |             0 |             0 |   11280880008 |             0 |             0 |             0 |             0 |             0 |             0 |             0 |             0 |             0 |             0 |             0 |             0 |             0 |             0 |             0 |             0 |             0 |             0 |             0 |             0 |             0 |             0 |             0 |             0 |             0 |             0 |             0 |             0 |             0 |             0 |             0 |
|      CAS_CMD_RD      |  UMC7C0 |   77826744934 |             0 |             0 |             0 |             0 |             0 |             0 |             0 |             0 |             0 |             0 |             0 |             0 |             0 |             0 |             0 |             0 |             0 |             0 |             0 |             0 |             0 |             0 |             0 |             0 |             0 |             0 |             0 |             0 |             0 |             0 |             0 |             0 |             0 |             0 |             0 |             0 |             0 |             0 |             0 |             0 |             0 |             0 |             0 |             0 |             0 |             0 |             0 |             0 |             0 |             0 |             0 |             0 |             0 |             0 |             0 |             0 |             0 |             0 |             0 |             0 |             0 |             0 |             0 |             0 |             0 |             0 |             0 |             0 |             0 |             0 |             0 |             0 |             0 |             0 |             0 |             0 |             0 |             0 |             0 |             0 |             0 |             0 |             0 |             0 |             0 |             0 |             0 |             0 |             0 |             0 |             0 |             0 |             0 |             0 |             0 |   24113851590 |             0 |             0 |             0 |             0 |             0 |             0 |             0 |             0 |             0 |             0 |             0 |             0 |             0 |             0 |             0 |             0 |             0 |             0 |             0 |             0 |             0 |             0 |             0 |             0 |             0 |             0 |             0 |             0 |             0 |             0 |             0 |
|      CAS_CMD_WR      |  UMC7C1 |   33906145680 |             0 |             0 |             0 |             0 |             0 |             0 |             0 |             0 |             0 |             0 |             0 |             0 |             0 |             0 |             0 |             0 |             0 |             0 |             0 |             0 |             0 |             0 |             0 |             0 |             0 |             0 |             0 |             0 |             0 |             0 |             0 |             0 |             0 |             0 |             0 |             0 |             0 |             0 |             0 |             0 |             0 |             0 |             0 |             0 |             0 |             0 |             0 |             0 |             0 |             0 |             0 |             0 |             0 |             0 |             0 |             0 |             0 |             0 |             0 |             0 |             0 |             0 |             0 |             0 |             0 |             0 |             0 |             0 |             0 |             0 |             0 |             0 |             0 |             0 |             0 |             0 |             0 |             0 |             0 |             0 |             0 |             0 |             0 |             0 |             0 |             0 |             0 |             0 |             0 |             0 |             0 |             0 |             0 |             0 |             0 |   11202844852 |             0 |             0 |             0 |             0 |             0 |             0 |             0 |             0 |             0 |             0 |             0 |             0 |             0 |             0 |             0 |             0 |             0 |             0 |             0 |             0 |             0 |             0 |             0 |             0 |             0 |             0 |             0 |             0 |             0 |             0 |             0 |
|      CAS_CMD_RD      |  UMC8C0 |   77972921775 |             0 |             0 |             0 |             0 |             0 |             0 |             0 |             0 |             0 |             0 |             0 |             0 |             0 |             0 |             0 |             0 |             0 |             0 |             0 |             0 |             0 |             0 |             0 |             0 |             0 |             0 |             0 |             0 |             0 |             0 |             0 |             0 |             0 |             0 |             0 |             0 |             0 |             0 |             0 |             0 |             0 |             0 |             0 |             0 |             0 |             0 |             0 |             0 |             0 |             0 |             0 |             0 |             0 |             0 |             0 |             0 |             0 |             0 |             0 |             0 |             0 |             0 |             0 |             0 |             0 |             0 |             0 |             0 |             0 |             0 |             0 |             0 |             0 |             0 |             0 |             0 |             0 |             0 |             0 |             0 |             0 |             0 |             0 |             0 |             0 |             0 |             0 |             0 |             0 |             0 |             0 |             0 |             0 |             0 |             0 |   24271329451 |             0 |             0 |             0 |             0 |             0 |             0 |             0 |             0 |             0 |             0 |             0 |             0 |             0 |             0 |             0 |             0 |             0 |             0 |             0 |             0 |             0 |             0 |             0 |             0 |             0 |             0 |             0 |             0 |             0 |             0 |             0 |
|      CAS_CMD_WR      |  UMC8C1 |   33914993454 |             0 |             0 |             0 |             0 |             0 |             0 |             0 |             0 |             0 |             0 |             0 |             0 |             0 |             0 |             0 |             0 |             0 |             0 |             0 |             0 |             0 |             0 |             0 |             0 |             0 |             0 |             0 |             0 |             0 |             0 |             0 |             0 |             0 |             0 |             0 |             0 |             0 |             0 |             0 |             0 |             0 |             0 |             0 |             0 |             0 |             0 |             0 |             0 |             0 |             0 |             0 |             0 |             0 |             0 |             0 |             0 |             0 |             0 |             0 |             0 |             0 |             0 |             0 |             0 |             0 |             0 |             0 |             0 |             0 |             0 |             0 |             0 |             0 |             0 |             0 |             0 |             0 |             0 |             0 |             0 |             0 |             0 |             0 |             0 |             0 |             0 |             0 |             0 |             0 |             0 |             0 |             0 |             0 |             0 |             0 |   11333162475 |             0 |             0 |             0 |             0 |             0 |             0 |             0 |             0 |             0 |             0 |             0 |             0 |             0 |             0 |             0 |             0 |             0 |             0 |             0 |             0 |             0 |             0 |             0 |             0 |             0 |             0 |             0 |             0 |             0 |             0 |             0 |
|      CAS_CMD_RD      |  UMC9C0 |   78424550323 |             0 |             0 |             0 |             0 |             0 |             0 |             0 |             0 |             0 |             0 |             0 |             0 |             0 |             0 |             0 |             0 |             0 |             0 |             0 |             0 |             0 |             0 |             0 |             0 |             0 |             0 |             0 |             0 |             0 |             0 |             0 |             0 |             0 |             0 |             0 |             0 |             0 |             0 |             0 |             0 |             0 |             0 |             0 |             0 |             0 |             0 |             0 |             0 |             0 |             0 |             0 |             0 |             0 |             0 |             0 |             0 |             0 |             0 |             0 |             0 |             0 |             0 |             0 |             0 |             0 |             0 |             0 |             0 |             0 |             0 |             0 |             0 |             0 |             0 |             0 |             0 |             0 |             0 |             0 |             0 |             0 |             0 |             0 |             0 |             0 |             0 |             0 |             0 |             0 |             0 |             0 |             0 |             0 |             0 |             0 |   24274880725 |             0 |             0 |             0 |             0 |             0 |             0 |             0 |             0 |             0 |             0 |             0 |             0 |             0 |             0 |             0 |             0 |             0 |             0 |             0 |             0 |             0 |             0 |             0 |             0 |             0 |             0 |             0 |             0 |             0 |             0 |             0 |
|      CAS_CMD_WR      |  UMC9C1 |   33893526929 |             0 |             0 |             0 |             0 |             0 |             0 |             0 |             0 |             0 |             0 |             0 |             0 |             0 |             0 |             0 |             0 |             0 |             0 |             0 |             0 |             0 |             0 |             0 |             0 |             0 |             0 |             0 |             0 |             0 |             0 |             0 |             0 |             0 |             0 |             0 |             0 |             0 |             0 |             0 |             0 |             0 |             0 |             0 |             0 |             0 |             0 |             0 |             0 |             0 |             0 |             0 |             0 |             0 |             0 |             0 |             0 |             0 |             0 |             0 |             0 |             0 |             0 |             0 |             0 |             0 |             0 |             0 |             0 |             0 |             0 |             0 |             0 |             0 |             0 |             0 |             0 |             0 |             0 |             0 |             0 |             0 |             0 |             0 |             0 |             0 |             0 |             0 |             0 |             0 |             0 |             0 |             0 |             0 |             0 |             0 |   11271611671 |             0 |             0 |             0 |             0 |             0 |             0 |             0 |             0 |             0 |             0 |             0 |             0 |             0 |             0 |             0 |             0 |             0 |             0 |             0 |             0 |             0 |             0 |             0 |             0 |             0 |             0 |             0 |             0 |             0 |             0 |             0 |
|      CAS_CMD_RD      | UMC10C0 |   77638501734 |             0 |             0 |             0 |             0 |             0 |             0 |             0 |             0 |             0 |             0 |             0 |             0 |             0 |             0 |             0 |             0 |             0 |             0 |             0 |             0 |             0 |             0 |             0 |             0 |             0 |             0 |             0 |             0 |             0 |             0 |             0 |             0 |             0 |             0 |             0 |             0 |             0 |             0 |             0 |             0 |             0 |             0 |             0 |             0 |             0 |             0 |             0 |             0 |             0 |             0 |             0 |             0 |             0 |             0 |             0 |             0 |             0 |             0 |             0 |             0 |             0 |             0 |             0 |             0 |             0 |             0 |             0 |             0 |             0 |             0 |             0 |             0 |             0 |             0 |             0 |             0 |             0 |             0 |             0 |             0 |             0 |             0 |             0 |             0 |             0 |             0 |             0 |             0 |             0 |             0 |             0 |             0 |             0 |             0 |             0 |   24090600308 |             0 |             0 |             0 |             0 |             0 |             0 |             0 |             0 |             0 |             0 |             0 |             0 |             0 |             0 |             0 |             0 |             0 |             0 |             0 |             0 |             0 |             0 |             0 |             0 |             0 |             0 |             0 |             0 |             0 |             0 |             0 |
|      CAS_CMD_WR      | UMC10C1 |   33894953446 |             0 |             0 |             0 |             0 |             0 |             0 |             0 |             0 |             0 |             0 |             0 |             0 |             0 |             0 |             0 |             0 |             0 |             0 |             0 |             0 |             0 |             0 |             0 |             0 |             0 |             0 |             0 |             0 |             0 |             0 |             0 |             0 |             0 |             0 |             0 |             0 |             0 |             0 |             0 |             0 |             0 |             0 |             0 |             0 |             0 |             0 |             0 |             0 |             0 |             0 |             0 |             0 |             0 |             0 |             0 |             0 |             0 |             0 |             0 |             0 |             0 |             0 |             0 |             0 |             0 |             0 |             0 |             0 |             0 |             0 |             0 |             0 |             0 |             0 |             0 |             0 |             0 |             0 |             0 |             0 |             0 |             0 |             0 |             0 |             0 |             0 |             0 |             0 |             0 |             0 |             0 |             0 |             0 |             0 |             0 |   11188443751 |             0 |             0 |             0 |             0 |             0 |             0 |             0 |             0 |             0 |             0 |             0 |             0 |             0 |             0 |             0 |             0 |             0 |             0 |             0 |             0 |             0 |             0 |             0 |             0 |             0 |             0 |             0 |             0 |             0 |             0 |             0 |
|      CAS_CMD_RD      | UMC11C0 |   77985688338 |             0 |             0 |             0 |             0 |             0 |             0 |             0 |             0 |             0 |             0 |             0 |             0 |             0 |             0 |             0 |             0 |             0 |             0 |             0 |             0 |             0 |             0 |             0 |             0 |             0 |             0 |             0 |             0 |             0 |             0 |             0 |             0 |             0 |             0 |             0 |             0 |             0 |             0 |             0 |             0 |             0 |             0 |             0 |             0 |             0 |             0 |             0 |             0 |             0 |             0 |             0 |             0 |             0 |             0 |             0 |             0 |             0 |             0 |             0 |             0 |             0 |             0 |             0 |             0 |             0 |             0 |             0 |             0 |             0 |             0 |             0 |             0 |             0 |             0 |             0 |             0 |             0 |             0 |             0 |             0 |             0 |             0 |             0 |             0 |             0 |             0 |             0 |             0 |             0 |             0 |             0 |             0 |             0 |             0 |             0 |   24170773933 |             0 |             0 |             0 |             0 |             0 |             0 |             0 |             0 |             0 |             0 |             0 |             0 |             0 |             0 |             0 |             0 |             0 |             0 |             0 |             0 |             0 |             0 |             0 |             0 |             0 |             0 |             0 |             0 |             0 |             0 |             0 |
|      CAS_CMD_WR      | UMC11C1 |   33921280760 |             0 |             0 |             0 |             0 |             0 |             0 |             0 |             0 |             0 |             0 |             0 |             0 |             0 |             0 |             0 |             0 |             0 |             0 |             0 |             0 |             0 |             0 |             0 |             0 |             0 |             0 |             0 |             0 |             0 |             0 |             0 |             0 |             0 |             0 |             0 |             0 |             0 |             0 |             0 |             0 |             0 |             0 |             0 |             0 |             0 |             0 |             0 |             0 |             0 |             0 |             0 |             0 |             0 |             0 |             0 |             0 |             0 |             0 |             0 |             0 |             0 |             0 |             0 |             0 |             0 |             0 |             0 |             0 |             0 |             0 |             0 |             0 |             0 |             0 |             0 |             0 |             0 |             0 |             0 |             0 |             0 |             0 |             0 |             0 |             0 |             0 |             0 |             0 |             0 |             0 |             0 |             0 |             0 |             0 |             0 |   11310050542 |             0 |             0 |             0 |             0 |             0 |             0 |             0 |             0 |             0 |             0 |             0 |             0 |             0 |             0 |             0 |             0 |             0 |             0 |             0 |             0 |             0 |             0 |             0 |             0 |             0 |             0 |             0 |             0 |             0 |             0 |             0 |
+----------------------+---------+---------------+---------------+---------------+---------------+---------------+---------------+---------------+---------------+---------------+---------------+---------------+---------------+---------------+---------------+---------------+---------------+---------------+---------------+---------------+---------------+---------------+---------------+---------------+---------------+---------------+---------------+---------------+---------------+---------------+---------------+---------------+---------------+---------------+---------------+---------------+---------------+---------------+---------------+---------------+---------------+---------------+---------------+---------------+---------------+---------------+---------------+---------------+---------------+---------------+---------------+---------------+---------------+---------------+---------------+---------------+---------------+---------------+---------------+---------------+---------------+---------------+---------------+---------------+---------------+---------------+---------------+---------------+---------------+---------------+---------------+---------------+---------------+---------------+---------------+---------------+---------------+---------------+---------------+---------------+---------------+---------------+---------------+---------------+---------------+---------------+---------------+---------------+---------------+---------------+---------------+---------------+---------------+---------------+---------------+---------------+---------------+---------------+---------------+---------------+---------------+---------------+---------------+---------------+---------------+---------------+---------------+---------------+---------------+---------------+---------------+---------------+---------------+---------------+---------------+---------------+---------------+---------------+---------------+---------------+---------------+---------------+---------------+---------------+---------------+---------------+---------------+---------------+---------------+

+---------------------------+---------+-----------------+---------------+---------------+--------------+
|           Event           | Counter |       Sum       |      Min      |      Max      |      Avg     |
+---------------------------+---------+-----------------+---------------+---------------+--------------+
|   ACTUAL_CPU_CLOCK STAT   |  FIXC1  | 440439121058410 | 2329207911157 | 3816256720518 | 3.440931e+12 |
|     MAX_CPU_CLOCK STAT    |  FIXC2  | 310946511654584 | 1662002517656 | 2698917496704 | 2.429270e+12 |
| RETIRED_INSTRUCTIONS STAT |   PMC0  |  96448528607462 |  575347822690 | 1384134937811 | 7.535041e+11 |
|  CPU_CLOCKS_UNHALTED STAT |   PMC1  | 409002430047593 | 2248662335011 | 3518318712053 | 3.195331e+12 |
|      CAS_CMD_RD STAT      |  UMC0C0 |    101880053972 |             0 |   77706680217 | 7.959379e+08 |
|      CAS_CMD_WR STAT      |  UMC0C1 |     45147890007 |             0 |   33892671834 | 3.527179e+08 |
|      CAS_CMD_RD STAT      |  UMC1C0 |    101978159936 |             0 |   77903306466 | 7.967044e+08 |
|      CAS_CMD_WR STAT      |  UMC1C1 |     45132182016 |             0 |   33919006570 |    352595172 |
|      CAS_CMD_RD STAT      |  UMC2C0 |    101932831118 |             0 |   77735249222 | 7.963502e+08 |
|      CAS_CMD_WR STAT      |  UMC2C1 |     45269918401 |             0 |   33932507089 | 3.536712e+08 |
|      CAS_CMD_RD STAT      |  UMC3C0 |    102059168477 |             0 |   77858552824 | 7.973373e+08 |
|      CAS_CMD_WR STAT      |  UMC3C1 |     45170270656 |             0 |   33906766560 | 3.528927e+08 |
|      CAS_CMD_RD STAT      |  UMC4C0 |    102096338915 |             0 |   78017296453 | 7.976276e+08 |
|      CAS_CMD_WR STAT      |  UMC4C1 |     45124565469 |             0 |   33915390607 | 3.525357e+08 |
|      CAS_CMD_RD STAT      |  UMC5C0 |    102752640053 |             0 |   78600308808 | 8.027550e+08 |
|      CAS_CMD_WR STAT      |  UMC5C1 |     45247016904 |             0 |   33931743981 | 3.534923e+08 |
|      CAS_CMD_RD STAT      |  UMC6C0 |    102940609106 |             0 |   78609153785 | 8.042235e+08 |
|      CAS_CMD_WR STAT      |  UMC6C1 |     45189352855 |             0 |   33908472847 | 3.530418e+08 |
|      CAS_CMD_RD STAT      |  UMC7C0 |    101940596524 |             0 |   77826744934 | 7.964109e+08 |
|      CAS_CMD_WR STAT      |  UMC7C1 |     45108990532 |             0 |   33906145680 | 3.524140e+08 |
|      CAS_CMD_RD STAT      |  UMC8C0 |    102244251226 |             0 |   77972921775 | 7.987832e+08 |
|      CAS_CMD_WR STAT      |  UMC8C1 |     45248155929 |             0 |   33914993454 | 3.535012e+08 |
|      CAS_CMD_RD STAT      |  UMC9C0 |    102699431048 |             0 |   78424550323 | 8.023393e+08 |
|      CAS_CMD_WR STAT      |  UMC9C1 |     45165138600 |             0 |   33893526929 | 3.528526e+08 |
|      CAS_CMD_RD STAT      | UMC10C0 |    101729102042 |             0 |   77638501734 | 7.947586e+08 |
|      CAS_CMD_WR STAT      | UMC10C1 |     45083397197 |             0 |   33894953446 | 3.522140e+08 |
|      CAS_CMD_RD STAT      | UMC11C0 |    102156462271 |             0 |   77985688338 | 7.980974e+08 |
|      CAS_CMD_WR STAT      | UMC11C1 |     45231331302 |             0 |   33921280760 | 3.533698e+08 |
+---------------------------+---------+-----------------+---------------+---------------+--------------+

+-----------------------------------+------------+------------+------------+------------+------------+------------+------------+------------+------------+------------+-------------+-------------+-------------+-------------+-------------+-------------+-------------+-------------+-------------+-------------+-------------+-------------+-------------+-------------+-------------+-------------+-------------+-------------+-------------+-------------+-------------+-------------+-------------+-------------+-------------+-------------+-------------+-------------+-------------+-------------+-------------+-------------+-------------+-------------+-------------+-------------+-------------+-------------+-------------+-------------+-------------+-------------+-------------+-------------+-------------+-------------+-------------+-------------+-------------+-------------+-------------+-------------+-------------+-------------+-------------+-------------+-------------+-------------+-------------+-------------+-------------+-------------+-------------+-------------+-------------+-------------+-------------+-------------+-------------+-------------+-------------+-------------+-------------+-------------+-------------+-------------+-------------+-------------+-------------+-------------+-------------+-------------+-------------+-------------+-------------+-------------+-------------+-------------+-------------+-------------+--------------+--------------+--------------+--------------+--------------+--------------+--------------+--------------+--------------+--------------+--------------+--------------+--------------+--------------+--------------+--------------+--------------+--------------+--------------+--------------+--------------+--------------+--------------+--------------+--------------+--------------+--------------+--------------+
|               Metric              | HWThread 0 | HWThread 1 | HWThread 2 | HWThread 3 | HWThread 4 | HWThread 5 | HWThread 6 | HWThread 7 | HWThread 8 | HWThread 9 | HWThread 10 | HWThread 11 | HWThread 12 | HWThread 13 | HWThread 14 | HWThread 15 | HWThread 16 | HWThread 17 | HWThread 18 | HWThread 19 | HWThread 20 | HWThread 21 | HWThread 22 | HWThread 23 | HWThread 24 | HWThread 25 | HWThread 26 | HWThread 27 | HWThread 28 | HWThread 29 | HWThread 30 | HWThread 31 | HWThread 32 | HWThread 33 | HWThread 34 | HWThread 35 | HWThread 36 | HWThread 37 | HWThread 38 | HWThread 39 | HWThread 40 | HWThread 41 | HWThread 42 | HWThread 43 | HWThread 44 | HWThread 45 | HWThread 46 | HWThread 47 | HWThread 48 | HWThread 49 | HWThread 50 | HWThread 51 | HWThread 52 | HWThread 53 | HWThread 54 | HWThread 55 | HWThread 56 | HWThread 57 | HWThread 58 | HWThread 59 | HWThread 60 | HWThread 61 | HWThread 62 | HWThread 63 | HWThread 64 | HWThread 65 | HWThread 66 | HWThread 67 | HWThread 68 | HWThread 69 | HWThread 70 | HWThread 71 | HWThread 72 | HWThread 73 | HWThread 74 | HWThread 75 | HWThread 76 | HWThread 77 | HWThread 78 | HWThread 79 | HWThread 80 | HWThread 81 | HWThread 82 | HWThread 83 | HWThread 84 | HWThread 85 | HWThread 86 | HWThread 87 | HWThread 88 | HWThread 89 | HWThread 90 | HWThread 91 | HWThread 92 | HWThread 93 | HWThread 94 | HWThread 95 | HWThread 96 | HWThread 97 | HWThread 98 | HWThread 99 | HWThread 100 | HWThread 101 | HWThread 102 | HWThread 103 | HWThread 104 | HWThread 105 | HWThread 106 | HWThread 107 | HWThread 108 | HWThread 109 | HWThread 110 | HWThread 111 | HWThread 112 | HWThread 113 | HWThread 114 | HWThread 115 | HWThread 116 | HWThread 117 | HWThread 118 | HWThread 119 | HWThread 120 | HWThread 121 | HWThread 122 | HWThread 123 | HWThread 124 | HWThread 125 | HWThread 126 | HWThread 127 |
+-----------------------------------+------------+------------+------------+------------+------------+------------+------------+------------+------------+------------+-------------+-------------+-------------+-------------+-------------+-------------+-------------+-------------+-------------+-------------+-------------+-------------+-------------+-------------+-------------+-------------+-------------+-------------+-------------+-------------+-------------+-------------+-------------+-------------+-------------+-------------+-------------+-------------+-------------+-------------+-------------+-------------+-------------+-------------+-------------+-------------+-------------+-------------+-------------+-------------+-------------+-------------+-------------+-------------+-------------+-------------+-------------+-------------+-------------+-------------+-------------+-------------+-------------+-------------+-------------+-------------+-------------+-------------+-------------+-------------+-------------+-------------+-------------+-------------+-------------+-------------+-------------+-------------+-------------+-------------+-------------+-------------+-------------+-------------+-------------+-------------+-------------+-------------+-------------+-------------+-------------+-------------+-------------+-------------+-------------+-------------+-------------+-------------+-------------+-------------+--------------+--------------+--------------+--------------+--------------+--------------+--------------+--------------+--------------+--------------+--------------+--------------+--------------+--------------+--------------+--------------+--------------+--------------+--------------+--------------+--------------+--------------+--------------+--------------+--------------+--------------+--------------+--------------+
|        Runtime (RDTSC) [s]        |  1207.1232 |  1207.1232 |  1207.1232 |  1207.1232 |  1207.1232 |  1207.1232 |  1207.1232 |  1207.1232 |  1207.1232 |  1207.1232 |   1207.1232 |   1207.1232 |   1207.1232 |   1207.1232 |   1207.1232 |   1207.1232 |   1207.1232 |   1207.1232 |   1207.1232 |   1207.1232 |   1207.1232 |   1207.1232 |   1207.1232 |   1207.1232 |   1207.1232 |   1207.1232 |   1207.1232 |   1207.1232 |   1207.1232 |   1207.1232 |   1207.1232 |   1207.1232 |   1207.1232 |   1207.1232 |   1207.1232 |   1207.1232 |   1207.1232 |   1207.1232 |   1207.1232 |   1207.1232 |   1207.1232 |   1207.1232 |   1207.1232 |   1207.1232 |   1207.1232 |   1207.1232 |   1207.1232 |   1207.1232 |   1207.1232 |   1207.1232 |   1207.1232 |   1207.1232 |   1207.1232 |   1207.1232 |   1207.1232 |   1207.1232 |   1207.1232 |   1207.1232 |   1207.1232 |   1207.1232 |   1207.1232 |   1207.1232 |   1207.1232 |   1207.1232 |   1207.1232 |   1207.1232 |   1207.1232 |   1207.1232 |   1207.1232 |   1207.1232 |   1207.1232 |   1207.1232 |   1207.1232 |   1207.1232 |   1207.1232 |   1207.1232 |   1207.1232 |   1207.1232 |   1207.1232 |   1207.1232 |   1207.1232 |   1207.1232 |   1207.1232 |   1207.1232 |   1207.1232 |   1207.1232 |   1207.1232 |   1207.1232 |   1207.1232 |   1207.1232 |   1207.1232 |   1207.1232 |   1207.1232 |   1207.1232 |   1207.1232 |   1207.1232 |   1207.1232 |   1207.1232 |   1207.1232 |   1207.1232 |    1207.1232 |    1207.1232 |    1207.1232 |    1207.1232 |    1207.1232 |    1207.1232 |    1207.1232 |    1207.1232 |    1207.1232 |    1207.1232 |    1207.1232 |    1207.1232 |    1207.1232 |    1207.1232 |    1207.1232 |    1207.1232 |    1207.1232 |    1207.1232 |    1207.1232 |    1207.1232 |    1207.1232 |    1207.1232 |    1207.1232 |    1207.1232 |    1207.1232 |    1207.1232 |    1207.1232 |    1207.1232 |
|        Runtime unhalted [s]       |  1420.3074 |  1095.7498 |  1081.6631 |  1084.8202 |  1087.8058 |  1084.6591 |  1096.9821 |  1090.0125 |   914.6345 |   895.8500 |    908.5355 |    898.7675 |    903.4281 |    907.5189 |    903.6944 |    899.1006 |   1132.5617 |   1132.4893 |   1129.5529 |   1133.4013 |   1140.8580 |   1140.0129 |   1147.5744 |   1150.2678 |   1291.9302 |   1288.8313 |   1289.1966 |   1294.3191 |   1295.8247 |   1295.8656 |   1307.7805 |   1309.7880 |   1020.3637 |    999.9027 |   1025.5135 |   1019.5768 |   1049.8982 |   1036.7134 |   1018.8140 |   1049.2954 |   1265.8241 |   1261.2873 |   1264.7289 |   1275.3130 |   1263.9103 |   1265.1135 |   1276.7153 |   1284.9255 |   1447.7759 |   1454.5341 |   1455.4172 |   1453.1433 |   1448.6669 |   1451.8371 |   1454.4944 |   1450.8473 |   1298.2340 |   1304.2171 |   1317.7283 |   1331.9576 |   1340.6425 |   1327.3967 |   1361.6480 |   1357.5492 |   1457.3461 |   1452.9361 |   1455.7644 |   1450.3783 |   1449.2180 |   1455.6169 |   1459.2144 |   1450.5912 |   1454.6833 |   1452.6412 |   1454.8194 |   1451.3515 |   1451.6453 |   1452.0983 |   1452.7949 |   1454.4368 |   1453.6032 |   1424.9299 |   1429.2981 |   1453.3987 |   1452.1014 |   1458.5378 |   1442.2972 |   1452.5005 |   1454.9728 |   1454.1207 |   1455.5556 |   1449.7389 |   1451.1445 |   1455.5843 |   1454.1540 |   1453.2808 |   1458.3653 |   1456.8246 |   1456.7428 |   1456.5133 |    1459.7458 |    1450.9860 |    1452.3632 |    1453.4526 |    1461.1459 |    1458.5352 |    1459.5716 |    1451.9043 |    1452.0609 |    1452.9017 |    1453.3983 |    1451.3969 |    1467.7923 |    1456.6289 |    1458.9274 |    1457.0245 |    1453.0864 |    1450.5052 |    1457.4803 |    1458.5370 |    1454.3679 |    1457.3373 |    1456.0653 |    1457.5257 |    1456.7013 |    1455.1858 |    1443.3339 |    1434.8797 |
|            Clock [MHz]            |  3695.7637 |  3645.6508 |  3671.5752 |  3670.3618 |  3666.9938 |  3667.3515 |  3668.2297 |  3667.8383 |  3653.4145 |  3643.7582 |   3650.3076 |   3643.6723 |   3644.0861 |   3650.4936 |   3646.3574 |   3647.8359 |   3666.6354 |   3667.7189 |   3664.7658 |   3668.5846 |   3667.0742 |   3665.8923 |   3668.7275 |   3666.3309 |   3675.4339 |   3677.2965 |   3675.2617 |   3679.3052 |   3672.4137 |   3682.5590 |   3676.5697 |   3679.2401 |   3668.4088 |   3664.6776 |   3664.7773 |   3670.9138 |   3670.2589 |   3670.0637 |   3675.2509 |   3671.4218 |   3684.1613 |   3693.1919 |   3684.9368 |   3682.7211 |   3694.1758 |   3688.1415 |   3693.4228 |   3686.7593 |   3688.7306 |   3679.4074 |   3685.2365 |   3686.7383 |   3691.6768 |   3688.6159 |   3686.8475 |   3688.1727 |   3680.8458 |   3678.2517 |   3683.9230 |   3677.5127 |   3687.1289 |   3688.2877 |   3689.4467 |   3687.8092 |   3684.1544 |   3689.7655 |   3685.9693 |   3692.3880 |   3693.7485 |   3686.4568 |   3681.9529 |   3692.7974 |   3688.2038 |   3690.5592 |   3689.2250 |   3692.9410 |   3692.1897 |   3691.4718 |   3690.6381 |   3689.0490 |   3682.6295 |   3683.9311 |   3688.5711 |   3687.6394 |   3686.8616 |   3682.6090 |   3684.4139 |   3689.7137 |   3687.6881 |   3689.2222 |   3688.2887 |   3694.6072 |   3692.7301 |   3688.3127 |   3689.6929 |   3690.4560 |   3686.4698 |   3688.7844 |   3688.2731 |   3688.3668 |    3685.1341 |    3695.5121 |    3693.4097 |    3693.3643 |    3681.7755 |    3684.5427 |    3682.9433 |    3693.6562 |    3693.0802 |    3692.7096 |    3691.8122 |    3694.8615 |    3676.3846 |    3688.5245 |    3686.0642 |    3688.2737 |    3692.8782 |    3696.0346 |    3688.2778 |    3686.4489 |    3689.6472 |    3686.8365 |    3688.4207 |    3686.3909 |    3687.7624 |    3687.7402 |    3686.3565 |    3694.7985 |
|                CPI                |     2.3760 |     3.4844 |     3.4695 |     3.4775 |     3.4843 |     3.4731 |     3.5090 |     3.4889 |     2.9078 |     2.8554 |      2.9074 |      2.8736 |      2.8889 |      2.9109 |      2.8937 |      2.8811 |      3.6149 |      3.6174 |      3.6099 |      3.6239 |      3.6384 |      3.6348 |      3.6585 |      3.6597 |      4.0665 |      4.0605 |      4.0626 |      4.0801 |      4.0668 |      4.0875 |      4.1086 |      4.1204 |      3.2427 |      3.1835 |      3.2499 |      3.2418 |      3.3216 |      3.2918 |      3.2663 |      3.3367 |      4.0174 |      4.0234 |      4.0269 |      4.0486 |      4.0334 |      4.0240 |      4.0634 |      4.0748 |      4.6331 |      4.6326 |      4.6561 |      4.6504 |      4.6594 |      4.6611 |      4.6749 |      4.6625 |      3.9786 |      3.9844 |      4.0356 |      4.0576 |      4.1114 |      4.0723 |      4.1775 |      4.1645 |      4.6465 |      4.6454 |      4.6416 |      4.6512 |      4.6470 |      4.6498 |      4.6503 |      4.6584 |      4.7165 |      4.7202 |      4.7207 |      4.7232 |      4.7295 |      4.7230 |      4.7249 |      4.7271 |      4.4542 |      4.3374 |      4.3665 |      4.4689 |      4.4567 |      4.4834 |      4.4176 |      4.4759 |      4.6808 |      4.6819 |      4.6804 |      4.6837 |      4.7149 |      4.7122 |      4.7207 |      4.7260 |      5.0324 |      5.0422 |      5.0382 |      5.0451 |       5.0472 |       5.0463 |       5.0593 |       5.0585 |       4.8593 |       4.8695 |       4.8638 |       4.8715 |       4.8755 |       4.8747 |       4.8698 |       4.8803 |       5.0360 |       5.0466 |       5.0536 |       5.0494 |       5.0417 |       5.0445 |       5.0390 |       5.0405 |       4.7776 |       4.7862 |       4.7879 |       4.7847 |       4.7900 |       4.9254 |       5.0786 |       6.0302 |
|  Memory read bandwidth [MBytes/s] | 49640.2124 |          0 |          0 |          0 |          0 |          0 |          0 |          0 |          0 |          0 |           0 |           0 |           0 |           0 |           0 |           0 |           0 |           0 |           0 |           0 |           0 |           0 |           0 |           0 |           0 |           0 |           0 |           0 |           0 |           0 |           0 |           0 |           0 |           0 |           0 |           0 |           0 |           0 |           0 |           0 |           0 |           0 |           0 |           0 |           0 |           0 |           0 |           0 |           0 |           0 |           0 |           0 |           0 |           0 |           0 |           0 |           0 |           0 |           0 |           0 |           0 |           0 |           0 |           0 |           0 |           0 |           0 |           0 |           0 |           0 |           0 |           0 |           0 |           0 |           0 |           0 |           0 |           0 |           0 |           0 |           0 |           0 |           0 |           0 |           0 |           0 |           0 |           0 |           0 |           0 |           0 |           0 |           0 |           0 |           0 |           0 |  15382.3270 |           0 |           0 |           0 |            0 |            0 |            0 |            0 |            0 |            0 |            0 |            0 |            0 |            0 |            0 |            0 |            0 |            0 |            0 |            0 |            0 |            0 |            0 |            0 |            0 |            0 |            0 |            0 |            0 |            0 |            0 |            0 |
|  Memory read data volume [GBytes] | 59921.8531 |          0 |          0 |          0 |          0 |          0 |          0 |          0 |          0 |          0 |           0 |           0 |           0 |           0 |           0 |           0 |           0 |           0 |           0 |           0 |           0 |           0 |           0 |           0 |           0 |           0 |           0 |           0 |           0 |           0 |           0 |           0 |           0 |           0 |           0 |           0 |           0 |           0 |           0 |           0 |           0 |           0 |           0 |           0 |           0 |           0 |           0 |           0 |           0 |           0 |           0 |           0 |           0 |           0 |           0 |           0 |           0 |           0 |           0 |           0 |           0 |           0 |           0 |           0 |           0 |           0 |           0 |           0 |           0 |           0 |           0 |           0 |           0 |           0 |           0 |           0 |           0 |           0 |           0 |           0 |           0 |           0 |           0 |           0 |           0 |           0 |           0 |           0 |           0 |           0 |           0 |           0 |           0 |           0 |           0 |           0 |  18568.3641 |           0 |           0 |           0 |            0 |            0 |            0 |            0 |            0 |            0 |            0 |            0 |            0 |            0 |            0 |            0 |            0 |            0 |            0 |            0 |            0 |            0 |            0 |            0 |            0 |            0 |            0 |            0 |            0 |            0 |            0 |            0 |
| Memory write bandwidth [MBytes/s] | 21575.2601 |          0 |          0 |          0 |          0 |          0 |          0 |          0 |          0 |          0 |           0 |           0 |           0 |           0 |           0 |           0 |           0 |           0 |           0 |           0 |           0 |           0 |           0 |           0 |           0 |           0 |           0 |           0 |           0 |           0 |           0 |           0 |           0 |           0 |           0 |           0 |           0 |           0 |           0 |           0 |           0 |           0 |           0 |           0 |           0 |           0 |           0 |           0 |           0 |           0 |           0 |           0 |           0 |           0 |           0 |           0 |           0 |           0 |           0 |           0 |           0 |           0 |           0 |           0 |           0 |           0 |           0 |           0 |           0 |           0 |           0 |           0 |           0 |           0 |           0 |           0 |           0 |           0 |           0 |           0 |           0 |           0 |           0 |           0 |           0 |           0 |           0 |           0 |           0 |           0 |           0 |           0 |           0 |           0 |           0 |           0 |   7167.0960 |           0 |           0 |           0 |            0 |            0 |            0 |            0 |            0 |            0 |            0 |            0 |            0 |            0 |            0 |            0 |            0 |            0 |            0 |            0 |            0 |            0 |            0 |            0 |            0 |            0 |            0 |            0 |            0 |            0 |            0 |            0 |
| Memory write data volume [GBytes] | 26043.9974 |          0 |          0 |          0 |          0 |          0 |          0 |          0 |          0 |          0 |           0 |           0 |           0 |           0 |           0 |           0 |           0 |           0 |           0 |           0 |           0 |           0 |           0 |           0 |           0 |           0 |           0 |           0 |           0 |           0 |           0 |           0 |           0 |           0 |           0 |           0 |           0 |           0 |           0 |           0 |           0 |           0 |           0 |           0 |           0 |           0 |           0 |           0 |           0 |           0 |           0 |           0 |           0 |           0 |           0 |           0 |           0 |           0 |           0 |           0 |           0 |           0 |           0 |           0 |           0 |           0 |           0 |           0 |           0 |           0 |           0 |           0 |           0 |           0 |           0 |           0 |           0 |           0 |           0 |           0 |           0 |           0 |           0 |           0 |           0 |           0 |           0 |           0 |           0 |           0 |           0 |           0 |           0 |           0 |           0 |           0 |   8651.5680 |           0 |           0 |           0 |            0 |            0 |            0 |            0 |            0 |            0 |            0 |            0 |            0 |            0 |            0 |            0 |            0 |            0 |            0 |            0 |            0 |            0 |            0 |            0 |            0 |            0 |            0 |            0 |            0 |            0 |            0 |            0 |
|    Memory bandwidth [MBytes/s]    | 71215.4725 |          0 |          0 |          0 |          0 |          0 |          0 |          0 |          0 |          0 |           0 |           0 |           0 |           0 |           0 |           0 |           0 |           0 |           0 |           0 |           0 |           0 |           0 |           0 |           0 |           0 |           0 |           0 |           0 |           0 |           0 |           0 |           0 |           0 |           0 |           0 |           0 |           0 |           0 |           0 |           0 |           0 |           0 |           0 |           0 |           0 |           0 |           0 |           0 |           0 |           0 |           0 |           0 |           0 |           0 |           0 |           0 |           0 |           0 |           0 |           0 |           0 |           0 |           0 |           0 |           0 |           0 |           0 |           0 |           0 |           0 |           0 |           0 |           0 |           0 |           0 |           0 |           0 |           0 |           0 |           0 |           0 |           0 |           0 |           0 |           0 |           0 |           0 |           0 |           0 |           0 |           0 |           0 |           0 |           0 |           0 |  22549.4230 |           0 |           0 |           0 |            0 |            0 |            0 |            0 |            0 |            0 |            0 |            0 |            0 |            0 |            0 |            0 |            0 |            0 |            0 |            0 |            0 |            0 |            0 |            0 |            0 |            0 |            0 |            0 |            0 |            0 |            0 |            0 |
|    Memory data volume [GBytes]    | 85965.8505 |          0 |          0 |          0 |          0 |          0 |          0 |          0 |          0 |          0 |           0 |           0 |           0 |           0 |           0 |           0 |           0 |           0 |           0 |           0 |           0 |           0 |           0 |           0 |           0 |           0 |           0 |           0 |           0 |           0 |           0 |           0 |           0 |           0 |           0 |           0 |           0 |           0 |           0 |           0 |           0 |           0 |           0 |           0 |           0 |           0 |           0 |           0 |           0 |           0 |           0 |           0 |           0 |           0 |           0 |           0 |           0 |           0 |           0 |           0 |           0 |           0 |           0 |           0 |           0 |           0 |           0 |           0 |           0 |           0 |           0 |           0 |           0 |           0 |           0 |           0 |           0 |           0 |           0 |           0 |           0 |           0 |           0 |           0 |           0 |           0 |           0 |           0 |           0 |           0 |           0 |           0 |           0 |           0 |           0 |           0 |  27219.9322 |           0 |           0 |           0 |            0 |            0 |            0 |            0 |            0 |            0 |            0 |            0 |            0 |            0 |            0 |            0 |            0 |            0 |            0 |            0 |            0 |            0 |            0 |            0 |            0 |            0 |            0 |            0 |            0 |            0 |            0 |            0 |
+-----------------------------------+------------+------------+------------+------------+------------+------------+------------+------------+------------+------------+-------------+-------------+-------------+-------------+-------------+-------------+-------------+-------------+-------------+-------------+-------------+-------------+-------------+-------------+-------------+-------------+-------------+-------------+-------------+-------------+-------------+-------------+-------------+-------------+-------------+-------------+-------------+-------------+-------------+-------------+-------------+-------------+-------------+-------------+-------------+-------------+-------------+-------------+-------------+-------------+-------------+-------------+-------------+-------------+-------------+-------------+-------------+-------------+-------------+-------------+-------------+-------------+-------------+-------------+-------------+-------------+-------------+-------------+-------------+-------------+-------------+-------------+-------------+-------------+-------------+-------------+-------------+-------------+-------------+-------------+-------------+-------------+-------------+-------------+-------------+-------------+-------------+-------------+-------------+-------------+-------------+-------------+-------------+-------------+-------------+-------------+-------------+-------------+-------------+-------------+--------------+--------------+--------------+--------------+--------------+--------------+--------------+--------------+--------------+--------------+--------------+--------------+--------------+--------------+--------------+--------------+--------------+--------------+--------------+--------------+--------------+--------------+--------------+--------------+--------------+--------------+--------------+--------------+

+----------------------------------------+-------------+-----------+------------+-----------+
|                 Metric                 |     Sum     |    Min    |     Max    |    Avg    |
+----------------------------------------+-------------+-----------+------------+-----------+
|        Runtime (RDTSC) [s] STAT        | 154511.7696 | 1207.1232 |  1207.1232 | 1207.1232 |
|        Runtime unhalted [s] STAT       | 169399.8108 |  895.8500 |  1467.7923 | 1323.4360 |
|            Clock [MHz] STAT            | 471203.8270 | 3643.6723 |  3696.0346 | 3681.2799 |
|                CPI STAT                |    547.5322 |    2.3760 |     6.0302 |    4.2776 |
|  Memory read bandwidth [MBytes/s] STAT |  65022.5394 |         0 | 49640.2124 |  507.9886 |
|  Memory read data volume [GBytes] STAT |  78490.2172 |         0 | 59921.8531 |  613.2048 |
| Memory write bandwidth [MBytes/s] STAT |  28742.3561 |         0 | 21575.2601 |  224.5497 |
| Memory write data volume [GBytes] STAT |  34695.5654 |         0 | 26043.9974 |  271.0591 |
|    Memory bandwidth [MBytes/s] STAT    |  93764.8955 |         0 | 71215.4725 |  732.5382 |
|    Memory data volume [GBytes] STAT    | 113185.7827 |         0 | 85965.8505 |  884.2639 |
+----------------------------------------+-------------+-----------+------------+-----------+

