INFO: You are running LIKWID in a cpuset with 144 CPUs. Taking given IDs as logical ID in cpuset
--------------------------------------------------------------------------------
CPU name:	AMD EPYC 9A14 96-Core Processor                
CPU type:	AMD K19 (Zen4) architecture
CPU clock:	2.60 GHz
--------------------------------------------------------------------------------
Use symmetry. Molecule point group: Dooh
Norb: 18   Ne: (8, 8)
Running RHF...
SCF not converged.
SCF energy = -149.453202296606
Running FCI ...
Guessing CI wfn symmetry = 0
Num symmetry allowed elements 239373732
tol 1e-10  toloose 1e-05
max_cycle 100  max_space 12  max_memory 746691  incore True
    CPU time for contract_2e  10309.93 sec, wall time     79.35 sec
davidson 0 1  |r|= 0.965  e= [-177.41918315]  max|de|= -177  lindep=    1
    CPU time for contract_2e  10137.14 sec, wall time     78.60 sec
davidson 1 2  |r|= 0.477  e= [-177.66345341]  max|de|= -0.244  lindep= 0.976
    CPU time for contract_2e  10328.27 sec, wall time     80.81 sec
davidson 2 3  |r|= 0.189  e= [-177.71009544]  max|de|= -0.0466  lindep= 0.997
    CPU time for contract_2e  10426.39 sec, wall time     82.43 sec
davidson 3 4  |r|= 0.0734  e= [-177.71605069]  max|de|= -0.00596  lindep= 0.98
    CPU time for contract_2e  10459.90 sec, wall time     83.56 sec
davidson 4 5  |r|= 0.0317  e= [-177.71693538]  max|de|= -0.000885  lindep= 0.96
    CPU time for contract_2e  10475.57 sec, wall time     84.62 sec
davidson 5 6  |r|= 0.0142  e= [-177.71710364]  max|de|= -0.000168  lindep= 0.93
    CPU time for contract_2e  10505.98 sec, wall time     85.71 sec
davidson 6 7  |r|= 0.00606  e= [-177.71713434]  max|de|= -3.07e-05  lindep= 0.918
    CPU time for contract_2e  10941.85 sec, wall time     89.58 sec
davidson 7 8  |r|= 0.00244  e= [-177.71713934]  max|de|= -5e-06  lindep= 0.932
    CPU time for contract_2e  10912.32 sec, wall time     90.12 sec
davidson 8 9  |r|= 0.000953  e= [-177.71714013]  max|de|= -7.84e-07  lindep= 0.926
    CPU time for contract_2e  10902.34 sec, wall time     90.93 sec
davidson 9 10  |r|= 0.000379  e= [-177.71714025]  max|de|= -1.21e-07  lindep= 0.919
    CPU time for contract_2e  10952.85 sec, wall time     92.19 sec
davidson 10 11  |r|= 0.000155  e= [-177.71714027]  max|de|= -1.73e-08  lindep= 0.942
    CPU time for contract_2e  10988.41 sec, wall time     93.25 sec
davidson 11 12  |r|= 6.24e-05  e= [-177.71714027]  max|de|= -2.81e-09  lindep= 0.939
    CPU time for contract_2e  10981.41 sec, wall time     94.55 sec
davidson 12 1  |r|= 6.24e-05  e= [-177.71714027]  max|de|= 1.29e-11  lindep=    1
    CPU time for contract_2e  10820.01 sec, wall time     83.32 sec
davidson 13 2  |r|= 2.68e-05  e= [-177.71714027]  max|de|= -3.93e-10  lindep= 0.988
    CPU time for contract_2e  10880.84 sec, wall time     84.84 sec
davidson 14 3  |r|= 1.29e-05  e= [-177.71714027]  max|de|= -1.22e-10  lindep= 0.879
    CPU time for contract_2e  10864.92 sec, wall time     85.51 sec
root 0 converged  |r|= 5.47e-06  e= -177.71714027031769  max|de|= -2.3e-11
converged 15 4  |r|= 5.47e-06  e= [-177.71714027]  max|de|= -2.3e-11
--------------------------------------------------------------------------------
Group 1: MEM
+----------------------+---------+---------------+---------------+---------------+---------------+---------------+---------------+---------------+---------------+---------------+---------------+---------------+---------------+---------------+---------------+---------------+---------------+---------------+---------------+---------------+---------------+---------------+---------------+---------------+---------------+---------------+---------------+---------------+---------------+---------------+---------------+---------------+---------------+---------------+---------------+---------------+---------------+---------------+---------------+---------------+---------------+---------------+---------------+---------------+---------------+---------------+---------------+---------------+---------------+---------------+---------------+---------------+---------------+---------------+---------------+---------------+---------------+---------------+---------------+---------------+---------------+---------------+---------------+---------------+---------------+---------------+---------------+---------------+---------------+---------------+---------------+---------------+---------------+---------------+---------------+---------------+---------------+---------------+---------------+---------------+---------------+---------------+---------------+---------------+---------------+---------------+---------------+---------------+---------------+---------------+---------------+---------------+---------------+---------------+---------------+---------------+---------------+---------------+---------------+---------------+---------------+---------------+---------------+---------------+---------------+---------------+---------------+---------------+---------------+---------------+---------------+---------------+---------------+---------------+---------------+---------------+---------------+---------------+---------------+---------------+---------------+---------------+---------------+---------------+---------------+---------------+---------------+---------------+---------------+---------------+---------------+---------------+---------------+---------------+---------------+---------------+---------------+---------------+---------------+---------------+---------------+---------------+---------------+---------------+---------------+
|         Event        | Counter |   HWThread 0  |   HWThread 1  |   HWThread 2  |   HWThread 3  |   HWThread 4  |   HWThread 5  |   HWThread 6  |   HWThread 7  |   HWThread 8  |   HWThread 9  |  HWThread 10  |  HWThread 11  |  HWThread 12  |  HWThread 13  |  HWThread 14  |  HWThread 15  |  HWThread 16  |  HWThread 17  |  HWThread 18  |  HWThread 19  |  HWThread 20  |  HWThread 21  |  HWThread 22  |  HWThread 23  |  HWThread 24  |  HWThread 25  |  HWThread 26  |  HWThread 27  |  HWThread 28  |  HWThread 29  |  HWThread 30  |  HWThread 31  |  HWThread 32  |  HWThread 33  |  HWThread 34  |  HWThread 35  |  HWThread 36  |  HWThread 37  |  HWThread 38  |  HWThread 39  |  HWThread 40  |  HWThread 41  |  HWThread 42  |  HWThread 43  |  HWThread 44  |  HWThread 45  |  HWThread 46  |  HWThread 47  |  HWThread 48  |  HWThread 49  |  HWThread 50  |  HWThread 51  |  HWThread 52  |  HWThread 53  |  HWThread 54  |  HWThread 55  |  HWThread 56  |  HWThread 57  |  HWThread 58  |  HWThread 59  |  HWThread 60  |  HWThread 61  |  HWThread 62  |  HWThread 63  |  HWThread 64  |  HWThread 65  |  HWThread 66  |  HWThread 67  |  HWThread 68  |  HWThread 69  |  HWThread 70  |  HWThread 71  |  HWThread 72  |  HWThread 73  |  HWThread 74  |  HWThread 75  |  HWThread 76  |  HWThread 77  |  HWThread 78  |  HWThread 79  |  HWThread 80  |  HWThread 81  |  HWThread 82  |  HWThread 83  |  HWThread 84  |  HWThread 85  |  HWThread 86  |  HWThread 87  |  HWThread 88  |  HWThread 89  |  HWThread 90  |  HWThread 91  |  HWThread 92  |  HWThread 93  |  HWThread 94  |  HWThread 95  |  HWThread 96  |  HWThread 97  |  HWThread 98  |  HWThread 99  |  HWThread 100 |  HWThread 101 |  HWThread 102 |  HWThread 103 |  HWThread 104 |  HWThread 105 |  HWThread 106 |  HWThread 107 |  HWThread 108 |  HWThread 109 |  HWThread 110 |  HWThread 111 |  HWThread 112 |  HWThread 113 |  HWThread 114 |  HWThread 115 |  HWThread 116 |  HWThread 117 |  HWThread 118 |  HWThread 119 |  HWThread 120 |  HWThread 121 |  HWThread 122 |  HWThread 123 |  HWThread 124 |  HWThread 125 |  HWThread 126 |  HWThread 127 |  HWThread 128 |  HWThread 129 |  HWThread 130 |  HWThread 131 |  HWThread 132 |  HWThread 133 |  HWThread 134 |  HWThread 135 |  HWThread 136 |  HWThread 137 |  HWThread 138 |  HWThread 139 |  HWThread 140 |  HWThread 141 |  HWThread 142 |  HWThread 143 |
+----------------------+---------+---------------+---------------+---------------+---------------+---------------+---------------+---------------+---------------+---------------+---------------+---------------+---------------+---------------+---------------+---------------+---------------+---------------+---------------+---------------+---------------+---------------+---------------+---------------+---------------+---------------+---------------+---------------+---------------+---------------+---------------+---------------+---------------+---------------+---------------+---------------+---------------+---------------+---------------+---------------+---------------+---------------+---------------+---------------+---------------+---------------+---------------+---------------+---------------+---------------+---------------+---------------+---------------+---------------+---------------+---------------+---------------+---------------+---------------+---------------+---------------+---------------+---------------+---------------+---------------+---------------+---------------+---------------+---------------+---------------+---------------+---------------+---------------+---------------+---------------+---------------+---------------+---------------+---------------+---------------+---------------+---------------+---------------+---------------+---------------+---------------+---------------+---------------+---------------+---------------+---------------+---------------+---------------+---------------+---------------+---------------+---------------+---------------+---------------+---------------+---------------+---------------+---------------+---------------+---------------+---------------+---------------+---------------+---------------+---------------+---------------+---------------+---------------+---------------+---------------+---------------+---------------+---------------+---------------+---------------+---------------+---------------+---------------+---------------+---------------+---------------+---------------+---------------+---------------+---------------+---------------+---------------+---------------+---------------+---------------+---------------+---------------+---------------+---------------+---------------+---------------+---------------+---------------+---------------+---------------+
|   ACTUAL_CPU_CLOCK   |  FIXC1  | 5393261832020 | 4774758605658 | 4767066385868 | 4763434755243 | 4764071492094 | 4769525562149 | 4769851873374 | 4769369026536 | 4429230761066 | 4317683046371 | 4064320874747 | 4221761766747 | 4155469621760 | 4108954719525 | 4261224267700 | 4223776021155 | 4759909604868 | 4756977358272 | 4757631897535 | 4756837886968 | 4761502316836 | 4761409460766 | 4747107039982 | 4757621351625 | 4753364084206 | 4749426983538 | 4752837076562 | 4753655890127 | 4747213877359 | 4747301654685 | 4744943667243 | 4761210244371 | 4733855978378 | 4700093630757 | 4702570741189 | 4727163564094 | 4726374578720 | 4703746351074 | 4714122061753 | 4723913711362 | 4762121535080 | 4745135762433 | 4761459964610 | 4740611950076 | 4703765886882 | 4705364836166 | 4727782298225 | 4713472304864 | 3404383065419 | 3374871673653 | 3333704528745 | 3340683738951 | 3453296391049 | 3456017850790 | 3551841310830 | 3531880167392 | 3268397357793 | 3263719838922 | 3262283692232 | 3306907708939 | 3313574865371 | 3303086394010 | 3434594440335 | 3435552817388 | 3435742637762 | 3442031227862 | 3424752147217 | 3447457641113 | 3449537888042 | 3449367425037 | 3555575104542 | 3546347167555 | 4361187405826 | 4370204512332 | 4341103546244 | 4360163037108 | 4364465830205 | 4365813468693 | 4408760995670 | 4434500950482 | 4150794023241 | 4123513756630 | 4146128507994 | 4162917440374 | 4152396540026 | 4163207668543 | 4246606567764 | 4242551734867 | 4194773733891 | 4165827163003 | 4148062215863 | 4188675061030 | 4176891706507 | 4186872395094 | 4266624007446 | 4293575648739 | 4663996856694 | 4635288163182 | 4646563335599 | 4640661344827 | 4651693639991 | 4557033265301 | 4671905554882 | 4669988787782 | 4368544344990 | 4471177477342 | 4543174132643 | 4506257487496 | 4508854903985 | 4549186306003 | 4594563375183 | 4632062357142 | 4737960153241 | 4744164397485 | 4727555377507 | 4739222971532 | 4746135434346 | 4730029112334 | 4732000472922 | 4739689471477 | 4733044132693 | 4728405111525 | 4728409031813 | 4726729088645 | 4726545578878 | 4726633171579 | 4726617106912 | 4734677394437 | 4737642396195 | 4733785741605 | 4734491456721 | 4730458829458 | 4737266364311 | 4728432527878 | 4730087393907 | 4727663087859 | 4736653796675 | 4734936687380 | 4726883000299 | 4726845494182 | 4726713775119 | 4711681547344 | 4711478710009 | 4675727911097 |
|     MAX_CPU_CLOCK    |  FIXC2  | 3791231176382 | 3384139751616 | 3366182221480 | 3362321397396 | 3362973491852 | 3368267141096 | 3368576625024 | 3368134015844 | 3144248932604 | 3077771374080 | 2927158857116 | 3026600312242 | 2979837692286 | 2959444015606 | 3053354190692 | 3031242335316 | 3361239825554 | 3356935035480 | 3358559467120 | 3356624010714 | 3361303624380 | 3361500340926 | 3346298669610 | 3356728552996 | 3352498260514 | 3348614878206 | 3351913232538 | 3352295877892 | 3346223063716 | 3346383581866 | 3343591190628 | 3360344639054 | 3344126587880 | 3323656391276 | 3323514536602 | 3333699984628 | 3339358677824 | 3315397148024 | 3324950328440 | 3328396657326 | 3362778568448 | 3344340693460 | 3361812490868 | 3344462944342 | 3319901720200 | 3326152515504 | 3339975412020 | 3323762933998 | 2418099297042 | 2390954839442 | 2361611241626 | 2368588707966 | 2439123777480 | 2440441400722 | 2505655929972 | 2494178139388 | 2324781633096 | 2320658805374 | 2318353695008 | 2348644328264 | 2343716601174 | 2337478971152 | 2429888804564 | 2430451505716 | 2422273674028 | 2426898625086 | 2411509340734 | 2427140311102 | 2428774119720 | 2430961127400 | 2506741633630 | 2499666753974 | 3078643530248 | 3084200843438 | 3062559684860 | 3072828940896 | 3079844947920 | 3078669022910 | 3105413155338 | 3125487197716 | 2931684552706 | 2907745762402 | 2930085457208 | 2938068521830 | 2928918648032 | 2935776259416 | 2996241143662 | 2989497753684 | 2965035272784 | 2934298584386 | 2923350096628 | 2954422848052 | 2943094804234 | 2949248021200 | 3011218733198 | 3027569826320 | 3294733963378 | 3276923396162 | 3283229116934 | 3277581249332 | 3286117331770 | 3234295737374 | 3297232880916 | 3297188414650 | 3126186253606 | 3181236085664 | 3224403075348 | 3200668557658 | 3203980777894 | 3225428565424 | 3251931579832 | 3271789329978 | 3336947197506 | 3343539608734 | 3326456480152 | 3338778758016 | 3345023983444 | 3328196558336 | 3330024759282 | 3338049803114 | 3331074381648 | 3326099727470 | 3326332775766 | 3324438652340 | 3324312077684 | 3324384659362 | 3324378554562 | 3332438696678 | 3339095861582 | 3334977107384 | 3333642522366 | 3330541420284 | 3338185401070 | 3328410035080 | 3329190533136 | 3327123576270 | 3334278662312 | 3332789779306 | 3324509026124 | 3324558128970 | 3324474020582 | 3315614520140 | 3315222747460 | 3289560629992 |
| RETIRED_INSTRUCTIONS |   PMC0  | 1311406917175 |  705058824342 |  706042869338 |  705582265869 |  704182140090 |  704338628278 |  704129630050 |  703122002732 |  732942149903 |  736331322149 |  737980077178 |  736064757675 |  736793648489 |  736109627104 |  734229988280 |  733865874267 |  715234968043 |  712880223260 |  714686950579 |  712334531081 |  713444410286 |  713109697148 |  709525200016 |  709729374767 |  704867806498 |  705742818618 |  704705403753 |  703156391499 |  703167220185 |  703879781963 |  701980488250 |  702683740741 |  725402966073 |  730056182003 |  730438667403 |  723105992874 |  728232557580 |  727438784242 |  724925014040 |  721052811983 |  710772214611 |  709925637807 |  710102303059 |  709404002621 |  708103798290 |  710198063290 |  707724482721 |  706213140304 |  725888397879 |  726482312966 |  725798692279 |  726411232111 |  726395922952 |  726641253313 |  726787773114 |  726287695499 |  753803578306 |  754033333043 |  754315917313 |  752887343684 |  753473239301 |  752989915932 |  753603918780 |  752860493306 |  726463776756 |  726386470223 |  725907932490 |  725810825041 |  725642670423 |  726084200707 |  726638376983 |  727344145854 |  726150506802 |  726779910021 |  726108418672 |  725599303534 |  726522259206 |  726729519660 |  726214024907 |  726077026041 |  755129561458 |  755131849226 |  756052678492 |  755270229031 |  752799240528 |  755548642257 |  756085400779 |  749045807007 |  729938370621 |  729660682185 |  729670009835 |  729731105898 |  729740938751 |  729379554235 |  730371106494 |  729553938409 |  661407830311 |  661314346642 |  659986168325 |  658940432126 |  660320144341 |  662981254639 |  659276107999 |  659999906963 |  683992434633 |  682516615448 |  681166422678 |  679152470468 |  680881175887 |  679017648520 |  678358968375 |  676367193345 |  659291965018 |  659173975698 |  659028881378 |  658405045149 |  657923933087 |  656518493890 |  656376784337 |  655946096174 |  648260815630 |  646893531651 |  647480938122 |  646475451180 |  647022180900 |  646998380074 |  645757114546 |  645532736937 |  680621670574 |  681667871033 |  674425923812 |  678068851550 |  678617568477 |  678071855347 |  675220347032 |  675001856097 |  649046922904 |  648859599270 |  649089169648 |  648454093254 |  634026916946 |  622755180393 |  587723296184 |  568163713873 |
|  CPU_CLOCKS_UNHALTED |   PMC1  | 4734122900380 | 4292205081480 | 4290427854583 | 4287755988176 | 4285406689164 | 4295476727787 | 4291136794780 | 4289497962119 | 4000775748267 | 3915456262959 | 3705240644811 | 3840422365438 | 3783989080309 | 3745439294930 | 3870140013084 | 3831241911956 | 4297715185350 | 4302185749439 | 4302193446999 | 4301460288328 | 4299359534136 | 4302370738925 | 4293437510894 | 4294982354254 | 4286134855413 | 4281461280140 | 4293068509436 | 4288988598159 | 4284372999676 | 4278711614316 | 4288871363245 | 4282812344908 | 4261145386520 | 4241422852773 | 4245672611684 | 4267787650180 | 4260702715943 | 4259113872882 | 4256274403459 | 4266915673141 | 4297480210287 | 4296892356778 | 4306091196923 | 4287802330562 | 4253931440189 | 4253479807365 | 4267890789070 | 4264477408068 | 3168333818882 | 3174097196186 | 3146038317421 | 3147197393403 | 3246010393172 | 3248332825034 | 3328571319316 | 3308302898087 | 3079057840788 | 3078469678626 | 3080456016799 | 3115049860663 | 3134614076419 | 3122582937639 | 3230045042815 | 3232757099798 | 3244604115176 | 3251647892000 | 3243465383194 | 3260517983662 | 3262479909955 | 3258086225065 | 3340616877464 | 3336856292196 | 3995347040655 | 4004013119393 | 3985627060820 | 4002621157668 | 3999690254484 | 4004935167068 | 4043970332466 | 4060822821004 | 3820016208221 | 3801201254239 | 3817525224374 | 3831507146726 | 3826387139977 | 3836553759061 | 3901368661218 | 3902350603913 | 3848291887326 | 3839292111155 | 3826817814705 | 3851721404602 | 3849729477519 | 3859099290631 | 3916256439726 | 3941596689578 | 4268081518063 | 4237061513108 | 4259155032149 | 4245715348291 | 4252994933819 | 4171472418074 | 4272112189051 | 4260492205200 | 4011971200190 | 4107146769546 | 4160159636741 | 4133729367454 | 4126095543269 | 4171686969471 | 4203579563464 | 4236200009748 | 4334223068475 | 4325964288703 | 4327877463542 | 4324255977221 | 4337792791583 | 4331911900674 | 4331461897959 | 4334613460278 | 4354973201644 | 4363395431042 | 4362473900083 | 4363164541830 | 4361116600814 | 4363262710860 | 4362925625049 | 4368621255223 | 4365063118766 | 4369388208231 | 4367280689907 | 4362639656083 | 4372264173457 | 4375303628028 | 4362802817397 | 4371753990392 | 4373777442068 | 4364032248741 | 4374492877218 | 4369798420934 | 4361244538289 | 4346307159438 | 4344145878332 | 4300370019051 |
|      CAS_CMD_RD      |  UMC0C0 |   79286553940 |             0 |             0 |             0 |             0 |             0 |             0 |             0 |             0 |             0 |             0 |             0 |             0 |             0 |             0 |             0 |             0 |             0 |             0 |             0 |             0 |             0 |             0 |             0 |             0 |             0 |             0 |             0 |             0 |             0 |             0 |             0 |             0 |             0 |             0 |             0 |             0 |             0 |             0 |             0 |             0 |             0 |             0 |             0 |             0 |             0 |             0 |             0 |             0 |             0 |             0 |             0 |             0 |             0 |             0 |             0 |             0 |             0 |             0 |             0 |             0 |             0 |             0 |             0 |             0 |             0 |             0 |             0 |             0 |             0 |             0 |             0 |             0 |             0 |             0 |             0 |             0 |             0 |             0 |             0 |             0 |             0 |             0 |             0 |             0 |             0 |             0 |             0 |             0 |             0 |             0 |             0 |             0 |             0 |             0 |             0 |   34263196127 |             0 |             0 |             0 |             0 |             0 |             0 |             0 |             0 |             0 |             0 |             0 |             0 |             0 |             0 |             0 |             0 |             0 |             0 |             0 |             0 |             0 |             0 |             0 |             0 |             0 |             0 |             0 |             0 |             0 |             0 |             0 |             0 |             0 |             0 |             0 |             0 |             0 |             0 |             0 |             0 |             0 |             0 |             0 |             0 |             0 |             0 |             0 |
|      CAS_CMD_WR      |  UMC0C1 |   34026953574 |             0 |             0 |             0 |             0 |             0 |             0 |             0 |             0 |             0 |             0 |             0 |             0 |             0 |             0 |             0 |             0 |             0 |             0 |             0 |             0 |             0 |             0 |             0 |             0 |             0 |             0 |             0 |             0 |             0 |             0 |             0 |             0 |             0 |             0 |             0 |             0 |             0 |             0 |             0 |             0 |             0 |             0 |             0 |             0 |             0 |             0 |             0 |             0 |             0 |             0 |             0 |             0 |             0 |             0 |             0 |             0 |             0 |             0 |             0 |             0 |             0 |             0 |             0 |             0 |             0 |             0 |             0 |             0 |             0 |             0 |             0 |             0 |             0 |             0 |             0 |             0 |             0 |             0 |             0 |             0 |             0 |             0 |             0 |             0 |             0 |             0 |             0 |             0 |             0 |             0 |             0 |             0 |             0 |             0 |             0 |   16133435017 |             0 |             0 |             0 |             0 |             0 |             0 |             0 |             0 |             0 |             0 |             0 |             0 |             0 |             0 |             0 |             0 |             0 |             0 |             0 |             0 |             0 |             0 |             0 |             0 |             0 |             0 |             0 |             0 |             0 |             0 |             0 |             0 |             0 |             0 |             0 |             0 |             0 |             0 |             0 |             0 |             0 |             0 |             0 |             0 |             0 |             0 |             0 |
|      CAS_CMD_RD      |  UMC1C0 |   79300806996 |             0 |             0 |             0 |             0 |             0 |             0 |             0 |             0 |             0 |             0 |             0 |             0 |             0 |             0 |             0 |             0 |             0 |             0 |             0 |             0 |             0 |             0 |             0 |             0 |             0 |             0 |             0 |             0 |             0 |             0 |             0 |             0 |             0 |             0 |             0 |             0 |             0 |             0 |             0 |             0 |             0 |             0 |             0 |             0 |             0 |             0 |             0 |             0 |             0 |             0 |             0 |             0 |             0 |             0 |             0 |             0 |             0 |             0 |             0 |             0 |             0 |             0 |             0 |             0 |             0 |             0 |             0 |             0 |             0 |             0 |             0 |             0 |             0 |             0 |             0 |             0 |             0 |             0 |             0 |             0 |             0 |             0 |             0 |             0 |             0 |             0 |             0 |             0 |             0 |             0 |             0 |             0 |             0 |             0 |             0 |   34296227373 |             0 |             0 |             0 |             0 |             0 |             0 |             0 |             0 |             0 |             0 |             0 |             0 |             0 |             0 |             0 |             0 |             0 |             0 |             0 |             0 |             0 |             0 |             0 |             0 |             0 |             0 |             0 |             0 |             0 |             0 |             0 |             0 |             0 |             0 |             0 |             0 |             0 |             0 |             0 |             0 |             0 |             0 |             0 |             0 |             0 |             0 |             0 |
|      CAS_CMD_WR      |  UMC1C1 |   33994249123 |             0 |             0 |             0 |             0 |             0 |             0 |             0 |             0 |             0 |             0 |             0 |             0 |             0 |             0 |             0 |             0 |             0 |             0 |             0 |             0 |             0 |             0 |             0 |             0 |             0 |             0 |             0 |             0 |             0 |             0 |             0 |             0 |             0 |             0 |             0 |             0 |             0 |             0 |             0 |             0 |             0 |             0 |             0 |             0 |             0 |             0 |             0 |             0 |             0 |             0 |             0 |             0 |             0 |             0 |             0 |             0 |             0 |             0 |             0 |             0 |             0 |             0 |             0 |             0 |             0 |             0 |             0 |             0 |             0 |             0 |             0 |             0 |             0 |             0 |             0 |             0 |             0 |             0 |             0 |             0 |             0 |             0 |             0 |             0 |             0 |             0 |             0 |             0 |             0 |             0 |             0 |             0 |             0 |             0 |             0 |   16168281820 |             0 |             0 |             0 |             0 |             0 |             0 |             0 |             0 |             0 |             0 |             0 |             0 |             0 |             0 |             0 |             0 |             0 |             0 |             0 |             0 |             0 |             0 |             0 |             0 |             0 |             0 |             0 |             0 |             0 |             0 |             0 |             0 |             0 |             0 |             0 |             0 |             0 |             0 |             0 |             0 |             0 |             0 |             0 |             0 |             0 |             0 |             0 |
|      CAS_CMD_RD      |  UMC2C0 |   79040691671 |             0 |             0 |             0 |             0 |             0 |             0 |             0 |             0 |             0 |             0 |             0 |             0 |             0 |             0 |             0 |             0 |             0 |             0 |             0 |             0 |             0 |             0 |             0 |             0 |             0 |             0 |             0 |             0 |             0 |             0 |             0 |             0 |             0 |             0 |             0 |             0 |             0 |             0 |             0 |             0 |             0 |             0 |             0 |             0 |             0 |             0 |             0 |             0 |             0 |             0 |             0 |             0 |             0 |             0 |             0 |             0 |             0 |             0 |             0 |             0 |             0 |             0 |             0 |             0 |             0 |             0 |             0 |             0 |             0 |             0 |             0 |             0 |             0 |             0 |             0 |             0 |             0 |             0 |             0 |             0 |             0 |             0 |             0 |             0 |             0 |             0 |             0 |             0 |             0 |             0 |             0 |             0 |             0 |             0 |             0 |   34286186759 |             0 |             0 |             0 |             0 |             0 |             0 |             0 |             0 |             0 |             0 |             0 |             0 |             0 |             0 |             0 |             0 |             0 |             0 |             0 |             0 |             0 |             0 |             0 |             0 |             0 |             0 |             0 |             0 |             0 |             0 |             0 |             0 |             0 |             0 |             0 |             0 |             0 |             0 |             0 |             0 |             0 |             0 |             0 |             0 |             0 |             0 |             0 |
|      CAS_CMD_WR      |  UMC2C1 |   34055876625 |             0 |             0 |             0 |             0 |             0 |             0 |             0 |             0 |             0 |             0 |             0 |             0 |             0 |             0 |             0 |             0 |             0 |             0 |             0 |             0 |             0 |             0 |             0 |             0 |             0 |             0 |             0 |             0 |             0 |             0 |             0 |             0 |             0 |             0 |             0 |             0 |             0 |             0 |             0 |             0 |             0 |             0 |             0 |             0 |             0 |             0 |             0 |             0 |             0 |             0 |             0 |             0 |             0 |             0 |             0 |             0 |             0 |             0 |             0 |             0 |             0 |             0 |             0 |             0 |             0 |             0 |             0 |             0 |             0 |             0 |             0 |             0 |             0 |             0 |             0 |             0 |             0 |             0 |             0 |             0 |             0 |             0 |             0 |             0 |             0 |             0 |             0 |             0 |             0 |             0 |             0 |             0 |             0 |             0 |             0 |   16166736777 |             0 |             0 |             0 |             0 |             0 |             0 |             0 |             0 |             0 |             0 |             0 |             0 |             0 |             0 |             0 |             0 |             0 |             0 |             0 |             0 |             0 |             0 |             0 |             0 |             0 |             0 |             0 |             0 |             0 |             0 |             0 |             0 |             0 |             0 |             0 |             0 |             0 |             0 |             0 |             0 |             0 |             0 |             0 |             0 |             0 |             0 |             0 |
|      CAS_CMD_RD      |  UMC3C0 |   79564980117 |             0 |             0 |             0 |             0 |             0 |             0 |             0 |             0 |             0 |             0 |             0 |             0 |             0 |             0 |             0 |             0 |             0 |             0 |             0 |             0 |             0 |             0 |             0 |             0 |             0 |             0 |             0 |             0 |             0 |             0 |             0 |             0 |             0 |             0 |             0 |             0 |             0 |             0 |             0 |             0 |             0 |             0 |             0 |             0 |             0 |             0 |             0 |             0 |             0 |             0 |             0 |             0 |             0 |             0 |             0 |             0 |             0 |             0 |             0 |             0 |             0 |             0 |             0 |             0 |             0 |             0 |             0 |             0 |             0 |             0 |             0 |             0 |             0 |             0 |             0 |             0 |             0 |             0 |             0 |             0 |             0 |             0 |             0 |             0 |             0 |             0 |             0 |             0 |             0 |             0 |             0 |             0 |             0 |             0 |             0 |   34192001465 |             0 |             0 |             0 |             0 |             0 |             0 |             0 |             0 |             0 |             0 |             0 |             0 |             0 |             0 |             0 |             0 |             0 |             0 |             0 |             0 |             0 |             0 |             0 |             0 |             0 |             0 |             0 |             0 |             0 |             0 |             0 |             0 |             0 |             0 |             0 |             0 |             0 |             0 |             0 |             0 |             0 |             0 |             0 |             0 |             0 |             0 |             0 |
|      CAS_CMD_WR      |  UMC3C1 |   34059274148 |             0 |             0 |             0 |             0 |             0 |             0 |             0 |             0 |             0 |             0 |             0 |             0 |             0 |             0 |             0 |             0 |             0 |             0 |             0 |             0 |             0 |             0 |             0 |             0 |             0 |             0 |             0 |             0 |             0 |             0 |             0 |             0 |             0 |             0 |             0 |             0 |             0 |             0 |             0 |             0 |             0 |             0 |             0 |             0 |             0 |             0 |             0 |             0 |             0 |             0 |             0 |             0 |             0 |             0 |             0 |             0 |             0 |             0 |             0 |             0 |             0 |             0 |             0 |             0 |             0 |             0 |             0 |             0 |             0 |             0 |             0 |             0 |             0 |             0 |             0 |             0 |             0 |             0 |             0 |             0 |             0 |             0 |             0 |             0 |             0 |             0 |             0 |             0 |             0 |             0 |             0 |             0 |             0 |             0 |             0 |   16108831187 |             0 |             0 |             0 |             0 |             0 |             0 |             0 |             0 |             0 |             0 |             0 |             0 |             0 |             0 |             0 |             0 |             0 |             0 |             0 |             0 |             0 |             0 |             0 |             0 |             0 |             0 |             0 |             0 |             0 |             0 |             0 |             0 |             0 |             0 |             0 |             0 |             0 |             0 |             0 |             0 |             0 |             0 |             0 |             0 |             0 |             0 |             0 |
|      CAS_CMD_RD      |  UMC4C0 |   79641079509 |             0 |             0 |             0 |             0 |             0 |             0 |             0 |             0 |             0 |             0 |             0 |             0 |             0 |             0 |             0 |             0 |             0 |             0 |             0 |             0 |             0 |             0 |             0 |             0 |             0 |             0 |             0 |             0 |             0 |             0 |             0 |             0 |             0 |             0 |             0 |             0 |             0 |             0 |             0 |             0 |             0 |             0 |             0 |             0 |             0 |             0 |             0 |             0 |             0 |             0 |             0 |             0 |             0 |             0 |             0 |             0 |             0 |             0 |             0 |             0 |             0 |             0 |             0 |             0 |             0 |             0 |             0 |             0 |             0 |             0 |             0 |             0 |             0 |             0 |             0 |             0 |             0 |             0 |             0 |             0 |             0 |             0 |             0 |             0 |             0 |             0 |             0 |             0 |             0 |             0 |             0 |             0 |             0 |             0 |             0 |   34371016449 |             0 |             0 |             0 |             0 |             0 |             0 |             0 |             0 |             0 |             0 |             0 |             0 |             0 |             0 |             0 |             0 |             0 |             0 |             0 |             0 |             0 |             0 |             0 |             0 |             0 |             0 |             0 |             0 |             0 |             0 |             0 |             0 |             0 |             0 |             0 |             0 |             0 |             0 |             0 |             0 |             0 |             0 |             0 |             0 |             0 |             0 |             0 |
|      CAS_CMD_WR      |  UMC4C1 |   34048825703 |             0 |             0 |             0 |             0 |             0 |             0 |             0 |             0 |             0 |             0 |             0 |             0 |             0 |             0 |             0 |             0 |             0 |             0 |             0 |             0 |             0 |             0 |             0 |             0 |             0 |             0 |             0 |             0 |             0 |             0 |             0 |             0 |             0 |             0 |             0 |             0 |             0 |             0 |             0 |             0 |             0 |             0 |             0 |             0 |             0 |             0 |             0 |             0 |             0 |             0 |             0 |             0 |             0 |             0 |             0 |             0 |             0 |             0 |             0 |             0 |             0 |             0 |             0 |             0 |             0 |             0 |             0 |             0 |             0 |             0 |             0 |             0 |             0 |             0 |             0 |             0 |             0 |             0 |             0 |             0 |             0 |             0 |             0 |             0 |             0 |             0 |             0 |             0 |             0 |             0 |             0 |             0 |             0 |             0 |             0 |   16212170790 |             0 |             0 |             0 |             0 |             0 |             0 |             0 |             0 |             0 |             0 |             0 |             0 |             0 |             0 |             0 |             0 |             0 |             0 |             0 |             0 |             0 |             0 |             0 |             0 |             0 |             0 |             0 |             0 |             0 |             0 |             0 |             0 |             0 |             0 |             0 |             0 |             0 |             0 |             0 |             0 |             0 |             0 |             0 |             0 |             0 |             0 |             0 |
|      CAS_CMD_RD      |  UMC5C0 |   79166565669 |             0 |             0 |             0 |             0 |             0 |             0 |             0 |             0 |             0 |             0 |             0 |             0 |             0 |             0 |             0 |             0 |             0 |             0 |             0 |             0 |             0 |             0 |             0 |             0 |             0 |             0 |             0 |             0 |             0 |             0 |             0 |             0 |             0 |             0 |             0 |             0 |             0 |             0 |             0 |             0 |             0 |             0 |             0 |             0 |             0 |             0 |             0 |             0 |             0 |             0 |             0 |             0 |             0 |             0 |             0 |             0 |             0 |             0 |             0 |             0 |             0 |             0 |             0 |             0 |             0 |             0 |             0 |             0 |             0 |             0 |             0 |             0 |             0 |             0 |             0 |             0 |             0 |             0 |             0 |             0 |             0 |             0 |             0 |             0 |             0 |             0 |             0 |             0 |             0 |             0 |             0 |             0 |             0 |             0 |             0 |   34164458776 |             0 |             0 |             0 |             0 |             0 |             0 |             0 |             0 |             0 |             0 |             0 |             0 |             0 |             0 |             0 |             0 |             0 |             0 |             0 |             0 |             0 |             0 |             0 |             0 |             0 |             0 |             0 |             0 |             0 |             0 |             0 |             0 |             0 |             0 |             0 |             0 |             0 |             0 |             0 |             0 |             0 |             0 |             0 |             0 |             0 |             0 |             0 |
|      CAS_CMD_WR      |  UMC5C1 |   34053669739 |             0 |             0 |             0 |             0 |             0 |             0 |             0 |             0 |             0 |             0 |             0 |             0 |             0 |             0 |             0 |             0 |             0 |             0 |             0 |             0 |             0 |             0 |             0 |             0 |             0 |             0 |             0 |             0 |             0 |             0 |             0 |             0 |             0 |             0 |             0 |             0 |             0 |             0 |             0 |             0 |             0 |             0 |             0 |             0 |             0 |             0 |             0 |             0 |             0 |             0 |             0 |             0 |             0 |             0 |             0 |             0 |             0 |             0 |             0 |             0 |             0 |             0 |             0 |             0 |             0 |             0 |             0 |             0 |             0 |             0 |             0 |             0 |             0 |             0 |             0 |             0 |             0 |             0 |             0 |             0 |             0 |             0 |             0 |             0 |             0 |             0 |             0 |             0 |             0 |             0 |             0 |             0 |             0 |             0 |             0 |   16122791071 |             0 |             0 |             0 |             0 |             0 |             0 |             0 |             0 |             0 |             0 |             0 |             0 |             0 |             0 |             0 |             0 |             0 |             0 |             0 |             0 |             0 |             0 |             0 |             0 |             0 |             0 |             0 |             0 |             0 |             0 |             0 |             0 |             0 |             0 |             0 |             0 |             0 |             0 |             0 |             0 |             0 |             0 |             0 |             0 |             0 |             0 |             0 |
|      CAS_CMD_RD      |  UMC6C0 |   80145212058 |             0 |             0 |             0 |             0 |             0 |             0 |             0 |             0 |             0 |             0 |             0 |             0 |             0 |             0 |             0 |             0 |             0 |             0 |             0 |             0 |             0 |             0 |             0 |             0 |             0 |             0 |             0 |             0 |             0 |             0 |             0 |             0 |             0 |             0 |             0 |             0 |             0 |             0 |             0 |             0 |             0 |             0 |             0 |             0 |             0 |             0 |             0 |             0 |             0 |             0 |             0 |             0 |             0 |             0 |             0 |             0 |             0 |             0 |             0 |             0 |             0 |             0 |             0 |             0 |             0 |             0 |             0 |             0 |             0 |             0 |             0 |             0 |             0 |             0 |             0 |             0 |             0 |             0 |             0 |             0 |             0 |             0 |             0 |             0 |             0 |             0 |             0 |             0 |             0 |             0 |             0 |             0 |             0 |             0 |             0 |   34313198238 |             0 |             0 |             0 |             0 |             0 |             0 |             0 |             0 |             0 |             0 |             0 |             0 |             0 |             0 |             0 |             0 |             0 |             0 |             0 |             0 |             0 |             0 |             0 |             0 |             0 |             0 |             0 |             0 |             0 |             0 |             0 |             0 |             0 |             0 |             0 |             0 |             0 |             0 |             0 |             0 |             0 |             0 |             0 |             0 |             0 |             0 |             0 |
|      CAS_CMD_WR      |  UMC6C1 |   34076691063 |             0 |             0 |             0 |             0 |             0 |             0 |             0 |             0 |             0 |             0 |             0 |             0 |             0 |             0 |             0 |             0 |             0 |             0 |             0 |             0 |             0 |             0 |             0 |             0 |             0 |             0 |             0 |             0 |             0 |             0 |             0 |             0 |             0 |             0 |             0 |             0 |             0 |             0 |             0 |             0 |             0 |             0 |             0 |             0 |             0 |             0 |             0 |             0 |             0 |             0 |             0 |             0 |             0 |             0 |             0 |             0 |             0 |             0 |             0 |             0 |             0 |             0 |             0 |             0 |             0 |             0 |             0 |             0 |             0 |             0 |             0 |             0 |             0 |             0 |             0 |             0 |             0 |             0 |             0 |             0 |             0 |             0 |             0 |             0 |             0 |             0 |             0 |             0 |             0 |             0 |             0 |             0 |             0 |             0 |             0 |   16157020912 |             0 |             0 |             0 |             0 |             0 |             0 |             0 |             0 |             0 |             0 |             0 |             0 |             0 |             0 |             0 |             0 |             0 |             0 |             0 |             0 |             0 |             0 |             0 |             0 |             0 |             0 |             0 |             0 |             0 |             0 |             0 |             0 |             0 |             0 |             0 |             0 |             0 |             0 |             0 |             0 |             0 |             0 |             0 |             0 |             0 |             0 |             0 |
|      CAS_CMD_RD      |  UMC7C0 |   80447560100 |             0 |             0 |             0 |             0 |             0 |             0 |             0 |             0 |             0 |             0 |             0 |             0 |             0 |             0 |             0 |             0 |             0 |             0 |             0 |             0 |             0 |             0 |             0 |             0 |             0 |             0 |             0 |             0 |             0 |             0 |             0 |             0 |             0 |             0 |             0 |             0 |             0 |             0 |             0 |             0 |             0 |             0 |             0 |             0 |             0 |             0 |             0 |             0 |             0 |             0 |             0 |             0 |             0 |             0 |             0 |             0 |             0 |             0 |             0 |             0 |             0 |             0 |             0 |             0 |             0 |             0 |             0 |             0 |             0 |             0 |             0 |             0 |             0 |             0 |             0 |             0 |             0 |             0 |             0 |             0 |             0 |             0 |             0 |             0 |             0 |             0 |             0 |             0 |             0 |             0 |             0 |             0 |             0 |             0 |             0 |   34210750570 |             0 |             0 |             0 |             0 |             0 |             0 |             0 |             0 |             0 |             0 |             0 |             0 |             0 |             0 |             0 |             0 |             0 |             0 |             0 |             0 |             0 |             0 |             0 |             0 |             0 |             0 |             0 |             0 |             0 |             0 |             0 |             0 |             0 |             0 |             0 |             0 |             0 |             0 |             0 |             0 |             0 |             0 |             0 |             0 |             0 |             0 |             0 |
|      CAS_CMD_WR      |  UMC7C1 |   34119655378 |             0 |             0 |             0 |             0 |             0 |             0 |             0 |             0 |             0 |             0 |             0 |             0 |             0 |             0 |             0 |             0 |             0 |             0 |             0 |             0 |             0 |             0 |             0 |             0 |             0 |             0 |             0 |             0 |             0 |             0 |             0 |             0 |             0 |             0 |             0 |             0 |             0 |             0 |             0 |             0 |             0 |             0 |             0 |             0 |             0 |             0 |             0 |             0 |             0 |             0 |             0 |             0 |             0 |             0 |             0 |             0 |             0 |             0 |             0 |             0 |             0 |             0 |             0 |             0 |             0 |             0 |             0 |             0 |             0 |             0 |             0 |             0 |             0 |             0 |             0 |             0 |             0 |             0 |             0 |             0 |             0 |             0 |             0 |             0 |             0 |             0 |             0 |             0 |             0 |             0 |             0 |             0 |             0 |             0 |             0 |   16137316354 |             0 |             0 |             0 |             0 |             0 |             0 |             0 |             0 |             0 |             0 |             0 |             0 |             0 |             0 |             0 |             0 |             0 |             0 |             0 |             0 |             0 |             0 |             0 |             0 |             0 |             0 |             0 |             0 |             0 |             0 |             0 |             0 |             0 |             0 |             0 |             0 |             0 |             0 |             0 |             0 |             0 |             0 |             0 |             0 |             0 |             0 |             0 |
|      CAS_CMD_RD      |  UMC8C0 |   80077496031 |             0 |             0 |             0 |             0 |             0 |             0 |             0 |             0 |             0 |             0 |             0 |             0 |             0 |             0 |             0 |             0 |             0 |             0 |             0 |             0 |             0 |             0 |             0 |             0 |             0 |             0 |             0 |             0 |             0 |             0 |             0 |             0 |             0 |             0 |             0 |             0 |             0 |             0 |             0 |             0 |             0 |             0 |             0 |             0 |             0 |             0 |             0 |             0 |             0 |             0 |             0 |             0 |             0 |             0 |             0 |             0 |             0 |             0 |             0 |             0 |             0 |             0 |             0 |             0 |             0 |             0 |             0 |             0 |             0 |             0 |             0 |             0 |             0 |             0 |             0 |             0 |             0 |             0 |             0 |             0 |             0 |             0 |             0 |             0 |             0 |             0 |             0 |             0 |             0 |             0 |             0 |             0 |             0 |             0 |             0 |   34306083625 |             0 |             0 |             0 |             0 |             0 |             0 |             0 |             0 |             0 |             0 |             0 |             0 |             0 |             0 |             0 |             0 |             0 |             0 |             0 |             0 |             0 |             0 |             0 |             0 |             0 |             0 |             0 |             0 |             0 |             0 |             0 |             0 |             0 |             0 |             0 |             0 |             0 |             0 |             0 |             0 |             0 |             0 |             0 |             0 |             0 |             0 |             0 |
|      CAS_CMD_WR      |  UMC8C1 |   34072651624 |             0 |             0 |             0 |             0 |             0 |             0 |             0 |             0 |             0 |             0 |             0 |             0 |             0 |             0 |             0 |             0 |             0 |             0 |             0 |             0 |             0 |             0 |             0 |             0 |             0 |             0 |             0 |             0 |             0 |             0 |             0 |             0 |             0 |             0 |             0 |             0 |             0 |             0 |             0 |             0 |             0 |             0 |             0 |             0 |             0 |             0 |             0 |             0 |             0 |             0 |             0 |             0 |             0 |             0 |             0 |             0 |             0 |             0 |             0 |             0 |             0 |             0 |             0 |             0 |             0 |             0 |             0 |             0 |             0 |             0 |             0 |             0 |             0 |             0 |             0 |             0 |             0 |             0 |             0 |             0 |             0 |             0 |             0 |             0 |             0 |             0 |             0 |             0 |             0 |             0 |             0 |             0 |             0 |             0 |             0 |   16181233308 |             0 |             0 |             0 |             0 |             0 |             0 |             0 |             0 |             0 |             0 |             0 |             0 |             0 |             0 |             0 |             0 |             0 |             0 |             0 |             0 |             0 |             0 |             0 |             0 |             0 |             0 |             0 |             0 |             0 |             0 |             0 |             0 |             0 |             0 |             0 |             0 |             0 |             0 |             0 |             0 |             0 |             0 |             0 |             0 |             0 |             0 |             0 |
|      CAS_CMD_RD      |  UMC9C0 |   79121152032 |             0 |             0 |             0 |             0 |             0 |             0 |             0 |             0 |             0 |             0 |             0 |             0 |             0 |             0 |             0 |             0 |             0 |             0 |             0 |             0 |             0 |             0 |             0 |             0 |             0 |             0 |             0 |             0 |             0 |             0 |             0 |             0 |             0 |             0 |             0 |             0 |             0 |             0 |             0 |             0 |             0 |             0 |             0 |             0 |             0 |             0 |             0 |             0 |             0 |             0 |             0 |             0 |             0 |             0 |             0 |             0 |             0 |             0 |             0 |             0 |             0 |             0 |             0 |             0 |             0 |             0 |             0 |             0 |             0 |             0 |             0 |             0 |             0 |             0 |             0 |             0 |             0 |             0 |             0 |             0 |             0 |             0 |             0 |             0 |             0 |             0 |             0 |             0 |             0 |             0 |             0 |             0 |             0 |             0 |             0 |   34246356441 |             0 |             0 |             0 |             0 |             0 |             0 |             0 |             0 |             0 |             0 |             0 |             0 |             0 |             0 |             0 |             0 |             0 |             0 |             0 |             0 |             0 |             0 |             0 |             0 |             0 |             0 |             0 |             0 |             0 |             0 |             0 |             0 |             0 |             0 |             0 |             0 |             0 |             0 |             0 |             0 |             0 |             0 |             0 |             0 |             0 |             0 |             0 |
|      CAS_CMD_WR      |  UMC9C1 |   34110016585 |             0 |             0 |             0 |             0 |             0 |             0 |             0 |             0 |             0 |             0 |             0 |             0 |             0 |             0 |             0 |             0 |             0 |             0 |             0 |             0 |             0 |             0 |             0 |             0 |             0 |             0 |             0 |             0 |             0 |             0 |             0 |             0 |             0 |             0 |             0 |             0 |             0 |             0 |             0 |             0 |             0 |             0 |             0 |             0 |             0 |             0 |             0 |             0 |             0 |             0 |             0 |             0 |             0 |             0 |             0 |             0 |             0 |             0 |             0 |             0 |             0 |             0 |             0 |             0 |             0 |             0 |             0 |             0 |             0 |             0 |             0 |             0 |             0 |             0 |             0 |             0 |             0 |             0 |             0 |             0 |             0 |             0 |             0 |             0 |             0 |             0 |             0 |             0 |             0 |             0 |             0 |             0 |             0 |             0 |             0 |   16131767556 |             0 |             0 |             0 |             0 |             0 |             0 |             0 |             0 |             0 |             0 |             0 |             0 |             0 |             0 |             0 |             0 |             0 |             0 |             0 |             0 |             0 |             0 |             0 |             0 |             0 |             0 |             0 |             0 |             0 |             0 |             0 |             0 |             0 |             0 |             0 |             0 |             0 |             0 |             0 |             0 |             0 |             0 |             0 |             0 |             0 |             0 |             0 |
|      CAS_CMD_RD      | UMC10C0 |   79422012422 |             0 |             0 |             0 |             0 |             0 |             0 |             0 |             0 |             0 |             0 |             0 |             0 |             0 |             0 |             0 |             0 |             0 |             0 |             0 |             0 |             0 |             0 |             0 |             0 |             0 |             0 |             0 |             0 |             0 |             0 |             0 |             0 |             0 |             0 |             0 |             0 |             0 |             0 |             0 |             0 |             0 |             0 |             0 |             0 |             0 |             0 |             0 |             0 |             0 |             0 |             0 |             0 |             0 |             0 |             0 |             0 |             0 |             0 |             0 |             0 |             0 |             0 |             0 |             0 |             0 |             0 |             0 |             0 |             0 |             0 |             0 |             0 |             0 |             0 |             0 |             0 |             0 |             0 |             0 |             0 |             0 |             0 |             0 |             0 |             0 |             0 |             0 |             0 |             0 |             0 |             0 |             0 |             0 |             0 |             0 |   34251176312 |             0 |             0 |             0 |             0 |             0 |             0 |             0 |             0 |             0 |             0 |             0 |             0 |             0 |             0 |             0 |             0 |             0 |             0 |             0 |             0 |             0 |             0 |             0 |             0 |             0 |             0 |             0 |             0 |             0 |             0 |             0 |             0 |             0 |             0 |             0 |             0 |             0 |             0 |             0 |             0 |             0 |             0 |             0 |             0 |             0 |             0 |             0 |
|      CAS_CMD_WR      | UMC10C1 |   34155587868 |             0 |             0 |             0 |             0 |             0 |             0 |             0 |             0 |             0 |             0 |             0 |             0 |             0 |             0 |             0 |             0 |             0 |             0 |             0 |             0 |             0 |             0 |             0 |             0 |             0 |             0 |             0 |             0 |             0 |             0 |             0 |             0 |             0 |             0 |             0 |             0 |             0 |             0 |             0 |             0 |             0 |             0 |             0 |             0 |             0 |             0 |             0 |             0 |             0 |             0 |             0 |             0 |             0 |             0 |             0 |             0 |             0 |             0 |             0 |             0 |             0 |             0 |             0 |             0 |             0 |             0 |             0 |             0 |             0 |             0 |             0 |             0 |             0 |             0 |             0 |             0 |             0 |             0 |             0 |             0 |             0 |             0 |             0 |             0 |             0 |             0 |             0 |             0 |             0 |             0 |             0 |             0 |             0 |             0 |             0 |   16155888678 |             0 |             0 |             0 |             0 |             0 |             0 |             0 |             0 |             0 |             0 |             0 |             0 |             0 |             0 |             0 |             0 |             0 |             0 |             0 |             0 |             0 |             0 |             0 |             0 |             0 |             0 |             0 |             0 |             0 |             0 |             0 |             0 |             0 |             0 |             0 |             0 |             0 |             0 |             0 |             0 |             0 |             0 |             0 |             0 |             0 |             0 |             0 |
|      CAS_CMD_RD      | UMC11C0 |   79447016250 |             0 |             0 |             0 |             0 |             0 |             0 |             0 |             0 |             0 |             0 |             0 |             0 |             0 |             0 |             0 |             0 |             0 |             0 |             0 |             0 |             0 |             0 |             0 |             0 |             0 |             0 |             0 |             0 |             0 |             0 |             0 |             0 |             0 |             0 |             0 |             0 |             0 |             0 |             0 |             0 |             0 |             0 |             0 |             0 |             0 |             0 |             0 |             0 |             0 |             0 |             0 |             0 |             0 |             0 |             0 |             0 |             0 |             0 |             0 |             0 |             0 |             0 |             0 |             0 |             0 |             0 |             0 |             0 |             0 |             0 |             0 |             0 |             0 |             0 |             0 |             0 |             0 |             0 |             0 |             0 |             0 |             0 |             0 |             0 |             0 |             0 |             0 |             0 |             0 |             0 |             0 |             0 |             0 |             0 |             0 |   34252625269 |             0 |             0 |             0 |             0 |             0 |             0 |             0 |             0 |             0 |             0 |             0 |             0 |             0 |             0 |             0 |             0 |             0 |             0 |             0 |             0 |             0 |             0 |             0 |             0 |             0 |             0 |             0 |             0 |             0 |             0 |             0 |             0 |             0 |             0 |             0 |             0 |             0 |             0 |             0 |             0 |             0 |             0 |             0 |             0 |             0 |             0 |             0 |
|      CAS_CMD_WR      | UMC11C1 |   34166432011 |             0 |             0 |             0 |             0 |             0 |             0 |             0 |             0 |             0 |             0 |             0 |             0 |             0 |             0 |             0 |             0 |             0 |             0 |             0 |             0 |             0 |             0 |             0 |             0 |             0 |             0 |             0 |             0 |             0 |             0 |             0 |             0 |             0 |             0 |             0 |             0 |             0 |             0 |             0 |             0 |             0 |             0 |             0 |             0 |             0 |             0 |             0 |             0 |             0 |             0 |             0 |             0 |             0 |             0 |             0 |             0 |             0 |             0 |             0 |             0 |             0 |             0 |             0 |             0 |             0 |             0 |             0 |             0 |             0 |             0 |             0 |             0 |             0 |             0 |             0 |             0 |             0 |             0 |             0 |             0 |             0 |             0 |             0 |             0 |             0 |             0 |             0 |             0 |             0 |             0 |             0 |             0 |             0 |             0 |             0 |   16132360217 |             0 |             0 |             0 |             0 |             0 |             0 |             0 |             0 |             0 |             0 |             0 |             0 |             0 |             0 |             0 |             0 |             0 |             0 |             0 |             0 |             0 |             0 |             0 |             0 |             0 |             0 |             0 |             0 |             0 |             0 |             0 |             0 |             0 |             0 |             0 |             0 |             0 |             0 |             0 |             0 |             0 |             0 |             0 |             0 |             0 |             0 |             0 |
+----------------------+---------+---------------+---------------+---------------+---------------+---------------+---------------+---------------+---------------+---------------+---------------+---------------+---------------+---------------+---------------+---------------+---------------+---------------+---------------+---------------+---------------+---------------+---------------+---------------+---------------+---------------+---------------+---------------+---------------+---------------+---------------+---------------+---------------+---------------+---------------+---------------+---------------+---------------+---------------+---------------+---------------+---------------+---------------+---------------+---------------+---------------+---------------+---------------+---------------+---------------+---------------+---------------+---------------+---------------+---------------+---------------+---------------+---------------+---------------+---------------+---------------+---------------+---------------+---------------+---------------+---------------+---------------+---------------+---------------+---------------+---------------+---------------+---------------+---------------+---------------+---------------+---------------+---------------+---------------+---------------+---------------+---------------+---------------+---------------+---------------+---------------+---------------+---------------+---------------+---------------+---------------+---------------+---------------+---------------+---------------+---------------+---------------+---------------+---------------+---------------+---------------+---------------+---------------+---------------+---------------+---------------+---------------+---------------+---------------+---------------+---------------+---------------+---------------+---------------+---------------+---------------+---------------+---------------+---------------+---------------+---------------+---------------+---------------+---------------+---------------+---------------+---------------+---------------+---------------+---------------+---------------+---------------+---------------+---------------+---------------+---------------+---------------+---------------+---------------+---------------+---------------+---------------+---------------+---------------+---------------+

+---------------------------+---------+-----------------+---------------+---------------+--------------+
|           Event           | Counter |       Sum       |      Min      |      Max      |      Avg     |
+---------------------------+---------+-----------------+---------------+---------------+--------------+
|   ACTUAL_CPU_CLOCK STAT   |  FIXC1  | 632665009221547 | 3262283692232 | 5393261832020 |      nil     |
|     MAX_CPU_CLOCK STAT    |  FIXC2  | 446824899207466 | 2318353695008 | 3791231176382 | 3.102951e+12 |
| RETIRED_INSTRUCTIONS STAT |   PMC0  | 101867216131676 |  568163713873 | 1311406917175 | 7.074112e+11 |
|  CPU_CLOCKS_UNHALTED STAT |   PMC1  | 579675229058904 | 3078469678626 | 4734122900380 | 4.025522e+12 |
|      CAS_CMD_RD STAT      |  UMC0C0 |    113549750067 |             0 |   79286553940 | 7.885399e+08 |
|      CAS_CMD_WR STAT      |  UMC0C1 |     50160388591 |             0 |   34026953574 | 3.483360e+08 |
|      CAS_CMD_RD STAT      |  UMC1C0 |    113597034369 |             0 |   79300806996 | 7.888683e+08 |
|      CAS_CMD_WR STAT      |  UMC1C1 |     50162530943 |             0 |   33994249123 | 3.483509e+08 |
|      CAS_CMD_RD STAT      |  UMC2C0 |    113326878430 |             0 |   79040691671 | 7.869922e+08 |
|      CAS_CMD_WR STAT      |  UMC2C1 |     50222613402 |             0 |   34055876625 | 3.487681e+08 |
|      CAS_CMD_RD STAT      |  UMC3C0 |    113756981582 |             0 |   79564980117 | 7.899790e+08 |
|      CAS_CMD_WR STAT      |  UMC3C1 |     50168105335 |             0 |   34059274148 | 3.483896e+08 |
|      CAS_CMD_RD STAT      |  UMC4C0 |    114012095958 |             0 |   79641079509 | 7.917507e+08 |
|      CAS_CMD_WR STAT      |  UMC4C1 |     50260996493 |             0 |   34048825703 | 3.490347e+08 |
|      CAS_CMD_RD STAT      |  UMC5C0 |    113331024445 |             0 |   79166565669 | 7.870210e+08 |
|      CAS_CMD_WR STAT      |  UMC5C1 |     50176460810 |             0 |   34053669739 | 3.484476e+08 |
|      CAS_CMD_RD STAT      |  UMC6C0 |    114458410296 |             0 |   80145212058 | 7.948501e+08 |
|      CAS_CMD_WR STAT      |  UMC6C1 |     50233711975 |             0 |   34076691063 | 3.488452e+08 |
|      CAS_CMD_RD STAT      |  UMC7C0 |    114658310670 |             0 |   80447560100 | 7.962383e+08 |
|      CAS_CMD_WR STAT      |  UMC7C1 |     50256971732 |             0 |   34119655378 | 3.490067e+08 |
|      CAS_CMD_RD STAT      |  UMC8C0 |    114383579656 |             0 |   80077496031 | 7.943304e+08 |
|      CAS_CMD_WR STAT      |  UMC8C1 |     50253884932 |             0 |   34072651624 | 3.489853e+08 |
|      CAS_CMD_RD STAT      |  UMC9C0 |    113367508473 |             0 |   79121152032 | 7.872744e+08 |
|      CAS_CMD_WR STAT      |  UMC9C1 |     50241784141 |             0 |   34110016585 | 3.489013e+08 |
|      CAS_CMD_RD STAT      | UMC10C0 |    113673188734 |             0 |   79422012422 | 7.893971e+08 |
|      CAS_CMD_WR STAT      | UMC10C1 |     50311476546 |             0 |   34155587868 | 3.493853e+08 |
|      CAS_CMD_RD STAT      | UMC11C0 |    113699641519 |             0 |   79447016250 | 7.895808e+08 |
|      CAS_CMD_WR STAT      | UMC11C1 |     50298792228 |             0 |   34166432011 | 3.492972e+08 |
+---------------------------+---------+-----------------+---------------+---------------+--------------+

+-----------------------------------+------------+------------+------------+------------+------------+------------+------------+------------+------------+------------+-------------+-------------+-------------+-------------+-------------+-------------+-------------+-------------+-------------+-------------+-------------+-------------+-------------+-------------+-------------+-------------+-------------+-------------+-------------+-------------+-------------+-------------+-------------+-------------+-------------+-------------+-------------+-------------+-------------+-------------+-------------+-------------+-------------+-------------+-------------+-------------+-------------+-------------+-------------+-------------+-------------+-------------+-------------+-------------+-------------+-------------+-------------+-------------+-------------+-------------+-------------+-------------+-------------+-------------+-------------+-------------+-------------+-------------+-------------+-------------+-------------+-------------+-------------+-------------+-------------+-------------+-------------+-------------+-------------+-------------+-------------+-------------+-------------+-------------+-------------+-------------+-------------+-------------+-------------+-------------+-------------+-------------+-------------+-------------+-------------+-------------+-------------+-------------+-------------+-------------+--------------+--------------+--------------+--------------+--------------+--------------+--------------+--------------+--------------+--------------+--------------+--------------+--------------+--------------+--------------+--------------+--------------+--------------+--------------+--------------+--------------+--------------+--------------+--------------+--------------+--------------+--------------+--------------+--------------+--------------+--------------+--------------+--------------+--------------+--------------+--------------+--------------+--------------+--------------+--------------+--------------+--------------+--------------+--------------+
|               Metric              | HWThread 0 | HWThread 1 | HWThread 2 | HWThread 3 | HWThread 4 | HWThread 5 | HWThread 6 | HWThread 7 | HWThread 8 | HWThread 9 | HWThread 10 | HWThread 11 | HWThread 12 | HWThread 13 | HWThread 14 | HWThread 15 | HWThread 16 | HWThread 17 | HWThread 18 | HWThread 19 | HWThread 20 | HWThread 21 | HWThread 22 | HWThread 23 | HWThread 24 | HWThread 25 | HWThread 26 | HWThread 27 | HWThread 28 | HWThread 29 | HWThread 30 | HWThread 31 | HWThread 32 | HWThread 33 | HWThread 34 | HWThread 35 | HWThread 36 | HWThread 37 | HWThread 38 | HWThread 39 | HWThread 40 | HWThread 41 | HWThread 42 | HWThread 43 | HWThread 44 | HWThread 45 | HWThread 46 | HWThread 47 | HWThread 48 | HWThread 49 | HWThread 50 | HWThread 51 | HWThread 52 | HWThread 53 | HWThread 54 | HWThread 55 | HWThread 56 | HWThread 57 | HWThread 58 | HWThread 59 | HWThread 60 | HWThread 61 | HWThread 62 | HWThread 63 | HWThread 64 | HWThread 65 | HWThread 66 | HWThread 67 | HWThread 68 | HWThread 69 | HWThread 70 | HWThread 71 | HWThread 72 | HWThread 73 | HWThread 74 | HWThread 75 | HWThread 76 | HWThread 77 | HWThread 78 | HWThread 79 | HWThread 80 | HWThread 81 | HWThread 82 | HWThread 83 | HWThread 84 | HWThread 85 | HWThread 86 | HWThread 87 | HWThread 88 | HWThread 89 | HWThread 90 | HWThread 91 | HWThread 92 | HWThread 93 | HWThread 94 | HWThread 95 | HWThread 96 | HWThread 97 | HWThread 98 | HWThread 99 | HWThread 100 | HWThread 101 | HWThread 102 | HWThread 103 | HWThread 104 | HWThread 105 | HWThread 106 | HWThread 107 | HWThread 108 | HWThread 109 | HWThread 110 | HWThread 111 | HWThread 112 | HWThread 113 | HWThread 114 | HWThread 115 | HWThread 116 | HWThread 117 | HWThread 118 | HWThread 119 | HWThread 120 | HWThread 121 | HWThread 122 | HWThread 123 | HWThread 124 | HWThread 125 | HWThread 126 | HWThread 127 | HWThread 128 | HWThread 129 | HWThread 130 | HWThread 131 | HWThread 132 | HWThread 133 | HWThread 134 | HWThread 135 | HWThread 136 | HWThread 137 | HWThread 138 | HWThread 139 | HWThread 140 | HWThread 141 | HWThread 142 | HWThread 143 |
+-----------------------------------+------------+------------+------------+------------+------------+------------+------------+------------+------------+------------+-------------+-------------+-------------+-------------+-------------+-------------+-------------+-------------+-------------+-------------+-------------+-------------+-------------+-------------+-------------+-------------+-------------+-------------+-------------+-------------+-------------+-------------+-------------+-------------+-------------+-------------+-------------+-------------+-------------+-------------+-------------+-------------+-------------+-------------+-------------+-------------+-------------+-------------+-------------+-------------+-------------+-------------+-------------+-------------+-------------+-------------+-------------+-------------+-------------+-------------+-------------+-------------+-------------+-------------+-------------+-------------+-------------+-------------+-------------+-------------+-------------+-------------+-------------+-------------+-------------+-------------+-------------+-------------+-------------+-------------+-------------+-------------+-------------+-------------+-------------+-------------+-------------+-------------+-------------+-------------+-------------+-------------+-------------+-------------+-------------+-------------+-------------+-------------+-------------+-------------+--------------+--------------+--------------+--------------+--------------+--------------+--------------+--------------+--------------+--------------+--------------+--------------+--------------+--------------+--------------+--------------+--------------+--------------+--------------+--------------+--------------+--------------+--------------+--------------+--------------+--------------+--------------+--------------+--------------+--------------+--------------+--------------+--------------+--------------+--------------+--------------+--------------+--------------+--------------+--------------+--------------+--------------+--------------+--------------+
|        Runtime (RDTSC) [s]        |  1459.5749 |  1459.5749 |  1459.5749 |  1459.5749 |  1459.5749 |  1459.5749 |  1459.5749 |  1459.5749 |  1459.5749 |  1459.5749 |   1459.5749 |   1459.5749 |   1459.5749 |   1459.5749 |   1459.5749 |   1459.5749 |   1459.5749 |   1459.5749 |   1459.5749 |   1459.5749 |   1459.5749 |   1459.5749 |   1459.5749 |   1459.5749 |   1459.5749 |   1459.5749 |   1459.5749 |   1459.5749 |   1459.5749 |   1459.5749 |   1459.5749 |   1459.5749 |   1459.5749 |   1459.5749 |   1459.5749 |   1459.5749 |   1459.5749 |   1459.5749 |   1459.5749 |   1459.5749 |   1459.5749 |   1459.5749 |   1459.5749 |   1459.5749 |   1459.5749 |   1459.5749 |   1459.5749 |   1459.5749 |   1459.5749 |   1459.5749 |   1459.5749 |   1459.5749 |   1459.5749 |   1459.5749 |   1459.5749 |   1459.5749 |   1459.5749 |   1459.5749 |   1459.5749 |   1459.5749 |   1459.5749 |   1459.5749 |   1459.5749 |   1459.5749 |   1459.5749 |   1459.5749 |   1459.5749 |   1459.5749 |   1459.5749 |   1459.5749 |   1459.5749 |   1459.5749 |   1459.5749 |   1459.5749 |   1459.5749 |   1459.5749 |   1459.5749 |   1459.5749 |   1459.5749 |   1459.5749 |   1459.5749 |   1459.5749 |   1459.5749 |   1459.5749 |   1459.5749 |   1459.5749 |   1459.5749 |   1459.5749 |   1459.5749 |   1459.5749 |   1459.5749 |   1459.5749 |   1459.5749 |   1459.5749 |   1459.5749 |   1459.5749 |   1459.5749 |   1459.5749 |   1459.5749 |   1459.5749 |    1459.5749 |    1459.5749 |    1459.5749 |    1459.5749 |    1459.5749 |    1459.5749 |    1459.5749 |    1459.5749 |    1459.5749 |    1459.5749 |    1459.5749 |    1459.5749 |    1459.5749 |    1459.5749 |    1459.5749 |    1459.5749 |    1459.5749 |    1459.5749 |    1459.5749 |    1459.5749 |    1459.5749 |    1459.5749 |    1459.5749 |    1459.5749 |    1459.5749 |    1459.5749 |    1459.5749 |    1459.5749 |    1459.5749 |    1459.5749 |    1459.5749 |    1459.5749 |    1459.5749 |    1459.5749 |    1459.5749 |    1459.5749 |    1459.5749 |    1459.5749 |    1459.5749 |    1459.5749 |    1459.5749 |    1459.5749 |    1459.5749 |    1459.5749 |
|        Runtime unhalted [s]       |  2074.3345 |  1836.4483 |  1833.4898 |  1832.0930 |  1832.3379 |  1834.4356 |  1834.5611 |  1834.3754 |  1703.5528 |  1660.6498 |   1563.2026 |   1623.7569 |   1598.2599 |   1580.3695 |   1638.9348 |   1624.5316 |   1830.7372 |   1829.6094 |   1829.8611 |   1829.5557 |   1831.3498 |   1831.3140 |   1825.8131 |   1829.8571 |   1828.2197 |   1826.7054 |   1828.0170 |   1828.3319 |   1825.8542 |   1825.8880 |   1824.9810 |   1831.2374 |   1820.7165 |   1807.7310 |   1808.6837 |   1818.1425 |   1817.8391 |   1809.1359 |   1813.1266 |   1816.8926 |   1831.5879 |   1825.0549 |   1831.3335 |   1823.3150 |   1809.1434 |   1809.7584 |   1818.3805 |   1812.8766 |   1309.3800 |   1298.0295 |   1282.1959 |   1284.8803 |   1328.1929 |   1329.2396 |   1366.0948 |   1358.4175 |   1257.0778 |   1255.2787 |   1254.7264 |   1271.8895 |   1274.4538 |   1270.4197 |   1320.9998 |   1321.3684 |   1321.4414 |   1323.8601 |   1317.2143 |   1325.9472 |   1326.7473 |   1326.6817 |   1367.5309 |   1363.9817 |   1677.3823 |   1680.8504 |   1669.6577 |   1676.9883 |   1678.6432 |   1679.1615 |   1695.6798 |   1705.5798 |   1596.4616 |   1585.9692 |   1594.6672 |   1601.1245 |   1597.0780 |   1601.2361 |   1633.3126 |   1631.7531 |   1613.3769 |   1602.2436 |   1595.4109 |   1611.0313 |   1606.4992 |   1610.3379 |   1641.0117 |   1651.3777 |   1793.8476 |   1782.8058 |   1787.1424 |   1784.8724 |    1789.1156 |    1752.7077 |    1796.8894 |    1796.1522 |    1680.2119 |    1719.6862 |    1747.3773 |    1733.1785 |    1734.1775 |    1749.6896 |    1767.1424 |    1781.5651 |    1822.2951 |    1824.6813 |    1818.2932 |    1822.7808 |    1825.4394 |    1819.2447 |    1820.0029 |    1822.9602 |    1820.4043 |    1818.6200 |    1818.6215 |    1817.9754 |    1817.9048 |    1817.9385 |    1817.9323 |    1821.0325 |    1822.1728 |    1820.6895 |    1820.9609 |    1819.4099 |    1822.0282 |    1818.6306 |    1819.2671 |    1818.3346 |    1821.7926 |    1821.1322 |    1818.0346 |    1818.0202 |    1817.9695 |    1812.1879 |    1812.1099 |    1798.3596 |
|            Clock [MHz]            |  3698.6560 |  3668.3928 |  3682.0212 |  3683.4409 |  3683.2189 |  3681.6403 |  3681.5539 |  3681.6650 |  3662.5545 |  3647.4312 |   3610.0598 |   3626.6977 |   3625.7696 |   3609.8897 |   3628.5233 |   3622.8715 |   3681.8993 |   3684.3498 |   3683.0745 |   3684.5831 |   3683.0614 |   3682.7741 |   3688.3916 |   3685.0752 |   3686.4235 |   3687.6417 |   3686.6581 |   3686.8724 |   3688.5580 |   3688.4493 |   3689.6961 |   3683.8865 |   3680.4849 |   3676.7415 |   3678.8363 |   3686.7766 |   3679.9149 |   3688.7654 |   3686.2804 |   3690.1123 |   3681.9248 |   3689.0185 |   3682.4712 |   3685.3668 |   3683.7757 |   3678.1027 |   3680.3312 |   3687.0890 |   3660.4712 |   3669.9369 |   3670.2141 |   3667.0634 |   3681.0585 |   3681.9704 |   3685.5714 |   3681.7237 |   3655.3199 |   3656.5733 |   3658.5984 |   3660.8128 |   3675.9060 |   3674.0488 |   3675.0374 |   3675.2118 |   3687.8234 |   3687.5327 |   3692.4354 |   3692.9783 |   3692.7210 |   3689.2166 |   3687.8478 |   3688.6873 |   3683.1385 |   3684.1034 |   3685.4310 |   3689.2412 |   3684.4694 |   3687.0148 |   3691.2195 |   3688.9242 |   3681.1766 |   3687.0899 |   3679.0457 |   3683.9064 |   3686.0754 |   3687.0398 |   3685.0040 |   3689.7898 |   3678.3359 |   3691.2176 |   3689.2419 |   3686.1816 |   3689.9601 |   3691.0602 |   3683.9589 |   3687.2082 |   3680.5320 |   3677.7580 |   3679.6234 |   3681.2822 |    3680.4485 |    3663.3227 |    3683.9789 |    3682.5171 |    3633.2443 |    3654.2539 |    3663.3867 |    3660.5640 |    3658.8876 |    3667.0683 |    3673.4620 |    3680.9657 |    3691.6012 |    3689.1470 |    3695.1110 |    3690.5594 |    3689.0420 |    3695.1115 |    3694.6221 |    3691.7287 |    3694.2725 |    3696.1715 |    3695.9156 |    3696.7075 |    3696.7048 |    3696.6926 |    3696.6868 |    3694.0343 |    3688.9782 |    3690.5275 |    3692.5554 |    3692.8455 |    3689.6915 |    3693.6274 |    3694.0538 |    3694.4542 |    3693.5370 |    3693.8475 |    3696.7497 |    3696.6657 |    3696.6562 |    3694.7461 |    3695.0237 |    3695.5922 |
|                CPI                |     3.6100 |     6.0877 |     6.0767 |     6.0769 |     6.0857 |     6.0986 |     6.0942 |     6.1006 |     5.4585 |     5.3175 |      5.0208 |      5.2175 |      5.1358 |      5.0882 |      5.2710 |      5.2206 |      6.0088 |      6.0349 |      6.0197 |      6.0385 |      6.0262 |      6.0333 |      6.0511 |      6.0516 |      6.0808 |      6.0666 |      6.0920 |      6.0996 |      6.0930 |      6.0788 |      6.1097 |      6.0949 |      5.8742 |      5.8097 |      5.8125 |      5.9020 |      5.8507 |      5.8549 |      5.8713 |      5.9176 |      6.0462 |      6.0526 |      6.0640 |      6.0442 |      6.0075 |      5.9891 |      6.0304 |      6.0385 |      4.3648 |      4.3691 |      4.3346 |      4.3325 |      4.4687 |      4.4703 |      4.5798 |      4.5551 |      4.0847 |      4.0827 |      4.0838 |      4.1375 |      4.1602 |      4.1469 |      4.2861 |      4.2940 |      4.4663 |      4.4765 |      4.4681 |      4.4922 |      4.4960 |      4.4872 |      4.5974 |      4.5877 |      5.5021 |      5.5093 |      5.4890 |      5.5163 |      5.5053 |      5.5109 |      5.5686 |      5.5928 |      5.0588 |      5.0338 |      5.0493 |      5.0730 |      5.0829 |      5.0778 |      5.1600 |      5.2098 |      5.2721 |      5.2618 |      5.2446 |      5.2783 |      5.2755 |      5.2909 |      5.3620 |      5.4027 |      6.4530 |      6.4070 |      6.4534 |      6.4432 |       6.4408 |       6.2920 |       6.4800 |       6.4553 |       5.8655 |       6.0177 |       6.1074 |       6.0866 |       6.0599 |       6.1437 |       6.1967 |       6.2632 |       6.5741 |       6.5627 |       6.5671 |       6.5678 |       6.5932 |       6.5983 |       6.5990 |       6.6082 |       6.7179 |       6.7452 |       6.7376 |       6.7492 |       6.7403 |       6.7439 |       6.7563 |       6.7675 |       6.4133 |       6.4098 |       6.4756 |       6.4339 |       6.4429 |       6.4526 |       6.4613 |       6.4767 |       6.7388 |       6.7257 |       6.7394 |       6.7388 |       6.8786 |       6.9792 |       7.3915 |       7.5689 |
|  Memory read bandwidth [MBytes/s] | 41860.3472 |          0 |          0 |          0 |          0 |          0 |          0 |          0 |          0 |          0 |           0 |           0 |           0 |           0 |           0 |           0 |           0 |           0 |           0 |           0 |           0 |           0 |           0 |           0 |           0 |           0 |           0 |           0 |           0 |           0 |           0 |           0 |           0 |           0 |           0 |           0 |           0 |           0 |           0 |           0 |           0 |           0 |           0 |           0 |           0 |           0 |           0 |           0 |           0 |           0 |           0 |           0 |           0 |           0 |           0 |           0 |           0 |           0 |           0 |           0 |           0 |           0 |           0 |           0 |           0 |           0 |           0 |           0 |           0 |           0 |           0 |           0 |           0 |           0 |           0 |           0 |           0 |           0 |           0 |           0 |           0 |           0 |           0 |           0 |           0 |           0 |           0 |           0 |           0 |           0 |           0 |           0 |           0 |           0 |           0 |           0 |  18028.4066 |           0 |           0 |           0 |            0 |            0 |            0 |            0 |            0 |            0 |            0 |            0 |            0 |            0 |            0 |            0 |            0 |            0 |            0 |            0 |            0 |            0 |            0 |            0 |            0 |            0 |            0 |            0 |            0 |            0 |            0 |            0 |            0 |            0 |            0 |            0 |            0 |            0 |            0 |            0 |            0 |            0 |            0 |            0 |            0 |            0 |            0 |            0 |
|  Memory read data volume [GBytes] | 61098.3121 |          0 |          0 |          0 |          0 |          0 |          0 |          0 |          0 |          0 |           0 |           0 |           0 |           0 |           0 |           0 |           0 |           0 |           0 |           0 |           0 |           0 |           0 |           0 |           0 |           0 |           0 |           0 |           0 |           0 |           0 |           0 |           0 |           0 |           0 |           0 |           0 |           0 |           0 |           0 |           0 |           0 |           0 |           0 |           0 |           0 |           0 |           0 |           0 |           0 |           0 |           0 |           0 |           0 |           0 |           0 |           0 |           0 |           0 |           0 |           0 |           0 |           0 |           0 |           0 |           0 |           0 |           0 |           0 |           0 |           0 |           0 |           0 |           0 |           0 |           0 |           0 |           0 |           0 |           0 |           0 |           0 |           0 |           0 |           0 |           0 |           0 |           0 |           0 |           0 |           0 |           0 |           0 |           0 |           0 |           0 |  26313.8098 |           0 |           0 |           0 |            0 |            0 |            0 |            0 |            0 |            0 |            0 |            0 |            0 |            0 |            0 |            0 |            0 |            0 |            0 |            0 |            0 |            0 |            0 |            0 |            0 |            0 |            0 |            0 |            0 |            0 |            0 |            0 |            0 |            0 |            0 |            0 |            0 |            0 |            0 |            0 |            0 |            0 |            0 |            0 |            0 |            0 |            0 |            0 |
| Memory write bandwidth [MBytes/s] | 17931.3528 |          0 |          0 |          0 |          0 |          0 |          0 |          0 |          0 |          0 |           0 |           0 |           0 |           0 |           0 |           0 |           0 |           0 |           0 |           0 |           0 |           0 |           0 |           0 |           0 |           0 |           0 |           0 |           0 |           0 |           0 |           0 |           0 |           0 |           0 |           0 |           0 |           0 |           0 |           0 |           0 |           0 |           0 |           0 |           0 |           0 |           0 |           0 |           0 |           0 |           0 |           0 |           0 |           0 |           0 |           0 |           0 |           0 |           0 |           0 |           0 |           0 |           0 |           0 |           0 |           0 |           0 |           0 |           0 |           0 |           0 |           0 |           0 |           0 |           0 |           0 |           0 |           0 |           0 |           0 |           0 |           0 |           0 |           0 |           0 |           0 |           0 |           0 |           0 |           0 |           0 |           0 |           0 |           0 |           0 |           0 |   8498.1602 |           0 |           0 |           0 |            0 |            0 |            0 |            0 |            0 |            0 |            0 |            0 |            0 |            0 |            0 |            0 |            0 |            0 |            0 |            0 |            0 |            0 |            0 |            0 |            0 |            0 |            0 |            0 |            0 |            0 |            0 |            0 |            0 |            0 |            0 |            0 |            0 |            0 |            0 |            0 |            0 |            0 |            0 |            0 |            0 |            0 |            0 |            0 |
| Memory write data volume [GBytes] | 26172.1525 |          0 |          0 |          0 |          0 |          0 |          0 |          0 |          0 |          0 |           0 |           0 |           0 |           0 |           0 |           0 |           0 |           0 |           0 |           0 |           0 |           0 |           0 |           0 |           0 |           0 |           0 |           0 |           0 |           0 |           0 |           0 |           0 |           0 |           0 |           0 |           0 |           0 |           0 |           0 |           0 |           0 |           0 |           0 |           0 |           0 |           0 |           0 |           0 |           0 |           0 |           0 |           0 |           0 |           0 |           0 |           0 |           0 |           0 |           0 |           0 |           0 |           0 |           0 |           0 |           0 |           0 |           0 |           0 |           0 |           0 |           0 |           0 |           0 |           0 |           0 |           0 |           0 |           0 |           0 |           0 |           0 |           0 |           0 |           0 |           0 |           0 |           0 |           0 |           0 |           0 |           0 |           0 |           0 |           0 |           0 |  12403.7014 |           0 |           0 |           0 |            0 |            0 |            0 |            0 |            0 |            0 |            0 |            0 |            0 |            0 |            0 |            0 |            0 |            0 |            0 |            0 |            0 |            0 |            0 |            0 |            0 |            0 |            0 |            0 |            0 |            0 |            0 |            0 |            0 |            0 |            0 |            0 |            0 |            0 |            0 |            0 |            0 |            0 |            0 |            0 |            0 |            0 |            0 |            0 |
|    Memory bandwidth [MBytes/s]    | 59791.7000 |          0 |          0 |          0 |          0 |          0 |          0 |          0 |          0 |          0 |           0 |           0 |           0 |           0 |           0 |           0 |           0 |           0 |           0 |           0 |           0 |           0 |           0 |           0 |           0 |           0 |           0 |           0 |           0 |           0 |           0 |           0 |           0 |           0 |           0 |           0 |           0 |           0 |           0 |           0 |           0 |           0 |           0 |           0 |           0 |           0 |           0 |           0 |           0 |           0 |           0 |           0 |           0 |           0 |           0 |           0 |           0 |           0 |           0 |           0 |           0 |           0 |           0 |           0 |           0 |           0 |           0 |           0 |           0 |           0 |           0 |           0 |           0 |           0 |           0 |           0 |           0 |           0 |           0 |           0 |           0 |           0 |           0 |           0 |           0 |           0 |           0 |           0 |           0 |           0 |           0 |           0 |           0 |           0 |           0 |           0 |  26526.5668 |           0 |           0 |           0 |            0 |            0 |            0 |            0 |            0 |            0 |            0 |            0 |            0 |            0 |            0 |            0 |            0 |            0 |            0 |            0 |            0 |            0 |            0 |            0 |            0 |            0 |            0 |            0 |            0 |            0 |            0 |            0 |            0 |            0 |            0 |            0 |            0 |            0 |            0 |            0 |            0 |            0 |            0 |            0 |            0 |            0 |            0 |            0 |
|    Memory data volume [GBytes]    | 87270.4647 |          0 |          0 |          0 |          0 |          0 |          0 |          0 |          0 |          0 |           0 |           0 |           0 |           0 |           0 |           0 |           0 |           0 |           0 |           0 |           0 |           0 |           0 |           0 |           0 |           0 |           0 |           0 |           0 |           0 |           0 |           0 |           0 |           0 |           0 |           0 |           0 |           0 |           0 |           0 |           0 |           0 |           0 |           0 |           0 |           0 |           0 |           0 |           0 |           0 |           0 |           0 |           0 |           0 |           0 |           0 |           0 |           0 |           0 |           0 |           0 |           0 |           0 |           0 |           0 |           0 |           0 |           0 |           0 |           0 |           0 |           0 |           0 |           0 |           0 |           0 |           0 |           0 |           0 |           0 |           0 |           0 |           0 |           0 |           0 |           0 |           0 |           0 |           0 |           0 |           0 |           0 |           0 |           0 |           0 |           0 |  38717.5111 |           0 |           0 |           0 |            0 |            0 |            0 |            0 |            0 |            0 |            0 |            0 |            0 |            0 |            0 |            0 |            0 |            0 |            0 |            0 |            0 |            0 |            0 |            0 |            0 |            0 |            0 |            0 |            0 |            0 |            0 |            0 |            0 |            0 |            0 |            0 |            0 |            0 |            0 |            0 |            0 |            0 |            0 |            0 |            0 |            0 |            0 |            0 |
+-----------------------------------+------------+------------+------------+------------+------------+------------+------------+------------+------------+------------+-------------+-------------+-------------+-------------+-------------+-------------+-------------+-------------+-------------+-------------+-------------+-------------+-------------+-------------+-------------+-------------+-------------+-------------+-------------+-------------+-------------+-------------+-------------+-------------+-------------+-------------+-------------+-------------+-------------+-------------+-------------+-------------+-------------+-------------+-------------+-------------+-------------+-------------+-------------+-------------+-------------+-------------+-------------+-------------+-------------+-------------+-------------+-------------+-------------+-------------+-------------+-------------+-------------+-------------+-------------+-------------+-------------+-------------+-------------+-------------+-------------+-------------+-------------+-------------+-------------+-------------+-------------+-------------+-------------+-------------+-------------+-------------+-------------+-------------+-------------+-------------+-------------+-------------+-------------+-------------+-------------+-------------+-------------+-------------+-------------+-------------+-------------+-------------+-------------+-------------+--------------+--------------+--------------+--------------+--------------+--------------+--------------+--------------+--------------+--------------+--------------+--------------+--------------+--------------+--------------+--------------+--------------+--------------+--------------+--------------+--------------+--------------+--------------+--------------+--------------+--------------+--------------+--------------+--------------+--------------+--------------+--------------+--------------+--------------+--------------+--------------+--------------+--------------+--------------+--------------+--------------+--------------+--------------+--------------+

+----------------------------------------+-------------+-----------+------------+-----------+
|                 Metric                 |     Sum     |    Min    |     Max    |    Avg    |
+----------------------------------------+-------------+-----------+------------+-----------+
|        Runtime (RDTSC) [s] STAT        | 210178.7856 | 1459.5749 |  1459.5749 | 1459.5749 |
|        Runtime unhalted [s] STAT       | 243333.0559 | 1254.7264 |  2074.3345 | 1689.8129 |
|            Clock [MHz] STAT            | 530045.3230 | 3609.8897 |  3698.6560 | 3680.8703 |
|                CPI STAT                |    826.3757 |    3.6100 |     7.5689 |    5.7387 |
|  Memory read bandwidth [MBytes/s] STAT |  59888.7538 |         0 | 41860.3472 |  415.8941 |
|  Memory read data volume [GBytes] STAT |  87412.1219 |         0 | 61098.3121 |  607.0286 |
| Memory write bandwidth [MBytes/s] STAT |  26429.5130 |         0 | 17931.3528 |  183.5383 |
| Memory write data volume [GBytes] STAT |  38575.8539 |         0 | 26172.1525 |  267.8879 |
|    Memory bandwidth [MBytes/s] STAT    |  86318.2668 |         0 | 59791.7000 |  599.4324 |
|    Memory data volume [GBytes] STAT    | 125987.9758 |         0 | 87270.4647 |  874.9165 |
+----------------------------------------+-------------+-----------+------------+-----------+

