INFO: You are running LIKWID in a cpuset with 160 CPUs. Taking given IDs as logical ID in cpuset
--------------------------------------------------------------------------------
CPU name:	AMD EPYC 9A14 96-Core Processor                
CPU type:	AMD K19 (Zen4) architecture
CPU clock:	2.60 GHz
--------------------------------------------------------------------------------
Use symmetry. Molecule point group: Dooh
Norb: 18   Ne: (8, 8)
Running RHF...
SCF not converged.
SCF energy = -149.45320229689
Running FCI ...
Guessing CI wfn symmetry = 0
Num symmetry allowed elements 239373732
tol 1e-10  toloose 1e-05
max_cycle 100  max_space 12  max_memory 746671  incore True
    CPU time for contract_2e  12878.34 sec, wall time     89.83 sec
davidson 0 1  |r|= 0.965  e= [-177.41918315]  max|de|= -177  lindep=    1
    CPU time for contract_2e  12713.12 sec, wall time     90.42 sec
davidson 1 2  |r|= 0.477  e= [-177.66345341]  max|de|= -0.244  lindep= 0.976
    CPU time for contract_2e  12531.25 sec, wall time     90.12 sec
davidson 2 3  |r|= 0.189  e= [-177.71009544]  max|de|= -0.0466  lindep= 0.997
    CPU time for contract_2e  12502.05 sec, wall time     90.87 sec
davidson 3 4  |r|= 0.0734  e= [-177.71605069]  max|de|= -0.00596  lindep= 0.98
    CPU time for contract_2e  12743.56 sec, wall time     94.13 sec
davidson 4 5  |r|= 0.0317  e= [-177.71693538]  max|de|= -0.000885  lindep= 0.96
    CPU time for contract_2e  12660.83 sec, wall time     94.66 sec
davidson 5 6  |r|= 0.0142  e= [-177.71710364]  max|de|= -0.000168  lindep= 0.93
    CPU time for contract_2e  12544.13 sec, wall time     93.77 sec
davidson 6 7  |r|= 0.00606  e= [-177.71713434]  max|de|= -3.07e-05  lindep= 0.918
    CPU time for contract_2e  12470.51 sec, wall time     94.11 sec
davidson 7 8  |r|= 0.00244  e= [-177.71713934]  max|de|= -5e-06  lindep= 0.932
    CPU time for contract_2e  12408.94 sec, wall time     94.62 sec
davidson 8 9  |r|= 0.000953  e= [-177.71714013]  max|de|= -7.84e-07  lindep= 0.926
    CPU time for contract_2e  12615.20 sec, wall time     96.83 sec
davidson 9 10  |r|= 0.000379  e= [-177.71714025]  max|de|= -1.21e-07  lindep= 0.919
    CPU time for contract_2e  12510.47 sec, wall time     97.11 sec
davidson 10 11  |r|= 0.000155  e= [-177.71714027]  max|de|= -1.73e-08  lindep= 0.942
    CPU time for contract_2e  12664.23 sec, wall time     98.70 sec
davidson 11 12  |r|= 6.24e-05  e= [-177.71714027]  max|de|= -2.81e-09  lindep= 0.939
    CPU time for contract_2e  12694.76 sec, wall time    100.24 sec
davidson 12 1  |r|= 6.24e-05  e= [-177.71714027]  max|de|= 1.28e-11  lindep=    1
    CPU time for contract_2e  12586.62 sec, wall time     89.42 sec
davidson 13 2  |r|= 2.68e-05  e= [-177.71714027]  max|de|= -3.93e-10  lindep= 0.988
    CPU time for contract_2e  12628.51 sec, wall time     90.67 sec
davidson 14 3  |r|= 1.29e-05  e= [-177.71714027]  max|de|= -1.22e-10  lindep= 0.879
    CPU time for contract_2e  12603.04 sec, wall time     91.47 sec
root 0 converged  |r|= 5.47e-06  e= -177.71714027031769  max|de|= -2.3e-11
converged 15 4  |r|= 5.47e-06  e= [-177.71714027]  max|de|= -2.3e-11
--------------------------------------------------------------------------------
Group 1: MEM
+----------------------+---------+---------------+---------------+---------------+---------------+---------------+---------------+---------------+---------------+---------------+---------------+---------------+---------------+---------------+---------------+---------------+---------------+---------------+---------------+---------------+---------------+---------------+---------------+---------------+---------------+---------------+---------------+---------------+---------------+---------------+---------------+---------------+---------------+---------------+---------------+---------------+---------------+---------------+---------------+---------------+---------------+---------------+---------------+---------------+---------------+---------------+---------------+---------------+---------------+---------------+---------------+---------------+---------------+---------------+---------------+---------------+---------------+---------------+---------------+---------------+---------------+---------------+---------------+---------------+---------------+---------------+---------------+---------------+---------------+---------------+---------------+---------------+---------------+---------------+---------------+---------------+---------------+---------------+---------------+---------------+---------------+---------------+---------------+---------------+---------------+---------------+---------------+---------------+---------------+---------------+---------------+---------------+---------------+---------------+---------------+---------------+---------------+---------------+---------------+---------------+---------------+---------------+---------------+---------------+---------------+---------------+---------------+---------------+---------------+---------------+---------------+---------------+---------------+---------------+---------------+---------------+---------------+---------------+---------------+---------------+---------------+---------------+---------------+---------------+---------------+---------------+---------------+---------------+---------------+---------------+---------------+---------------+---------------+---------------+---------------+---------------+---------------+---------------+---------------+---------------+---------------+---------------+---------------+---------------+---------------+---------------+---------------+---------------+---------------+---------------+---------------+---------------+---------------+---------------+---------------+---------------+---------------+---------------+---------------+---------------+---------------+
|         Event        | Counter |   HWThread 0  |   HWThread 1  |   HWThread 2  |   HWThread 3  |   HWThread 4  |   HWThread 5  |   HWThread 6  |   HWThread 7  |   HWThread 8  |   HWThread 9  |  HWThread 10  |  HWThread 11  |  HWThread 12  |  HWThread 13  |  HWThread 14  |  HWThread 15  |  HWThread 16  |  HWThread 17  |  HWThread 18  |  HWThread 19  |  HWThread 20  |  HWThread 21  |  HWThread 22  |  HWThread 23  |  HWThread 24  |  HWThread 25  |  HWThread 26  |  HWThread 27  |  HWThread 28  |  HWThread 29  |  HWThread 30  |  HWThread 31  |  HWThread 32  |  HWThread 33  |  HWThread 34  |  HWThread 35  |  HWThread 36  |  HWThread 37  |  HWThread 38  |  HWThread 39  |  HWThread 40  |  HWThread 41  |  HWThread 42  |  HWThread 43  |  HWThread 44  |  HWThread 45  |  HWThread 46  |  HWThread 47  |  HWThread 48  |  HWThread 49  |  HWThread 50  |  HWThread 51  |  HWThread 52  |  HWThread 53  |  HWThread 54  |  HWThread 55  |  HWThread 56  |  HWThread 57  |  HWThread 58  |  HWThread 59  |  HWThread 60  |  HWThread 61  |  HWThread 62  |  HWThread 63  |  HWThread 64  |  HWThread 65  |  HWThread 66  |  HWThread 67  |  HWThread 68  |  HWThread 69  |  HWThread 70  |  HWThread 71  |  HWThread 72  |  HWThread 73  |  HWThread 74  |  HWThread 75  |  HWThread 76  |  HWThread 77  |  HWThread 78  |  HWThread 79  |  HWThread 80  |  HWThread 81  |  HWThread 82  |  HWThread 83  |  HWThread 84  |  HWThread 85  |  HWThread 86  |  HWThread 87  |  HWThread 88  |  HWThread 89  |  HWThread 90  |  HWThread 91  |  HWThread 92  |  HWThread 93  |  HWThread 94  |  HWThread 95  |  HWThread 96  |  HWThread 97  |  HWThread 98  |  HWThread 99  |  HWThread 100 |  HWThread 101 |  HWThread 102 |  HWThread 103 |  HWThread 104 |  HWThread 105 |  HWThread 106 |  HWThread 107 |  HWThread 108 |  HWThread 109 |  HWThread 110 |  HWThread 111 |  HWThread 112 |  HWThread 113 |  HWThread 114 |  HWThread 115 |  HWThread 116 |  HWThread 117 |  HWThread 118 |  HWThread 119 |  HWThread 120 |  HWThread 121 |  HWThread 122 |  HWThread 123 |  HWThread 124 |  HWThread 125 |  HWThread 126 |  HWThread 127 |  HWThread 128 |  HWThread 129 |  HWThread 130 |  HWThread 131 |  HWThread 132 |  HWThread 133 |  HWThread 134 |  HWThread 135 |  HWThread 136 |  HWThread 137 |  HWThread 138 |  HWThread 139 |  HWThread 140 |  HWThread 141 |  HWThread 142 |  HWThread 143 |  HWThread 144 |  HWThread 145 |  HWThread 146 |  HWThread 147 |  HWThread 148 |  HWThread 149 |  HWThread 150 |  HWThread 151 |  HWThread 152 |  HWThread 153 |  HWThread 154 |  HWThread 155 |  HWThread 156 |  HWThread 157 |  HWThread 158 |  HWThread 159 |
+----------------------+---------+---------------+---------------+---------------+---------------+---------------+---------------+---------------+---------------+---------------+---------------+---------------+---------------+---------------+---------------+---------------+---------------+---------------+---------------+---------------+---------------+---------------+---------------+---------------+---------------+---------------+---------------+---------------+---------------+---------------+---------------+---------------+---------------+---------------+---------------+---------------+---------------+---------------+---------------+---------------+---------------+---------------+---------------+---------------+---------------+---------------+---------------+---------------+---------------+---------------+---------------+---------------+---------------+---------------+---------------+---------------+---------------+---------------+---------------+---------------+---------------+---------------+---------------+---------------+---------------+---------------+---------------+---------------+---------------+---------------+---------------+---------------+---------------+---------------+---------------+---------------+---------------+---------------+---------------+---------------+---------------+---------------+---------------+---------------+---------------+---------------+---------------+---------------+---------------+---------------+---------------+---------------+---------------+---------------+---------------+---------------+---------------+---------------+---------------+---------------+---------------+---------------+---------------+---------------+---------------+---------------+---------------+---------------+---------------+---------------+---------------+---------------+---------------+---------------+---------------+---------------+---------------+---------------+---------------+---------------+---------------+---------------+---------------+---------------+---------------+---------------+---------------+---------------+---------------+---------------+---------------+---------------+---------------+---------------+---------------+---------------+---------------+---------------+---------------+---------------+---------------+---------------+---------------+---------------+---------------+---------------+---------------+---------------+---------------+---------------+---------------+---------------+---------------+---------------+---------------+---------------+---------------+---------------+---------------+---------------+---------------+
|   ACTUAL_CPU_CLOCK   |  FIXC1  | 5807969627664 | 5184239913118 | 5151176711646 | 5170306380538 | 5178619804279 | 5165434273999 | 5173225818352 | 5181336256150 | 4677765140922 | 4766191899413 | 4535543988131 | 4621778923412 | 4617646807751 | 4696253109956 | 4730229394591 | 4629494695134 | 5026623971045 | 5048072422352 | 5018478599987 | 5039930876474 | 5028803169730 | 5036942161046 | 5068765321890 | 5093257357639 | 5166687303697 | 5154436978816 | 5145976993963 | 5158324214924 | 5141229804206 | 5166526757541 | 5142636592369 | 5166826413250 | 4863091899367 | 4906623631210 | 4931365434292 | 4846279497214 | 4971803465064 | 4997765116875 | 4967871742161 | 5011403260768 | 5038228407836 | 5072063416796 | 5035583585893 | 5072261880247 | 5061146960005 | 5076721171585 | 5097072832821 | 5102283546444 | 3390703753387 | 3222077004554 | 2998370854749 | 3181170808441 | 3167101496011 | 3188445861183 | 3184018812920 | 3229384569061 | 2661846315346 | 2721987915742 | 2725014970906 | 2669236045402 | 2737693921694 | 2560289151563 | 2781636617016 | 2999552932034 | 3242005308267 | 3292580004277 | 3234190432887 | 3239615584062 | 3263756595170 | 3281570997533 | 3330915246584 | 3399507528761 | 4334612870471 | 4339383053596 | 4300481035385 | 4357246154916 | 4334396080347 | 4306198763309 | 4402829420861 | 4380989003269 | 4155154994420 | 4172122264476 | 4122795593110 | 4146502127460 | 4175857899255 | 4162110438182 | 4231989644340 | 4276837158042 | 4098333393882 | 4144124419447 | 4079623780621 | 4140758401286 | 4114410770694 | 4140403958017 | 4211950873804 | 4225971003622 | 5095693357024 | 5098389774065 | 4968210673626 | 5107465070589 | 5127365276371 | 5017560416857 | 5075042223519 | 5126462440694 | 4841088835282 | 4729727437054 | 5017445834151 | 4797834319886 | 5057168157232 | 5028107663682 | 4967537838901 | 5075282717185 | 5151001739237 | 5149486175184 | 5149689968690 | 5158656544429 | 5156005504877 | 5151563477343 | 5151894339614 | 5158406376356 | 5162671325083 | 5166718663425 | 5163003836489 | 5164932089224 | 5164908689985 | 5180308275837 | 5166385733014 | 5160114494874 | 5158031911527 | 5160073425073 | 5158037624798 | 5156126732068 | 5155375457005 | 5164509471394 | 5173337450138 | 5156149442835 | 5159315816692 | 5157852584845 | 5158747240039 | 5153150069558 | 5153110883321 | 5159577629938 | 5157751116174 | 5153166574315 | 5150431731521 | 5150404718669 | 5150179968499 | 5150310224201 | 5150216416418 | 5157795837127 | 5154489435357 | 5150403259576 | 5149256450405 | 5161559520041 | 5152365847834 | 5173299799556 | 5116334093261 | 5010488244597 | 5005401686233 | 4979595423685 |
|     MAX_CPU_CLOCK    |  FIXC2  | 4082752218792 | 3672387284098 | 3628752427846 | 3647439297294 | 3655400404630 | 3642419031004 | 3649550081866 | 3658297802848 | 3318076695544 | 3383428782266 | 3233739296710 | 3288164277762 | 3281962007662 | 3336312443412 | 3357332843644 | 3297379802652 | 3544339499324 | 3558981822318 | 3536197503332 | 3553863684774 | 3545919634140 | 3547099593700 | 3574146861194 | 3590227097912 | 3648959461498 | 3634407336014 | 3628194024416 | 3637964680818 | 3623365213130 | 3647015938670 | 3620682252824 | 3644944164316 | 3431410154874 | 3468259666976 | 3485665245816 | 3432540473232 | 3510819709670 | 3531272197804 | 3510013685620 | 3538743847834 | 3551645629818 | 3579183657348 | 3550067138930 | 3577654678338 | 3569232650828 | 3583726967236 | 3591694935166 | 3598854052716 | 2465878541048 | 2348432673652 | 2249459560530 | 2327167227242 | 2319938326472 | 2336945753038 | 2335466103152 | 2355955641702 | 2125775434172 | 2144017885802 | 2148539496974 | 2134496494702 | 2146840899502 | 2077648687478 | 2172587530880 | 2261842615110 | 2348006114792 | 2363942601254 | 2342487186598 | 2348126723332 | 2362696683438 | 2368469123592 | 2386130174116 | 2421797991782 | 3060571528456 | 3061502411786 | 3039175266192 | 3078757124898 | 3058677251240 | 3038018741602 | 3107710366176 | 3090564157746 | 2937851933640 | 2945603064170 | 2915240824808 | 2935897707912 | 2949221374060 | 2939398800234 | 2991381090984 | 3016430171456 | 2890703964538 | 2924145849690 | 2878001307584 | 2925163069062 | 2905860884732 | 2922205794274 | 2975454177332 | 2984403598618 | 3602959544938 | 3593909823400 | 3525995850780 | 3602316532750 | 3613615605912 | 3553157407202 | 3583722335440 | 3613620603944 | 3462524499642 | 3398703726158 | 3553966436332 | 3442036793078 | 3571044697012 | 3557702927896 | 3522796132310 | 3587475490664 | 3626542607402 | 3623622398812 | 3624506388100 | 3631789278442 | 3629067669500 | 3625159015270 | 3624218670150 | 3630369882542 | 3633981383526 | 3638586940066 | 3634107069346 | 3636257167790 | 3636486279062 | 3652247865344 | 3638125317398 | 3631370220322 | 3629599378730 | 3631819123218 | 3630081437476 | 3628040147394 | 3627099519940 | 3636213801428 | 3646155093126 | 3627657729150 | 3630668574156 | 3629245388392 | 3630061184204 | 3624462144550 | 3624366780840 | 3630932220890 | 3628766883872 | 3624478903682 | 3622660372292 | 3622634227498 | 3622555285440 | 3622576896796 | 3622575917220 | 3630633554002 | 3627115827712 | 3622611736640 | 3621928013444 | 3634803963492 | 3624874338384 | 3647254940108 | 3604624456602 | 3528698628000 | 3523891535216 | 3514783678406 |
| RETIRED_INSTRUCTIONS |   PMC0  | 1301492139894 |  693180065716 |  693118719881 |  693835828939 |  693751816027 |  693114647784 |  691275869733 |  691652143173 |  709949503408 |  711300401266 |  711700617940 |  712778243308 |  712373645616 |  712003826113 |  712149697694 |  711250519523 |  694883919646 |  695388520992 |  695329655726 |  695376568018 |  695552725636 |  694424114644 |  695375314942 |  694283534802 |  692412876935 |  691683829752 |  692233590137 |  691800882457 |  687299532352 |  687583111561 |  685971804085 |  686347258728 |  704414866265 |  706016491971 |  706448554227 |  705571169506 |  706537270772 |  706268845014 |  705454026423 |  706147463087 |  688093440696 |  688387590648 |  687937447257 |  688007477308 |  688153736255 |  688311826380 |  686147319057 |  685121727484 |  687551665315 |  684482352298 |  686643653475 |  686783763086 |  686552219930 |  686576318794 |  686798596744 |  687122606442 |  715954548106 |  713992430989 |  713199265998 |  713316713831 |  714843557530 |  713912801655 |  712800117790 |  716323436251 |  686152747136 |  686923988079 |  686785135329 |  686632253502 |  686890723951 |  686664935343 |  686655054810 |  686971672274 |  690954537676 |  692276757408 |  692574017572 |  691920483009 |  691544408924 |  691567984525 |  691882010795 |  691242973703 |  721647626531 |  721976770975 |  722563063680 |  722282815240 |  722274746113 |  721761367584 |  722089836288 |  721898116055 |  692078908858 |  692401407493 |  692229034916 |  692095324293 |  693205940220 |  692525620714 |  688889061417 |  692733359109 |  625763273292 |  622014948085 |  628709437156 |  621939309948 |  622260289139 |  626800382892 |  624490179726 |  621059125434 |  663671709415 |  664333351724 |  658744787440 |  663902163959 |  656232364370 |  656866249545 |  657714429985 |  653537349479 |  636668423295 |  635193340800 |  637261294372 |  634437134151 |  634522555236 |  634185133918 |  633242844180 |  632938825466 |  607618405302 |  607828680354 |  607583120064 |  606970031473 |  607113014401 |  607607418143 |  607305188389 |  606310048992 |  620137632784 |  620070207717 |  619542664030 |  619148346793 |  619468959158 |  620090080695 |  619627668661 |  618535515657 |  611806404368 |  611587685925 |  612380635788 |  611545578658 |  611598480805 |  609337794196 |  609844447879 |  609600617428 |  668833941528 |  667041296432 |  671245805847 |  669287181523 |  670257896615 |  669712841533 |  668807008028 |  667635849954 |  678221014918 |  677469498193 |  677382447030 |  668823541918 |  556216059811 |  515432355792 |  505747736403 |  464692545013 |
|  CPU_CLOCKS_UNHALTED |   PMC1  | 5120904810939 | 4682670197407 | 4678490160386 | 4683494476008 | 4686211212326 | 4680952716526 | 4683609793601 | 4687819469768 | 4227796412243 | 4315639652622 | 4121919946801 | 4190360738850 | 4200340098086 | 4263254715165 | 4293421335025 | 4206025138804 | 4554413648531 | 4578019835392 | 4562432347367 | 4566748535531 | 4557561190957 | 4570905985574 | 4591498844920 | 4616630209820 | 4670043179532 | 4674117345905 | 4668971438148 | 4674708824026 | 4662350061142 | 4678239867792 | 4670115361819 | 4677063479146 | 4418383263008 | 4445718434850 | 4468650144400 | 4392107341256 | 4500724303654 | 4520440599277 | 4498600441262 | 4533214192677 | 4571019947599 | 4594693506736 | 4574699514175 | 4599285977701 | 4589507135972 | 4599335521935 | 4620441577553 | 4622175735153 | 3149088747375 | 3040249460451 | 2835883507283 | 3007063287484 | 2995367389837 | 3006704767583 | 3004015668705 | 3045984762968 | 2503721716494 | 2577107203631 | 2577938330852 | 2516127348636 | 2595064962889 | 2428768358211 | 2627645542373 | 2824260838761 | 3067075804278 | 3118434796444 | 3062573445683 | 3062239212694 | 3080481072130 | 3099428709996 | 3149836569105 | 3210100250566 | 3976603280095 | 3985165575798 | 3944877291309 | 3992793144421 | 3981116967597 | 3951016457276 | 4036115333147 | 4019817536039 | 3820845677647 | 3842093814262 | 3797060585267 | 3809932804699 | 3843800640543 | 3830396506360 | 3887637622533 | 3926723716213 | 3786368923925 | 3826575638887 | 3773531078967 | 3812256179373 | 3792990218836 | 3819259437544 | 3873083479470 | 3885061102477 | 4659605999107 | 4666482285284 | 4563864934329 | 4675554914580 | 4691596896196 | 4601925552022 | 4647557312883 | 4688154569286 | 4444998001449 | 4353594966561 | 4602670190782 | 4397901865272 | 4635394549113 | 4607146336530 | 4557720553174 | 4638901235152 | 4705538291083 | 4710548747976 | 4715108934371 | 4718030861010 | 4715724703393 | 4715146753581 | 4711171234725 | 4712853081777 | 4739589159298 | 4733512068239 | 4742404820160 | 4739299710005 | 4740758779655 | 4745412149694 | 4734315098383 | 4738595113385 | 4732724854157 | 4741333243392 | 4746328744213 | 4741487332944 | 4734645850481 | 4732192105923 | 4733378418850 | 4743017301637 | 4735267781094 | 4729287607692 | 4735784763371 | 4730437562360 | 4728313692395 | 4734670264492 | 4732630705124 | 4727247418206 | 4733573609514 | 4733345451860 | 4735867111099 | 4735467044328 | 4726177122200 | 4737442468250 | 4728490302867 | 4735655433319 | 4739848590116 | 4747978985061 | 4751042469233 | 4748772567080 | 4693172325992 | 4585279424767 | 4580918231294 | 4534405116347 |
|      CAS_CMD_RD      |  UMC0C0 |   78091314309 |             0 |             0 |             0 |             0 |             0 |             0 |             0 |             0 |             0 |             0 |             0 |             0 |             0 |             0 |             0 |             0 |             0 |             0 |             0 |             0 |             0 |             0 |             0 |             0 |             0 |             0 |             0 |             0 |             0 |             0 |             0 |             0 |             0 |             0 |             0 |             0 |             0 |             0 |             0 |             0 |             0 |             0 |             0 |             0 |             0 |             0 |             0 |             0 |             0 |             0 |             0 |             0 |             0 |             0 |             0 |             0 |             0 |             0 |             0 |             0 |             0 |             0 |             0 |             0 |             0 |             0 |             0 |             0 |             0 |             0 |             0 |             0 |             0 |             0 |             0 |             0 |             0 |             0 |             0 |             0 |             0 |             0 |             0 |             0 |             0 |             0 |             0 |             0 |             0 |             0 |             0 |             0 |             0 |             0 |             0 |   46188900348 |             0 |             0 |             0 |             0 |             0 |             0 |             0 |             0 |             0 |             0 |             0 |             0 |             0 |             0 |             0 |             0 |             0 |             0 |             0 |             0 |             0 |             0 |             0 |             0 |             0 |             0 |             0 |             0 |             0 |             0 |             0 |             0 |             0 |             0 |             0 |             0 |             0 |             0 |             0 |             0 |             0 |             0 |             0 |             0 |             0 |             0 |             0 |             0 |             0 |             0 |             0 |             0 |             0 |             0 |             0 |             0 |             0 |             0 |             0 |             0 |             0 |             0 |             0 |
|      CAS_CMD_WR      |  UMC0C1 |   33079319149 |             0 |             0 |             0 |             0 |             0 |             0 |             0 |             0 |             0 |             0 |             0 |             0 |             0 |             0 |             0 |             0 |             0 |             0 |             0 |             0 |             0 |             0 |             0 |             0 |             0 |             0 |             0 |             0 |             0 |             0 |             0 |             0 |             0 |             0 |             0 |             0 |             0 |             0 |             0 |             0 |             0 |             0 |             0 |             0 |             0 |             0 |             0 |             0 |             0 |             0 |             0 |             0 |             0 |             0 |             0 |             0 |             0 |             0 |             0 |             0 |             0 |             0 |             0 |             0 |             0 |             0 |             0 |             0 |             0 |             0 |             0 |             0 |             0 |             0 |             0 |             0 |             0 |             0 |             0 |             0 |             0 |             0 |             0 |             0 |             0 |             0 |             0 |             0 |             0 |             0 |             0 |             0 |             0 |             0 |             0 |   21964820257 |             0 |             0 |             0 |             0 |             0 |             0 |             0 |             0 |             0 |             0 |             0 |             0 |             0 |             0 |             0 |             0 |             0 |             0 |             0 |             0 |             0 |             0 |             0 |             0 |             0 |             0 |             0 |             0 |             0 |             0 |             0 |             0 |             0 |             0 |             0 |             0 |             0 |             0 |             0 |             0 |             0 |             0 |             0 |             0 |             0 |             0 |             0 |             0 |             0 |             0 |             0 |             0 |             0 |             0 |             0 |             0 |             0 |             0 |             0 |             0 |             0 |             0 |             0 |
|      CAS_CMD_RD      |  UMC1C0 |   78489713527 |             0 |             0 |             0 |             0 |             0 |             0 |             0 |             0 |             0 |             0 |             0 |             0 |             0 |             0 |             0 |             0 |             0 |             0 |             0 |             0 |             0 |             0 |             0 |             0 |             0 |             0 |             0 |             0 |             0 |             0 |             0 |             0 |             0 |             0 |             0 |             0 |             0 |             0 |             0 |             0 |             0 |             0 |             0 |             0 |             0 |             0 |             0 |             0 |             0 |             0 |             0 |             0 |             0 |             0 |             0 |             0 |             0 |             0 |             0 |             0 |             0 |             0 |             0 |             0 |             0 |             0 |             0 |             0 |             0 |             0 |             0 |             0 |             0 |             0 |             0 |             0 |             0 |             0 |             0 |             0 |             0 |             0 |             0 |             0 |             0 |             0 |             0 |             0 |             0 |             0 |             0 |             0 |             0 |             0 |             0 |   46301188722 |             0 |             0 |             0 |             0 |             0 |             0 |             0 |             0 |             0 |             0 |             0 |             0 |             0 |             0 |             0 |             0 |             0 |             0 |             0 |             0 |             0 |             0 |             0 |             0 |             0 |             0 |             0 |             0 |             0 |             0 |             0 |             0 |             0 |             0 |             0 |             0 |             0 |             0 |             0 |             0 |             0 |             0 |             0 |             0 |             0 |             0 |             0 |             0 |             0 |             0 |             0 |             0 |             0 |             0 |             0 |             0 |             0 |             0 |             0 |             0 |             0 |             0 |             0 |
|      CAS_CMD_WR      |  UMC1C1 |   33090254235 |             0 |             0 |             0 |             0 |             0 |             0 |             0 |             0 |             0 |             0 |             0 |             0 |             0 |             0 |             0 |             0 |             0 |             0 |             0 |             0 |             0 |             0 |             0 |             0 |             0 |             0 |             0 |             0 |             0 |             0 |             0 |             0 |             0 |             0 |             0 |             0 |             0 |             0 |             0 |             0 |             0 |             0 |             0 |             0 |             0 |             0 |             0 |             0 |             0 |             0 |             0 |             0 |             0 |             0 |             0 |             0 |             0 |             0 |             0 |             0 |             0 |             0 |             0 |             0 |             0 |             0 |             0 |             0 |             0 |             0 |             0 |             0 |             0 |             0 |             0 |             0 |             0 |             0 |             0 |             0 |             0 |             0 |             0 |             0 |             0 |             0 |             0 |             0 |             0 |             0 |             0 |             0 |             0 |             0 |             0 |   22000110238 |             0 |             0 |             0 |             0 |             0 |             0 |             0 |             0 |             0 |             0 |             0 |             0 |             0 |             0 |             0 |             0 |             0 |             0 |             0 |             0 |             0 |             0 |             0 |             0 |             0 |             0 |             0 |             0 |             0 |             0 |             0 |             0 |             0 |             0 |             0 |             0 |             0 |             0 |             0 |             0 |             0 |             0 |             0 |             0 |             0 |             0 |             0 |             0 |             0 |             0 |             0 |             0 |             0 |             0 |             0 |             0 |             0 |             0 |             0 |             0 |             0 |             0 |             0 |
|      CAS_CMD_RD      |  UMC2C0 |   77913229172 |             0 |             0 |             0 |             0 |             0 |             0 |             0 |             0 |             0 |             0 |             0 |             0 |             0 |             0 |             0 |             0 |             0 |             0 |             0 |             0 |             0 |             0 |             0 |             0 |             0 |             0 |             0 |             0 |             0 |             0 |             0 |             0 |             0 |             0 |             0 |             0 |             0 |             0 |             0 |             0 |             0 |             0 |             0 |             0 |             0 |             0 |             0 |             0 |             0 |             0 |             0 |             0 |             0 |             0 |             0 |             0 |             0 |             0 |             0 |             0 |             0 |             0 |             0 |             0 |             0 |             0 |             0 |             0 |             0 |             0 |             0 |             0 |             0 |             0 |             0 |             0 |             0 |             0 |             0 |             0 |             0 |             0 |             0 |             0 |             0 |             0 |             0 |             0 |             0 |             0 |             0 |             0 |             0 |             0 |             0 |   46132550349 |             0 |             0 |             0 |             0 |             0 |             0 |             0 |             0 |             0 |             0 |             0 |             0 |             0 |             0 |             0 |             0 |             0 |             0 |             0 |             0 |             0 |             0 |             0 |             0 |             0 |             0 |             0 |             0 |             0 |             0 |             0 |             0 |             0 |             0 |             0 |             0 |             0 |             0 |             0 |             0 |             0 |             0 |             0 |             0 |             0 |             0 |             0 |             0 |             0 |             0 |             0 |             0 |             0 |             0 |             0 |             0 |             0 |             0 |             0 |             0 |             0 |             0 |             0 |
|      CAS_CMD_WR      |  UMC2C1 |   33018464861 |             0 |             0 |             0 |             0 |             0 |             0 |             0 |             0 |             0 |             0 |             0 |             0 |             0 |             0 |             0 |             0 |             0 |             0 |             0 |             0 |             0 |             0 |             0 |             0 |             0 |             0 |             0 |             0 |             0 |             0 |             0 |             0 |             0 |             0 |             0 |             0 |             0 |             0 |             0 |             0 |             0 |             0 |             0 |             0 |             0 |             0 |             0 |             0 |             0 |             0 |             0 |             0 |             0 |             0 |             0 |             0 |             0 |             0 |             0 |             0 |             0 |             0 |             0 |             0 |             0 |             0 |             0 |             0 |             0 |             0 |             0 |             0 |             0 |             0 |             0 |             0 |             0 |             0 |             0 |             0 |             0 |             0 |             0 |             0 |             0 |             0 |             0 |             0 |             0 |             0 |             0 |             0 |             0 |             0 |             0 |   21933827387 |             0 |             0 |             0 |             0 |             0 |             0 |             0 |             0 |             0 |             0 |             0 |             0 |             0 |             0 |             0 |             0 |             0 |             0 |             0 |             0 |             0 |             0 |             0 |             0 |             0 |             0 |             0 |             0 |             0 |             0 |             0 |             0 |             0 |             0 |             0 |             0 |             0 |             0 |             0 |             0 |             0 |             0 |             0 |             0 |             0 |             0 |             0 |             0 |             0 |             0 |             0 |             0 |             0 |             0 |             0 |             0 |             0 |             0 |             0 |             0 |             0 |             0 |             0 |
|      CAS_CMD_RD      |  UMC3C0 |   78067789039 |             0 |             0 |             0 |             0 |             0 |             0 |             0 |             0 |             0 |             0 |             0 |             0 |             0 |             0 |             0 |             0 |             0 |             0 |             0 |             0 |             0 |             0 |             0 |             0 |             0 |             0 |             0 |             0 |             0 |             0 |             0 |             0 |             0 |             0 |             0 |             0 |             0 |             0 |             0 |             0 |             0 |             0 |             0 |             0 |             0 |             0 |             0 |             0 |             0 |             0 |             0 |             0 |             0 |             0 |             0 |             0 |             0 |             0 |             0 |             0 |             0 |             0 |             0 |             0 |             0 |             0 |             0 |             0 |             0 |             0 |             0 |             0 |             0 |             0 |             0 |             0 |             0 |             0 |             0 |             0 |             0 |             0 |             0 |             0 |             0 |             0 |             0 |             0 |             0 |             0 |             0 |             0 |             0 |             0 |             0 |   46182319704 |             0 |             0 |             0 |             0 |             0 |             0 |             0 |             0 |             0 |             0 |             0 |             0 |             0 |             0 |             0 |             0 |             0 |             0 |             0 |             0 |             0 |             0 |             0 |             0 |             0 |             0 |             0 |             0 |             0 |             0 |             0 |             0 |             0 |             0 |             0 |             0 |             0 |             0 |             0 |             0 |             0 |             0 |             0 |             0 |             0 |             0 |             0 |             0 |             0 |             0 |             0 |             0 |             0 |             0 |             0 |             0 |             0 |             0 |             0 |             0 |             0 |             0 |             0 |
|      CAS_CMD_WR      |  UMC3C1 |   33044293076 |             0 |             0 |             0 |             0 |             0 |             0 |             0 |             0 |             0 |             0 |             0 |             0 |             0 |             0 |             0 |             0 |             0 |             0 |             0 |             0 |             0 |             0 |             0 |             0 |             0 |             0 |             0 |             0 |             0 |             0 |             0 |             0 |             0 |             0 |             0 |             0 |             0 |             0 |             0 |             0 |             0 |             0 |             0 |             0 |             0 |             0 |             0 |             0 |             0 |             0 |             0 |             0 |             0 |             0 |             0 |             0 |             0 |             0 |             0 |             0 |             0 |             0 |             0 |             0 |             0 |             0 |             0 |             0 |             0 |             0 |             0 |             0 |             0 |             0 |             0 |             0 |             0 |             0 |             0 |             0 |             0 |             0 |             0 |             0 |             0 |             0 |             0 |             0 |             0 |             0 |             0 |             0 |             0 |             0 |             0 |   21952171466 |             0 |             0 |             0 |             0 |             0 |             0 |             0 |             0 |             0 |             0 |             0 |             0 |             0 |             0 |             0 |             0 |             0 |             0 |             0 |             0 |             0 |             0 |             0 |             0 |             0 |             0 |             0 |             0 |             0 |             0 |             0 |             0 |             0 |             0 |             0 |             0 |             0 |             0 |             0 |             0 |             0 |             0 |             0 |             0 |             0 |             0 |             0 |             0 |             0 |             0 |             0 |             0 |             0 |             0 |             0 |             0 |             0 |             0 |             0 |             0 |             0 |             0 |             0 |
|      CAS_CMD_RD      |  UMC4C0 |   78369532571 |             0 |             0 |             0 |             0 |             0 |             0 |             0 |             0 |             0 |             0 |             0 |             0 |             0 |             0 |             0 |             0 |             0 |             0 |             0 |             0 |             0 |             0 |             0 |             0 |             0 |             0 |             0 |             0 |             0 |             0 |             0 |             0 |             0 |             0 |             0 |             0 |             0 |             0 |             0 |             0 |             0 |             0 |             0 |             0 |             0 |             0 |             0 |             0 |             0 |             0 |             0 |             0 |             0 |             0 |             0 |             0 |             0 |             0 |             0 |             0 |             0 |             0 |             0 |             0 |             0 |             0 |             0 |             0 |             0 |             0 |             0 |             0 |             0 |             0 |             0 |             0 |             0 |             0 |             0 |             0 |             0 |             0 |             0 |             0 |             0 |             0 |             0 |             0 |             0 |             0 |             0 |             0 |             0 |             0 |             0 |   46150099727 |             0 |             0 |             0 |             0 |             0 |             0 |             0 |             0 |             0 |             0 |             0 |             0 |             0 |             0 |             0 |             0 |             0 |             0 |             0 |             0 |             0 |             0 |             0 |             0 |             0 |             0 |             0 |             0 |             0 |             0 |             0 |             0 |             0 |             0 |             0 |             0 |             0 |             0 |             0 |             0 |             0 |             0 |             0 |             0 |             0 |             0 |             0 |             0 |             0 |             0 |             0 |             0 |             0 |             0 |             0 |             0 |             0 |             0 |             0 |             0 |             0 |             0 |             0 |
|      CAS_CMD_WR      |  UMC4C1 |   33071024605 |             0 |             0 |             0 |             0 |             0 |             0 |             0 |             0 |             0 |             0 |             0 |             0 |             0 |             0 |             0 |             0 |             0 |             0 |             0 |             0 |             0 |             0 |             0 |             0 |             0 |             0 |             0 |             0 |             0 |             0 |             0 |             0 |             0 |             0 |             0 |             0 |             0 |             0 |             0 |             0 |             0 |             0 |             0 |             0 |             0 |             0 |             0 |             0 |             0 |             0 |             0 |             0 |             0 |             0 |             0 |             0 |             0 |             0 |             0 |             0 |             0 |             0 |             0 |             0 |             0 |             0 |             0 |             0 |             0 |             0 |             0 |             0 |             0 |             0 |             0 |             0 |             0 |             0 |             0 |             0 |             0 |             0 |             0 |             0 |             0 |             0 |             0 |             0 |             0 |             0 |             0 |             0 |             0 |             0 |             0 |   21902582983 |             0 |             0 |             0 |             0 |             0 |             0 |             0 |             0 |             0 |             0 |             0 |             0 |             0 |             0 |             0 |             0 |             0 |             0 |             0 |             0 |             0 |             0 |             0 |             0 |             0 |             0 |             0 |             0 |             0 |             0 |             0 |             0 |             0 |             0 |             0 |             0 |             0 |             0 |             0 |             0 |             0 |             0 |             0 |             0 |             0 |             0 |             0 |             0 |             0 |             0 |             0 |             0 |             0 |             0 |             0 |             0 |             0 |             0 |             0 |             0 |             0 |             0 |             0 |
|      CAS_CMD_RD      |  UMC5C0 |   77919402533 |             0 |             0 |             0 |             0 |             0 |             0 |             0 |             0 |             0 |             0 |             0 |             0 |             0 |             0 |             0 |             0 |             0 |             0 |             0 |             0 |             0 |             0 |             0 |             0 |             0 |             0 |             0 |             0 |             0 |             0 |             0 |             0 |             0 |             0 |             0 |             0 |             0 |             0 |             0 |             0 |             0 |             0 |             0 |             0 |             0 |             0 |             0 |             0 |             0 |             0 |             0 |             0 |             0 |             0 |             0 |             0 |             0 |             0 |             0 |             0 |             0 |             0 |             0 |             0 |             0 |             0 |             0 |             0 |             0 |             0 |             0 |             0 |             0 |             0 |             0 |             0 |             0 |             0 |             0 |             0 |             0 |             0 |             0 |             0 |             0 |             0 |             0 |             0 |             0 |             0 |             0 |             0 |             0 |             0 |             0 |   46371233361 |             0 |             0 |             0 |             0 |             0 |             0 |             0 |             0 |             0 |             0 |             0 |             0 |             0 |             0 |             0 |             0 |             0 |             0 |             0 |             0 |             0 |             0 |             0 |             0 |             0 |             0 |             0 |             0 |             0 |             0 |             0 |             0 |             0 |             0 |             0 |             0 |             0 |             0 |             0 |             0 |             0 |             0 |             0 |             0 |             0 |             0 |             0 |             0 |             0 |             0 |             0 |             0 |             0 |             0 |             0 |             0 |             0 |             0 |             0 |             0 |             0 |             0 |             0 |
|      CAS_CMD_WR      |  UMC5C1 |   33001741896 |             0 |             0 |             0 |             0 |             0 |             0 |             0 |             0 |             0 |             0 |             0 |             0 |             0 |             0 |             0 |             0 |             0 |             0 |             0 |             0 |             0 |             0 |             0 |             0 |             0 |             0 |             0 |             0 |             0 |             0 |             0 |             0 |             0 |             0 |             0 |             0 |             0 |             0 |             0 |             0 |             0 |             0 |             0 |             0 |             0 |             0 |             0 |             0 |             0 |             0 |             0 |             0 |             0 |             0 |             0 |             0 |             0 |             0 |             0 |             0 |             0 |             0 |             0 |             0 |             0 |             0 |             0 |             0 |             0 |             0 |             0 |             0 |             0 |             0 |             0 |             0 |             0 |             0 |             0 |             0 |             0 |             0 |             0 |             0 |             0 |             0 |             0 |             0 |             0 |             0 |             0 |             0 |             0 |             0 |             0 |   22060716776 |             0 |             0 |             0 |             0 |             0 |             0 |             0 |             0 |             0 |             0 |             0 |             0 |             0 |             0 |             0 |             0 |             0 |             0 |             0 |             0 |             0 |             0 |             0 |             0 |             0 |             0 |             0 |             0 |             0 |             0 |             0 |             0 |             0 |             0 |             0 |             0 |             0 |             0 |             0 |             0 |             0 |             0 |             0 |             0 |             0 |             0 |             0 |             0 |             0 |             0 |             0 |             0 |             0 |             0 |             0 |             0 |             0 |             0 |             0 |             0 |             0 |             0 |             0 |
|      CAS_CMD_RD      |  UMC6C0 |   79265622804 |             0 |             0 |             0 |             0 |             0 |             0 |             0 |             0 |             0 |             0 |             0 |             0 |             0 |             0 |             0 |             0 |             0 |             0 |             0 |             0 |             0 |             0 |             0 |             0 |             0 |             0 |             0 |             0 |             0 |             0 |             0 |             0 |             0 |             0 |             0 |             0 |             0 |             0 |             0 |             0 |             0 |             0 |             0 |             0 |             0 |             0 |             0 |             0 |             0 |             0 |             0 |             0 |             0 |             0 |             0 |             0 |             0 |             0 |             0 |             0 |             0 |             0 |             0 |             0 |             0 |             0 |             0 |             0 |             0 |             0 |             0 |             0 |             0 |             0 |             0 |             0 |             0 |             0 |             0 |             0 |             0 |             0 |             0 |             0 |             0 |             0 |             0 |             0 |             0 |             0 |             0 |             0 |             0 |             0 |             0 |   46043183773 |             0 |             0 |             0 |             0 |             0 |             0 |             0 |             0 |             0 |             0 |             0 |             0 |             0 |             0 |             0 |             0 |             0 |             0 |             0 |             0 |             0 |             0 |             0 |             0 |             0 |             0 |             0 |             0 |             0 |             0 |             0 |             0 |             0 |             0 |             0 |             0 |             0 |             0 |             0 |             0 |             0 |             0 |             0 |             0 |             0 |             0 |             0 |             0 |             0 |             0 |             0 |             0 |             0 |             0 |             0 |             0 |             0 |             0 |             0 |             0 |             0 |             0 |             0 |
|      CAS_CMD_WR      |  UMC6C1 |   33090840290 |             0 |             0 |             0 |             0 |             0 |             0 |             0 |             0 |             0 |             0 |             0 |             0 |             0 |             0 |             0 |             0 |             0 |             0 |             0 |             0 |             0 |             0 |             0 |             0 |             0 |             0 |             0 |             0 |             0 |             0 |             0 |             0 |             0 |             0 |             0 |             0 |             0 |             0 |             0 |             0 |             0 |             0 |             0 |             0 |             0 |             0 |             0 |             0 |             0 |             0 |             0 |             0 |             0 |             0 |             0 |             0 |             0 |             0 |             0 |             0 |             0 |             0 |             0 |             0 |             0 |             0 |             0 |             0 |             0 |             0 |             0 |             0 |             0 |             0 |             0 |             0 |             0 |             0 |             0 |             0 |             0 |             0 |             0 |             0 |             0 |             0 |             0 |             0 |             0 |             0 |             0 |             0 |             0 |             0 |             0 |   21881681642 |             0 |             0 |             0 |             0 |             0 |             0 |             0 |             0 |             0 |             0 |             0 |             0 |             0 |             0 |             0 |             0 |             0 |             0 |             0 |             0 |             0 |             0 |             0 |             0 |             0 |             0 |             0 |             0 |             0 |             0 |             0 |             0 |             0 |             0 |             0 |             0 |             0 |             0 |             0 |             0 |             0 |             0 |             0 |             0 |             0 |             0 |             0 |             0 |             0 |             0 |             0 |             0 |             0 |             0 |             0 |             0 |             0 |             0 |             0 |             0 |             0 |             0 |             0 |
|      CAS_CMD_RD      |  UMC7C0 |   79384689180 |             0 |             0 |             0 |             0 |             0 |             0 |             0 |             0 |             0 |             0 |             0 |             0 |             0 |             0 |             0 |             0 |             0 |             0 |             0 |             0 |             0 |             0 |             0 |             0 |             0 |             0 |             0 |             0 |             0 |             0 |             0 |             0 |             0 |             0 |             0 |             0 |             0 |             0 |             0 |             0 |             0 |             0 |             0 |             0 |             0 |             0 |             0 |             0 |             0 |             0 |             0 |             0 |             0 |             0 |             0 |             0 |             0 |             0 |             0 |             0 |             0 |             0 |             0 |             0 |             0 |             0 |             0 |             0 |             0 |             0 |             0 |             0 |             0 |             0 |             0 |             0 |             0 |             0 |             0 |             0 |             0 |             0 |             0 |             0 |             0 |             0 |             0 |             0 |             0 |             0 |             0 |             0 |             0 |             0 |             0 |   46116923974 |             0 |             0 |             0 |             0 |             0 |             0 |             0 |             0 |             0 |             0 |             0 |             0 |             0 |             0 |             0 |             0 |             0 |             0 |             0 |             0 |             0 |             0 |             0 |             0 |             0 |             0 |             0 |             0 |             0 |             0 |             0 |             0 |             0 |             0 |             0 |             0 |             0 |             0 |             0 |             0 |             0 |             0 |             0 |             0 |             0 |             0 |             0 |             0 |             0 |             0 |             0 |             0 |             0 |             0 |             0 |             0 |             0 |             0 |             0 |             0 |             0 |             0 |             0 |
|      CAS_CMD_WR      |  UMC7C1 |   33084699292 |             0 |             0 |             0 |             0 |             0 |             0 |             0 |             0 |             0 |             0 |             0 |             0 |             0 |             0 |             0 |             0 |             0 |             0 |             0 |             0 |             0 |             0 |             0 |             0 |             0 |             0 |             0 |             0 |             0 |             0 |             0 |             0 |             0 |             0 |             0 |             0 |             0 |             0 |             0 |             0 |             0 |             0 |             0 |             0 |             0 |             0 |             0 |             0 |             0 |             0 |             0 |             0 |             0 |             0 |             0 |             0 |             0 |             0 |             0 |             0 |             0 |             0 |             0 |             0 |             0 |             0 |             0 |             0 |             0 |             0 |             0 |             0 |             0 |             0 |             0 |             0 |             0 |             0 |             0 |             0 |             0 |             0 |             0 |             0 |             0 |             0 |             0 |             0 |             0 |             0 |             0 |             0 |             0 |             0 |             0 |   21924631778 |             0 |             0 |             0 |             0 |             0 |             0 |             0 |             0 |             0 |             0 |             0 |             0 |             0 |             0 |             0 |             0 |             0 |             0 |             0 |             0 |             0 |             0 |             0 |             0 |             0 |             0 |             0 |             0 |             0 |             0 |             0 |             0 |             0 |             0 |             0 |             0 |             0 |             0 |             0 |             0 |             0 |             0 |             0 |             0 |             0 |             0 |             0 |             0 |             0 |             0 |             0 |             0 |             0 |             0 |             0 |             0 |             0 |             0 |             0 |             0 |             0 |             0 |             0 |
|      CAS_CMD_RD      |  UMC8C0 |   79469698899 |             0 |             0 |             0 |             0 |             0 |             0 |             0 |             0 |             0 |             0 |             0 |             0 |             0 |             0 |             0 |             0 |             0 |             0 |             0 |             0 |             0 |             0 |             0 |             0 |             0 |             0 |             0 |             0 |             0 |             0 |             0 |             0 |             0 |             0 |             0 |             0 |             0 |             0 |             0 |             0 |             0 |             0 |             0 |             0 |             0 |             0 |             0 |             0 |             0 |             0 |             0 |             0 |             0 |             0 |             0 |             0 |             0 |             0 |             0 |             0 |             0 |             0 |             0 |             0 |             0 |             0 |             0 |             0 |             0 |             0 |             0 |             0 |             0 |             0 |             0 |             0 |             0 |             0 |             0 |             0 |             0 |             0 |             0 |             0 |             0 |             0 |             0 |             0 |             0 |             0 |             0 |             0 |             0 |             0 |             0 |   46299585199 |             0 |             0 |             0 |             0 |             0 |             0 |             0 |             0 |             0 |             0 |             0 |             0 |             0 |             0 |             0 |             0 |             0 |             0 |             0 |             0 |             0 |             0 |             0 |             0 |             0 |             0 |             0 |             0 |             0 |             0 |             0 |             0 |             0 |             0 |             0 |             0 |             0 |             0 |             0 |             0 |             0 |             0 |             0 |             0 |             0 |             0 |             0 |             0 |             0 |             0 |             0 |             0 |             0 |             0 |             0 |             0 |             0 |             0 |             0 |             0 |             0 |             0 |             0 |
|      CAS_CMD_WR      |  UMC8C1 |   33089489790 |             0 |             0 |             0 |             0 |             0 |             0 |             0 |             0 |             0 |             0 |             0 |             0 |             0 |             0 |             0 |             0 |             0 |             0 |             0 |             0 |             0 |             0 |             0 |             0 |             0 |             0 |             0 |             0 |             0 |             0 |             0 |             0 |             0 |             0 |             0 |             0 |             0 |             0 |             0 |             0 |             0 |             0 |             0 |             0 |             0 |             0 |             0 |             0 |             0 |             0 |             0 |             0 |             0 |             0 |             0 |             0 |             0 |             0 |             0 |             0 |             0 |             0 |             0 |             0 |             0 |             0 |             0 |             0 |             0 |             0 |             0 |             0 |             0 |             0 |             0 |             0 |             0 |             0 |             0 |             0 |             0 |             0 |             0 |             0 |             0 |             0 |             0 |             0 |             0 |             0 |             0 |             0 |             0 |             0 |             0 |   21973457252 |             0 |             0 |             0 |             0 |             0 |             0 |             0 |             0 |             0 |             0 |             0 |             0 |             0 |             0 |             0 |             0 |             0 |             0 |             0 |             0 |             0 |             0 |             0 |             0 |             0 |             0 |             0 |             0 |             0 |             0 |             0 |             0 |             0 |             0 |             0 |             0 |             0 |             0 |             0 |             0 |             0 |             0 |             0 |             0 |             0 |             0 |             0 |             0 |             0 |             0 |             0 |             0 |             0 |             0 |             0 |             0 |             0 |             0 |             0 |             0 |             0 |             0 |             0 |
|      CAS_CMD_RD      |  UMC9C0 |   79050772203 |             0 |             0 |             0 |             0 |             0 |             0 |             0 |             0 |             0 |             0 |             0 |             0 |             0 |             0 |             0 |             0 |             0 |             0 |             0 |             0 |             0 |             0 |             0 |             0 |             0 |             0 |             0 |             0 |             0 |             0 |             0 |             0 |             0 |             0 |             0 |             0 |             0 |             0 |             0 |             0 |             0 |             0 |             0 |             0 |             0 |             0 |             0 |             0 |             0 |             0 |             0 |             0 |             0 |             0 |             0 |             0 |             0 |             0 |             0 |             0 |             0 |             0 |             0 |             0 |             0 |             0 |             0 |             0 |             0 |             0 |             0 |             0 |             0 |             0 |             0 |             0 |             0 |             0 |             0 |             0 |             0 |             0 |             0 |             0 |             0 |             0 |             0 |             0 |             0 |             0 |             0 |             0 |             0 |             0 |             0 |   45938453731 |             0 |             0 |             0 |             0 |             0 |             0 |             0 |             0 |             0 |             0 |             0 |             0 |             0 |             0 |             0 |             0 |             0 |             0 |             0 |             0 |             0 |             0 |             0 |             0 |             0 |             0 |             0 |             0 |             0 |             0 |             0 |             0 |             0 |             0 |             0 |             0 |             0 |             0 |             0 |             0 |             0 |             0 |             0 |             0 |             0 |             0 |             0 |             0 |             0 |             0 |             0 |             0 |             0 |             0 |             0 |             0 |             0 |             0 |             0 |             0 |             0 |             0 |             0 |
|      CAS_CMD_WR      |  UMC9C1 |   33094389308 |             0 |             0 |             0 |             0 |             0 |             0 |             0 |             0 |             0 |             0 |             0 |             0 |             0 |             0 |             0 |             0 |             0 |             0 |             0 |             0 |             0 |             0 |             0 |             0 |             0 |             0 |             0 |             0 |             0 |             0 |             0 |             0 |             0 |             0 |             0 |             0 |             0 |             0 |             0 |             0 |             0 |             0 |             0 |             0 |             0 |             0 |             0 |             0 |             0 |             0 |             0 |             0 |             0 |             0 |             0 |             0 |             0 |             0 |             0 |             0 |             0 |             0 |             0 |             0 |             0 |             0 |             0 |             0 |             0 |             0 |             0 |             0 |             0 |             0 |             0 |             0 |             0 |             0 |             0 |             0 |             0 |             0 |             0 |             0 |             0 |             0 |             0 |             0 |             0 |             0 |             0 |             0 |             0 |             0 |             0 |   21841914632 |             0 |             0 |             0 |             0 |             0 |             0 |             0 |             0 |             0 |             0 |             0 |             0 |             0 |             0 |             0 |             0 |             0 |             0 |             0 |             0 |             0 |             0 |             0 |             0 |             0 |             0 |             0 |             0 |             0 |             0 |             0 |             0 |             0 |             0 |             0 |             0 |             0 |             0 |             0 |             0 |             0 |             0 |             0 |             0 |             0 |             0 |             0 |             0 |             0 |             0 |             0 |             0 |             0 |             0 |             0 |             0 |             0 |             0 |             0 |             0 |             0 |             0 |             0 |
|      CAS_CMD_RD      | UMC10C0 |   80397197633 |             0 |             0 |             0 |             0 |             0 |             0 |             0 |             0 |             0 |             0 |             0 |             0 |             0 |             0 |             0 |             0 |             0 |             0 |             0 |             0 |             0 |             0 |             0 |             0 |             0 |             0 |             0 |             0 |             0 |             0 |             0 |             0 |             0 |             0 |             0 |             0 |             0 |             0 |             0 |             0 |             0 |             0 |             0 |             0 |             0 |             0 |             0 |             0 |             0 |             0 |             0 |             0 |             0 |             0 |             0 |             0 |             0 |             0 |             0 |             0 |             0 |             0 |             0 |             0 |             0 |             0 |             0 |             0 |             0 |             0 |             0 |             0 |             0 |             0 |             0 |             0 |             0 |             0 |             0 |             0 |             0 |             0 |             0 |             0 |             0 |             0 |             0 |             0 |             0 |             0 |             0 |             0 |             0 |             0 |             0 |   45882076567 |             0 |             0 |             0 |             0 |             0 |             0 |             0 |             0 |             0 |             0 |             0 |             0 |             0 |             0 |             0 |             0 |             0 |             0 |             0 |             0 |             0 |             0 |             0 |             0 |             0 |             0 |             0 |             0 |             0 |             0 |             0 |             0 |             0 |             0 |             0 |             0 |             0 |             0 |             0 |             0 |             0 |             0 |             0 |             0 |             0 |             0 |             0 |             0 |             0 |             0 |             0 |             0 |             0 |             0 |             0 |             0 |             0 |             0 |             0 |             0 |             0 |             0 |             0 |
|      CAS_CMD_WR      | UMC10C1 |   33061337165 |             0 |             0 |             0 |             0 |             0 |             0 |             0 |             0 |             0 |             0 |             0 |             0 |             0 |             0 |             0 |             0 |             0 |             0 |             0 |             0 |             0 |             0 |             0 |             0 |             0 |             0 |             0 |             0 |             0 |             0 |             0 |             0 |             0 |             0 |             0 |             0 |             0 |             0 |             0 |             0 |             0 |             0 |             0 |             0 |             0 |             0 |             0 |             0 |             0 |             0 |             0 |             0 |             0 |             0 |             0 |             0 |             0 |             0 |             0 |             0 |             0 |             0 |             0 |             0 |             0 |             0 |             0 |             0 |             0 |             0 |             0 |             0 |             0 |             0 |             0 |             0 |             0 |             0 |             0 |             0 |             0 |             0 |             0 |             0 |             0 |             0 |             0 |             0 |             0 |             0 |             0 |             0 |             0 |             0 |             0 |   21825401356 |             0 |             0 |             0 |             0 |             0 |             0 |             0 |             0 |             0 |             0 |             0 |             0 |             0 |             0 |             0 |             0 |             0 |             0 |             0 |             0 |             0 |             0 |             0 |             0 |             0 |             0 |             0 |             0 |             0 |             0 |             0 |             0 |             0 |             0 |             0 |             0 |             0 |             0 |             0 |             0 |             0 |             0 |             0 |             0 |             0 |             0 |             0 |             0 |             0 |             0 |             0 |             0 |             0 |             0 |             0 |             0 |             0 |             0 |             0 |             0 |             0 |             0 |             0 |
|      CAS_CMD_RD      | UMC11C0 |   79576342323 |             0 |             0 |             0 |             0 |             0 |             0 |             0 |             0 |             0 |             0 |             0 |             0 |             0 |             0 |             0 |             0 |             0 |             0 |             0 |             0 |             0 |             0 |             0 |             0 |             0 |             0 |             0 |             0 |             0 |             0 |             0 |             0 |             0 |             0 |             0 |             0 |             0 |             0 |             0 |             0 |             0 |             0 |             0 |             0 |             0 |             0 |             0 |             0 |             0 |             0 |             0 |             0 |             0 |             0 |             0 |             0 |             0 |             0 |             0 |             0 |             0 |             0 |             0 |             0 |             0 |             0 |             0 |             0 |             0 |             0 |             0 |             0 |             0 |             0 |             0 |             0 |             0 |             0 |             0 |             0 |             0 |             0 |             0 |             0 |             0 |             0 |             0 |             0 |             0 |             0 |             0 |             0 |             0 |             0 |             0 |   45973221254 |             0 |             0 |             0 |             0 |             0 |             0 |             0 |             0 |             0 |             0 |             0 |             0 |             0 |             0 |             0 |             0 |             0 |             0 |             0 |             0 |             0 |             0 |             0 |             0 |             0 |             0 |             0 |             0 |             0 |             0 |             0 |             0 |             0 |             0 |             0 |             0 |             0 |             0 |             0 |             0 |             0 |             0 |             0 |             0 |             0 |             0 |             0 |             0 |             0 |             0 |             0 |             0 |             0 |             0 |             0 |             0 |             0 |             0 |             0 |             0 |             0 |             0 |             0 |
|      CAS_CMD_WR      | UMC11C1 |   33059768794 |             0 |             0 |             0 |             0 |             0 |             0 |             0 |             0 |             0 |             0 |             0 |             0 |             0 |             0 |             0 |             0 |             0 |             0 |             0 |             0 |             0 |             0 |             0 |             0 |             0 |             0 |             0 |             0 |             0 |             0 |             0 |             0 |             0 |             0 |             0 |             0 |             0 |             0 |             0 |             0 |             0 |             0 |             0 |             0 |             0 |             0 |             0 |             0 |             0 |             0 |             0 |             0 |             0 |             0 |             0 |             0 |             0 |             0 |             0 |             0 |             0 |             0 |             0 |             0 |             0 |             0 |             0 |             0 |             0 |             0 |             0 |             0 |             0 |             0 |             0 |             0 |             0 |             0 |             0 |             0 |             0 |             0 |             0 |             0 |             0 |             0 |             0 |             0 |             0 |             0 |             0 |             0 |             0 |             0 |             0 |   21852722912 |             0 |             0 |             0 |             0 |             0 |             0 |             0 |             0 |             0 |             0 |             0 |             0 |             0 |             0 |             0 |             0 |             0 |             0 |             0 |             0 |             0 |             0 |             0 |             0 |             0 |             0 |             0 |             0 |             0 |             0 |             0 |             0 |             0 |             0 |             0 |             0 |             0 |             0 |             0 |             0 |             0 |             0 |             0 |             0 |             0 |             0 |             0 |             0 |             0 |             0 |             0 |             0 |             0 |             0 |             0 |             0 |             0 |             0 |             0 |             0 |             0 |             0 |             0 |
+----------------------+---------+---------------+---------------+---------------+---------------+---------------+---------------+---------------+---------------+---------------+---------------+---------------+---------------+---------------+---------------+---------------+---------------+---------------+---------------+---------------+---------------+---------------+---------------+---------------+---------------+---------------+---------------+---------------+---------------+---------------+---------------+---------------+---------------+---------------+---------------+---------------+---------------+---------------+---------------+---------------+---------------+---------------+---------------+---------------+---------------+---------------+---------------+---------------+---------------+---------------+---------------+---------------+---------------+---------------+---------------+---------------+---------------+---------------+---------------+---------------+---------------+---------------+---------------+---------------+---------------+---------------+---------------+---------------+---------------+---------------+---------------+---------------+---------------+---------------+---------------+---------------+---------------+---------------+---------------+---------------+---------------+---------------+---------------+---------------+---------------+---------------+---------------+---------------+---------------+---------------+---------------+---------------+---------------+---------------+---------------+---------------+---------------+---------------+---------------+---------------+---------------+---------------+---------------+---------------+---------------+---------------+---------------+---------------+---------------+---------------+---------------+---------------+---------------+---------------+---------------+---------------+---------------+---------------+---------------+---------------+---------------+---------------+---------------+---------------+---------------+---------------+---------------+---------------+---------------+---------------+---------------+---------------+---------------+---------------+---------------+---------------+---------------+---------------+---------------+---------------+---------------+---------------+---------------+---------------+---------------+---------------+---------------+---------------+---------------+---------------+---------------+---------------+---------------+---------------+---------------+---------------+---------------+---------------+---------------+---------------+---------------+

+---------------------------+---------+-----------------+---------------+---------------+--------------+
|           Event           | Counter |       Sum       |      Min      |      Max      |      Avg     |
+---------------------------+---------+-----------------+---------------+---------------+--------------+
|   ACTUAL_CPU_CLOCK STAT   |  FIXC1  | 743183028719404 | 2560289151563 | 5807969627664 | 4.644894e+12 |
|     MAX_CPU_CLOCK STAT    |  FIXC2  | 527320936332996 | 2077648687478 | 4082752218792 | 3.295756e+12 |
| RETIRED_INSTRUCTIONS STAT |   PMC0  | 107760995461739 |  464692545013 | 1301492139894 | 6.735062e+11 |
|  CPU_CLOCKS_UNHALTED STAT |   PMC1  | 681103277002594 | 2428768358211 | 5120904810939 | 4.256895e+12 |
|      CAS_CMD_RD STAT      |  UMC0C0 |    124280214657 |             0 |   78091314309 | 7.767513e+08 |
|      CAS_CMD_WR STAT      |  UMC0C1 |     55044139406 |             0 |   33079319149 | 3.440259e+08 |
|      CAS_CMD_RD STAT      |  UMC1C0 |    124790902249 |             0 |   78489713527 | 7.799431e+08 |
|      CAS_CMD_WR STAT      |  UMC1C1 |     55090364473 |             0 |   33090254235 | 3.443148e+08 |
|      CAS_CMD_RD STAT      |  UMC2C0 |    124045779521 |             0 |   77913229172 | 7.752861e+08 |
|      CAS_CMD_WR STAT      |  UMC2C1 |     54952292248 |             0 |   33018464861 | 3.434518e+08 |
|      CAS_CMD_RD STAT      |  UMC3C0 |    124250108743 |             0 |   78067789039 | 7.765632e+08 |
|      CAS_CMD_WR STAT      |  UMC3C1 |     54996464542 |             0 |   33044293076 | 3.437279e+08 |
|      CAS_CMD_RD STAT      |  UMC4C0 |    124519632298 |             0 |   78369532571 | 7.782477e+08 |
|      CAS_CMD_WR STAT      |  UMC4C1 |     54973607588 |             0 |   33071024605 | 3.435850e+08 |
|      CAS_CMD_RD STAT      |  UMC5C0 |    124290635894 |             0 |   77919402533 | 7.768165e+08 |
|      CAS_CMD_WR STAT      |  UMC5C1 |     55062458672 |             0 |   33001741896 | 3.441404e+08 |
|      CAS_CMD_RD STAT      |  UMC6C0 |    125308806577 |             0 |   79265622804 | 7.831800e+08 |
|      CAS_CMD_WR STAT      |  UMC6C1 |     54972521932 |             0 |   33090840290 | 3.435783e+08 |
|      CAS_CMD_RD STAT      |  UMC7C0 |    125501613154 |             0 |   79384689180 | 7.843851e+08 |
|      CAS_CMD_WR STAT      |  UMC7C1 |     55009331070 |             0 |   33084699292 | 3.438083e+08 |
|      CAS_CMD_RD STAT      |  UMC8C0 |    125769284098 |             0 |   79469698899 | 7.860580e+08 |
|      CAS_CMD_WR STAT      |  UMC8C1 |     55062947042 |             0 |   33089489790 | 3.441434e+08 |
|      CAS_CMD_RD STAT      |  UMC9C0 |    124989225934 |             0 |   79050772203 | 7.811827e+08 |
|      CAS_CMD_WR STAT      |  UMC9C1 |     54936303940 |             0 |   33094389308 | 3.433519e+08 |
|      CAS_CMD_RD STAT      | UMC10C0 |    126279274200 |             0 |   80397197633 | 7.892455e+08 |
|      CAS_CMD_WR STAT      | UMC10C1 |     54886738521 |             0 |   33061337165 | 3.430421e+08 |
|      CAS_CMD_RD STAT      | UMC11C0 |    125549563577 |             0 |   79576342323 | 7.846848e+08 |
|      CAS_CMD_WR STAT      | UMC11C1 |     54912491706 |             0 |   33059768794 | 3.432031e+08 |
+---------------------------+---------+-----------------+---------------+---------------+--------------+

+-----------------------------------+------------+------------+------------+------------+------------+------------+------------+------------+------------+------------+-------------+-------------+-------------+-------------+-------------+-------------+-------------+-------------+-------------+-------------+-------------+-------------+-------------+-------------+-------------+-------------+-------------+-------------+-------------+-------------+-------------+-------------+-------------+-------------+-------------+-------------+-------------+-------------+-------------+-------------+-------------+-------------+-------------+-------------+-------------+-------------+-------------+-------------+-------------+-------------+-------------+-------------+-------------+-------------+-------------+-------------+-------------+-------------+-------------+-------------+-------------+-------------+-------------+-------------+-------------+-------------+-------------+-------------+-------------+-------------+-------------+-------------+-------------+-------------+-------------+-------------+-------------+-------------+-------------+-------------+-------------+-------------+-------------+-------------+-------------+-------------+-------------+-------------+-------------+-------------+-------------+-------------+-------------+-------------+-------------+-------------+-------------+-------------+-------------+-------------+--------------+--------------+--------------+--------------+--------------+--------------+--------------+--------------+--------------+--------------+--------------+--------------+--------------+--------------+--------------+--------------+--------------+--------------+--------------+--------------+--------------+--------------+--------------+--------------+--------------+--------------+--------------+--------------+--------------+--------------+--------------+--------------+--------------+--------------+--------------+--------------+--------------+--------------+--------------+--------------+--------------+--------------+--------------+--------------+--------------+--------------+--------------+--------------+--------------+--------------+--------------+--------------+--------------+--------------+--------------+--------------+--------------+--------------+--------------+--------------+
|               Metric              | HWThread 0 | HWThread 1 | HWThread 2 | HWThread 3 | HWThread 4 | HWThread 5 | HWThread 6 | HWThread 7 | HWThread 8 | HWThread 9 | HWThread 10 | HWThread 11 | HWThread 12 | HWThread 13 | HWThread 14 | HWThread 15 | HWThread 16 | HWThread 17 | HWThread 18 | HWThread 19 | HWThread 20 | HWThread 21 | HWThread 22 | HWThread 23 | HWThread 24 | HWThread 25 | HWThread 26 | HWThread 27 | HWThread 28 | HWThread 29 | HWThread 30 | HWThread 31 | HWThread 32 | HWThread 33 | HWThread 34 | HWThread 35 | HWThread 36 | HWThread 37 | HWThread 38 | HWThread 39 | HWThread 40 | HWThread 41 | HWThread 42 | HWThread 43 | HWThread 44 | HWThread 45 | HWThread 46 | HWThread 47 | HWThread 48 | HWThread 49 | HWThread 50 | HWThread 51 | HWThread 52 | HWThread 53 | HWThread 54 | HWThread 55 | HWThread 56 | HWThread 57 | HWThread 58 | HWThread 59 | HWThread 60 | HWThread 61 | HWThread 62 | HWThread 63 | HWThread 64 | HWThread 65 | HWThread 66 | HWThread 67 | HWThread 68 | HWThread 69 | HWThread 70 | HWThread 71 | HWThread 72 | HWThread 73 | HWThread 74 | HWThread 75 | HWThread 76 | HWThread 77 | HWThread 78 | HWThread 79 | HWThread 80 | HWThread 81 | HWThread 82 | HWThread 83 | HWThread 84 | HWThread 85 | HWThread 86 | HWThread 87 | HWThread 88 | HWThread 89 | HWThread 90 | HWThread 91 | HWThread 92 | HWThread 93 | HWThread 94 | HWThread 95 | HWThread 96 | HWThread 97 | HWThread 98 | HWThread 99 | HWThread 100 | HWThread 101 | HWThread 102 | HWThread 103 | HWThread 104 | HWThread 105 | HWThread 106 | HWThread 107 | HWThread 108 | HWThread 109 | HWThread 110 | HWThread 111 | HWThread 112 | HWThread 113 | HWThread 114 | HWThread 115 | HWThread 116 | HWThread 117 | HWThread 118 | HWThread 119 | HWThread 120 | HWThread 121 | HWThread 122 | HWThread 123 | HWThread 124 | HWThread 125 | HWThread 126 | HWThread 127 | HWThread 128 | HWThread 129 | HWThread 130 | HWThread 131 | HWThread 132 | HWThread 133 | HWThread 134 | HWThread 135 | HWThread 136 | HWThread 137 | HWThread 138 | HWThread 139 | HWThread 140 | HWThread 141 | HWThread 142 | HWThread 143 | HWThread 144 | HWThread 145 | HWThread 146 | HWThread 147 | HWThread 148 | HWThread 149 | HWThread 150 | HWThread 151 | HWThread 152 | HWThread 153 | HWThread 154 | HWThread 155 | HWThread 156 | HWThread 157 | HWThread 158 | HWThread 159 |
+-----------------------------------+------------+------------+------------+------------+------------+------------+------------+------------+------------+------------+-------------+-------------+-------------+-------------+-------------+-------------+-------------+-------------+-------------+-------------+-------------+-------------+-------------+-------------+-------------+-------------+-------------+-------------+-------------+-------------+-------------+-------------+-------------+-------------+-------------+-------------+-------------+-------------+-------------+-------------+-------------+-------------+-------------+-------------+-------------+-------------+-------------+-------------+-------------+-------------+-------------+-------------+-------------+-------------+-------------+-------------+-------------+-------------+-------------+-------------+-------------+-------------+-------------+-------------+-------------+-------------+-------------+-------------+-------------+-------------+-------------+-------------+-------------+-------------+-------------+-------------+-------------+-------------+-------------+-------------+-------------+-------------+-------------+-------------+-------------+-------------+-------------+-------------+-------------+-------------+-------------+-------------+-------------+-------------+-------------+-------------+-------------+-------------+-------------+-------------+--------------+--------------+--------------+--------------+--------------+--------------+--------------+--------------+--------------+--------------+--------------+--------------+--------------+--------------+--------------+--------------+--------------+--------------+--------------+--------------+--------------+--------------+--------------+--------------+--------------+--------------+--------------+--------------+--------------+--------------+--------------+--------------+--------------+--------------+--------------+--------------+--------------+--------------+--------------+--------------+--------------+--------------+--------------+--------------+--------------+--------------+--------------+--------------+--------------+--------------+--------------+--------------+--------------+--------------+--------------+--------------+--------------+--------------+--------------+--------------+
|        Runtime (RDTSC) [s]        |  1576.3431 |  1576.3431 |  1576.3431 |  1576.3431 |  1576.3431 |  1576.3431 |  1576.3431 |  1576.3431 |  1576.3431 |  1576.3431 |   1576.3431 |   1576.3431 |   1576.3431 |   1576.3431 |   1576.3431 |   1576.3431 |   1576.3431 |   1576.3431 |   1576.3431 |   1576.3431 |   1576.3431 |   1576.3431 |   1576.3431 |   1576.3431 |   1576.3431 |   1576.3431 |   1576.3431 |   1576.3431 |   1576.3431 |   1576.3431 |   1576.3431 |   1576.3431 |   1576.3431 |   1576.3431 |   1576.3431 |   1576.3431 |   1576.3431 |   1576.3431 |   1576.3431 |   1576.3431 |   1576.3431 |   1576.3431 |   1576.3431 |   1576.3431 |   1576.3431 |   1576.3431 |   1576.3431 |   1576.3431 |   1576.3431 |   1576.3431 |   1576.3431 |   1576.3431 |   1576.3431 |   1576.3431 |   1576.3431 |   1576.3431 |   1576.3431 |   1576.3431 |   1576.3431 |   1576.3431 |   1576.3431 |   1576.3431 |   1576.3431 |   1576.3431 |   1576.3431 |   1576.3431 |   1576.3431 |   1576.3431 |   1576.3431 |   1576.3431 |   1576.3431 |   1576.3431 |   1576.3431 |   1576.3431 |   1576.3431 |   1576.3431 |   1576.3431 |   1576.3431 |   1576.3431 |   1576.3431 |   1576.3431 |   1576.3431 |   1576.3431 |   1576.3431 |   1576.3431 |   1576.3431 |   1576.3431 |   1576.3431 |   1576.3431 |   1576.3431 |   1576.3431 |   1576.3431 |   1576.3431 |   1576.3431 |   1576.3431 |   1576.3431 |   1576.3431 |   1576.3431 |   1576.3431 |   1576.3431 |    1576.3431 |    1576.3431 |    1576.3431 |    1576.3431 |    1576.3431 |    1576.3431 |    1576.3431 |    1576.3431 |    1576.3431 |    1576.3431 |    1576.3431 |    1576.3431 |    1576.3431 |    1576.3431 |    1576.3431 |    1576.3431 |    1576.3431 |    1576.3431 |    1576.3431 |    1576.3431 |    1576.3431 |    1576.3431 |    1576.3431 |    1576.3431 |    1576.3431 |    1576.3431 |    1576.3431 |    1576.3431 |    1576.3431 |    1576.3431 |    1576.3431 |    1576.3431 |    1576.3431 |    1576.3431 |    1576.3431 |    1576.3431 |    1576.3431 |    1576.3431 |    1576.3431 |    1576.3431 |    1576.3431 |    1576.3431 |    1576.3431 |    1576.3431 |    1576.3431 |    1576.3431 |    1576.3431 |    1576.3431 |    1576.3431 |    1576.3431 |    1576.3431 |    1576.3431 |    1576.3431 |    1576.3431 |    1576.3431 |    1576.3431 |    1576.3431 |    1576.3431 |    1576.3431 |    1576.3431 |
|        Runtime unhalted [s]       |  2233.8382 |  1993.9418 |  1981.2251 |  1988.5827 |  1991.7802 |  1986.7088 |  1989.7056 |  1992.8250 |  1799.1435 |  1833.1538 |   1744.4429 |   1777.6103 |   1776.0210 |   1806.2542 |   1819.3221 |   1780.5779 |   1933.3202 |   1941.5696 |   1930.1873 |   1938.4382 |   1934.1583 |   1937.2887 |   1949.5284 |   1958.9484 |   1987.1908 |   1982.4791 |   1979.2252 |   1983.9742 |   1977.3994 |   1987.1290 |   1977.9405 |   1987.2443 |   1870.4231 |   1887.1661 |   1896.6822 |   1863.9568 |   1912.2353 |   1922.2206 |   1910.7231 |   1927.4660 |   1937.7834 |   1950.7969 |   1936.7662 |   1950.8732 |   1946.5983 |   1952.5883 |   1960.4159 |   1962.4200 |   1304.1190 |   1239.2625 |   1153.2215 |   1223.5293 |   1218.1180 |   1226.3274 |   1224.6247 |   1242.0731 |   1023.7888 |   1046.9202 |   1048.0844 |   1026.6310 |   1052.9610 |    984.7283 |   1069.8620 |   1153.6761 |   1246.9272 |   1266.3791 |   1243.9215 |   1246.0081 |   1255.2931 |   1262.1448 |   1281.1234 |   1307.5051 |   1667.1616 |   1668.9963 |   1654.0339 |   1675.8667 |   1667.0782 |   1656.2331 |   1693.3988 |   1684.9986 |   1598.1392 |   1604.6651 |   1585.6933 |   1594.8112 |   1606.1019 |   1600.8144 |   1627.6911 |   1644.9401 |   1576.2847 |   1593.8967 |   1569.0887 |   1592.6021 |   1582.4683 |   1592.4657 |   1619.9838 |   1625.3762 |   1959.8854 |   1960.9224 |   1910.8535 |   1964.4129 |    1972.0669 |    1929.8342 |    1951.9426 |    1971.7196 |    1861.9604 |    1819.1290 |    1929.7901 |    1845.3240 |    1945.0679 |    1933.8908 |    1910.5947 |    1952.0351 |    1981.1578 |    1980.5749 |    1980.6533 |    1984.1020 |    1983.0824 |    1981.3739 |    1981.5012 |    1984.0058 |    1985.6462 |    1987.2028 |    1985.7740 |    1986.5157 |    1986.5067 |    1992.4296 |    1987.0748 |    1984.6628 |    1983.8618 |    1984.6470 |    1983.8640 |    1983.1290 |    1982.8400 |    1986.3531 |    1989.7485 |    1983.1377 |    1984.3556 |    1983.7928 |    1984.1369 |    1981.9841 |    1981.9691 |    1984.4563 |    1983.7538 |    1981.9905 |    1980.9386 |    1980.9282 |    1980.8418 |    1980.8919 |    1980.8558 |    1983.7710 |    1982.4993 |    1980.9277 |    1980.4866 |    1985.2185 |    1981.6825 |    1989.7340 |    1967.8241 |    1927.1141 |    1925.1577 |    1915.2322 |
|            Clock [MHz]            |  3698.6559 |  3670.3648 |  3690.8103 |  3685.5374 |  3683.4238 |  3687.1394 |  3685.4857 |  3682.4371 |  3665.4273 |  3662.5799 |   3646.6745 |   3654.5026 |   3658.1354 |   3659.8004 |   3663.1982 |   3650.3729 |   3687.3444 |   3687.8430 |   3689.8455 |   3687.1978 |   3687.2991 |   3692.0383 |   3687.2485 |   3688.4705 |   3681.4233 |   3687.4000 |   3687.6522 |   3686.5725 |   3689.1603 |   3683.2707 |   3692.9042 |   3685.5780 |   3684.7876 |   3678.2713 |   3678.3591 |   3670.8396 |   3681.9513 |   3679.7411 |   3679.8845 |   3681.9920 |   3688.2542 |   3684.4554 |   3687.9571 |   3686.1743 |   3686.7756 |   3683.1636 |   3689.7251 |   3686.1497 |   3575.1213 |   3567.2243 |   3465.6107 |   3554.1194 |   3549.4263 |   3547.3418 |   3544.6607 |   3563.8981 |   3255.6538 |   3300.8851 |   3297.6015 |   3251.3532 |   3315.5658 |   3203.9780 |   3328.8615 |   3447.9961 |   3589.9394 |   3621.3627 |   3589.7234 |   3587.1089 |   3591.5541 |   3602.3565 |   3629.4604 |   3649.6457 |   3682.3105 |   3685.2419 |   3679.0349 |   3679.6735 |   3684.4067 |   3685.3288 |   3683.5277 |   3685.5900 |   3677.3075 |   3682.6074 |   3676.9691 |   3672.0923 |   3681.3826 |   3681.5246 |   3678.2858 |   3686.3966 |   3686.1778 |   3684.7360 |   3685.5452 |   3680.4628 |   3681.3359 |   3683.8720 |   3680.4646 |   3681.6422 |   3677.1938 |   3688.4039 |   3663.4547 |   3686.3465 |    3689.1382 |    3671.5613 |    3681.9503 |    3688.4835 |    3635.1540 |    3618.2238 |    3670.6417 |    3624.1182 |    3682.0080 |    3674.5783 |    3666.2856 |    3678.2726 |    3692.9339 |    3694.8225 |    3694.0675 |    3693.0789 |    3693.9492 |    3694.7462 |    3695.9422 |    3694.3437 |    3693.7236 |    3691.9404 |    3693.8338 |    3693.0284 |    3692.7790 |    3687.8053 |    3692.1709 |    3694.5490 |    3694.8597 |    3694.0629 |    3694.3731 |    3695.0823 |    3695.5020 |    3692.7702 |    3688.9969 |    3695.4881 |    3694.6910 |    3695.0916 |    3694.9020 |    3696.5947 |    3696.6639 |    3694.6102 |    3695.5062 |    3696.5895 |    3696.4823 |    3696.4896 |    3696.4089 |    3696.4803 |    3696.4140 |    3693.6382 |    3694.8503 |    3696.5115 |    3696.3861 |    3692.0924 |    3695.6119 |    3687.8576 |    3690.3834 |    3691.7994 |    3693.0826 |    3683.5628 |
|                CPI                |     3.9346 |     6.7553 |     6.7499 |     6.7501 |     6.7549 |     6.7535 |     6.7753 |     6.7777 |     5.9551 |     6.0673 |      5.7916 |      5.8789 |      5.8963 |      5.9877 |      6.0288 |      5.9136 |      6.5542 |      6.5834 |      6.5615 |      6.5673 |      6.5524 |      6.5823 |      6.6029 |      6.6495 |      6.7446 |      6.7576 |      6.7448 |      6.7573 |      6.7836 |      6.8039 |      6.8080 |      6.8144 |      6.2724 |      6.2969 |      6.3255 |      6.2249 |      6.3701 |      6.4005 |      6.3769 |      6.4196 |      6.6430 |      6.6746 |      6.6499 |      6.6849 |      6.6693 |      6.6821 |      6.7339 |      6.7465 |      4.5801 |      4.4417 |      4.1301 |      4.3785 |      4.3629 |      4.3793 |      4.3739 |      4.4330 |      3.4970 |      3.6094 |      3.6146 |      3.5274 |      3.6303 |      3.4021 |      3.6864 |      3.9427 |      4.4700 |      4.5397 |      4.4593 |      4.4598 |      4.4847 |      4.5137 |      4.5872 |      4.6728 |      5.7552 |      5.7566 |      5.6960 |      5.7706 |      5.7568 |      5.7131 |      5.8335 |      5.8153 |      5.2946 |      5.3216 |      5.2550 |      5.2748 |      5.3218 |      5.3070 |      5.3839 |      5.4394 |      5.4710 |      5.5265 |      5.4513 |      5.5083 |      5.4717 |      5.5150 |      5.6222 |      5.6083 |      7.4463 |      7.5022 |      7.2591 |      7.5177 |       7.5396 |       7.3419 |       7.4422 |       7.5486 |       6.6976 |       6.5533 |       6.9870 |       6.6243 |       7.0636 |       7.0138 |       6.9296 |       7.0981 |       7.3909 |       7.4159 |       7.3990 |       7.4366 |       7.4319 |       7.4350 |       7.4398 |       7.4460 |       7.8003 |       7.7876 |       7.8054 |       7.8081 |       7.8087 |       7.8100 |       7.7956 |       7.8155 |       7.6317 |       7.6464 |       7.6610 |       7.6581 |       7.6431 |       7.6315 |       7.6391 |       7.6681 |       7.7398 |       7.7328 |       7.7334 |       7.7352 |       7.7311 |       7.7702 |       7.7604 |       7.7547 |       7.0774 |       7.0960 |       7.0553 |       7.0754 |       7.0513 |       7.0738 |       7.0700 |       7.0932 |       6.9886 |       7.0084 |       7.0138 |       7.1002 |       8.4377 |       8.8960 |       9.0577 |       9.7579 |
|  Memory read bandwidth [MBytes/s] | 38407.6916 |          0 |          0 |          0 |          0 |          0 |          0 |          0 |          0 |          0 |           0 |           0 |           0 |           0 |           0 |           0 |           0 |           0 |           0 |           0 |           0 |           0 |           0 |           0 |           0 |           0 |           0 |           0 |           0 |           0 |           0 |           0 |           0 |           0 |           0 |           0 |           0 |           0 |           0 |           0 |           0 |           0 |           0 |           0 |           0 |           0 |           0 |           0 |           0 |           0 |           0 |           0 |           0 |           0 |           0 |           0 |           0 |           0 |           0 |           0 |           0 |           0 |           0 |           0 |           0 |           0 |           0 |           0 |           0 |           0 |           0 |           0 |           0 |           0 |           0 |           0 |           0 |           0 |           0 |           0 |           0 |           0 |           0 |           0 |           0 |           0 |           0 |           0 |           0 |           0 |           0 |           0 |           0 |           0 |           0 |           0 |  22475.5025 |           0 |           0 |           0 |            0 |            0 |            0 |            0 |            0 |            0 |            0 |            0 |            0 |            0 |            0 |            0 |            0 |            0 |            0 |            0 |            0 |            0 |            0 |            0 |            0 |            0 |            0 |            0 |            0 |            0 |            0 |            0 |            0 |            0 |            0 |            0 |            0 |            0 |            0 |            0 |            0 |            0 |            0 |            0 |            0 |            0 |            0 |            0 |            0 |            0 |            0 |            0 |            0 |            0 |            0 |            0 |            0 |            0 |            0 |            0 |            0 |            0 |            0 |            0 |
|  Memory read data volume [GBytes] | 60543.6995 |          0 |          0 |          0 |          0 |          0 |          0 |          0 |          0 |          0 |           0 |           0 |           0 |           0 |           0 |           0 |           0 |           0 |           0 |           0 |           0 |           0 |           0 |           0 |           0 |           0 |           0 |           0 |           0 |           0 |           0 |           0 |           0 |           0 |           0 |           0 |           0 |           0 |           0 |           0 |           0 |           0 |           0 |           0 |           0 |           0 |           0 |           0 |           0 |           0 |           0 |           0 |           0 |           0 |           0 |           0 |           0 |           0 |           0 |           0 |           0 |           0 |           0 |           0 |           0 |           0 |           0 |           0 |           0 |           0 |           0 |           0 |           0 |           0 |           0 |           0 |           0 |           0 |           0 |           0 |           0 |           0 |           0 |           0 |           0 |           0 |           0 |           0 |           0 |           0 |           0 |           0 |           0 |           0 |           0 |           0 |  35429.1031 |           0 |           0 |           0 |            0 |            0 |            0 |            0 |            0 |            0 |            0 |            0 |            0 |            0 |            0 |            0 |            0 |            0 |            0 |            0 |            0 |            0 |            0 |            0 |            0 |            0 |            0 |            0 |            0 |            0 |            0 |            0 |            0 |            0 |            0 |            0 |            0 |            0 |            0 |            0 |            0 |            0 |            0 |            0 |            0 |            0 |            0 |            0 |            0 |            0 |            0 |            0 |            0 |            0 |            0 |            0 |            0 |            0 |            0 |            0 |            0 |            0 |            0 |            0 |
| Memory write bandwidth [MBytes/s] | 16109.6146 |          0 |          0 |          0 |          0 |          0 |          0 |          0 |          0 |          0 |           0 |           0 |           0 |           0 |           0 |           0 |           0 |           0 |           0 |           0 |           0 |           0 |           0 |           0 |           0 |           0 |           0 |           0 |           0 |           0 |           0 |           0 |           0 |           0 |           0 |           0 |           0 |           0 |           0 |           0 |           0 |           0 |           0 |           0 |           0 |           0 |           0 |           0 |           0 |           0 |           0 |           0 |           0 |           0 |           0 |           0 |           0 |           0 |           0 |           0 |           0 |           0 |           0 |           0 |           0 |           0 |           0 |           0 |           0 |           0 |           0 |           0 |           0 |           0 |           0 |           0 |           0 |           0 |           0 |           0 |           0 |           0 |           0 |           0 |           0 |           0 |           0 |           0 |           0 |           0 |           0 |           0 |           0 |           0 |           0 |           0 |  10682.5085 |           0 |           0 |           0 |            0 |            0 |            0 |            0 |            0 |            0 |            0 |            0 |            0 |            0 |            0 |            0 |            0 |            0 |            0 |            0 |            0 |            0 |            0 |            0 |            0 |            0 |            0 |            0 |            0 |            0 |            0 |            0 |            0 |            0 |            0 |            0 |            0 |            0 |            0 |            0 |            0 |            0 |            0 |            0 |            0 |            0 |            0 |            0 |            0 |            0 |            0 |            0 |            0 |            0 |            0 |            0 |            0 |            0 |            0 |            0 |            0 |            0 |            0 |            0 |
| Memory write data volume [GBytes] | 25394.2798 |          0 |          0 |          0 |          0 |          0 |          0 |          0 |          0 |          0 |           0 |           0 |           0 |           0 |           0 |           0 |           0 |           0 |           0 |           0 |           0 |           0 |           0 |           0 |           0 |           0 |           0 |           0 |           0 |           0 |           0 |           0 |           0 |           0 |           0 |           0 |           0 |           0 |           0 |           0 |           0 |           0 |           0 |           0 |           0 |           0 |           0 |           0 |           0 |           0 |           0 |           0 |           0 |           0 |           0 |           0 |           0 |           0 |           0 |           0 |           0 |           0 |           0 |           0 |           0 |           0 |           0 |           0 |           0 |           0 |           0 |           0 |           0 |           0 |           0 |           0 |           0 |           0 |           0 |           0 |           0 |           0 |           0 |           0 |           0 |           0 |           0 |           0 |           0 |           0 |           0 |           0 |           0 |           0 |           0 |           0 |  16839.2985 |           0 |           0 |           0 |            0 |            0 |            0 |            0 |            0 |            0 |            0 |            0 |            0 |            0 |            0 |            0 |            0 |            0 |            0 |            0 |            0 |            0 |            0 |            0 |            0 |            0 |            0 |            0 |            0 |            0 |            0 |            0 |            0 |            0 |            0 |            0 |            0 |            0 |            0 |            0 |            0 |            0 |            0 |            0 |            0 |            0 |            0 |            0 |            0 |            0 |            0 |            0 |            0 |            0 |            0 |            0 |            0 |            0 |            0 |            0 |            0 |            0 |            0 |            0 |
|    Memory bandwidth [MBytes/s]    | 54517.3062 |          0 |          0 |          0 |          0 |          0 |          0 |          0 |          0 |          0 |           0 |           0 |           0 |           0 |           0 |           0 |           0 |           0 |           0 |           0 |           0 |           0 |           0 |           0 |           0 |           0 |           0 |           0 |           0 |           0 |           0 |           0 |           0 |           0 |           0 |           0 |           0 |           0 |           0 |           0 |           0 |           0 |           0 |           0 |           0 |           0 |           0 |           0 |           0 |           0 |           0 |           0 |           0 |           0 |           0 |           0 |           0 |           0 |           0 |           0 |           0 |           0 |           0 |           0 |           0 |           0 |           0 |           0 |           0 |           0 |           0 |           0 |           0 |           0 |           0 |           0 |           0 |           0 |           0 |           0 |           0 |           0 |           0 |           0 |           0 |           0 |           0 |           0 |           0 |           0 |           0 |           0 |           0 |           0 |           0 |           0 |  33158.0109 |           0 |           0 |           0 |            0 |            0 |            0 |            0 |            0 |            0 |            0 |            0 |            0 |            0 |            0 |            0 |            0 |            0 |            0 |            0 |            0 |            0 |            0 |            0 |            0 |            0 |            0 |            0 |            0 |            0 |            0 |            0 |            0 |            0 |            0 |            0 |            0 |            0 |            0 |            0 |            0 |            0 |            0 |            0 |            0 |            0 |            0 |            0 |            0 |            0 |            0 |            0 |            0 |            0 |            0 |            0 |            0 |            0 |            0 |            0 |            0 |            0 |            0 |            0 |
|    Memory data volume [GBytes]    | 85937.9793 |          0 |          0 |          0 |          0 |          0 |          0 |          0 |          0 |          0 |           0 |           0 |           0 |           0 |           0 |           0 |           0 |           0 |           0 |           0 |           0 |           0 |           0 |           0 |           0 |           0 |           0 |           0 |           0 |           0 |           0 |           0 |           0 |           0 |           0 |           0 |           0 |           0 |           0 |           0 |           0 |           0 |           0 |           0 |           0 |           0 |           0 |           0 |           0 |           0 |           0 |           0 |           0 |           0 |           0 |           0 |           0 |           0 |           0 |           0 |           0 |           0 |           0 |           0 |           0 |           0 |           0 |           0 |           0 |           0 |           0 |           0 |           0 |           0 |           0 |           0 |           0 |           0 |           0 |           0 |           0 |           0 |           0 |           0 |           0 |           0 |           0 |           0 |           0 |           0 |           0 |           0 |           0 |           0 |           0 |           0 |  52268.4016 |           0 |           0 |           0 |            0 |            0 |            0 |            0 |            0 |            0 |            0 |            0 |            0 |            0 |            0 |            0 |            0 |            0 |            0 |            0 |            0 |            0 |            0 |            0 |            0 |            0 |            0 |            0 |            0 |            0 |            0 |            0 |            0 |            0 |            0 |            0 |            0 |            0 |            0 |            0 |            0 |            0 |            0 |            0 |            0 |            0 |            0 |            0 |            0 |            0 |            0 |            0 |            0 |            0 |            0 |            0 |            0 |            0 |            0 |            0 |            0 |            0 |            0 |            0 |
+-----------------------------------+------------+------------+------------+------------+------------+------------+------------+------------+------------+------------+-------------+-------------+-------------+-------------+-------------+-------------+-------------+-------------+-------------+-------------+-------------+-------------+-------------+-------------+-------------+-------------+-------------+-------------+-------------+-------------+-------------+-------------+-------------+-------------+-------------+-------------+-------------+-------------+-------------+-------------+-------------+-------------+-------------+-------------+-------------+-------------+-------------+-------------+-------------+-------------+-------------+-------------+-------------+-------------+-------------+-------------+-------------+-------------+-------------+-------------+-------------+-------------+-------------+-------------+-------------+-------------+-------------+-------------+-------------+-------------+-------------+-------------+-------------+-------------+-------------+-------------+-------------+-------------+-------------+-------------+-------------+-------------+-------------+-------------+-------------+-------------+-------------+-------------+-------------+-------------+-------------+-------------+-------------+-------------+-------------+-------------+-------------+-------------+-------------+-------------+--------------+--------------+--------------+--------------+--------------+--------------+--------------+--------------+--------------+--------------+--------------+--------------+--------------+--------------+--------------+--------------+--------------+--------------+--------------+--------------+--------------+--------------+--------------+--------------+--------------+--------------+--------------+--------------+--------------+--------------+--------------+--------------+--------------+--------------+--------------+--------------+--------------+--------------+--------------+--------------+--------------+--------------+--------------+--------------+--------------+--------------+--------------+--------------+--------------+--------------+--------------+--------------+--------------+--------------+--------------+--------------+--------------+--------------+--------------+--------------+

+----------------------------------------+-------------+-----------+------------+-----------+
|                 Metric                 |     Sum     |    Min    |     Max    |    Avg    |
+----------------------------------------+-------------+-----------+------------+-----------+
|        Runtime (RDTSC) [s] STAT        | 252214.8960 | 1576.3431 |  1576.3431 | 1576.3431 |
|        Runtime unhalted [s] STAT       | 285840.1070 |  984.7283 |  2233.8382 | 1786.5007 |
|            Clock [MHz] STAT            | 584674.0050 | 3203.9780 |  3698.6559 | 3654.2125 |
|                CPI STAT                |   1023.2359 |    3.4021 |     9.7579 |    6.3952 |
|  Memory read bandwidth [MBytes/s] STAT |  60883.1941 |         0 | 38407.6916 |  380.5200 |
|  Memory read data volume [GBytes] STAT |  95972.8026 |         0 | 60543.6995 |  599.8300 |
| Memory write bandwidth [MBytes/s] STAT |  26792.1231 |         0 | 16109.6146 |  167.4508 |
| Memory write data volume [GBytes] STAT |  42233.5783 |         0 | 25394.2798 |  263.9599 |
|    Memory bandwidth [MBytes/s] STAT    |  87675.3171 |         0 | 54517.3062 |  547.9707 |
|    Memory data volume [GBytes] STAT    | 138206.3809 |         0 | 85937.9793 |  863.7899 |
+----------------------------------------+-------------+-----------+------------+-----------+

