INFO: You are running LIKWID in a cpuset with 176 CPUs. Taking given IDs as logical ID in cpuset
--------------------------------------------------------------------------------
CPU name:	AMD EPYC 9A14 96-Core Processor                
CPU type:	AMD K19 (Zen4) architecture
CPU clock:	2.60 GHz
--------------------------------------------------------------------------------
Use symmetry. Molecule point group: Dooh
Norb: 18   Ne: (8, 8)
Running RHF...
SCF not converged.
SCF energy = -149.453202296794
Running FCI ...
Guessing CI wfn symmetry = 0
Num symmetry allowed elements 239373732
tol 1e-10  toloose 1e-05
max_cycle 100  max_space 12  max_memory 746649  incore True
    CPU time for contract_2e  13896.85 sec, wall time     88.72 sec
davidson 0 1  |r|= 0.965  e= [-177.41918315]  max|de|= -177  lindep=    1
    CPU time for contract_2e  13548.94 sec, wall time     88.50 sec
davidson 1 2  |r|= 0.477  e= [-177.66345341]  max|de|= -0.244  lindep= 0.976
    CPU time for contract_2e  13388.08 sec, wall time     88.51 sec
davidson 2 3  |r|= 0.189  e= [-177.71009544]  max|de|= -0.0466  lindep= 0.997
    CPU time for contract_2e  13398.25 sec, wall time     89.41 sec
davidson 3 4  |r|= 0.0734  e= [-177.71605069]  max|de|= -0.00596  lindep= 0.98
    CPU time for contract_2e  13452.96 sec, wall time     90.57 sec
davidson 4 5  |r|= 0.0317  e= [-177.71693538]  max|de|= -0.000885  lindep= 0.96
    CPU time for contract_2e  13328.22 sec, wall time     90.69 sec
davidson 5 6  |r|= 0.0142  e= [-177.71710364]  max|de|= -0.000168  lindep= 0.93
    CPU time for contract_2e  13343.61 sec, wall time     91.78 sec
davidson 6 7  |r|= 0.00606  e= [-177.71713434]  max|de|= -3.07e-05  lindep= 0.918
    CPU time for contract_2e  13344.06 sec, wall time     92.58 sec
davidson 7 8  |r|= 0.00244  e= [-177.71713934]  max|de|= -5e-06  lindep= 0.932
    CPU time for contract_2e  13522.80 sec, wall time     94.53 sec
davidson 8 9  |r|= 0.000953  e= [-177.71714013]  max|de|= -7.84e-07  lindep= 0.926
    CPU time for contract_2e  13490.75 sec, wall time     95.09 sec
davidson 9 10  |r|= 0.000379  e= [-177.71714025]  max|de|= -1.21e-07  lindep= 0.919
    CPU time for contract_2e  13482.28 sec, wall time     95.97 sec
davidson 10 11  |r|= 0.000155  e= [-177.71714027]  max|de|= -1.73e-08  lindep= 0.942
    CPU time for contract_2e  13472.04 sec, wall time     96.76 sec
davidson 11 12  |r|= 6.24e-05  e= [-177.71714027]  max|de|= -2.81e-09  lindep= 0.939
    CPU time for contract_2e  13469.31 sec, wall time     98.08 sec
davidson 12 1  |r|= 6.24e-05  e= [-177.71714027]  max|de|= 1.26e-11  lindep=    1
    CPU time for contract_2e  13422.20 sec, wall time     87.53 sec
davidson 13 2  |r|= 2.68e-05  e= [-177.71714027]  max|de|= -3.93e-10  lindep= 0.988
    CPU time for contract_2e  13460.08 sec, wall time     88.76 sec
davidson 14 3  |r|= 1.29e-05  e= [-177.71714027]  max|de|= -1.22e-10  lindep= 0.879
    CPU time for contract_2e  13405.45 sec, wall time     89.46 sec
root 0 converged  |r|= 5.47e-06  e= -177.7171402703181  max|de|= -2.3e-11
converged 15 4  |r|= 5.47e-06  e= [-177.71714027]  max|de|= -2.3e-11
--------------------------------------------------------------------------------
Group 1: MEM
+----------------------+---------+---------------+---------------+---------------+---------------+---------------+---------------+---------------+---------------+---------------+---------------+---------------+---------------+---------------+---------------+---------------+---------------+---------------+---------------+---------------+---------------+---------------+---------------+---------------+---------------+---------------+---------------+---------------+---------------+---------------+---------------+---------------+---------------+---------------+---------------+---------------+---------------+---------------+---------------+---------------+---------------+---------------+---------------+---------------+---------------+---------------+---------------+---------------+---------------+---------------+---------------+---------------+---------------+---------------+---------------+---------------+---------------+---------------+---------------+---------------+---------------+---------------+---------------+---------------+---------------+---------------+---------------+---------------+---------------+---------------+---------------+---------------+---------------+---------------+---------------+---------------+---------------+---------------+---------------+---------------+---------------+---------------+---------------+---------------+---------------+---------------+---------------+---------------+---------------+---------------+---------------+---------------+---------------+---------------+---------------+---------------+---------------+---------------+---------------+---------------+---------------+---------------+---------------+---------------+---------------+---------------+---------------+---------------+---------------+---------------+---------------+---------------+---------------+---------------+---------------+---------------+---------------+---------------+---------------+---------------+---------------+---------------+---------------+---------------+---------------+---------------+---------------+---------------+---------------+---------------+---------------+---------------+---------------+---------------+---------------+---------------+---------------+---------------+---------------+---------------+---------------+---------------+---------------+---------------+---------------+---------------+---------------+---------------+---------------+---------------+---------------+---------------+---------------+---------------+---------------+---------------+---------------+---------------+---------------+---------------+---------------+---------------+---------------+---------------+---------------+---------------+---------------+---------------+---------------+---------------+---------------+---------------+---------------+---------------+---------------+---------------+---------------+
|         Event        | Counter |   HWThread 0  |   HWThread 1  |   HWThread 2  |   HWThread 3  |   HWThread 4  |   HWThread 5  |   HWThread 6  |   HWThread 7  |   HWThread 8  |   HWThread 9  |  HWThread 10  |  HWThread 11  |  HWThread 12  |  HWThread 13  |  HWThread 14  |  HWThread 15  |  HWThread 16  |  HWThread 17  |  HWThread 18  |  HWThread 19  |  HWThread 20  |  HWThread 21  |  HWThread 22  |  HWThread 23  |  HWThread 24  |  HWThread 25  |  HWThread 26  |  HWThread 27  |  HWThread 28  |  HWThread 29  |  HWThread 30  |  HWThread 31  |  HWThread 32  |  HWThread 33  |  HWThread 34  |  HWThread 35  |  HWThread 36  |  HWThread 37  |  HWThread 38  |  HWThread 39  |  HWThread 40  |  HWThread 41  |  HWThread 42  |  HWThread 43  |  HWThread 44  |  HWThread 45  |  HWThread 46  |  HWThread 47  |  HWThread 48  |  HWThread 49  |  HWThread 50  |  HWThread 51  |  HWThread 52  |  HWThread 53  |  HWThread 54  |  HWThread 55  |  HWThread 56  |  HWThread 57  |  HWThread 58  |  HWThread 59  |  HWThread 60  |  HWThread 61  |  HWThread 62  |  HWThread 63  |  HWThread 64  |  HWThread 65  |  HWThread 66  |  HWThread 67  |  HWThread 68  |  HWThread 69  |  HWThread 70  |  HWThread 71  |  HWThread 72  |  HWThread 73  |  HWThread 74  |  HWThread 75  |  HWThread 76  |  HWThread 77  |  HWThread 78  |  HWThread 79  |  HWThread 80  |  HWThread 81  |  HWThread 82  |  HWThread 83  |  HWThread 84  |  HWThread 85  |  HWThread 86  |  HWThread 87  |  HWThread 88  |  HWThread 89  |  HWThread 90  |  HWThread 91  |  HWThread 92  |  HWThread 93  |  HWThread 94  |  HWThread 95  |  HWThread 96  |  HWThread 97  |  HWThread 98  |  HWThread 99  |  HWThread 100 |  HWThread 101 |  HWThread 102 |  HWThread 103 |  HWThread 104 |  HWThread 105 |  HWThread 106 |  HWThread 107 |  HWThread 108 |  HWThread 109 |  HWThread 110 |  HWThread 111 |  HWThread 112 |  HWThread 113 |  HWThread 114 |  HWThread 115 |  HWThread 116 |  HWThread 117 |  HWThread 118 |  HWThread 119 |  HWThread 120 |  HWThread 121 |  HWThread 122 |  HWThread 123 |  HWThread 124 |  HWThread 125 |  HWThread 126 |  HWThread 127 |  HWThread 128 |  HWThread 129 |  HWThread 130 |  HWThread 131 |  HWThread 132 |  HWThread 133 |  HWThread 134 |  HWThread 135 |  HWThread 136 |  HWThread 137 |  HWThread 138 |  HWThread 139 |  HWThread 140 |  HWThread 141 |  HWThread 142 |  HWThread 143 |  HWThread 144 |  HWThread 145 |  HWThread 146 |  HWThread 147 |  HWThread 148 |  HWThread 149 |  HWThread 150 |  HWThread 151 |  HWThread 152 |  HWThread 153 |  HWThread 154 |  HWThread 155 |  HWThread 156 |  HWThread 157 |  HWThread 158 |  HWThread 159 |  HWThread 160 |  HWThread 161 |  HWThread 162 |  HWThread 163 |  HWThread 164 |  HWThread 165 |  HWThread 166 |  HWThread 167 |  HWThread 168 |  HWThread 169 |  HWThread 170 |  HWThread 171 |  HWThread 172 |  HWThread 173 |  HWThread 174 |  HWThread 175 |
+----------------------+---------+---------------+---------------+---------------+---------------+---------------+---------------+---------------+---------------+---------------+---------------+---------------+---------------+---------------+---------------+---------------+---------------+---------------+---------------+---------------+---------------+---------------+---------------+---------------+---------------+---------------+---------------+---------------+---------------+---------------+---------------+---------------+---------------+---------------+---------------+---------------+---------------+---------------+---------------+---------------+---------------+---------------+---------------+---------------+---------------+---------------+---------------+---------------+---------------+---------------+---------------+---------------+---------------+---------------+---------------+---------------+---------------+---------------+---------------+---------------+---------------+---------------+---------------+---------------+---------------+---------------+---------------+---------------+---------------+---------------+---------------+---------------+---------------+---------------+---------------+---------------+---------------+---------------+---------------+---------------+---------------+---------------+---------------+---------------+---------------+---------------+---------------+---------------+---------------+---------------+---------------+---------------+---------------+---------------+---------------+---------------+---------------+---------------+---------------+---------------+---------------+---------------+---------------+---------------+---------------+---------------+---------------+---------------+---------------+---------------+---------------+---------------+---------------+---------------+---------------+---------------+---------------+---------------+---------------+---------------+---------------+---------------+---------------+---------------+---------------+---------------+---------------+---------------+---------------+---------------+---------------+---------------+---------------+---------------+---------------+---------------+---------------+---------------+---------------+---------------+---------------+---------------+---------------+---------------+---------------+---------------+---------------+---------------+---------------+---------------+---------------+---------------+---------------+---------------+---------------+---------------+---------------+---------------+---------------+---------------+---------------+---------------+---------------+---------------+---------------+---------------+---------------+---------------+---------------+---------------+---------------+---------------+---------------+---------------+---------------+---------------+---------------+
|   ACTUAL_CPU_CLOCK   |  FIXC1  | 4241511445315 | 3432065419344 | 3397903217370 | 3426786910610 | 3429289243927 | 3403109956863 | 3427983437852 | 3448813795900 | 2893975204020 | 2780912307178 | 2819291159461 | 2800768668023 | 2681101332259 | 2762451986753 | 2792504856326 | 2779691179429 | 3359375966268 | 3304484126185 | 3322911598058 | 3357796553768 | 3312640062495 | 3352320862735 | 3383027185307 | 3403046242348 | 4122912487767 | 4141391486430 | 4114039928530 | 4151913398762 | 4143694188303 | 4139820953863 | 4193138995779 | 4203823093987 | 3788188961105 | 3734961058278 | 3637466046773 | 3915799518604 | 3880025240708 | 3728033280455 | 3830020845248 | 3899308459227 | 4093975700220 | 4091552478340 | 4065081435480 | 4109771606389 | 4082992448684 | 4097712616988 | 4136085729075 | 4157274187757 | 4980273700734 | 4978702007537 | 4991365945088 | 4985601517183 | 4990023607304 | 4979896025958 | 4987230756028 | 4978992263573 | 4497518435882 | 4275410700843 | 4209675560084 | 4581675378221 | 4510150274793 | 4178422695329 | 4376406630923 | 4353250305671 | 4851577728329 | 4873396222449 | 4805603173038 | 4886815586742 | 4875020011919 | 4869694067117 | 4912469114688 | 4902888783527 | 5003038904766 | 4996513091382 | 4991645132534 | 4985189796472 | 5001454432524 | 4987996622055 | 5001517201925 | 5005594014131 | 4829194739948 | 4805055885851 | 4813268424622 | 4826696417441 | 4796061684078 | 4822819605948 | 4849428375598 | 4863692517130 | 4893954039677 | 4885177095301 | 4862998810872 | 4882548444567 | 4894909665219 | 4885093627477 | 4910384453431 | 4905496698786 | 4339216179064 | 4379471804223 | 4589413025168 | 4447918660939 | 4430816377391 | 4377481813018 | 4545111240814 | 4428542225241 | 3591414365064 | 3612940876473 | 3734045107287 | 4034659613207 | 3919707243173 | 4113767728890 | 4127377226217 | 4285528323492 | 4738837006844 | 4860909048483 | 4765893540502 | 4864163232401 | 4886360420741 | 4939428170217 | 4972500355269 | 4960838750111 | 5044821563740 | 5038194354391 | 5024169026170 | 5043853196493 | 5040284535987 | 5040666160666 | 5045480329887 | 5059297577996 | 4979907087428 | 4941746863364 | 4939071719741 | 4987302493693 | 5034697996502 | 5038188800300 | 5047421675669 | 5045377301086 | 5045675154052 | 5045895915369 | 5045196561768 | 5045864269876 | 5047981207451 | 5045728242868 | 5045763938481 | 5045906694554 | 5052506262799 | 5047909223072 | 5049930299469 | 5045402900058 | 5048974647166 | 5045453917988 | 5051485682918 | 5056633231792 | 5044017798767 | 5043752800334 | 5044262746011 | 5044073142399 | 5043655357747 | 5044006927577 | 5044038166360 | 5044072464488 | 5045860020317 | 5053879010330 | 5049511998896 | 5045870299815 | 5045711050690 | 5052735760351 | 5045920417481 | 5046677840883 | 4996641560812 | 4988181845022 | 4987092879139 | 4882291523025 | 4861319415839 | 4863543089161 | 4836717282540 | 4804296481294 |
|     MAX_CPU_CLOCK    |  FIXC2  | 3002314355664 | 2449009596748 | 2418329889014 | 2431005866172 | 2435155498958 | 2413574493486 | 2429851465236 | 2443028313544 | 2187976396112 | 2149748243500 | 2164928138256 | 2164380892856 | 2115276101380 | 2138520958834 | 2162260823294 | 2151173621090 | 2386890234352 | 2356443813048 | 2359781112676 | 2380522501032 | 2353792047282 | 2379821504346 | 2397952702028 | 2410746877422 | 2909064195154 | 2925303762030 | 2908144826158 | 2933719475830 | 2928808989210 | 2926533021542 | 2964355370652 | 2971890759058 | 2692815097336 | 2658496235746 | 2601889496726 | 2773881963346 | 2750608082716 | 2661226246692 | 2723435963066 | 2764283165228 | 2894647802280 | 2893217797288 | 2874423338020 | 2905916629460 | 2887120031198 | 2896859433832 | 2924321233522 | 2939227614050 | 3510751270182 | 3507522132348 | 3522589204368 | 3515336355284 | 3515782337782 | 3513013610730 | 3517103249426 | 3508688769092 | 3214272396322 | 3091537658976 | 3062437599130 | 3271102578250 | 3227960540272 | 3042803305126 | 3157429276040 | 3141463169650 | 3423778947732 | 3437651892064 | 3386164924454 | 3444524182216 | 3438411558634 | 3430974819662 | 3462778743034 | 3451838834756 | 3529106572654 | 3521332256312 | 3517964293324 | 3509541059180 | 3525987057502 | 3512020568992 | 3524960647520 | 3528673949190 | 3406596564852 | 3387674140760 | 3397017517348 | 3406334542962 | 3387102586010 | 3400318574796 | 3418490129054 | 3427722969060 | 3452714418530 | 3444185909580 | 3432532632334 | 3441418840366 | 3452664117006 | 3446320959926 | 3463600756512 | 3456328827484 | 3160292570942 | 3181695149724 | 3299819097042 | 3220725802892 | 3209863094412 | 3180118977854 | 3271860048756 | 3216447566046 | 2744525302714 | 2755670367346 | 2822385282730 | 2988609626028 | 2924851494474 | 3035798651574 | 3041518391262 | 3129762576564 | 3384533048546 | 3448775589246 | 3397397579992 | 3450379996414 | 3465068512464 | 3491906016950 | 3520962123328 | 3510875188600 | 3557569973672 | 3544690395636 | 3537057324840 | 3548012443118 | 3545833813028 | 3546075065390 | 3548696291582 | 3563145890642 | 3514072852238 | 3495649527734 | 3493585506840 | 3521575550428 | 3545006327356 | 3546315262828 | 3554531947304 | 3550212381170 | 3548778527294 | 3548967126042 | 3548582569766 | 3548955223294 | 3551159107834 | 3548844628810 | 3548870415090 | 3548968212400 | 3556677800520 | 3551603928704 | 3553746619384 | 3548813562996 | 3552411484596 | 3548997285782 | 3555041996454 | 3560130730910 | 3547804181688 | 3547708447530 | 3548105389920 | 3547938016662 | 3547690687632 | 3547999892892 | 3547894410970 | 3548010496836 | 3549133119324 | 3557211732594 | 3552774138056 | 3549038990250 | 3549067808624 | 3556142782634 | 3549047986328 | 3549784457700 | 3518513459656 | 3508728252094 | 3507916154964 | 3434951573040 | 3420314817816 | 3422532314552 | 3405104771354 | 3381991224456 |
| RETIRED_INSTRUCTIONS |   PMC0  | 1269753405618 |  651792141295 |  655893196224 |  655988827463 |  656287858447 |  655932838512 |  655944886799 |  655693915326 |  673119715861 |  672557788576 |  673144726141 |  673618611321 |  668594876897 |  667924590928 |  668396150470 |  669140940586 |  650852528908 |  651530549631 |  651105486895 |  651108417195 |  651069128002 |  651325756248 |  651378830978 |  651016459587 |  652533629530 |  653247720875 |  653069617841 |  653630842732 |  653413861824 |  653526991779 |  653925741865 |  653548547181 |  671579020495 |  671960274479 |  672224765974 |  672975721576 |  673226620987 |  672094622206 |  672778872109 |  672641322702 |  652022608023 |  652338350528 |  652250314126 |  652613942119 |  652249612663 |  651985495759 |  652163096197 |  652219709154 |  665525015213 |  666020561498 |  667235592495 |  665984455713 |  658141371519 |  659393017285 |  661834070354 |  661079483532 |  695282952858 |  695547524287 |  695142262108 |  697670782873 |  697251406126 |  694153686546 |  695216592598 |  694570116599 |  664255057170 |  664997501869 |  665235404091 |  664571544075 |  664993343845 |  664897652609 |  664647893058 |  664185104300 |  659296547070 |  659764855412 |  659521224522 |  659068451740 |  659455799789 |  658267825518 |  659319911504 |  658932361774 |  698224310863 |  700443851436 |  700486670663 |  699868921861 |  700563669363 |  700271775095 |  699879620327 |  699395483414 |  662186837587 |  662468409683 |  662738971522 |  662113668883 |  662253096274 |  662505835954 |  662476073990 |  661720002501 |  628232285127 |  622765051594 |  618171332056 |  623331420708 |  624956799232 |  624638563538 |  622611252402 |  624425078510 |  647186935392 |  647767919282 |  646821902142 |  644969101784 |  647545247702 |  645622493995 |  640682597972 |  640914003375 |  626419041576 |  621599639709 |  624373919890 |  621367814833 |  620221563213 |  617086891996 |  617298256059 |  614974679488 |  579280429201 |  577501010565 |  578724225946 |  576360251619 |  577288158595 |  576807526661 |  576088548409 |  576156230224 |  599891923935 |  601521728555 |  603452350332 |  599446525223 |  595956022230 |  594907265876 |  595234182801 |  595389068862 |  583819581852 |  582847750619 |  583333450158 |  581967118382 |  582612094949 |  581887710966 |  581376874105 |  580930426435 |  587214753542 |  587458051836 |  588511437240 |  587111385586 |  587193061451 |  586816227232 |  585315255626 |  585999977640 |  617217679063 |  617145031343 |  611621894307 |  621564548460 |  622071792796 |  622193327908 |  620749567846 |  619148127580 |  591431733953 |  590543160105 |  590326201309 |  589545144673 |  589762692765 |  589526022654 |  588704311553 |  589100079996 |  636889806355 |  635673011410 |  622204276963 |  503637367344 |  496505661092 |  496670951700 |  454572703940 |  425861862275 |
|  CPU_CLOCKS_UNHALTED |   PMC1  | 3747255949754 | 3225436601257 | 3207264659634 | 3238745355000 | 3236425098126 | 3219235461779 | 3238426316701 | 3257065202708 | 2746492411763 | 2645088043783 | 2682494150332 | 2657859312394 | 2552534974435 | 2636715201869 | 2648876221010 | 2644927537301 | 3181197509338 | 3125239661763 | 3157755712841 | 3185479748447 | 3143718488154 | 3179701425273 | 3204323342288 | 3219516916295 | 3791960242080 | 3802089454270 | 3777870297619 | 3807627995308 | 3800115398843 | 3797132994609 | 3839978545878 | 3848666974299 | 3492495099322 | 3447660219687 | 3361183756561 | 3601066427244 | 3568819731060 | 3438041226116 | 3523195742444 | 3585451663831 | 3766217880837 | 3765306492968 | 3747297071969 | 3781053420786 | 3750685416564 | 3767464140287 | 3797967307658 | 3814370258144 | 4487484809427 | 4492553955350 | 4498363132649 | 4493783654196 | 4503080198679 | 4494432103282 | 4498027870574 | 4495894794670 | 4061289193428 | 3871539833091 | 3808491612916 | 4130687521434 | 4068323310144 | 3787526489312 | 3957385677877 | 3940294034852 | 4386584213669 | 4404395911471 | 4359250022911 | 4419359456440 | 4406459578626 | 4409739840212 | 4437557457715 | 4436750507396 | 4505369434154 | 4497390152431 | 4506392849296 | 4504606495087 | 4506599738731 | 4507345485113 | 4509612590792 | 4509842960903 | 4362702481654 | 4346934007499 | 4353134998935 | 4361343384605 | 4329667082882 | 4363534660539 | 4382824763742 | 4396710939282 | 4421875001196 | 4420523859628 | 4400314858599 | 4419269730998 | 4422949796063 | 4416489848148 | 4435376712236 | 4439236939058 | 3994774017819 | 4031103009223 | 4214599560852 | 4089341592440 | 4077138499417 | 4029549367661 | 4174748231617 | 4062738630433 | 3342449449889 | 3362582421156 | 3467951970773 | 3729980518003 | 3630621241286 | 3787422771070 | 3803955645822 | 3938714524747 | 4329687352524 | 4435669556949 | 4357849624914 | 4439100754551 | 4451807013839 | 4502237854923 | 4511185319349 | 4510156867438 | 4614718326356 | 4621338441229 | 4611809104582 | 4629509662849 | 4604630353705 | 4625345198694 | 4636853777167 | 4634847313920 | 4554070415120 | 4519721632194 | 4527251015246 | 4559700899157 | 4603655392910 | 4606451285573 | 4610814490630 | 4614842915311 | 4613734668835 | 4609508048078 | 4619026320096 | 4612045796664 | 4610171855067 | 4620293472256 | 4611972540240 | 4617216844345 | 4619197501103 | 4623078443551 | 4633141156397 | 4624305228943 | 4620409853733 | 4620197794997 | 4622049240248 | 4627012740975 | 4619003248919 | 4625706549884 | 4637825474226 | 4635064470648 | 4627070609136 | 4626450874751 | 4623932542101 | 4623072592112 | 4638662667409 | 4632242380943 | 4641337247737 | 4629156697977 | 4626404904363 | 4629033167976 | 4624274305874 | 4638783118388 | 4602875182882 | 4606232184760 | 4611294365074 | 4492267218276 | 4470857518212 | 4472713615426 | 4435341195671 | 4409055695603 |
|      CAS_CMD_RD      |  UMC0C0 |   78397457165 |             0 |             0 |             0 |             0 |             0 |             0 |             0 |             0 |             0 |             0 |             0 |             0 |             0 |             0 |             0 |             0 |             0 |             0 |             0 |             0 |             0 |             0 |             0 |             0 |             0 |             0 |             0 |             0 |             0 |             0 |             0 |             0 |             0 |             0 |             0 |             0 |             0 |             0 |             0 |             0 |             0 |             0 |             0 |             0 |             0 |             0 |             0 |             0 |             0 |             0 |             0 |             0 |             0 |             0 |             0 |             0 |             0 |             0 |             0 |             0 |             0 |             0 |             0 |             0 |             0 |             0 |             0 |             0 |             0 |             0 |             0 |             0 |             0 |             0 |             0 |             0 |             0 |             0 |             0 |             0 |             0 |             0 |             0 |             0 |             0 |             0 |             0 |             0 |             0 |             0 |             0 |             0 |             0 |             0 |             0 |   56693826969 |             0 |             0 |             0 |             0 |             0 |             0 |             0 |             0 |             0 |             0 |             0 |             0 |             0 |             0 |             0 |             0 |             0 |             0 |             0 |             0 |             0 |             0 |             0 |             0 |             0 |             0 |             0 |             0 |             0 |             0 |             0 |             0 |             0 |             0 |             0 |             0 |             0 |             0 |             0 |             0 |             0 |             0 |             0 |             0 |             0 |             0 |             0 |             0 |             0 |             0 |             0 |             0 |             0 |             0 |             0 |             0 |             0 |             0 |             0 |             0 |             0 |             0 |             0 |             0 |             0 |             0 |             0 |             0 |             0 |             0 |             0 |             0 |             0 |             0 |             0 |             0 |             0 |             0 |             0 |
|      CAS_CMD_WR      |  UMC0C1 |   33039205465 |             0 |             0 |             0 |             0 |             0 |             0 |             0 |             0 |             0 |             0 |             0 |             0 |             0 |             0 |             0 |             0 |             0 |             0 |             0 |             0 |             0 |             0 |             0 |             0 |             0 |             0 |             0 |             0 |             0 |             0 |             0 |             0 |             0 |             0 |             0 |             0 |             0 |             0 |             0 |             0 |             0 |             0 |             0 |             0 |             0 |             0 |             0 |             0 |             0 |             0 |             0 |             0 |             0 |             0 |             0 |             0 |             0 |             0 |             0 |             0 |             0 |             0 |             0 |             0 |             0 |             0 |             0 |             0 |             0 |             0 |             0 |             0 |             0 |             0 |             0 |             0 |             0 |             0 |             0 |             0 |             0 |             0 |             0 |             0 |             0 |             0 |             0 |             0 |             0 |             0 |             0 |             0 |             0 |             0 |             0 |   26854840621 |             0 |             0 |             0 |             0 |             0 |             0 |             0 |             0 |             0 |             0 |             0 |             0 |             0 |             0 |             0 |             0 |             0 |             0 |             0 |             0 |             0 |             0 |             0 |             0 |             0 |             0 |             0 |             0 |             0 |             0 |             0 |             0 |             0 |             0 |             0 |             0 |             0 |             0 |             0 |             0 |             0 |             0 |             0 |             0 |             0 |             0 |             0 |             0 |             0 |             0 |             0 |             0 |             0 |             0 |             0 |             0 |             0 |             0 |             0 |             0 |             0 |             0 |             0 |             0 |             0 |             0 |             0 |             0 |             0 |             0 |             0 |             0 |             0 |             0 |             0 |             0 |             0 |             0 |             0 |
|      CAS_CMD_RD      |  UMC1C0 |   78521486761 |             0 |             0 |             0 |             0 |             0 |             0 |             0 |             0 |             0 |             0 |             0 |             0 |             0 |             0 |             0 |             0 |             0 |             0 |             0 |             0 |             0 |             0 |             0 |             0 |             0 |             0 |             0 |             0 |             0 |             0 |             0 |             0 |             0 |             0 |             0 |             0 |             0 |             0 |             0 |             0 |             0 |             0 |             0 |             0 |             0 |             0 |             0 |             0 |             0 |             0 |             0 |             0 |             0 |             0 |             0 |             0 |             0 |             0 |             0 |             0 |             0 |             0 |             0 |             0 |             0 |             0 |             0 |             0 |             0 |             0 |             0 |             0 |             0 |             0 |             0 |             0 |             0 |             0 |             0 |             0 |             0 |             0 |             0 |             0 |             0 |             0 |             0 |             0 |             0 |             0 |             0 |             0 |             0 |             0 |             0 |   56700141241 |             0 |             0 |             0 |             0 |             0 |             0 |             0 |             0 |             0 |             0 |             0 |             0 |             0 |             0 |             0 |             0 |             0 |             0 |             0 |             0 |             0 |             0 |             0 |             0 |             0 |             0 |             0 |             0 |             0 |             0 |             0 |             0 |             0 |             0 |             0 |             0 |             0 |             0 |             0 |             0 |             0 |             0 |             0 |             0 |             0 |             0 |             0 |             0 |             0 |             0 |             0 |             0 |             0 |             0 |             0 |             0 |             0 |             0 |             0 |             0 |             0 |             0 |             0 |             0 |             0 |             0 |             0 |             0 |             0 |             0 |             0 |             0 |             0 |             0 |             0 |             0 |             0 |             0 |             0 |
|      CAS_CMD_WR      |  UMC1C1 |   33020668340 |             0 |             0 |             0 |             0 |             0 |             0 |             0 |             0 |             0 |             0 |             0 |             0 |             0 |             0 |             0 |             0 |             0 |             0 |             0 |             0 |             0 |             0 |             0 |             0 |             0 |             0 |             0 |             0 |             0 |             0 |             0 |             0 |             0 |             0 |             0 |             0 |             0 |             0 |             0 |             0 |             0 |             0 |             0 |             0 |             0 |             0 |             0 |             0 |             0 |             0 |             0 |             0 |             0 |             0 |             0 |             0 |             0 |             0 |             0 |             0 |             0 |             0 |             0 |             0 |             0 |             0 |             0 |             0 |             0 |             0 |             0 |             0 |             0 |             0 |             0 |             0 |             0 |             0 |             0 |             0 |             0 |             0 |             0 |             0 |             0 |             0 |             0 |             0 |             0 |             0 |             0 |             0 |             0 |             0 |             0 |   26841435348 |             0 |             0 |             0 |             0 |             0 |             0 |             0 |             0 |             0 |             0 |             0 |             0 |             0 |             0 |             0 |             0 |             0 |             0 |             0 |             0 |             0 |             0 |             0 |             0 |             0 |             0 |             0 |             0 |             0 |             0 |             0 |             0 |             0 |             0 |             0 |             0 |             0 |             0 |             0 |             0 |             0 |             0 |             0 |             0 |             0 |             0 |             0 |             0 |             0 |             0 |             0 |             0 |             0 |             0 |             0 |             0 |             0 |             0 |             0 |             0 |             0 |             0 |             0 |             0 |             0 |             0 |             0 |             0 |             0 |             0 |             0 |             0 |             0 |             0 |             0 |             0 |             0 |             0 |             0 |
|      CAS_CMD_RD      |  UMC2C0 |   79176086941 |             0 |             0 |             0 |             0 |             0 |             0 |             0 |             0 |             0 |             0 |             0 |             0 |             0 |             0 |             0 |             0 |             0 |             0 |             0 |             0 |             0 |             0 |             0 |             0 |             0 |             0 |             0 |             0 |             0 |             0 |             0 |             0 |             0 |             0 |             0 |             0 |             0 |             0 |             0 |             0 |             0 |             0 |             0 |             0 |             0 |             0 |             0 |             0 |             0 |             0 |             0 |             0 |             0 |             0 |             0 |             0 |             0 |             0 |             0 |             0 |             0 |             0 |             0 |             0 |             0 |             0 |             0 |             0 |             0 |             0 |             0 |             0 |             0 |             0 |             0 |             0 |             0 |             0 |             0 |             0 |             0 |             0 |             0 |             0 |             0 |             0 |             0 |             0 |             0 |             0 |             0 |             0 |             0 |             0 |             0 |   56746562427 |             0 |             0 |             0 |             0 |             0 |             0 |             0 |             0 |             0 |             0 |             0 |             0 |             0 |             0 |             0 |             0 |             0 |             0 |             0 |             0 |             0 |             0 |             0 |             0 |             0 |             0 |             0 |             0 |             0 |             0 |             0 |             0 |             0 |             0 |             0 |             0 |             0 |             0 |             0 |             0 |             0 |             0 |             0 |             0 |             0 |             0 |             0 |             0 |             0 |             0 |             0 |             0 |             0 |             0 |             0 |             0 |             0 |             0 |             0 |             0 |             0 |             0 |             0 |             0 |             0 |             0 |             0 |             0 |             0 |             0 |             0 |             0 |             0 |             0 |             0 |             0 |             0 |             0 |             0 |
|      CAS_CMD_WR      |  UMC2C1 |   33025959958 |             0 |             0 |             0 |             0 |             0 |             0 |             0 |             0 |             0 |             0 |             0 |             0 |             0 |             0 |             0 |             0 |             0 |             0 |             0 |             0 |             0 |             0 |             0 |             0 |             0 |             0 |             0 |             0 |             0 |             0 |             0 |             0 |             0 |             0 |             0 |             0 |             0 |             0 |             0 |             0 |             0 |             0 |             0 |             0 |             0 |             0 |             0 |             0 |             0 |             0 |             0 |             0 |             0 |             0 |             0 |             0 |             0 |             0 |             0 |             0 |             0 |             0 |             0 |             0 |             0 |             0 |             0 |             0 |             0 |             0 |             0 |             0 |             0 |             0 |             0 |             0 |             0 |             0 |             0 |             0 |             0 |             0 |             0 |             0 |             0 |             0 |             0 |             0 |             0 |             0 |             0 |             0 |             0 |             0 |             0 |   26876242358 |             0 |             0 |             0 |             0 |             0 |             0 |             0 |             0 |             0 |             0 |             0 |             0 |             0 |             0 |             0 |             0 |             0 |             0 |             0 |             0 |             0 |             0 |             0 |             0 |             0 |             0 |             0 |             0 |             0 |             0 |             0 |             0 |             0 |             0 |             0 |             0 |             0 |             0 |             0 |             0 |             0 |             0 |             0 |             0 |             0 |             0 |             0 |             0 |             0 |             0 |             0 |             0 |             0 |             0 |             0 |             0 |             0 |             0 |             0 |             0 |             0 |             0 |             0 |             0 |             0 |             0 |             0 |             0 |             0 |             0 |             0 |             0 |             0 |             0 |             0 |             0 |             0 |             0 |             0 |
|      CAS_CMD_RD      |  UMC3C0 |   78229260090 |             0 |             0 |             0 |             0 |             0 |             0 |             0 |             0 |             0 |             0 |             0 |             0 |             0 |             0 |             0 |             0 |             0 |             0 |             0 |             0 |             0 |             0 |             0 |             0 |             0 |             0 |             0 |             0 |             0 |             0 |             0 |             0 |             0 |             0 |             0 |             0 |             0 |             0 |             0 |             0 |             0 |             0 |             0 |             0 |             0 |             0 |             0 |             0 |             0 |             0 |             0 |             0 |             0 |             0 |             0 |             0 |             0 |             0 |             0 |             0 |             0 |             0 |             0 |             0 |             0 |             0 |             0 |             0 |             0 |             0 |             0 |             0 |             0 |             0 |             0 |             0 |             0 |             0 |             0 |             0 |             0 |             0 |             0 |             0 |             0 |             0 |             0 |             0 |             0 |             0 |             0 |             0 |             0 |             0 |             0 |   56606442795 |             0 |             0 |             0 |             0 |             0 |             0 |             0 |             0 |             0 |             0 |             0 |             0 |             0 |             0 |             0 |             0 |             0 |             0 |             0 |             0 |             0 |             0 |             0 |             0 |             0 |             0 |             0 |             0 |             0 |             0 |             0 |             0 |             0 |             0 |             0 |             0 |             0 |             0 |             0 |             0 |             0 |             0 |             0 |             0 |             0 |             0 |             0 |             0 |             0 |             0 |             0 |             0 |             0 |             0 |             0 |             0 |             0 |             0 |             0 |             0 |             0 |             0 |             0 |             0 |             0 |             0 |             0 |             0 |             0 |             0 |             0 |             0 |             0 |             0 |             0 |             0 |             0 |             0 |             0 |
|      CAS_CMD_WR      |  UMC3C1 |   32993533551 |             0 |             0 |             0 |             0 |             0 |             0 |             0 |             0 |             0 |             0 |             0 |             0 |             0 |             0 |             0 |             0 |             0 |             0 |             0 |             0 |             0 |             0 |             0 |             0 |             0 |             0 |             0 |             0 |             0 |             0 |             0 |             0 |             0 |             0 |             0 |             0 |             0 |             0 |             0 |             0 |             0 |             0 |             0 |             0 |             0 |             0 |             0 |             0 |             0 |             0 |             0 |             0 |             0 |             0 |             0 |             0 |             0 |             0 |             0 |             0 |             0 |             0 |             0 |             0 |             0 |             0 |             0 |             0 |             0 |             0 |             0 |             0 |             0 |             0 |             0 |             0 |             0 |             0 |             0 |             0 |             0 |             0 |             0 |             0 |             0 |             0 |             0 |             0 |             0 |             0 |             0 |             0 |             0 |             0 |             0 |   26807950615 |             0 |             0 |             0 |             0 |             0 |             0 |             0 |             0 |             0 |             0 |             0 |             0 |             0 |             0 |             0 |             0 |             0 |             0 |             0 |             0 |             0 |             0 |             0 |             0 |             0 |             0 |             0 |             0 |             0 |             0 |             0 |             0 |             0 |             0 |             0 |             0 |             0 |             0 |             0 |             0 |             0 |             0 |             0 |             0 |             0 |             0 |             0 |             0 |             0 |             0 |             0 |             0 |             0 |             0 |             0 |             0 |             0 |             0 |             0 |             0 |             0 |             0 |             0 |             0 |             0 |             0 |             0 |             0 |             0 |             0 |             0 |             0 |             0 |             0 |             0 |             0 |             0 |             0 |             0 |
|      CAS_CMD_RD      |  UMC4C0 |   78466894020 |             0 |             0 |             0 |             0 |             0 |             0 |             0 |             0 |             0 |             0 |             0 |             0 |             0 |             0 |             0 |             0 |             0 |             0 |             0 |             0 |             0 |             0 |             0 |             0 |             0 |             0 |             0 |             0 |             0 |             0 |             0 |             0 |             0 |             0 |             0 |             0 |             0 |             0 |             0 |             0 |             0 |             0 |             0 |             0 |             0 |             0 |             0 |             0 |             0 |             0 |             0 |             0 |             0 |             0 |             0 |             0 |             0 |             0 |             0 |             0 |             0 |             0 |             0 |             0 |             0 |             0 |             0 |             0 |             0 |             0 |             0 |             0 |             0 |             0 |             0 |             0 |             0 |             0 |             0 |             0 |             0 |             0 |             0 |             0 |             0 |             0 |             0 |             0 |             0 |             0 |             0 |             0 |             0 |             0 |             0 |   56686793210 |             0 |             0 |             0 |             0 |             0 |             0 |             0 |             0 |             0 |             0 |             0 |             0 |             0 |             0 |             0 |             0 |             0 |             0 |             0 |             0 |             0 |             0 |             0 |             0 |             0 |             0 |             0 |             0 |             0 |             0 |             0 |             0 |             0 |             0 |             0 |             0 |             0 |             0 |             0 |             0 |             0 |             0 |             0 |             0 |             0 |             0 |             0 |             0 |             0 |             0 |             0 |             0 |             0 |             0 |             0 |             0 |             0 |             0 |             0 |             0 |             0 |             0 |             0 |             0 |             0 |             0 |             0 |             0 |             0 |             0 |             0 |             0 |             0 |             0 |             0 |             0 |             0 |             0 |             0 |
|      CAS_CMD_WR      |  UMC4C1 |   33010421698 |             0 |             0 |             0 |             0 |             0 |             0 |             0 |             0 |             0 |             0 |             0 |             0 |             0 |             0 |             0 |             0 |             0 |             0 |             0 |             0 |             0 |             0 |             0 |             0 |             0 |             0 |             0 |             0 |             0 |             0 |             0 |             0 |             0 |             0 |             0 |             0 |             0 |             0 |             0 |             0 |             0 |             0 |             0 |             0 |             0 |             0 |             0 |             0 |             0 |             0 |             0 |             0 |             0 |             0 |             0 |             0 |             0 |             0 |             0 |             0 |             0 |             0 |             0 |             0 |             0 |             0 |             0 |             0 |             0 |             0 |             0 |             0 |             0 |             0 |             0 |             0 |             0 |             0 |             0 |             0 |             0 |             0 |             0 |             0 |             0 |             0 |             0 |             0 |             0 |             0 |             0 |             0 |             0 |             0 |             0 |   26824889560 |             0 |             0 |             0 |             0 |             0 |             0 |             0 |             0 |             0 |             0 |             0 |             0 |             0 |             0 |             0 |             0 |             0 |             0 |             0 |             0 |             0 |             0 |             0 |             0 |             0 |             0 |             0 |             0 |             0 |             0 |             0 |             0 |             0 |             0 |             0 |             0 |             0 |             0 |             0 |             0 |             0 |             0 |             0 |             0 |             0 |             0 |             0 |             0 |             0 |             0 |             0 |             0 |             0 |             0 |             0 |             0 |             0 |             0 |             0 |             0 |             0 |             0 |             0 |             0 |             0 |             0 |             0 |             0 |             0 |             0 |             0 |             0 |             0 |             0 |             0 |             0 |             0 |             0 |             0 |
|      CAS_CMD_RD      |  UMC5C0 |   78421044264 |             0 |             0 |             0 |             0 |             0 |             0 |             0 |             0 |             0 |             0 |             0 |             0 |             0 |             0 |             0 |             0 |             0 |             0 |             0 |             0 |             0 |             0 |             0 |             0 |             0 |             0 |             0 |             0 |             0 |             0 |             0 |             0 |             0 |             0 |             0 |             0 |             0 |             0 |             0 |             0 |             0 |             0 |             0 |             0 |             0 |             0 |             0 |             0 |             0 |             0 |             0 |             0 |             0 |             0 |             0 |             0 |             0 |             0 |             0 |             0 |             0 |             0 |             0 |             0 |             0 |             0 |             0 |             0 |             0 |             0 |             0 |             0 |             0 |             0 |             0 |             0 |             0 |             0 |             0 |             0 |             0 |             0 |             0 |             0 |             0 |             0 |             0 |             0 |             0 |             0 |             0 |             0 |             0 |             0 |             0 |   56622586363 |             0 |             0 |             0 |             0 |             0 |             0 |             0 |             0 |             0 |             0 |             0 |             0 |             0 |             0 |             0 |             0 |             0 |             0 |             0 |             0 |             0 |             0 |             0 |             0 |             0 |             0 |             0 |             0 |             0 |             0 |             0 |             0 |             0 |             0 |             0 |             0 |             0 |             0 |             0 |             0 |             0 |             0 |             0 |             0 |             0 |             0 |             0 |             0 |             0 |             0 |             0 |             0 |             0 |             0 |             0 |             0 |             0 |             0 |             0 |             0 |             0 |             0 |             0 |             0 |             0 |             0 |             0 |             0 |             0 |             0 |             0 |             0 |             0 |             0 |             0 |             0 |             0 |             0 |             0 |
|      CAS_CMD_WR      |  UMC5C1 |   32992676748 |             0 |             0 |             0 |             0 |             0 |             0 |             0 |             0 |             0 |             0 |             0 |             0 |             0 |             0 |             0 |             0 |             0 |             0 |             0 |             0 |             0 |             0 |             0 |             0 |             0 |             0 |             0 |             0 |             0 |             0 |             0 |             0 |             0 |             0 |             0 |             0 |             0 |             0 |             0 |             0 |             0 |             0 |             0 |             0 |             0 |             0 |             0 |             0 |             0 |             0 |             0 |             0 |             0 |             0 |             0 |             0 |             0 |             0 |             0 |             0 |             0 |             0 |             0 |             0 |             0 |             0 |             0 |             0 |             0 |             0 |             0 |             0 |             0 |             0 |             0 |             0 |             0 |             0 |             0 |             0 |             0 |             0 |             0 |             0 |             0 |             0 |             0 |             0 |             0 |             0 |             0 |             0 |             0 |             0 |             0 |   26832661537 |             0 |             0 |             0 |             0 |             0 |             0 |             0 |             0 |             0 |             0 |             0 |             0 |             0 |             0 |             0 |             0 |             0 |             0 |             0 |             0 |             0 |             0 |             0 |             0 |             0 |             0 |             0 |             0 |             0 |             0 |             0 |             0 |             0 |             0 |             0 |             0 |             0 |             0 |             0 |             0 |             0 |             0 |             0 |             0 |             0 |             0 |             0 |             0 |             0 |             0 |             0 |             0 |             0 |             0 |             0 |             0 |             0 |             0 |             0 |             0 |             0 |             0 |             0 |             0 |             0 |             0 |             0 |             0 |             0 |             0 |             0 |             0 |             0 |             0 |             0 |             0 |             0 |             0 |             0 |
|      CAS_CMD_RD      |  UMC6C0 |   79159517287 |             0 |             0 |             0 |             0 |             0 |             0 |             0 |             0 |             0 |             0 |             0 |             0 |             0 |             0 |             0 |             0 |             0 |             0 |             0 |             0 |             0 |             0 |             0 |             0 |             0 |             0 |             0 |             0 |             0 |             0 |             0 |             0 |             0 |             0 |             0 |             0 |             0 |             0 |             0 |             0 |             0 |             0 |             0 |             0 |             0 |             0 |             0 |             0 |             0 |             0 |             0 |             0 |             0 |             0 |             0 |             0 |             0 |             0 |             0 |             0 |             0 |             0 |             0 |             0 |             0 |             0 |             0 |             0 |             0 |             0 |             0 |             0 |             0 |             0 |             0 |             0 |             0 |             0 |             0 |             0 |             0 |             0 |             0 |             0 |             0 |             0 |             0 |             0 |             0 |             0 |             0 |             0 |             0 |             0 |             0 |   56599009797 |             0 |             0 |             0 |             0 |             0 |             0 |             0 |             0 |             0 |             0 |             0 |             0 |             0 |             0 |             0 |             0 |             0 |             0 |             0 |             0 |             0 |             0 |             0 |             0 |             0 |             0 |             0 |             0 |             0 |             0 |             0 |             0 |             0 |             0 |             0 |             0 |             0 |             0 |             0 |             0 |             0 |             0 |             0 |             0 |             0 |             0 |             0 |             0 |             0 |             0 |             0 |             0 |             0 |             0 |             0 |             0 |             0 |             0 |             0 |             0 |             0 |             0 |             0 |             0 |             0 |             0 |             0 |             0 |             0 |             0 |             0 |             0 |             0 |             0 |             0 |             0 |             0 |             0 |             0 |
|      CAS_CMD_WR      |  UMC6C1 |   32996826834 |             0 |             0 |             0 |             0 |             0 |             0 |             0 |             0 |             0 |             0 |             0 |             0 |             0 |             0 |             0 |             0 |             0 |             0 |             0 |             0 |             0 |             0 |             0 |             0 |             0 |             0 |             0 |             0 |             0 |             0 |             0 |             0 |             0 |             0 |             0 |             0 |             0 |             0 |             0 |             0 |             0 |             0 |             0 |             0 |             0 |             0 |             0 |             0 |             0 |             0 |             0 |             0 |             0 |             0 |             0 |             0 |             0 |             0 |             0 |             0 |             0 |             0 |             0 |             0 |             0 |             0 |             0 |             0 |             0 |             0 |             0 |             0 |             0 |             0 |             0 |             0 |             0 |             0 |             0 |             0 |             0 |             0 |             0 |             0 |             0 |             0 |             0 |             0 |             0 |             0 |             0 |             0 |             0 |             0 |             0 |   26802116984 |             0 |             0 |             0 |             0 |             0 |             0 |             0 |             0 |             0 |             0 |             0 |             0 |             0 |             0 |             0 |             0 |             0 |             0 |             0 |             0 |             0 |             0 |             0 |             0 |             0 |             0 |             0 |             0 |             0 |             0 |             0 |             0 |             0 |             0 |             0 |             0 |             0 |             0 |             0 |             0 |             0 |             0 |             0 |             0 |             0 |             0 |             0 |             0 |             0 |             0 |             0 |             0 |             0 |             0 |             0 |             0 |             0 |             0 |             0 |             0 |             0 |             0 |             0 |             0 |             0 |             0 |             0 |             0 |             0 |             0 |             0 |             0 |             0 |             0 |             0 |             0 |             0 |             0 |             0 |
|      CAS_CMD_RD      |  UMC7C0 |   79399424971 |             0 |             0 |             0 |             0 |             0 |             0 |             0 |             0 |             0 |             0 |             0 |             0 |             0 |             0 |             0 |             0 |             0 |             0 |             0 |             0 |             0 |             0 |             0 |             0 |             0 |             0 |             0 |             0 |             0 |             0 |             0 |             0 |             0 |             0 |             0 |             0 |             0 |             0 |             0 |             0 |             0 |             0 |             0 |             0 |             0 |             0 |             0 |             0 |             0 |             0 |             0 |             0 |             0 |             0 |             0 |             0 |             0 |             0 |             0 |             0 |             0 |             0 |             0 |             0 |             0 |             0 |             0 |             0 |             0 |             0 |             0 |             0 |             0 |             0 |             0 |             0 |             0 |             0 |             0 |             0 |             0 |             0 |             0 |             0 |             0 |             0 |             0 |             0 |             0 |             0 |             0 |             0 |             0 |             0 |             0 |   56642286568 |             0 |             0 |             0 |             0 |             0 |             0 |             0 |             0 |             0 |             0 |             0 |             0 |             0 |             0 |             0 |             0 |             0 |             0 |             0 |             0 |             0 |             0 |             0 |             0 |             0 |             0 |             0 |             0 |             0 |             0 |             0 |             0 |             0 |             0 |             0 |             0 |             0 |             0 |             0 |             0 |             0 |             0 |             0 |             0 |             0 |             0 |             0 |             0 |             0 |             0 |             0 |             0 |             0 |             0 |             0 |             0 |             0 |             0 |             0 |             0 |             0 |             0 |             0 |             0 |             0 |             0 |             0 |             0 |             0 |             0 |             0 |             0 |             0 |             0 |             0 |             0 |             0 |             0 |             0 |
|      CAS_CMD_WR      |  UMC7C1 |   33014011615 |             0 |             0 |             0 |             0 |             0 |             0 |             0 |             0 |             0 |             0 |             0 |             0 |             0 |             0 |             0 |             0 |             0 |             0 |             0 |             0 |             0 |             0 |             0 |             0 |             0 |             0 |             0 |             0 |             0 |             0 |             0 |             0 |             0 |             0 |             0 |             0 |             0 |             0 |             0 |             0 |             0 |             0 |             0 |             0 |             0 |             0 |             0 |             0 |             0 |             0 |             0 |             0 |             0 |             0 |             0 |             0 |             0 |             0 |             0 |             0 |             0 |             0 |             0 |             0 |             0 |             0 |             0 |             0 |             0 |             0 |             0 |             0 |             0 |             0 |             0 |             0 |             0 |             0 |             0 |             0 |             0 |             0 |             0 |             0 |             0 |             0 |             0 |             0 |             0 |             0 |             0 |             0 |             0 |             0 |             0 |   26840679609 |             0 |             0 |             0 |             0 |             0 |             0 |             0 |             0 |             0 |             0 |             0 |             0 |             0 |             0 |             0 |             0 |             0 |             0 |             0 |             0 |             0 |             0 |             0 |             0 |             0 |             0 |             0 |             0 |             0 |             0 |             0 |             0 |             0 |             0 |             0 |             0 |             0 |             0 |             0 |             0 |             0 |             0 |             0 |             0 |             0 |             0 |             0 |             0 |             0 |             0 |             0 |             0 |             0 |             0 |             0 |             0 |             0 |             0 |             0 |             0 |             0 |             0 |             0 |             0 |             0 |             0 |             0 |             0 |             0 |             0 |             0 |             0 |             0 |             0 |             0 |             0 |             0 |             0 |             0 |
|      CAS_CMD_RD      |  UMC8C0 |   78341141355 |             0 |             0 |             0 |             0 |             0 |             0 |             0 |             0 |             0 |             0 |             0 |             0 |             0 |             0 |             0 |             0 |             0 |             0 |             0 |             0 |             0 |             0 |             0 |             0 |             0 |             0 |             0 |             0 |             0 |             0 |             0 |             0 |             0 |             0 |             0 |             0 |             0 |             0 |             0 |             0 |             0 |             0 |             0 |             0 |             0 |             0 |             0 |             0 |             0 |             0 |             0 |             0 |             0 |             0 |             0 |             0 |             0 |             0 |             0 |             0 |             0 |             0 |             0 |             0 |             0 |             0 |             0 |             0 |             0 |             0 |             0 |             0 |             0 |             0 |             0 |             0 |             0 |             0 |             0 |             0 |             0 |             0 |             0 |             0 |             0 |             0 |             0 |             0 |             0 |             0 |             0 |             0 |             0 |             0 |             0 |   56748572090 |             0 |             0 |             0 |             0 |             0 |             0 |             0 |             0 |             0 |             0 |             0 |             0 |             0 |             0 |             0 |             0 |             0 |             0 |             0 |             0 |             0 |             0 |             0 |             0 |             0 |             0 |             0 |             0 |             0 |             0 |             0 |             0 |             0 |             0 |             0 |             0 |             0 |             0 |             0 |             0 |             0 |             0 |             0 |             0 |             0 |             0 |             0 |             0 |             0 |             0 |             0 |             0 |             0 |             0 |             0 |             0 |             0 |             0 |             0 |             0 |             0 |             0 |             0 |             0 |             0 |             0 |             0 |             0 |             0 |             0 |             0 |             0 |             0 |             0 |             0 |             0 |             0 |             0 |             0 |
|      CAS_CMD_WR      |  UMC8C1 |   32994090475 |             0 |             0 |             0 |             0 |             0 |             0 |             0 |             0 |             0 |             0 |             0 |             0 |             0 |             0 |             0 |             0 |             0 |             0 |             0 |             0 |             0 |             0 |             0 |             0 |             0 |             0 |             0 |             0 |             0 |             0 |             0 |             0 |             0 |             0 |             0 |             0 |             0 |             0 |             0 |             0 |             0 |             0 |             0 |             0 |             0 |             0 |             0 |             0 |             0 |             0 |             0 |             0 |             0 |             0 |             0 |             0 |             0 |             0 |             0 |             0 |             0 |             0 |             0 |             0 |             0 |             0 |             0 |             0 |             0 |             0 |             0 |             0 |             0 |             0 |             0 |             0 |             0 |             0 |             0 |             0 |             0 |             0 |             0 |             0 |             0 |             0 |             0 |             0 |             0 |             0 |             0 |             0 |             0 |             0 |             0 |   26870090833 |             0 |             0 |             0 |             0 |             0 |             0 |             0 |             0 |             0 |             0 |             0 |             0 |             0 |             0 |             0 |             0 |             0 |             0 |             0 |             0 |             0 |             0 |             0 |             0 |             0 |             0 |             0 |             0 |             0 |             0 |             0 |             0 |             0 |             0 |             0 |             0 |             0 |             0 |             0 |             0 |             0 |             0 |             0 |             0 |             0 |             0 |             0 |             0 |             0 |             0 |             0 |             0 |             0 |             0 |             0 |             0 |             0 |             0 |             0 |             0 |             0 |             0 |             0 |             0 |             0 |             0 |             0 |             0 |             0 |             0 |             0 |             0 |             0 |             0 |             0 |             0 |             0 |             0 |             0 |
|      CAS_CMD_RD      |  UMC9C0 |   78276438077 |             0 |             0 |             0 |             0 |             0 |             0 |             0 |             0 |             0 |             0 |             0 |             0 |             0 |             0 |             0 |             0 |             0 |             0 |             0 |             0 |             0 |             0 |             0 |             0 |             0 |             0 |             0 |             0 |             0 |             0 |             0 |             0 |             0 |             0 |             0 |             0 |             0 |             0 |             0 |             0 |             0 |             0 |             0 |             0 |             0 |             0 |             0 |             0 |             0 |             0 |             0 |             0 |             0 |             0 |             0 |             0 |             0 |             0 |             0 |             0 |             0 |             0 |             0 |             0 |             0 |             0 |             0 |             0 |             0 |             0 |             0 |             0 |             0 |             0 |             0 |             0 |             0 |             0 |             0 |             0 |             0 |             0 |             0 |             0 |             0 |             0 |             0 |             0 |             0 |             0 |             0 |             0 |             0 |             0 |             0 |   56606970827 |             0 |             0 |             0 |             0 |             0 |             0 |             0 |             0 |             0 |             0 |             0 |             0 |             0 |             0 |             0 |             0 |             0 |             0 |             0 |             0 |             0 |             0 |             0 |             0 |             0 |             0 |             0 |             0 |             0 |             0 |             0 |             0 |             0 |             0 |             0 |             0 |             0 |             0 |             0 |             0 |             0 |             0 |             0 |             0 |             0 |             0 |             0 |             0 |             0 |             0 |             0 |             0 |             0 |             0 |             0 |             0 |             0 |             0 |             0 |             0 |             0 |             0 |             0 |             0 |             0 |             0 |             0 |             0 |             0 |             0 |             0 |             0 |             0 |             0 |             0 |             0 |             0 |             0 |             0 |
|      CAS_CMD_WR      |  UMC9C1 |   33005982555 |             0 |             0 |             0 |             0 |             0 |             0 |             0 |             0 |             0 |             0 |             0 |             0 |             0 |             0 |             0 |             0 |             0 |             0 |             0 |             0 |             0 |             0 |             0 |             0 |             0 |             0 |             0 |             0 |             0 |             0 |             0 |             0 |             0 |             0 |             0 |             0 |             0 |             0 |             0 |             0 |             0 |             0 |             0 |             0 |             0 |             0 |             0 |             0 |             0 |             0 |             0 |             0 |             0 |             0 |             0 |             0 |             0 |             0 |             0 |             0 |             0 |             0 |             0 |             0 |             0 |             0 |             0 |             0 |             0 |             0 |             0 |             0 |             0 |             0 |             0 |             0 |             0 |             0 |             0 |             0 |             0 |             0 |             0 |             0 |             0 |             0 |             0 |             0 |             0 |             0 |             0 |             0 |             0 |             0 |             0 |   26795731470 |             0 |             0 |             0 |             0 |             0 |             0 |             0 |             0 |             0 |             0 |             0 |             0 |             0 |             0 |             0 |             0 |             0 |             0 |             0 |             0 |             0 |             0 |             0 |             0 |             0 |             0 |             0 |             0 |             0 |             0 |             0 |             0 |             0 |             0 |             0 |             0 |             0 |             0 |             0 |             0 |             0 |             0 |             0 |             0 |             0 |             0 |             0 |             0 |             0 |             0 |             0 |             0 |             0 |             0 |             0 |             0 |             0 |             0 |             0 |             0 |             0 |             0 |             0 |             0 |             0 |             0 |             0 |             0 |             0 |             0 |             0 |             0 |             0 |             0 |             0 |             0 |             0 |             0 |             0 |
|      CAS_CMD_RD      | UMC10C0 |   78318736234 |             0 |             0 |             0 |             0 |             0 |             0 |             0 |             0 |             0 |             0 |             0 |             0 |             0 |             0 |             0 |             0 |             0 |             0 |             0 |             0 |             0 |             0 |             0 |             0 |             0 |             0 |             0 |             0 |             0 |             0 |             0 |             0 |             0 |             0 |             0 |             0 |             0 |             0 |             0 |             0 |             0 |             0 |             0 |             0 |             0 |             0 |             0 |             0 |             0 |             0 |             0 |             0 |             0 |             0 |             0 |             0 |             0 |             0 |             0 |             0 |             0 |             0 |             0 |             0 |             0 |             0 |             0 |             0 |             0 |             0 |             0 |             0 |             0 |             0 |             0 |             0 |             0 |             0 |             0 |             0 |             0 |             0 |             0 |             0 |             0 |             0 |             0 |             0 |             0 |             0 |             0 |             0 |             0 |             0 |             0 |   56670945950 |             0 |             0 |             0 |             0 |             0 |             0 |             0 |             0 |             0 |             0 |             0 |             0 |             0 |             0 |             0 |             0 |             0 |             0 |             0 |             0 |             0 |             0 |             0 |             0 |             0 |             0 |             0 |             0 |             0 |             0 |             0 |             0 |             0 |             0 |             0 |             0 |             0 |             0 |             0 |             0 |             0 |             0 |             0 |             0 |             0 |             0 |             0 |             0 |             0 |             0 |             0 |             0 |             0 |             0 |             0 |             0 |             0 |             0 |             0 |             0 |             0 |             0 |             0 |             0 |             0 |             0 |             0 |             0 |             0 |             0 |             0 |             0 |             0 |             0 |             0 |             0 |             0 |             0 |             0 |
|      CAS_CMD_WR      | UMC10C1 |   33013390028 |             0 |             0 |             0 |             0 |             0 |             0 |             0 |             0 |             0 |             0 |             0 |             0 |             0 |             0 |             0 |             0 |             0 |             0 |             0 |             0 |             0 |             0 |             0 |             0 |             0 |             0 |             0 |             0 |             0 |             0 |             0 |             0 |             0 |             0 |             0 |             0 |             0 |             0 |             0 |             0 |             0 |             0 |             0 |             0 |             0 |             0 |             0 |             0 |             0 |             0 |             0 |             0 |             0 |             0 |             0 |             0 |             0 |             0 |             0 |             0 |             0 |             0 |             0 |             0 |             0 |             0 |             0 |             0 |             0 |             0 |             0 |             0 |             0 |             0 |             0 |             0 |             0 |             0 |             0 |             0 |             0 |             0 |             0 |             0 |             0 |             0 |             0 |             0 |             0 |             0 |             0 |             0 |             0 |             0 |             0 |   26820511903 |             0 |             0 |             0 |             0 |             0 |             0 |             0 |             0 |             0 |             0 |             0 |             0 |             0 |             0 |             0 |             0 |             0 |             0 |             0 |             0 |             0 |             0 |             0 |             0 |             0 |             0 |             0 |             0 |             0 |             0 |             0 |             0 |             0 |             0 |             0 |             0 |             0 |             0 |             0 |             0 |             0 |             0 |             0 |             0 |             0 |             0 |             0 |             0 |             0 |             0 |             0 |             0 |             0 |             0 |             0 |             0 |             0 |             0 |             0 |             0 |             0 |             0 |             0 |             0 |             0 |             0 |             0 |             0 |             0 |             0 |             0 |             0 |             0 |             0 |             0 |             0 |             0 |             0 |             0 |
|      CAS_CMD_RD      | UMC11C0 |   78376576352 |             0 |             0 |             0 |             0 |             0 |             0 |             0 |             0 |             0 |             0 |             0 |             0 |             0 |             0 |             0 |             0 |             0 |             0 |             0 |             0 |             0 |             0 |             0 |             0 |             0 |             0 |             0 |             0 |             0 |             0 |             0 |             0 |             0 |             0 |             0 |             0 |             0 |             0 |             0 |             0 |             0 |             0 |             0 |             0 |             0 |             0 |             0 |             0 |             0 |             0 |             0 |             0 |             0 |             0 |             0 |             0 |             0 |             0 |             0 |             0 |             0 |             0 |             0 |             0 |             0 |             0 |             0 |             0 |             0 |             0 |             0 |             0 |             0 |             0 |             0 |             0 |             0 |             0 |             0 |             0 |             0 |             0 |             0 |             0 |             0 |             0 |             0 |             0 |             0 |             0 |             0 |             0 |             0 |             0 |             0 |   56783504655 |             0 |             0 |             0 |             0 |             0 |             0 |             0 |             0 |             0 |             0 |             0 |             0 |             0 |             0 |             0 |             0 |             0 |             0 |             0 |             0 |             0 |             0 |             0 |             0 |             0 |             0 |             0 |             0 |             0 |             0 |             0 |             0 |             0 |             0 |             0 |             0 |             0 |             0 |             0 |             0 |             0 |             0 |             0 |             0 |             0 |             0 |             0 |             0 |             0 |             0 |             0 |             0 |             0 |             0 |             0 |             0 |             0 |             0 |             0 |             0 |             0 |             0 |             0 |             0 |             0 |             0 |             0 |             0 |             0 |             0 |             0 |             0 |             0 |             0 |             0 |             0 |             0 |             0 |             0 |
|      CAS_CMD_WR      | UMC11C1 |   32994293496 |             0 |             0 |             0 |             0 |             0 |             0 |             0 |             0 |             0 |             0 |             0 |             0 |             0 |             0 |             0 |             0 |             0 |             0 |             0 |             0 |             0 |             0 |             0 |             0 |             0 |             0 |             0 |             0 |             0 |             0 |             0 |             0 |             0 |             0 |             0 |             0 |             0 |             0 |             0 |             0 |             0 |             0 |             0 |             0 |             0 |             0 |             0 |             0 |             0 |             0 |             0 |             0 |             0 |             0 |             0 |             0 |             0 |             0 |             0 |             0 |             0 |             0 |             0 |             0 |             0 |             0 |             0 |             0 |             0 |             0 |             0 |             0 |             0 |             0 |             0 |             0 |             0 |             0 |             0 |             0 |             0 |             0 |             0 |             0 |             0 |             0 |             0 |             0 |             0 |             0 |             0 |             0 |             0 |             0 |             0 |   26830251328 |             0 |             0 |             0 |             0 |             0 |             0 |             0 |             0 |             0 |             0 |             0 |             0 |             0 |             0 |             0 |             0 |             0 |             0 |             0 |             0 |             0 |             0 |             0 |             0 |             0 |             0 |             0 |             0 |             0 |             0 |             0 |             0 |             0 |             0 |             0 |             0 |             0 |             0 |             0 |             0 |             0 |             0 |             0 |             0 |             0 |             0 |             0 |             0 |             0 |             0 |             0 |             0 |             0 |             0 |             0 |             0 |             0 |             0 |             0 |             0 |             0 |             0 |             0 |             0 |             0 |             0 |             0 |             0 |             0 |             0 |             0 |             0 |             0 |             0 |             0 |             0 |             0 |             0 |             0 |
+----------------------+---------+---------------+---------------+---------------+---------------+---------------+---------------+---------------+---------------+---------------+---------------+---------------+---------------+---------------+---------------+---------------+---------------+---------------+---------------+---------------+---------------+---------------+---------------+---------------+---------------+---------------+---------------+---------------+---------------+---------------+---------------+---------------+---------------+---------------+---------------+---------------+---------------+---------------+---------------+---------------+---------------+---------------+---------------+---------------+---------------+---------------+---------------+---------------+---------------+---------------+---------------+---------------+---------------+---------------+---------------+---------------+---------------+---------------+---------------+---------------+---------------+---------------+---------------+---------------+---------------+---------------+---------------+---------------+---------------+---------------+---------------+---------------+---------------+---------------+---------------+---------------+---------------+---------------+---------------+---------------+---------------+---------------+---------------+---------------+---------------+---------------+---------------+---------------+---------------+---------------+---------------+---------------+---------------+---------------+---------------+---------------+---------------+---------------+---------------+---------------+---------------+---------------+---------------+---------------+---------------+---------------+---------------+---------------+---------------+---------------+---------------+---------------+---------------+---------------+---------------+---------------+---------------+---------------+---------------+---------------+---------------+---------------+---------------+---------------+---------------+---------------+---------------+---------------+---------------+---------------+---------------+---------------+---------------+---------------+---------------+---------------+---------------+---------------+---------------+---------------+---------------+---------------+---------------+---------------+---------------+---------------+---------------+---------------+---------------+---------------+---------------+---------------+---------------+---------------+---------------+---------------+---------------+---------------+---------------+---------------+---------------+---------------+---------------+---------------+---------------+---------------+---------------+---------------+---------------+---------------+---------------+---------------+---------------+---------------+---------------+---------------+---------------+

+---------------------------+---------+-----------------+---------------+---------------+--------------+
|           Event           | Counter |       Sum       |      Min      |      Max      |      Avg     |
+---------------------------+---------+-----------------+---------------+---------------+--------------+
|   ACTUAL_CPU_CLOCK STAT   |  FIXC1  | 792325798085542 | 2681101332259 | 5059297577996 |      nil     |
|     MAX_CPU_CLOCK STAT    |  FIXC2  | 563061030160408 | 2115276101380 | 3563145890642 | 3.199210e+12 |
| RETIRED_INSTRUCTIONS STAT |   PMC0  | 112431500855616 |  425861862275 | 1269753405618 | 6.388153e+11 |
|  CPU_CLOCKS_UNHALTED STAT |   PMC1  | 725757742367735 | 2552534974435 | 4641337247737 | 4.123624e+12 |
|      CAS_CMD_RD STAT      |  UMC0C0 |    135091284134 |             0 |   78397457165 | 7.675641e+08 |
|      CAS_CMD_WR STAT      |  UMC0C1 |     59894046086 |             0 |   33039205465 | 3.403071e+08 |
|      CAS_CMD_RD STAT      |  UMC1C0 |    135221628002 |             0 |   78521486761 | 7.683047e+08 |
|      CAS_CMD_WR STAT      |  UMC1C1 |     59862103688 |             0 |   33020668340 | 3.401256e+08 |
|      CAS_CMD_RD STAT      |  UMC2C0 |    135922649368 |             0 |   79176086941 | 7.722878e+08 |
|      CAS_CMD_WR STAT      |  UMC2C1 |     59902202316 |             0 |   33025959958 | 3.403534e+08 |
|      CAS_CMD_RD STAT      |  UMC3C0 |    134835702885 |             0 |   78229260090 | 7.661119e+08 |
|      CAS_CMD_WR STAT      |  UMC3C1 |     59801484166 |             0 |   32993533551 | 3.397812e+08 |
|      CAS_CMD_RD STAT      |  UMC4C0 |    135153687230 |             0 |   78466894020 | 7.679187e+08 |
|      CAS_CMD_WR STAT      |  UMC4C1 |     59835311258 |             0 |   33010421698 | 3.399734e+08 |
|      CAS_CMD_RD STAT      |  UMC5C0 |    135043630627 |             0 |   78421044264 | 7.672934e+08 |
|      CAS_CMD_WR STAT      |  UMC5C1 |     59825338285 |             0 |   32992676748 | 3.399167e+08 |
|      CAS_CMD_RD STAT      |  UMC6C0 |    135758527084 |             0 |   79159517287 | 7.713553e+08 |
|      CAS_CMD_WR STAT      |  UMC6C1 |     59798943818 |             0 |   32996826834 | 3.397667e+08 |
|      CAS_CMD_RD STAT      |  UMC7C0 |    136041711539 |             0 |   79399424971 | 7.729643e+08 |
|      CAS_CMD_WR STAT      |  UMC7C1 |     59854691224 |             0 |   33014011615 | 3.400835e+08 |
|      CAS_CMD_RD STAT      |  UMC8C0 |    135089713445 |             0 |   78341141355 | 7.675552e+08 |
|      CAS_CMD_WR STAT      |  UMC8C1 |     59864181308 |             0 |   32994090475 | 3.401374e+08 |
|      CAS_CMD_RD STAT      |  UMC9C0 |    134883408904 |             0 |   78276438077 | 7.663830e+08 |
|      CAS_CMD_WR STAT      |  UMC9C1 |     59801714025 |             0 |   33005982555 | 3.397825e+08 |
|      CAS_CMD_RD STAT      | UMC10C0 |    134989682184 |             0 |   78318736234 | 7.669868e+08 |
|      CAS_CMD_WR STAT      | UMC10C1 |     59833901931 |             0 |   33013390028 | 3.399654e+08 |
|      CAS_CMD_RD STAT      | UMC11C0 |    135160081007 |             0 |   78376576352 | 7.679550e+08 |
|      CAS_CMD_WR STAT      | UMC11C1 |     59824544824 |             0 |   32994293496 | 3.399122e+08 |
+---------------------------+---------+-----------------+---------------+---------------+--------------+

+-----------------------------------+------------+------------+------------+------------+------------+------------+------------+------------+------------+------------+-------------+-------------+-------------+-------------+-------------+-------------+-------------+-------------+-------------+-------------+-------------+-------------+-------------+-------------+-------------+-------------+-------------+-------------+-------------+-------------+-------------+-------------+-------------+-------------+-------------+-------------+-------------+-------------+-------------+-------------+-------------+-------------+-------------+-------------+-------------+-------------+-------------+-------------+-------------+-------------+-------------+-------------+-------------+-------------+-------------+-------------+-------------+-------------+-------------+-------------+-------------+-------------+-------------+-------------+-------------+-------------+-------------+-------------+-------------+-------------+-------------+-------------+-------------+-------------+-------------+-------------+-------------+-------------+-------------+-------------+-------------+-------------+-------------+-------------+-------------+-------------+-------------+-------------+-------------+-------------+-------------+-------------+-------------+-------------+-------------+-------------+-------------+-------------+-------------+-------------+--------------+--------------+--------------+--------------+--------------+--------------+--------------+--------------+--------------+--------------+--------------+--------------+--------------+--------------+--------------+--------------+--------------+--------------+--------------+--------------+--------------+--------------+--------------+--------------+--------------+--------------+--------------+--------------+--------------+--------------+--------------+--------------+--------------+--------------+--------------+--------------+--------------+--------------+--------------+--------------+--------------+--------------+--------------+--------------+--------------+--------------+--------------+--------------+--------------+--------------+--------------+--------------+--------------+--------------+--------------+--------------+--------------+--------------+--------------+--------------+--------------+--------------+--------------+--------------+--------------+--------------+--------------+--------------+--------------+--------------+--------------+--------------+--------------+--------------+--------------+--------------+
|               Metric              | HWThread 0 | HWThread 1 | HWThread 2 | HWThread 3 | HWThread 4 | HWThread 5 | HWThread 6 | HWThread 7 | HWThread 8 | HWThread 9 | HWThread 10 | HWThread 11 | HWThread 12 | HWThread 13 | HWThread 14 | HWThread 15 | HWThread 16 | HWThread 17 | HWThread 18 | HWThread 19 | HWThread 20 | HWThread 21 | HWThread 22 | HWThread 23 | HWThread 24 | HWThread 25 | HWThread 26 | HWThread 27 | HWThread 28 | HWThread 29 | HWThread 30 | HWThread 31 | HWThread 32 | HWThread 33 | HWThread 34 | HWThread 35 | HWThread 36 | HWThread 37 | HWThread 38 | HWThread 39 | HWThread 40 | HWThread 41 | HWThread 42 | HWThread 43 | HWThread 44 | HWThread 45 | HWThread 46 | HWThread 47 | HWThread 48 | HWThread 49 | HWThread 50 | HWThread 51 | HWThread 52 | HWThread 53 | HWThread 54 | HWThread 55 | HWThread 56 | HWThread 57 | HWThread 58 | HWThread 59 | HWThread 60 | HWThread 61 | HWThread 62 | HWThread 63 | HWThread 64 | HWThread 65 | HWThread 66 | HWThread 67 | HWThread 68 | HWThread 69 | HWThread 70 | HWThread 71 | HWThread 72 | HWThread 73 | HWThread 74 | HWThread 75 | HWThread 76 | HWThread 77 | HWThread 78 | HWThread 79 | HWThread 80 | HWThread 81 | HWThread 82 | HWThread 83 | HWThread 84 | HWThread 85 | HWThread 86 | HWThread 87 | HWThread 88 | HWThread 89 | HWThread 90 | HWThread 91 | HWThread 92 | HWThread 93 | HWThread 94 | HWThread 95 | HWThread 96 | HWThread 97 | HWThread 98 | HWThread 99 | HWThread 100 | HWThread 101 | HWThread 102 | HWThread 103 | HWThread 104 | HWThread 105 | HWThread 106 | HWThread 107 | HWThread 108 | HWThread 109 | HWThread 110 | HWThread 111 | HWThread 112 | HWThread 113 | HWThread 114 | HWThread 115 | HWThread 116 | HWThread 117 | HWThread 118 | HWThread 119 | HWThread 120 | HWThread 121 | HWThread 122 | HWThread 123 | HWThread 124 | HWThread 125 | HWThread 126 | HWThread 127 | HWThread 128 | HWThread 129 | HWThread 130 | HWThread 131 | HWThread 132 | HWThread 133 | HWThread 134 | HWThread 135 | HWThread 136 | HWThread 137 | HWThread 138 | HWThread 139 | HWThread 140 | HWThread 141 | HWThread 142 | HWThread 143 | HWThread 144 | HWThread 145 | HWThread 146 | HWThread 147 | HWThread 148 | HWThread 149 | HWThread 150 | HWThread 151 | HWThread 152 | HWThread 153 | HWThread 154 | HWThread 155 | HWThread 156 | HWThread 157 | HWThread 158 | HWThread 159 | HWThread 160 | HWThread 161 | HWThread 162 | HWThread 163 | HWThread 164 | HWThread 165 | HWThread 166 | HWThread 167 | HWThread 168 | HWThread 169 | HWThread 170 | HWThread 171 | HWThread 172 | HWThread 173 | HWThread 174 | HWThread 175 |
+-----------------------------------+------------+------------+------------+------------+------------+------------+------------+------------+------------+------------+-------------+-------------+-------------+-------------+-------------+-------------+-------------+-------------+-------------+-------------+-------------+-------------+-------------+-------------+-------------+-------------+-------------+-------------+-------------+-------------+-------------+-------------+-------------+-------------+-------------+-------------+-------------+-------------+-------------+-------------+-------------+-------------+-------------+-------------+-------------+-------------+-------------+-------------+-------------+-------------+-------------+-------------+-------------+-------------+-------------+-------------+-------------+-------------+-------------+-------------+-------------+-------------+-------------+-------------+-------------+-------------+-------------+-------------+-------------+-------------+-------------+-------------+-------------+-------------+-------------+-------------+-------------+-------------+-------------+-------------+-------------+-------------+-------------+-------------+-------------+-------------+-------------+-------------+-------------+-------------+-------------+-------------+-------------+-------------+-------------+-------------+-------------+-------------+-------------+-------------+--------------+--------------+--------------+--------------+--------------+--------------+--------------+--------------+--------------+--------------+--------------+--------------+--------------+--------------+--------------+--------------+--------------+--------------+--------------+--------------+--------------+--------------+--------------+--------------+--------------+--------------+--------------+--------------+--------------+--------------+--------------+--------------+--------------+--------------+--------------+--------------+--------------+--------------+--------------+--------------+--------------+--------------+--------------+--------------+--------------+--------------+--------------+--------------+--------------+--------------+--------------+--------------+--------------+--------------+--------------+--------------+--------------+--------------+--------------+--------------+--------------+--------------+--------------+--------------+--------------+--------------+--------------+--------------+--------------+--------------+--------------+--------------+--------------+--------------+--------------+--------------+
|        Runtime (RDTSC) [s]        |  1550.9781 |  1550.9781 |  1550.9781 |  1550.9781 |  1550.9781 |  1550.9781 |  1550.9781 |  1550.9781 |  1550.9781 |  1550.9781 |   1550.9781 |   1550.9781 |   1550.9781 |   1550.9781 |   1550.9781 |   1550.9781 |   1550.9781 |   1550.9781 |   1550.9781 |   1550.9781 |   1550.9781 |   1550.9781 |   1550.9781 |   1550.9781 |   1550.9781 |   1550.9781 |   1550.9781 |   1550.9781 |   1550.9781 |   1550.9781 |   1550.9781 |   1550.9781 |   1550.9781 |   1550.9781 |   1550.9781 |   1550.9781 |   1550.9781 |   1550.9781 |   1550.9781 |   1550.9781 |   1550.9781 |   1550.9781 |   1550.9781 |   1550.9781 |   1550.9781 |   1550.9781 |   1550.9781 |   1550.9781 |   1550.9781 |   1550.9781 |   1550.9781 |   1550.9781 |   1550.9781 |   1550.9781 |   1550.9781 |   1550.9781 |   1550.9781 |   1550.9781 |   1550.9781 |   1550.9781 |   1550.9781 |   1550.9781 |   1550.9781 |   1550.9781 |   1550.9781 |   1550.9781 |   1550.9781 |   1550.9781 |   1550.9781 |   1550.9781 |   1550.9781 |   1550.9781 |   1550.9781 |   1550.9781 |   1550.9781 |   1550.9781 |   1550.9781 |   1550.9781 |   1550.9781 |   1550.9781 |   1550.9781 |   1550.9781 |   1550.9781 |   1550.9781 |   1550.9781 |   1550.9781 |   1550.9781 |   1550.9781 |   1550.9781 |   1550.9781 |   1550.9781 |   1550.9781 |   1550.9781 |   1550.9781 |   1550.9781 |   1550.9781 |   1550.9781 |   1550.9781 |   1550.9781 |   1550.9781 |    1550.9781 |    1550.9781 |    1550.9781 |    1550.9781 |    1550.9781 |    1550.9781 |    1550.9781 |    1550.9781 |    1550.9781 |    1550.9781 |    1550.9781 |    1550.9781 |    1550.9781 |    1550.9781 |    1550.9781 |    1550.9781 |    1550.9781 |    1550.9781 |    1550.9781 |    1550.9781 |    1550.9781 |    1550.9781 |    1550.9781 |    1550.9781 |    1550.9781 |    1550.9781 |    1550.9781 |    1550.9781 |    1550.9781 |    1550.9781 |    1550.9781 |    1550.9781 |    1550.9781 |    1550.9781 |    1550.9781 |    1550.9781 |    1550.9781 |    1550.9781 |    1550.9781 |    1550.9781 |    1550.9781 |    1550.9781 |    1550.9781 |    1550.9781 |    1550.9781 |    1550.9781 |    1550.9781 |    1550.9781 |    1550.9781 |    1550.9781 |    1550.9781 |    1550.9781 |    1550.9781 |    1550.9781 |    1550.9781 |    1550.9781 |    1550.9781 |    1550.9781 |    1550.9781 |    1550.9781 |    1550.9781 |    1550.9781 |    1550.9781 |    1550.9781 |    1550.9781 |    1550.9781 |    1550.9781 |    1550.9781 |    1550.9781 |    1550.9781 |    1550.9781 |    1550.9781 |    1550.9781 |    1550.9781 |    1550.9781 |    1550.9781 |
|        Runtime unhalted [s]       |  1631.3518 |  1320.0261 |  1306.8868 |  1317.9959 |  1318.9584 |  1308.8894 |  1318.4561 |  1326.4678 |  1113.0682 |  1069.5824 |   1084.3436 |   1077.2195 |   1031.1936 |   1062.4823 |   1074.0411 |   1069.1128 |   1292.0686 |   1270.9564 |   1278.0439 |   1291.4612 |   1274.0933 |   1289.3551 |   1301.1653 |   1308.8649 |   1585.7367 |   1592.8441 |   1582.3242 |   1596.8910 |   1593.7297 |   1592.2400 |   1612.7470 |   1616.8562 |   1456.9968 |   1436.5245 |   1399.0264 |   1506.0779 |   1492.3185 |   1433.8600 |   1473.0860 |   1499.7351 |   1574.6072 |   1573.6752 |   1563.4940 |   1580.6826 |   1570.3829 |   1576.0445 |   1590.8034 |   1598.9528 |   1915.4913 |   1914.8868 |   1919.7576 |   1917.5405 |   1919.2413 |   1915.3460 |   1918.1671 |   1914.9984 |   1729.8161 |   1644.3899 |   1619.1072 |   1762.1841 |   1734.6745 |   1607.0868 |   1683.2346 |   1674.3283 |   1865.9928 |   1874.3845 |   1848.3103 |   1879.5458 |   1875.0091 |   1872.9606 |   1889.4126 |   1885.7279 |   1924.2472 |   1921.7372 |   1919.8649 |   1917.3821 |   1923.6377 |   1918.4617 |   1923.6619 |   1925.2299 |   1857.3840 |   1848.0998 |   1851.2585 |   1856.4231 |   1844.6405 |   1854.9320 |   1865.1661 |   1870.6524 |   1882.2914 |   1878.9157 |   1870.3855 |   1877.9046 |   1882.6590 |   1878.8836 |   1888.6108 |   1886.7309 |   1668.9305 |   1684.4135 |   1765.1602 |   1710.7392 |    1704.1614 |    1683.6481 |    1748.1210 |    1703.2867 |    1381.3142 |    1389.5937 |    1436.1723 |    1551.7933 |    1507.5808 |    1582.2195 |    1587.4540 |    1648.2813 |    1822.6310 |    1869.5818 |    1833.0373 |    1870.8334 |    1879.3708 |    1899.7815 |    1912.5016 |    1908.0163 |    1940.3174 |    1937.7685 |    1932.3741 |    1939.9450 |    1938.5724 |    1938.7192 |    1940.5708 |    1945.8851 |    1915.3503 |    1900.6733 |    1899.6444 |    1918.1947 |    1936.4237 |    1937.7664 |    1941.3175 |    1940.5312 |    1940.6457 |    1940.7306 |    1940.4617 |    1940.7185 |    1941.5327 |    1940.6661 |    1940.6799 |    1940.7348 |    1943.2731 |    1941.5050 |    1942.2823 |    1940.5410 |    1941.9148 |    1940.5606 |    1942.8805 |    1944.8604 |    1940.0083 |    1939.9064 |    1940.1025 |    1940.0296 |    1939.8689 |    1940.0041 |    1940.0161 |    1940.0293 |    1940.7168 |    1943.8011 |    1942.1214 |    1940.7208 |    1940.6595 |    1943.3613 |    1940.7401 |    1941.0314 |    1921.7866 |    1918.5329 |    1918.1141 |    1877.8058 |    1869.7396 |    1870.5949 |    1860.2773 |    1847.8077 |
|            Clock [MHz]            |  3673.1402 |  3643.6621 |  3653.1583 |  3665.0012 |  3661.4276 |  3665.9649 |  3668.0227 |  3670.4074 |  3438.9448 |  3363.3551 |   3385.8637 |   3364.4693 |   3295.4839 |   3358.5688 |   3357.8314 |   3359.6506 |   3659.3099 |   3646.0247 |   3661.1717 |   3667.3733 |   3659.1413 |   3662.4712 |   3668.0724 |   3670.1961 |   3684.8841 |   3680.8519 |   3678.1166 |   3679.6180 |   3678.4908 |   3677.9105 |   3677.7484 |   3677.7704 |   3657.6162 |   3652.7761 |   3634.8218 |   3670.3333 |   3667.5738 |   3642.2605 |   3656.4277 |   3667.5673 |   3677.2449 |   3676.8848 |   3676.9824 |   3677.1180 |   3676.9419 |   3677.7915 |   3677.3713 |   3677.4644 |   3688.2995 |   3690.5300 |   3684.0918 |   3687.4293 |   3690.2318 |   3685.6447 |   3686.7813 |   3689.5180 |   3638.0051 |   3595.6410 |   3573.9988 |   3641.6917 |   3632.7526 |   3570.3560 |   3603.7700 |   3602.9206 |   3684.2603 |   3685.8941 |   3689.8850 |   3688.6695 |   3686.3076 |   3690.2618 |   3688.4858 |   3692.9596 |   3685.8880 |   3689.2072 |   3689.1414 |   3693.2133 |   3687.9806 |   3692.6838 |   3689.1008 |   3688.2225 |   3685.7599 |   3687.8211 |   3683.9635 |   3684.1365 |   3681.5393 |   3687.6903 |   3688.3255 |   3689.2104 |   3685.2950 |   3687.7948 |   3683.5156 |   3688.7741 |   3686.0683 |   3685.4472 |   3686.0455 |   3690.1240 |   3569.9080 |   3578.7898 |   3616.0967 |   3590.6751 |    3588.9736 |    3578.9366 |    3611.7928 |    3579.7883 |    3402.2898 |    3408.8400 |    3439.8245 |    3510.0293 |    3484.3585 |    3523.2205 |    3528.2288 |    3560.1312 |    3640.3743 |    3664.5916 |    3647.2958 |    3665.3398 |    3666.4579 |    3677.7919 |    3671.8632 |    3673.7766 |    3686.9342 |    3695.4696 |    3693.1349 |    3696.1563 |    3695.8106 |    3695.8389 |    3696.6362 |    3691.7276 |    3684.5420 |    3675.5780 |    3675.7586 |    3682.1521 |    3692.5759 |    3693.7723 |    3691.9873 |    3694.9821 |    3696.6933 |    3696.6586 |    3696.5467 |    3696.6478 |    3695.9035 |    3696.6633 |    3696.6626 |    3696.6653 |    3693.4767 |    3695.3879 |    3694.6385 |    3696.4573 |    3695.3276 |    3696.3033 |    3694.4298 |    3692.9084 |    3696.4939 |    3696.3995 |    3696.3596 |    3696.3950 |    3696.3465 |    3696.2820 |    3696.4148 |    3696.3190 |    3696.4594 |    3693.9257 |    3695.3437 |    3696.5649 |    3696.4183 |    3694.2002 |    3696.5923 |    3696.3801 |    3692.2577 |    3696.2860 |    3696.3346 |    3695.5248 |    3695.3970 |    3694.6920 |    3693.1186 |    3693.4341 |
|                CPI                |     2.9512 |     4.9486 |     4.8899 |     4.9372 |     4.9314 |     4.9079 |     4.9370 |     4.9674 |     4.0802 |     3.9329 |      3.9850 |      3.9456 |      3.8178 |      3.9476 |      3.9630 |      3.9527 |      4.8877 |      4.7968 |      4.8498 |      4.8924 |      4.8285 |      4.8819 |      4.9193 |      4.9454 |      5.8111 |      5.8203 |      5.7848 |      5.8253 |      5.8158 |      5.8102 |      5.8722 |      5.8889 |      5.2004 |      5.1308 |      5.0001 |      5.3510 |      5.3011 |      5.1154 |      5.2368 |      5.3304 |      5.7762 |      5.7720 |      5.7452 |      5.7937 |      5.7504 |      5.7784 |      5.8236 |      5.8483 |      6.7428 |      6.7454 |      6.7418 |      6.7476 |      6.8421 |      6.8160 |      6.7963 |      6.8008 |      5.8412 |      5.5662 |      5.4787 |      5.9207 |      5.8348 |      5.4563 |      5.6923 |      5.6730 |      6.6038 |      6.6232 |      6.5529 |      6.6499 |      6.6263 |      6.6322 |      6.6766 |      6.6800 |      6.8336 |      6.8167 |      6.8328 |      6.8348 |      6.8338 |      6.8473 |      6.8398 |      6.8442 |      6.2483 |      6.2060 |      6.2144 |      6.2317 |      6.1803 |      6.2312 |      6.2623 |      6.2864 |      6.6777 |      6.6728 |      6.6396 |      6.6745 |      6.6786 |      6.6663 |      6.6952 |      6.7086 |      6.3588 |      6.4729 |      6.8179 |      6.5605 |       6.5239 |       6.4510 |       6.7052 |       6.5064 |       5.1646 |       5.1910 |       5.3615 |       5.7832 |       5.6067 |       5.8663 |       5.9373 |       6.1455 |       6.9118 |       7.1359 |       6.9796 |       7.1441 |       7.1778 |       7.2960 |       7.3080 |       7.3339 |       7.9663 |       8.0023 |       7.9689 |       8.0323 |       7.9763 |       8.0189 |       8.0489 |       8.0444 |       7.5915 |       7.5138 |       7.5023 |       7.6065 |       7.7248 |       7.7431 |       7.7462 |       7.7510 |       7.9027 |       7.9086 |       7.9183 |       7.9249 |       7.9129 |       7.9402 |       7.9328 |       7.9480 |       7.8663 |       7.8696 |       7.8726 |       7.8764 |       7.8686 |       7.8733 |       7.8967 |       7.8959 |       7.4836 |       7.4953 |       7.5828 |       7.4571 |       7.4382 |       7.4357 |       7.4490 |       7.4668 |       7.8431 |       7.8440 |       7.8623 |       7.8521 |       7.8445 |       7.8521 |       7.8550 |       7.8744 |       7.2271 |       7.2462 |       7.4112 |       8.9196 |       9.0046 |       9.0054 |       9.7572 |      10.3533 |
|  Memory read bandwidth [MBytes/s] | 38915.6888 |          0 |          0 |          0 |          0 |          0 |          0 |          0 |          0 |          0 |           0 |           0 |           0 |           0 |           0 |           0 |           0 |           0 |           0 |           0 |           0 |           0 |           0 |           0 |           0 |           0 |           0 |           0 |           0 |           0 |           0 |           0 |           0 |           0 |           0 |           0 |           0 |           0 |           0 |           0 |           0 |           0 |           0 |           0 |           0 |           0 |           0 |           0 |           0 |           0 |           0 |           0 |           0 |           0 |           0 |           0 |           0 |           0 |           0 |           0 |           0 |           0 |           0 |           0 |           0 |           0 |           0 |           0 |           0 |           0 |           0 |           0 |           0 |           0 |           0 |           0 |           0 |           0 |           0 |           0 |           0 |           0 |           0 |           0 |           0 |           0 |           0 |           0 |           0 |           0 |           0 |           0 |           0 |           0 |           0 |           0 |  28064.1550 |           0 |           0 |           0 |            0 |            0 |            0 |            0 |            0 |            0 |            0 |            0 |            0 |            0 |            0 |            0 |            0 |            0 |            0 |            0 |            0 |            0 |            0 |            0 |            0 |            0 |            0 |            0 |            0 |            0 |            0 |            0 |            0 |            0 |            0 |            0 |            0 |            0 |            0 |            0 |            0 |            0 |            0 |            0 |            0 |            0 |            0 |            0 |            0 |            0 |            0 |            0 |            0 |            0 |            0 |            0 |            0 |            0 |            0 |            0 |            0 |            0 |            0 |            0 |            0 |            0 |            0 |            0 |            0 |            0 |            0 |            0 |            0 |            0 |            0 |            0 |            0 |            0 |            0 |            0 |
|  Memory read data volume [GBytes] | 60357.3801 |          0 |          0 |          0 |          0 |          0 |          0 |          0 |          0 |          0 |           0 |           0 |           0 |           0 |           0 |           0 |           0 |           0 |           0 |           0 |           0 |           0 |           0 |           0 |           0 |           0 |           0 |           0 |           0 |           0 |           0 |           0 |           0 |           0 |           0 |           0 |           0 |           0 |           0 |           0 |           0 |           0 |           0 |           0 |           0 |           0 |           0 |           0 |           0 |           0 |           0 |           0 |           0 |           0 |           0 |           0 |           0 |           0 |           0 |           0 |           0 |           0 |           0 |           0 |           0 |           0 |           0 |           0 |           0 |           0 |           0 |           0 |           0 |           0 |           0 |           0 |           0 |           0 |           0 |           0 |           0 |           0 |           0 |           0 |           0 |           0 |           0 |           0 |           0 |           0 |           0 |           0 |           0 |           0 |           0 |           0 |  43526.8891 |           0 |           0 |           0 |            0 |            0 |            0 |            0 |            0 |            0 |            0 |            0 |            0 |            0 |            0 |            0 |            0 |            0 |            0 |            0 |            0 |            0 |            0 |            0 |            0 |            0 |            0 |            0 |            0 |            0 |            0 |            0 |            0 |            0 |            0 |            0 |            0 |            0 |            0 |            0 |            0 |            0 |            0 |            0 |            0 |            0 |            0 |            0 |            0 |            0 |            0 |            0 |            0 |            0 |            0 |            0 |            0 |            0 |            0 |            0 |            0 |            0 |            0 |            0 |            0 |            0 |            0 |            0 |            0 |            0 |            0 |            0 |            0 |            0 |            0 |            0 |            0 |            0 |            0 |            0 |
| Memory write bandwidth [MBytes/s] | 16344.8267 |          0 |          0 |          0 |          0 |          0 |          0 |          0 |          0 |          0 |           0 |           0 |           0 |           0 |           0 |           0 |           0 |           0 |           0 |           0 |           0 |           0 |           0 |           0 |           0 |           0 |           0 |           0 |           0 |           0 |           0 |           0 |           0 |           0 |           0 |           0 |           0 |           0 |           0 |           0 |           0 |           0 |           0 |           0 |           0 |           0 |           0 |           0 |           0 |           0 |           0 |           0 |           0 |           0 |           0 |           0 |           0 |           0 |           0 |           0 |           0 |           0 |           0 |           0 |           0 |           0 |           0 |           0 |           0 |           0 |           0 |           0 |           0 |           0 |           0 |           0 |           0 |           0 |           0 |           0 |           0 |           0 |           0 |           0 |           0 |           0 |           0 |           0 |           0 |           0 |           0 |           0 |           0 |           0 |           0 |           0 |  13286.9923 |           0 |           0 |           0 |            0 |            0 |            0 |            0 |            0 |            0 |            0 |            0 |            0 |            0 |            0 |            0 |            0 |            0 |            0 |            0 |            0 |            0 |            0 |            0 |            0 |            0 |            0 |            0 |            0 |            0 |            0 |            0 |            0 |            0 |            0 |            0 |            0 |            0 |            0 |            0 |            0 |            0 |            0 |            0 |            0 |            0 |            0 |            0 |            0 |            0 |            0 |            0 |            0 |            0 |            0 |            0 |            0 |            0 |            0 |            0 |            0 |            0 |            0 |            0 |            0 |            0 |            0 |            0 |            0 |            0 |            0 |            0 |            0 |            0 |            0 |            0 |            0 |            0 |            0 |            0 |
| Memory write data volume [GBytes] | 25350.4679 |          0 |          0 |          0 |          0 |          0 |          0 |          0 |          0 |          0 |           0 |           0 |           0 |           0 |           0 |           0 |           0 |           0 |           0 |           0 |           0 |           0 |           0 |           0 |           0 |           0 |           0 |           0 |           0 |           0 |           0 |           0 |           0 |           0 |           0 |           0 |           0 |           0 |           0 |           0 |           0 |           0 |           0 |           0 |           0 |           0 |           0 |           0 |           0 |           0 |           0 |           0 |           0 |           0 |           0 |           0 |           0 |           0 |           0 |           0 |           0 |           0 |           0 |           0 |           0 |           0 |           0 |           0 |           0 |           0 |           0 |           0 |           0 |           0 |           0 |           0 |           0 |           0 |           0 |           0 |           0 |           0 |           0 |           0 |           0 |           0 |           0 |           0 |           0 |           0 |           0 |           0 |           0 |           0 |           0 |           0 |  20607.8337 |           0 |           0 |           0 |            0 |            0 |            0 |            0 |            0 |            0 |            0 |            0 |            0 |            0 |            0 |            0 |            0 |            0 |            0 |            0 |            0 |            0 |            0 |            0 |            0 |            0 |            0 |            0 |            0 |            0 |            0 |            0 |            0 |            0 |            0 |            0 |            0 |            0 |            0 |            0 |            0 |            0 |            0 |            0 |            0 |            0 |            0 |            0 |            0 |            0 |            0 |            0 |            0 |            0 |            0 |            0 |            0 |            0 |            0 |            0 |            0 |            0 |            0 |            0 |            0 |            0 |            0 |            0 |            0 |            0 |            0 |            0 |            0 |            0 |            0 |            0 |            0 |            0 |            0 |            0 |
|    Memory bandwidth [MBytes/s]    | 55260.5155 |          0 |          0 |          0 |          0 |          0 |          0 |          0 |          0 |          0 |           0 |           0 |           0 |           0 |           0 |           0 |           0 |           0 |           0 |           0 |           0 |           0 |           0 |           0 |           0 |           0 |           0 |           0 |           0 |           0 |           0 |           0 |           0 |           0 |           0 |           0 |           0 |           0 |           0 |           0 |           0 |           0 |           0 |           0 |           0 |           0 |           0 |           0 |           0 |           0 |           0 |           0 |           0 |           0 |           0 |           0 |           0 |           0 |           0 |           0 |           0 |           0 |           0 |           0 |           0 |           0 |           0 |           0 |           0 |           0 |           0 |           0 |           0 |           0 |           0 |           0 |           0 |           0 |           0 |           0 |           0 |           0 |           0 |           0 |           0 |           0 |           0 |           0 |           0 |           0 |           0 |           0 |           0 |           0 |           0 |           0 |  41351.1473 |           0 |           0 |           0 |            0 |            0 |            0 |            0 |            0 |            0 |            0 |            0 |            0 |            0 |            0 |            0 |            0 |            0 |            0 |            0 |            0 |            0 |            0 |            0 |            0 |            0 |            0 |            0 |            0 |            0 |            0 |            0 |            0 |            0 |            0 |            0 |            0 |            0 |            0 |            0 |            0 |            0 |            0 |            0 |            0 |            0 |            0 |            0 |            0 |            0 |            0 |            0 |            0 |            0 |            0 |            0 |            0 |            0 |            0 |            0 |            0 |            0 |            0 |            0 |            0 |            0 |            0 |            0 |            0 |            0 |            0 |            0 |            0 |            0 |            0 |            0 |            0 |            0 |            0 |            0 |
|    Memory data volume [GBytes]    | 85707.8480 |          0 |          0 |          0 |          0 |          0 |          0 |          0 |          0 |          0 |           0 |           0 |           0 |           0 |           0 |           0 |           0 |           0 |           0 |           0 |           0 |           0 |           0 |           0 |           0 |           0 |           0 |           0 |           0 |           0 |           0 |           0 |           0 |           0 |           0 |           0 |           0 |           0 |           0 |           0 |           0 |           0 |           0 |           0 |           0 |           0 |           0 |           0 |           0 |           0 |           0 |           0 |           0 |           0 |           0 |           0 |           0 |           0 |           0 |           0 |           0 |           0 |           0 |           0 |           0 |           0 |           0 |           0 |           0 |           0 |           0 |           0 |           0 |           0 |           0 |           0 |           0 |           0 |           0 |           0 |           0 |           0 |           0 |           0 |           0 |           0 |           0 |           0 |           0 |           0 |           0 |           0 |           0 |           0 |           0 |           0 |  64134.7229 |           0 |           0 |           0 |            0 |            0 |            0 |            0 |            0 |            0 |            0 |            0 |            0 |            0 |            0 |            0 |            0 |            0 |            0 |            0 |            0 |            0 |            0 |            0 |            0 |            0 |            0 |            0 |            0 |            0 |            0 |            0 |            0 |            0 |            0 |            0 |            0 |            0 |            0 |            0 |            0 |            0 |            0 |            0 |            0 |            0 |            0 |            0 |            0 |            0 |            0 |            0 |            0 |            0 |            0 |            0 |            0 |            0 |            0 |            0 |            0 |            0 |            0 |            0 |            0 |            0 |            0 |            0 |            0 |            0 |            0 |            0 |            0 |            0 |            0 |            0 |            0 |            0 |            0 |            0 |
+-----------------------------------+------------+------------+------------+------------+------------+------------+------------+------------+------------+------------+-------------+-------------+-------------+-------------+-------------+-------------+-------------+-------------+-------------+-------------+-------------+-------------+-------------+-------------+-------------+-------------+-------------+-------------+-------------+-------------+-------------+-------------+-------------+-------------+-------------+-------------+-------------+-------------+-------------+-------------+-------------+-------------+-------------+-------------+-------------+-------------+-------------+-------------+-------------+-------------+-------------+-------------+-------------+-------------+-------------+-------------+-------------+-------------+-------------+-------------+-------------+-------------+-------------+-------------+-------------+-------------+-------------+-------------+-------------+-------------+-------------+-------------+-------------+-------------+-------------+-------------+-------------+-------------+-------------+-------------+-------------+-------------+-------------+-------------+-------------+-------------+-------------+-------------+-------------+-------------+-------------+-------------+-------------+-------------+-------------+-------------+-------------+-------------+-------------+-------------+--------------+--------------+--------------+--------------+--------------+--------------+--------------+--------------+--------------+--------------+--------------+--------------+--------------+--------------+--------------+--------------+--------------+--------------+--------------+--------------+--------------+--------------+--------------+--------------+--------------+--------------+--------------+--------------+--------------+--------------+--------------+--------------+--------------+--------------+--------------+--------------+--------------+--------------+--------------+--------------+--------------+--------------+--------------+--------------+--------------+--------------+--------------+--------------+--------------+--------------+--------------+--------------+--------------+--------------+--------------+--------------+--------------+--------------+--------------+--------------+--------------+--------------+--------------+--------------+--------------+--------------+--------------+--------------+--------------+--------------+--------------+--------------+--------------+--------------+--------------+--------------+

+----------------------------------------+-------------+-----------+------------+-----------+
|                 Metric                 |     Sum     |    Min    |     Max    |    Avg    |
+----------------------------------------+-------------+-----------+------------+-----------+
|        Runtime (RDTSC) [s] STAT        | 272972.1456 | 1550.9781 |  1550.9781 | 1550.9781 |
|        Runtime unhalted [s] STAT       | 304740.9174 | 1031.1936 |  1945.8851 | 1731.4825 |
|            Clock [MHz] STAT            | 642734.3552 | 3295.4839 |  3696.6933 | 3651.8997 |
|                CPI STAT                |   1151.3231 |    2.9512 |    10.3533 |    6.5416 |
|  Memory read bandwidth [MBytes/s] STAT |  66979.8438 |         0 | 38915.6888 |  380.5673 |
|  Memory read data volume [GBytes] STAT | 103884.2692 |         0 | 60357.3801 |  590.2515 |
| Memory write bandwidth [MBytes/s] STAT |  29631.8190 |         0 | 16344.8267 |  168.3626 |
| Memory write data volume [GBytes] STAT |  45958.3016 |         0 | 25350.4679 |  261.1267 |
|    Memory bandwidth [MBytes/s] STAT    |  96611.6628 |         0 | 55260.5155 |  548.9299 |
|    Memory data volume [GBytes] STAT    | 149842.5709 |         0 | 85707.8480 |  851.3782 |
+----------------------------------------+-------------+-----------+------------+-----------+

