--------------------------------------------------------------------------------
CPU name:	AMD EPYC 9A14 96-Core Processor                
CPU type:	AMD K19 (Zen4) architecture
CPU clock:	2.60 GHz
--------------------------------------------------------------------------------
Use symmetry. Molecule point group: Dooh
Norb: 18   Ne: (8, 8)
Running RHF...
SCF not converged.
SCF energy = -149.45320229684
Running FCI ...
Guessing CI wfn symmetry = 0
Num symmetry allowed elements 239373732
tol 1e-10  toloose 1e-05
max_cycle 100  max_space 12  max_memory 746700  incore True
    CPU time for contract_2e  16585.74 sec, wall time     98.39 sec
davidson 0 1  |r|= 0.965  e= [-177.41918315]  max|de|= -177  lindep=    1
    CPU time for contract_2e  16484.11 sec, wall time     99.60 sec
davidson 1 2  |r|= 0.477  e= [-177.66345341]  max|de|= -0.244  lindep= 0.976
    CPU time for contract_2e  16334.78 sec, wall time     99.60 sec
davidson 2 3  |r|= 0.189  e= [-177.71009544]  max|de|= -0.0466  lindep= 0.997
    CPU time for contract_2e  16370.30 sec, wall time    100.69 sec
davidson 3 4  |r|= 0.0734  e= [-177.71605069]  max|de|= -0.00596  lindep= 0.98
    CPU time for contract_2e  16490.83 sec, wall time    102.39 sec
davidson 4 5  |r|= 0.0317  e= [-177.71693538]  max|de|= -0.000885  lindep= 0.96
    CPU time for contract_2e  16443.95 sec, wall time    103.00 sec
davidson 5 6  |r|= 0.0142  e= [-177.71710364]  max|de|= -0.000168  lindep= 0.93
    CPU time for contract_2e  16378.76 sec, wall time    103.57 sec
davidson 6 7  |r|= 0.00606  e= [-177.71713434]  max|de|= -3.07e-05  lindep= 0.918
    CPU time for contract_2e  16388.81 sec, wall time    104.51 sec
davidson 7 8  |r|= 0.00244  e= [-177.71713934]  max|de|= -5e-06  lindep= 0.932
    CPU time for contract_2e  16484.19 sec, wall time    105.81 sec
davidson 8 9  |r|= 0.000953  e= [-177.71714013]  max|de|= -7.84e-07  lindep= 0.926
    CPU time for contract_2e  16424.76 sec, wall time    106.40 sec
davidson 9 10  |r|= 0.000379  e= [-177.71714025]  max|de|= -1.21e-07  lindep= 0.919
    CPU time for contract_2e  16328.24 sec, wall time    106.78 sec
davidson 10 11  |r|= 0.000155  e= [-177.71714027]  max|de|= -1.73e-08  lindep= 0.942
    CPU time for contract_2e  16430.32 sec, wall time    109.45 sec
davidson 11 12  |r|= 6.24e-05  e= [-177.71714027]  max|de|= -2.81e-09  lindep= 0.939
    CPU time for contract_2e  16801.55 sec, wall time    116.33 sec
davidson 12 1  |r|= 6.24e-05  e= [-177.71714027]  max|de|= 1.29e-11  lindep=    1
    CPU time for contract_2e  16151.42 sec, wall time     98.65 sec
davidson 13 2  |r|= 2.68e-05  e= [-177.71714027]  max|de|= -3.93e-10  lindep= 0.988
    CPU time for contract_2e  16121.27 sec, wall time     98.69 sec
davidson 14 3  |r|= 1.29e-05  e= [-177.71714027]  max|de|= -1.22e-10  lindep= 0.879
    CPU time for contract_2e  16064.43 sec, wall time     99.11 sec
root 0 converged  |r|= 5.47e-06  e= -177.71714027031774  max|de|= -2.3e-11
converged 15 4  |r|= 5.47e-06  e= [-177.71714027]  max|de|= -2.3e-11
--------------------------------------------------------------------------------
Group 1: MEM
+----------------------+---------+---------------+---------------+---------------+---------------+---------------+---------------+---------------+---------------+---------------+---------------+---------------+---------------+---------------+---------------+---------------+---------------+---------------+---------------+---------------+---------------+---------------+---------------+---------------+---------------+---------------+---------------+---------------+---------------+---------------+---------------+---------------+---------------+---------------+---------------+---------------+---------------+---------------+---------------+---------------+---------------+---------------+---------------+---------------+---------------+---------------+---------------+---------------+---------------+---------------+---------------+---------------+---------------+---------------+---------------+---------------+---------------+---------------+---------------+---------------+---------------+---------------+---------------+---------------+---------------+---------------+---------------+---------------+---------------+---------------+---------------+---------------+---------------+---------------+---------------+---------------+---------------+---------------+---------------+---------------+---------------+---------------+---------------+---------------+---------------+---------------+---------------+---------------+---------------+---------------+---------------+---------------+---------------+---------------+---------------+---------------+---------------+---------------+---------------+---------------+---------------+---------------+---------------+---------------+---------------+---------------+---------------+---------------+---------------+---------------+---------------+---------------+---------------+---------------+---------------+---------------+---------------+---------------+---------------+---------------+---------------+---------------+---------------+---------------+---------------+---------------+---------------+---------------+---------------+---------------+---------------+---------------+---------------+---------------+---------------+---------------+---------------+---------------+---------------+---------------+---------------+---------------+---------------+---------------+---------------+---------------+---------------+---------------+---------------+---------------+---------------+---------------+---------------+---------------+---------------+---------------+---------------+---------------+---------------+---------------+---------------+---------------+---------------+---------------+---------------+---------------+---------------+---------------+---------------+---------------+---------------+---------------+---------------+---------------+---------------+---------------+---------------+---------------+---------------+---------------+---------------+---------------+---------------+---------------+---------------+---------------+---------------+---------------+---------------+---------------+---------------+---------------+---------------+
|         Event        | Counter |   HWThread 0  |   HWThread 1  |   HWThread 2  |   HWThread 3  |   HWThread 4  |   HWThread 5  |   HWThread 6  |   HWThread 7  |   HWThread 8  |   HWThread 9  |  HWThread 10  |  HWThread 11  |  HWThread 12  |  HWThread 13  |  HWThread 14  |  HWThread 15  |  HWThread 16  |  HWThread 17  |  HWThread 18  |  HWThread 19  |  HWThread 20  |  HWThread 21  |  HWThread 22  |  HWThread 23  |  HWThread 24  |  HWThread 25  |  HWThread 26  |  HWThread 27  |  HWThread 28  |  HWThread 29  |  HWThread 30  |  HWThread 31  |  HWThread 32  |  HWThread 33  |  HWThread 34  |  HWThread 35  |  HWThread 36  |  HWThread 37  |  HWThread 38  |  HWThread 39  |  HWThread 40  |  HWThread 41  |  HWThread 42  |  HWThread 43  |  HWThread 44  |  HWThread 45  |  HWThread 46  |  HWThread 47  |  HWThread 48  |  HWThread 49  |  HWThread 50  |  HWThread 51  |  HWThread 52  |  HWThread 53  |  HWThread 54  |  HWThread 55  |  HWThread 56  |  HWThread 57  |  HWThread 58  |  HWThread 59  |  HWThread 60  |  HWThread 61  |  HWThread 62  |  HWThread 63  |  HWThread 64  |  HWThread 65  |  HWThread 66  |  HWThread 67  |  HWThread 68  |  HWThread 69  |  HWThread 70  |  HWThread 71  |  HWThread 72  |  HWThread 73  |  HWThread 74  |  HWThread 75  |  HWThread 76  |  HWThread 77  |  HWThread 78  |  HWThread 79  |  HWThread 80  |  HWThread 81  |  HWThread 82  |  HWThread 83  |  HWThread 84  |  HWThread 85  |  HWThread 86  |  HWThread 87  |  HWThread 88  |  HWThread 89  |  HWThread 90  |  HWThread 91  |  HWThread 92  |  HWThread 93  |  HWThread 94  |  HWThread 95  |  HWThread 96  |  HWThread 97  |  HWThread 98  |  HWThread 99  |  HWThread 100 |  HWThread 101 |  HWThread 102 |  HWThread 103 |  HWThread 104 |  HWThread 105 |  HWThread 106 |  HWThread 107 |  HWThread 108 |  HWThread 109 |  HWThread 110 |  HWThread 111 |  HWThread 112 |  HWThread 113 |  HWThread 114 |  HWThread 115 |  HWThread 116 |  HWThread 117 |  HWThread 118 |  HWThread 119 |  HWThread 120 |  HWThread 121 |  HWThread 122 |  HWThread 123 |  HWThread 124 |  HWThread 125 |  HWThread 126 |  HWThread 127 |  HWThread 128 |  HWThread 129 |  HWThread 130 |  HWThread 131 |  HWThread 132 |  HWThread 133 |  HWThread 134 |  HWThread 135 |  HWThread 136 |  HWThread 137 |  HWThread 138 |  HWThread 139 |  HWThread 140 |  HWThread 141 |  HWThread 142 |  HWThread 143 |  HWThread 144 |  HWThread 145 |  HWThread 146 |  HWThread 147 |  HWThread 148 |  HWThread 149 |  HWThread 150 |  HWThread 151 |  HWThread 152 |  HWThread 153 |  HWThread 154 |  HWThread 155 |  HWThread 156 |  HWThread 157 |  HWThread 158 |  HWThread 159 |  HWThread 160 |  HWThread 161 |  HWThread 162 |  HWThread 163 |  HWThread 164 |  HWThread 165 |  HWThread 166 |  HWThread 167 |  HWThread 168 |  HWThread 169 |  HWThread 170 |  HWThread 171 |  HWThread 172 |  HWThread 173 |  HWThread 174 |  HWThread 175 |  HWThread 176 |  HWThread 177 |  HWThread 178 |  HWThread 179 |  HWThread 180 |  HWThread 181 |  HWThread 182 |  HWThread 183 |  HWThread 184 |  HWThread 185 |  HWThread 186 |  HWThread 187 |  HWThread 188 |  HWThread 189 |  HWThread 190 |  HWThread 191 |
+----------------------+---------+---------------+---------------+---------------+---------------+---------------+---------------+---------------+---------------+---------------+---------------+---------------+---------------+---------------+---------------+---------------+---------------+---------------+---------------+---------------+---------------+---------------+---------------+---------------+---------------+---------------+---------------+---------------+---------------+---------------+---------------+---------------+---------------+---------------+---------------+---------------+---------------+---------------+---------------+---------------+---------------+---------------+---------------+---------------+---------------+---------------+---------------+---------------+---------------+---------------+---------------+---------------+---------------+---------------+---------------+---------------+---------------+---------------+---------------+---------------+---------------+---------------+---------------+---------------+---------------+---------------+---------------+---------------+---------------+---------------+---------------+---------------+---------------+---------------+---------------+---------------+---------------+---------------+---------------+---------------+---------------+---------------+---------------+---------------+---------------+---------------+---------------+---------------+---------------+---------------+---------------+---------------+---------------+---------------+---------------+---------------+---------------+---------------+---------------+---------------+---------------+---------------+---------------+---------------+---------------+---------------+---------------+---------------+---------------+---------------+---------------+---------------+---------------+---------------+---------------+---------------+---------------+---------------+---------------+---------------+---------------+---------------+---------------+---------------+---------------+---------------+---------------+---------------+---------------+---------------+---------------+---------------+---------------+---------------+---------------+---------------+---------------+---------------+---------------+---------------+---------------+---------------+---------------+---------------+---------------+---------------+---------------+---------------+---------------+---------------+---------------+---------------+---------------+---------------+---------------+---------------+---------------+---------------+---------------+---------------+---------------+---------------+---------------+---------------+---------------+---------------+---------------+---------------+---------------+---------------+---------------+---------------+---------------+---------------+---------------+---------------+---------------+---------------+---------------+---------------+---------------+---------------+---------------+---------------+---------------+---------------+---------------+---------------+---------------+---------------+---------------+---------------+---------------+
|   ACTUAL_CPU_CLOCK   |  FIXC1  | 4517931227737 | 3297235846033 | 3170490838963 | 3193161103570 | 3171133883290 | 3177577651778 | 3319998476404 | 3324319962711 | 2899608298043 | 2906854791389 | 2867137473457 | 2938067359430 | 2854491277023 | 2831477298019 | 2863390705822 | 2995814286918 | 3146208708755 | 3235215663916 | 3111618221788 | 3106262905451 | 3170593789565 | 3188154220133 | 3224278821288 | 3338252695904 | 4510690263221 | 4531604300416 | 4489098881621 | 4533613176039 | 4530016318088 | 4514864186722 | 4586535555373 | 4620046858880 | 3780540577849 | 3590929097803 | 3964942179382 | 3764219592973 | 3752236450301 | 4136128473305 | 3993979986382 | 4136552745261 | 4288062437744 | 4282189296654 | 4263200653560 | 4344929508820 | 4291574972831 | 4341273644511 | 4382488352183 | 4441248087965 | 5479282795935 | 5476131680232 | 5463390728564 | 5481378602359 | 5484972340938 | 5477831258416 | 5480731357656 | 5491836435613 | 5233587723431 | 5264762749677 | 4901262332671 | 4035232503051 | 4307881028501 | 3845170459953 | 4247244047735 | 3918716844015 | 5089148536096 | 4982074382626 | 5073058753952 | 5140245424199 | 5198248956814 | 5229693603026 | 5276232367259 | 5323877066178 | 5456208789991 | 5469751658160 | 5438369833368 | 5462793646224 | 5469572525872 | 5462475977858 | 5489747522820 | 5484056067158 | 5354092384435 | 5309877009818 | 5272562116655 | 5293246474515 | 5353800351920 | 5293729733426 | 5383657971684 | 5368447332304 | 5275962672588 | 5291729598982 | 5240053281665 | 5315238630593 | 5286105363397 | 5295348402740 | 5339292154813 | 5359251692382 | 4797312292726 | 4825899853788 | 5109378931309 | 5195624131013 | 4919674876218 | 4917839744371 | 4811389704337 | 5197801136587 | 4519213670462 | 5109615305348 | 4772202796880 | 4183906461567 | 4544459433038 | 4559449103485 | 4670730178418 | 4369238586093 | 5276171348933 | 5622360829363 | 5427170367484 | 5522523187365 | 5595318364468 | 5346458198398 | 5444285599960 | 5350130356620 | 5664660462074 | 5679581434242 | 5493593801631 | 5553822880238 | 5699367892560 | 5703595873676 | 5680086504985 | 5669925215939 | 5682680880508 | 5594147368934 | 5681804700310 | 5565342326118 | 5450435394889 | 5631135896650 | 5672213566546 | 5677059040279 | 5695794252185 | 5701660830125 | 5700338894844 | 5698893252327 | 5693642928971 | 5691212566087 | 5698439181247 | 5702050322170 | 5701826985688 | 5702060106406 | 5692211255012 | 5700796143732 | 5690442413013 | 5692729234230 | 5694222287150 | 5695405510580 | 5699532067896 | 5695358697166 | 5696565506471 | 5694156616443 | 5701985375149 | 5697516979214 | 5700975089767 | 5695803817651 | 5689622347885 | 5699336427876 | 5689841973744 | 5694322689868 | 5690489115083 | 5693859521493 | 5688322546927 | 5722031799897 | 5691543753064 | 5690057176022 | 5692012886911 | 5693345326068 | 5699336191771 | 5694195875618 | 5687726659849 | 5691110461221 | 5684861608126 | 5687708480117 | 5679116409059 | 5682269826214 | 5681194901885 | 5679207475813 | 5690042675409 | 5683267142537 | 5701299438711 | 5699526603981 | 5653679097924 | 5572317090734 | 5576421964396 | 5373339877239 | 5380116034783 | 5383796235435 |
|     MAX_CPU_CLOCK    |  FIXC2  | 3224509714062 | 2578009749354 | 2516521324616 | 2521411823996 | 2512944028634 | 2526999791186 | 2562359638384 | 2568154687384 | 2411708446108 | 2412821791874 | 2398408917502 | 2428346947260 | 2392408556746 | 2379533503880 | 2391889835556 | 2448670446898 | 2522207070552 | 2541903791622 | 2498967075462 | 2494987812096 | 2515079553350 | 2527088396248 | 2529835459190 | 2567835516610 | 3187514000320 | 3209103792908 | 3177953213318 | 3209240946886 | 3206057464090 | 3191709591512 | 3240577276586 | 3267550281996 | 2772586113232 | 2678090607868 | 2859681851130 | 2775700694078 | 2761861911276 | 2960687952924 | 2889683418024 | 2966370124978 | 3034465046912 | 3030529702746 | 3021155257536 | 3082139523294 | 3037816291406 | 3077996787710 | 3101824233092 | 3140886770944 | 3867454013280 | 3861640775226 | 3853809083722 | 3866954124878 | 3870940757086 | 3863205773310 | 3862459018496 | 3873724480860 | 3699079148960 | 3724144113976 | 3509765885990 | 3033199476840 | 3199656943678 | 2944668455508 | 3160277859310 | 2992073442618 | 3608495711418 | 3547846786978 | 3593014848176 | 3645442252010 | 3676798109426 | 3699580942616 | 3725854865070 | 3754428108366 | 3847702685892 | 3862518204428 | 3834773931976 | 3856134123192 | 3858108854106 | 3852774909568 | 3873272906230 | 3868313240194 | 3780160136896 | 3750898461466 | 3727235845216 | 3741845277326 | 3782642400342 | 3741866186448 | 3799807431628 | 3786001523876 | 3721325700300 | 3733562380366 | 3698495646014 | 3751168516914 | 3731806862238 | 3737699608344 | 3769190633000 | 3785016623050 | 3534639325802 | 3554646102878 | 3704316848518 | 3740421077328 | 3599227895926 | 3596122501790 | 3541591474928 | 3741782547724 | 3390976461158 | 3703833305146 | 3523171596776 | 3208569592904 | 3398667064130 | 3411845897252 | 3465989470112 | 3311565854012 | 3790082378290 | 3980057225768 | 3869778041376 | 3919887310430 | 3956871178676 | 3832445685900 | 3877598809032 | 3831093210672 | 3993511782832 | 4003590128174 | 3902375250826 | 3937658092966 | 4014410241504 | 4020784421420 | 3998969647452 | 3993334180758 | 4004559712322 | 3956321441280 | 3999596350048 | 3944735569216 | 3878595416956 | 3972203886768 | 3996194370636 | 4003619624186 | 4012274160362 | 4016509161288 | 4015607868272 | 4014801044904 | 4008556778226 | 4005565397366 | 4012948946344 | 4016523351464 | 4016523092920 | 4016428116896 | 4006413074066 | 4014978309550 | 4004349614980 | 4006933003944 | 4008267996824 | 4009718658244 | 4015530675312 | 4010100998358 | 4011814929356 | 4009284050798 | 4017529371466 | 4012872806644 | 4015959322778 | 4011489184092 | 4004172652818 | 4014958759032 | 4004665093494 | 4009397460718 | 4005701893700 | 4009154464692 | 4003385332466 | 4039141135406 | 4008671677998 | 4006919434752 | 4008425229432 | 4010368553386 | 4016639898362 | 4011227597260 | 4004451016592 | 4007983325346 | 4004759191394 | 4009244211960 | 4000427880384 | 4003843534262 | 4001359664094 | 3999928859654 | 4011233002504 | 4004578357234 | 4018184412684 | 4016832018394 | 3983334621396 | 3925053528864 | 3930599616996 | 3786153875452 | 3793792601716 | 3795440281256 |
| RETIRED_INSTRUCTIONS |   PMC0  | 1246856692634 |  627635729810 |  631109353448 |  630524277691 |  630520477611 |  633308974999 |  630750607672 |  630560881192 |  653288527864 |  654677803184 |  652348046528 |  652861193906 |  654956765227 |  653887428016 |  654620951419 |  654772932226 |  629724078761 |  628885089980 |  628727886334 |  628838914056 |  628681229387 |  629204642863 |  628789900877 |  628422703054 |  631696958998 |  633359791293 |  633193214034 |  633165693472 |  633051230765 |  632122584795 |  633171743048 |  632825520447 |  648033064509 |  651384212966 |  650611728573 |  649350979417 |  650794225491 |  650464599028 |  649811498137 |  649191429539 |  627534954420 |  627832475226 |  627806580492 |  628523335205 |  627578240256 |  628169480938 |  627955189218 |  628676245173 |  646982564184 |  648074830945 |  648448442200 |  648031937486 |  648099310480 |  648470903211 |  647699942516 |  645528566778 |  681749558495 |  667460350732 |  677490591662 |  673195782458 |  675203430436 |  673944200176 |  674816540817 |  674416755882 |  644632210831 |  644544408200 |  645175583597 |  645263056125 |  644752002628 |  644808210229 |  644436073980 |  644664484549 |  640460493482 |  641893604354 |  641159220723 |  641989017981 |  641944400143 |  641801134370 |  641626200318 |  641685481044 |  678472912976 |  680365490789 |  680064455461 |  679662478339 |  681785881133 |  680144532385 |  679910167666 |  680934143420 |  639976183293 |  641277187518 |  640499390690 |  641302806193 |  636112582989 |  636363448094 |  636559117179 |  636077079479 |  607544102146 |  603062251717 |  599791580602 |  597813347340 |  606118674731 |  610071746626 |  607422195866 |  598756326156 |  629643535256 |  617432054740 |  626333021887 |  631893046360 |  630160729421 |  628701988109 |  623175359190 |  628316300592 |  609695915343 |  602221217808 |  603482319128 |  602736981857 |  604447894202 |  609116857164 |  603739111901 |  608271280670 |  566779090163 |  565661169365 |  579081159099 |  572658790907 |  564138753992 |  563968622735 |  564493152807 |  563088207992 |  586063215202 |  592122094706 |  582467394725 |  594223705227 |  607699796094 |  589596774512 |  583939577635 |  584471330855 |  582158853317 |  578127430554 |  579041587515 |  577745830096 |  576979707361 |  575583453715 |  575370329362 |  574901832539 |  570184324623 |  569012687964 |  568752487674 |  568084305331 |  568258621256 |  567981269704 |  567399080528 |  566737832281 |  587759832837 |  580298185283 |  584997783515 |  584103828178 |  583917379579 |  583307230620 |  582407970536 |  582469569325 |  586789382744 |  586589977708 |  585752128497 |  587461410559 |  585751688621 |  584879373455 |  582873012968 |  583936517863 |  574506669463 |  574419443032 |  568978844757 |  576130879650 |  576531193536 |  576848649341 |  575697817220 |  575007647266 |  607509538550 |  609098254700 |  609562892695 |  608494990415 |  607700500634 |  607931133008 |  607571987155 |  606809467231 |  594987817991 |  594523709166 |  551520981999 |  517779710729 |  476438617494 |  406174296066 |  410328371208 |  424316360066 |
|  CPU_CLOCKS_UNHALTED |   PMC1  | 3982387363852 | 3072811152790 | 2977050957727 | 2993598548778 | 2974331257224 | 2971675544693 | 3112806058845 | 3112948606602 | 2715362837402 | 2727480970718 | 2695025414114 | 2752173468201 | 2673532168266 | 2657044351517 | 2683103492205 | 2798262226507 | 2945242804147 | 3036742754006 | 2929175291247 | 2920272233390 | 2981688246145 | 2991736998359 | 3027732145501 | 3134742825803 | 4133693500323 | 4142148150333 | 4112962500661 | 4144613032570 | 4141233819101 | 4135782910623 | 4196285748631 | 4218802186423 | 3491111706401 | 3322410799693 | 3654612502248 | 3469578147930 | 3453200503326 | 3797945066233 | 3670668049838 | 3796824714879 | 3952787885332 | 3947217484468 | 3933291402361 | 3990394867726 | 3947511507446 | 3988630433864 | 4030161738569 | 4076790301561 | 4928706146330 | 4933612415066 | 4922096284818 | 4933702859675 | 4936219729701 | 4933684462275 | 4940789473856 | 4945370304116 | 4695672371235 | 4725298142958 | 4416883255883 | 3678872662904 | 3890656745834 | 3505537023066 | 3854501475307 | 3566517932181 | 4604000494894 | 4510673253711 | 4597938986272 | 4643561220811 | 4695434880357 | 4720946950158 | 4765402245538 | 4808071670562 | 4914513839576 | 4920497845169 | 4902619654282 | 4914237219305 | 4924270699264 | 4917880058738 | 4943940388004 | 4939357945281 | 4827062492151 | 4790018529815 | 4759483171011 | 4773059496385 | 4820735293105 | 4771914075999 | 4849836756755 | 4840553884519 | 4772661207805 | 4784497796994 | 4741136092110 | 4802183398798 | 4774656480604 | 4789208648611 | 4820718635585 | 4831829863203 | 4407039168362 | 4430604402627 | 4682825420564 | 4759402515764 | 4520945210116 | 4518354358110 | 4425432706138 | 4766354319596 | 4153089089909 | 4666109198759 | 4382248430671 | 3861263318042 | 4181835820877 | 4185896143651 | 4292512364290 | 4024528533883 | 4827281266684 | 5118565334167 | 4963413837059 | 5040641686324 | 5108785693332 | 4875529526230 | 4967099039152 | 4883307954075 | 5166465593049 | 5179124410198 | 5037094789807 | 5073254356516 | 5196093669441 | 5185826038933 | 5181008670647 | 5173965598003 | 5179463123859 | 5116517464388 | 5180490444552 | 5087312982120 | 4991206271188 | 5144321666429 | 5179720362507 | 5179047308902 | 5177074214196 | 5179548104142 | 5185540087468 | 5184939936625 | 5175240514171 | 5182222940446 | 5176813921485 | 5186011146902 | 5191308853559 | 5197588452891 | 5204485399298 | 5199784035461 | 5194603569204 | 5193024838663 | 5190833081679 | 5195984611590 | 5197790455387 | 5168437881440 | 5211434474717 | 5197316506709 | 5200424758233 | 5207169303775 | 5205243825665 | 5204596947997 | 5214248872135 | 5200008777738 | 5210746354927 | 5192784053295 | 5210525950307 | 5212812396668 | 5198676235035 | 5216450885711 | 5252936109922 | 5257216278590 | 5258828355344 | 5258589343393 | 5254855088948 | 5259046224249 | 5248719280638 | 5254650817657 | 5228215666399 | 5234312042733 | 5237498089055 | 5234371547192 | 5230292661792 | 5232976107962 | 5232192254167 | 5227500992907 | 5242881923799 | 5238467194236 | 5201304660156 | 5115337931171 | 5112910910922 | 4901724927097 | 4903230135032 | 4902139693076 |
|      CAS_CMD_RD      |  UMC0C0 |   78308427814 |             0 |             0 |             0 |             0 |             0 |             0 |             0 |             0 |             0 |             0 |             0 |             0 |             0 |             0 |             0 |             0 |             0 |             0 |             0 |             0 |             0 |             0 |             0 |             0 |             0 |             0 |             0 |             0 |             0 |             0 |             0 |             0 |             0 |             0 |             0 |             0 |             0 |             0 |             0 |             0 |             0 |             0 |             0 |             0 |             0 |             0 |             0 |             0 |             0 |             0 |             0 |             0 |             0 |             0 |             0 |             0 |             0 |             0 |             0 |             0 |             0 |             0 |             0 |             0 |             0 |             0 |             0 |             0 |             0 |             0 |             0 |             0 |             0 |             0 |             0 |             0 |             0 |             0 |             0 |             0 |             0 |             0 |             0 |             0 |             0 |             0 |             0 |             0 |             0 |             0 |             0 |             0 |             0 |             0 |             0 |   67826986936 |             0 |             0 |             0 |             0 |             0 |             0 |             0 |             0 |             0 |             0 |             0 |             0 |             0 |             0 |             0 |             0 |             0 |             0 |             0 |             0 |             0 |             0 |             0 |             0 |             0 |             0 |             0 |             0 |             0 |             0 |             0 |             0 |             0 |             0 |             0 |             0 |             0 |             0 |             0 |             0 |             0 |             0 |             0 |             0 |             0 |             0 |             0 |             0 |             0 |             0 |             0 |             0 |             0 |             0 |             0 |             0 |             0 |             0 |             0 |             0 |             0 |             0 |             0 |             0 |             0 |             0 |             0 |             0 |             0 |             0 |             0 |             0 |             0 |             0 |             0 |             0 |             0 |             0 |             0 |             0 |             0 |             0 |             0 |             0 |             0 |             0 |             0 |             0 |             0 |             0 |             0 |             0 |             0 |             0 |             0 |
|      CAS_CMD_WR      |  UMC0C1 |   32949810098 |             0 |             0 |             0 |             0 |             0 |             0 |             0 |             0 |             0 |             0 |             0 |             0 |             0 |             0 |             0 |             0 |             0 |             0 |             0 |             0 |             0 |             0 |             0 |             0 |             0 |             0 |             0 |             0 |             0 |             0 |             0 |             0 |             0 |             0 |             0 |             0 |             0 |             0 |             0 |             0 |             0 |             0 |             0 |             0 |             0 |             0 |             0 |             0 |             0 |             0 |             0 |             0 |             0 |             0 |             0 |             0 |             0 |             0 |             0 |             0 |             0 |             0 |             0 |             0 |             0 |             0 |             0 |             0 |             0 |             0 |             0 |             0 |             0 |             0 |             0 |             0 |             0 |             0 |             0 |             0 |             0 |             0 |             0 |             0 |             0 |             0 |             0 |             0 |             0 |             0 |             0 |             0 |             0 |             0 |             0 |   31516736700 |             0 |             0 |             0 |             0 |             0 |             0 |             0 |             0 |             0 |             0 |             0 |             0 |             0 |             0 |             0 |             0 |             0 |             0 |             0 |             0 |             0 |             0 |             0 |             0 |             0 |             0 |             0 |             0 |             0 |             0 |             0 |             0 |             0 |             0 |             0 |             0 |             0 |             0 |             0 |             0 |             0 |             0 |             0 |             0 |             0 |             0 |             0 |             0 |             0 |             0 |             0 |             0 |             0 |             0 |             0 |             0 |             0 |             0 |             0 |             0 |             0 |             0 |             0 |             0 |             0 |             0 |             0 |             0 |             0 |             0 |             0 |             0 |             0 |             0 |             0 |             0 |             0 |             0 |             0 |             0 |             0 |             0 |             0 |             0 |             0 |             0 |             0 |             0 |             0 |             0 |             0 |             0 |             0 |             0 |             0 |
|      CAS_CMD_RD      |  UMC1C0 |   78866029049 |             0 |             0 |             0 |             0 |             0 |             0 |             0 |             0 |             0 |             0 |             0 |             0 |             0 |             0 |             0 |             0 |             0 |             0 |             0 |             0 |             0 |             0 |             0 |             0 |             0 |             0 |             0 |             0 |             0 |             0 |             0 |             0 |             0 |             0 |             0 |             0 |             0 |             0 |             0 |             0 |             0 |             0 |             0 |             0 |             0 |             0 |             0 |             0 |             0 |             0 |             0 |             0 |             0 |             0 |             0 |             0 |             0 |             0 |             0 |             0 |             0 |             0 |             0 |             0 |             0 |             0 |             0 |             0 |             0 |             0 |             0 |             0 |             0 |             0 |             0 |             0 |             0 |             0 |             0 |             0 |             0 |             0 |             0 |             0 |             0 |             0 |             0 |             0 |             0 |             0 |             0 |             0 |             0 |             0 |             0 |   68044095208 |             0 |             0 |             0 |             0 |             0 |             0 |             0 |             0 |             0 |             0 |             0 |             0 |             0 |             0 |             0 |             0 |             0 |             0 |             0 |             0 |             0 |             0 |             0 |             0 |             0 |             0 |             0 |             0 |             0 |             0 |             0 |             0 |             0 |             0 |             0 |             0 |             0 |             0 |             0 |             0 |             0 |             0 |             0 |             0 |             0 |             0 |             0 |             0 |             0 |             0 |             0 |             0 |             0 |             0 |             0 |             0 |             0 |             0 |             0 |             0 |             0 |             0 |             0 |             0 |             0 |             0 |             0 |             0 |             0 |             0 |             0 |             0 |             0 |             0 |             0 |             0 |             0 |             0 |             0 |             0 |             0 |             0 |             0 |             0 |             0 |             0 |             0 |             0 |             0 |             0 |             0 |             0 |             0 |             0 |             0 |
|      CAS_CMD_WR      |  UMC1C1 |   33025921171 |             0 |             0 |             0 |             0 |             0 |             0 |             0 |             0 |             0 |             0 |             0 |             0 |             0 |             0 |             0 |             0 |             0 |             0 |             0 |             0 |             0 |             0 |             0 |             0 |             0 |             0 |             0 |             0 |             0 |             0 |             0 |             0 |             0 |             0 |             0 |             0 |             0 |             0 |             0 |             0 |             0 |             0 |             0 |             0 |             0 |             0 |             0 |             0 |             0 |             0 |             0 |             0 |             0 |             0 |             0 |             0 |             0 |             0 |             0 |             0 |             0 |             0 |             0 |             0 |             0 |             0 |             0 |             0 |             0 |             0 |             0 |             0 |             0 |             0 |             0 |             0 |             0 |             0 |             0 |             0 |             0 |             0 |             0 |             0 |             0 |             0 |             0 |             0 |             0 |             0 |             0 |             0 |             0 |             0 |             0 |   31509870208 |             0 |             0 |             0 |             0 |             0 |             0 |             0 |             0 |             0 |             0 |             0 |             0 |             0 |             0 |             0 |             0 |             0 |             0 |             0 |             0 |             0 |             0 |             0 |             0 |             0 |             0 |             0 |             0 |             0 |             0 |             0 |             0 |             0 |             0 |             0 |             0 |             0 |             0 |             0 |             0 |             0 |             0 |             0 |             0 |             0 |             0 |             0 |             0 |             0 |             0 |             0 |             0 |             0 |             0 |             0 |             0 |             0 |             0 |             0 |             0 |             0 |             0 |             0 |             0 |             0 |             0 |             0 |             0 |             0 |             0 |             0 |             0 |             0 |             0 |             0 |             0 |             0 |             0 |             0 |             0 |             0 |             0 |             0 |             0 |             0 |             0 |             0 |             0 |             0 |             0 |             0 |             0 |             0 |             0 |             0 |
|      CAS_CMD_RD      |  UMC2C0 |   77966372577 |             0 |             0 |             0 |             0 |             0 |             0 |             0 |             0 |             0 |             0 |             0 |             0 |             0 |             0 |             0 |             0 |             0 |             0 |             0 |             0 |             0 |             0 |             0 |             0 |             0 |             0 |             0 |             0 |             0 |             0 |             0 |             0 |             0 |             0 |             0 |             0 |             0 |             0 |             0 |             0 |             0 |             0 |             0 |             0 |             0 |             0 |             0 |             0 |             0 |             0 |             0 |             0 |             0 |             0 |             0 |             0 |             0 |             0 |             0 |             0 |             0 |             0 |             0 |             0 |             0 |             0 |             0 |             0 |             0 |             0 |             0 |             0 |             0 |             0 |             0 |             0 |             0 |             0 |             0 |             0 |             0 |             0 |             0 |             0 |             0 |             0 |             0 |             0 |             0 |             0 |             0 |             0 |             0 |             0 |             0 |   67951645062 |             0 |             0 |             0 |             0 |             0 |             0 |             0 |             0 |             0 |             0 |             0 |             0 |             0 |             0 |             0 |             0 |             0 |             0 |             0 |             0 |             0 |             0 |             0 |             0 |             0 |             0 |             0 |             0 |             0 |             0 |             0 |             0 |             0 |             0 |             0 |             0 |             0 |             0 |             0 |             0 |             0 |             0 |             0 |             0 |             0 |             0 |             0 |             0 |             0 |             0 |             0 |             0 |             0 |             0 |             0 |             0 |             0 |             0 |             0 |             0 |             0 |             0 |             0 |             0 |             0 |             0 |             0 |             0 |             0 |             0 |             0 |             0 |             0 |             0 |             0 |             0 |             0 |             0 |             0 |             0 |             0 |             0 |             0 |             0 |             0 |             0 |             0 |             0 |             0 |             0 |             0 |             0 |             0 |             0 |             0 |
|      CAS_CMD_WR      |  UMC2C1 |   32960866973 |             0 |             0 |             0 |             0 |             0 |             0 |             0 |             0 |             0 |             0 |             0 |             0 |             0 |             0 |             0 |             0 |             0 |             0 |             0 |             0 |             0 |             0 |             0 |             0 |             0 |             0 |             0 |             0 |             0 |             0 |             0 |             0 |             0 |             0 |             0 |             0 |             0 |             0 |             0 |             0 |             0 |             0 |             0 |             0 |             0 |             0 |             0 |             0 |             0 |             0 |             0 |             0 |             0 |             0 |             0 |             0 |             0 |             0 |             0 |             0 |             0 |             0 |             0 |             0 |             0 |             0 |             0 |             0 |             0 |             0 |             0 |             0 |             0 |             0 |             0 |             0 |             0 |             0 |             0 |             0 |             0 |             0 |             0 |             0 |             0 |             0 |             0 |             0 |             0 |             0 |             0 |             0 |             0 |             0 |             0 |   31547584171 |             0 |             0 |             0 |             0 |             0 |             0 |             0 |             0 |             0 |             0 |             0 |             0 |             0 |             0 |             0 |             0 |             0 |             0 |             0 |             0 |             0 |             0 |             0 |             0 |             0 |             0 |             0 |             0 |             0 |             0 |             0 |             0 |             0 |             0 |             0 |             0 |             0 |             0 |             0 |             0 |             0 |             0 |             0 |             0 |             0 |             0 |             0 |             0 |             0 |             0 |             0 |             0 |             0 |             0 |             0 |             0 |             0 |             0 |             0 |             0 |             0 |             0 |             0 |             0 |             0 |             0 |             0 |             0 |             0 |             0 |             0 |             0 |             0 |             0 |             0 |             0 |             0 |             0 |             0 |             0 |             0 |             0 |             0 |             0 |             0 |             0 |             0 |             0 |             0 |             0 |             0 |             0 |             0 |             0 |             0 |
|      CAS_CMD_RD      |  UMC3C0 |   77884234410 |             0 |             0 |             0 |             0 |             0 |             0 |             0 |             0 |             0 |             0 |             0 |             0 |             0 |             0 |             0 |             0 |             0 |             0 |             0 |             0 |             0 |             0 |             0 |             0 |             0 |             0 |             0 |             0 |             0 |             0 |             0 |             0 |             0 |             0 |             0 |             0 |             0 |             0 |             0 |             0 |             0 |             0 |             0 |             0 |             0 |             0 |             0 |             0 |             0 |             0 |             0 |             0 |             0 |             0 |             0 |             0 |             0 |             0 |             0 |             0 |             0 |             0 |             0 |             0 |             0 |             0 |             0 |             0 |             0 |             0 |             0 |             0 |             0 |             0 |             0 |             0 |             0 |             0 |             0 |             0 |             0 |             0 |             0 |             0 |             0 |             0 |             0 |             0 |             0 |             0 |             0 |             0 |             0 |             0 |             0 |   68116681888 |             0 |             0 |             0 |             0 |             0 |             0 |             0 |             0 |             0 |             0 |             0 |             0 |             0 |             0 |             0 |             0 |             0 |             0 |             0 |             0 |             0 |             0 |             0 |             0 |             0 |             0 |             0 |             0 |             0 |             0 |             0 |             0 |             0 |             0 |             0 |             0 |             0 |             0 |             0 |             0 |             0 |             0 |             0 |             0 |             0 |             0 |             0 |             0 |             0 |             0 |             0 |             0 |             0 |             0 |             0 |             0 |             0 |             0 |             0 |             0 |             0 |             0 |             0 |             0 |             0 |             0 |             0 |             0 |             0 |             0 |             0 |             0 |             0 |             0 |             0 |             0 |             0 |             0 |             0 |             0 |             0 |             0 |             0 |             0 |             0 |             0 |             0 |             0 |             0 |             0 |             0 |             0 |             0 |             0 |             0 |
|      CAS_CMD_WR      |  UMC3C1 |   33039674446 |             0 |             0 |             0 |             0 |             0 |             0 |             0 |             0 |             0 |             0 |             0 |             0 |             0 |             0 |             0 |             0 |             0 |             0 |             0 |             0 |             0 |             0 |             0 |             0 |             0 |             0 |             0 |             0 |             0 |             0 |             0 |             0 |             0 |             0 |             0 |             0 |             0 |             0 |             0 |             0 |             0 |             0 |             0 |             0 |             0 |             0 |             0 |             0 |             0 |             0 |             0 |             0 |             0 |             0 |             0 |             0 |             0 |             0 |             0 |             0 |             0 |             0 |             0 |             0 |             0 |             0 |             0 |             0 |             0 |             0 |             0 |             0 |             0 |             0 |             0 |             0 |             0 |             0 |             0 |             0 |             0 |             0 |             0 |             0 |             0 |             0 |             0 |             0 |             0 |             0 |             0 |             0 |             0 |             0 |             0 |   31663248763 |             0 |             0 |             0 |             0 |             0 |             0 |             0 |             0 |             0 |             0 |             0 |             0 |             0 |             0 |             0 |             0 |             0 |             0 |             0 |             0 |             0 |             0 |             0 |             0 |             0 |             0 |             0 |             0 |             0 |             0 |             0 |             0 |             0 |             0 |             0 |             0 |             0 |             0 |             0 |             0 |             0 |             0 |             0 |             0 |             0 |             0 |             0 |             0 |             0 |             0 |             0 |             0 |             0 |             0 |             0 |             0 |             0 |             0 |             0 |             0 |             0 |             0 |             0 |             0 |             0 |             0 |             0 |             0 |             0 |             0 |             0 |             0 |             0 |             0 |             0 |             0 |             0 |             0 |             0 |             0 |             0 |             0 |             0 |             0 |             0 |             0 |             0 |             0 |             0 |             0 |             0 |             0 |             0 |             0 |             0 |
|      CAS_CMD_RD      |  UMC4C0 |   79849930242 |             0 |             0 |             0 |             0 |             0 |             0 |             0 |             0 |             0 |             0 |             0 |             0 |             0 |             0 |             0 |             0 |             0 |             0 |             0 |             0 |             0 |             0 |             0 |             0 |             0 |             0 |             0 |             0 |             0 |             0 |             0 |             0 |             0 |             0 |             0 |             0 |             0 |             0 |             0 |             0 |             0 |             0 |             0 |             0 |             0 |             0 |             0 |             0 |             0 |             0 |             0 |             0 |             0 |             0 |             0 |             0 |             0 |             0 |             0 |             0 |             0 |             0 |             0 |             0 |             0 |             0 |             0 |             0 |             0 |             0 |             0 |             0 |             0 |             0 |             0 |             0 |             0 |             0 |             0 |             0 |             0 |             0 |             0 |             0 |             0 |             0 |             0 |             0 |             0 |             0 |             0 |             0 |             0 |             0 |             0 |   68230582824 |             0 |             0 |             0 |             0 |             0 |             0 |             0 |             0 |             0 |             0 |             0 |             0 |             0 |             0 |             0 |             0 |             0 |             0 |             0 |             0 |             0 |             0 |             0 |             0 |             0 |             0 |             0 |             0 |             0 |             0 |             0 |             0 |             0 |             0 |             0 |             0 |             0 |             0 |             0 |             0 |             0 |             0 |             0 |             0 |             0 |             0 |             0 |             0 |             0 |             0 |             0 |             0 |             0 |             0 |             0 |             0 |             0 |             0 |             0 |             0 |             0 |             0 |             0 |             0 |             0 |             0 |             0 |             0 |             0 |             0 |             0 |             0 |             0 |             0 |             0 |             0 |             0 |             0 |             0 |             0 |             0 |             0 |             0 |             0 |             0 |             0 |             0 |             0 |             0 |             0 |             0 |             0 |             0 |             0 |             0 |
|      CAS_CMD_WR      |  UMC4C1 |   33021750650 |             0 |             0 |             0 |             0 |             0 |             0 |             0 |             0 |             0 |             0 |             0 |             0 |             0 |             0 |             0 |             0 |             0 |             0 |             0 |             0 |             0 |             0 |             0 |             0 |             0 |             0 |             0 |             0 |             0 |             0 |             0 |             0 |             0 |             0 |             0 |             0 |             0 |             0 |             0 |             0 |             0 |             0 |             0 |             0 |             0 |             0 |             0 |             0 |             0 |             0 |             0 |             0 |             0 |             0 |             0 |             0 |             0 |             0 |             0 |             0 |             0 |             0 |             0 |             0 |             0 |             0 |             0 |             0 |             0 |             0 |             0 |             0 |             0 |             0 |             0 |             0 |             0 |             0 |             0 |             0 |             0 |             0 |             0 |             0 |             0 |             0 |             0 |             0 |             0 |             0 |             0 |             0 |             0 |             0 |             0 |   31558177200 |             0 |             0 |             0 |             0 |             0 |             0 |             0 |             0 |             0 |             0 |             0 |             0 |             0 |             0 |             0 |             0 |             0 |             0 |             0 |             0 |             0 |             0 |             0 |             0 |             0 |             0 |             0 |             0 |             0 |             0 |             0 |             0 |             0 |             0 |             0 |             0 |             0 |             0 |             0 |             0 |             0 |             0 |             0 |             0 |             0 |             0 |             0 |             0 |             0 |             0 |             0 |             0 |             0 |             0 |             0 |             0 |             0 |             0 |             0 |             0 |             0 |             0 |             0 |             0 |             0 |             0 |             0 |             0 |             0 |             0 |             0 |             0 |             0 |             0 |             0 |             0 |             0 |             0 |             0 |             0 |             0 |             0 |             0 |             0 |             0 |             0 |             0 |             0 |             0 |             0 |             0 |             0 |             0 |             0 |             0 |
|      CAS_CMD_RD      |  UMC5C0 |   78986391592 |             0 |             0 |             0 |             0 |             0 |             0 |             0 |             0 |             0 |             0 |             0 |             0 |             0 |             0 |             0 |             0 |             0 |             0 |             0 |             0 |             0 |             0 |             0 |             0 |             0 |             0 |             0 |             0 |             0 |             0 |             0 |             0 |             0 |             0 |             0 |             0 |             0 |             0 |             0 |             0 |             0 |             0 |             0 |             0 |             0 |             0 |             0 |             0 |             0 |             0 |             0 |             0 |             0 |             0 |             0 |             0 |             0 |             0 |             0 |             0 |             0 |             0 |             0 |             0 |             0 |             0 |             0 |             0 |             0 |             0 |             0 |             0 |             0 |             0 |             0 |             0 |             0 |             0 |             0 |             0 |             0 |             0 |             0 |             0 |             0 |             0 |             0 |             0 |             0 |             0 |             0 |             0 |             0 |             0 |             0 |   68088699116 |             0 |             0 |             0 |             0 |             0 |             0 |             0 |             0 |             0 |             0 |             0 |             0 |             0 |             0 |             0 |             0 |             0 |             0 |             0 |             0 |             0 |             0 |             0 |             0 |             0 |             0 |             0 |             0 |             0 |             0 |             0 |             0 |             0 |             0 |             0 |             0 |             0 |             0 |             0 |             0 |             0 |             0 |             0 |             0 |             0 |             0 |             0 |             0 |             0 |             0 |             0 |             0 |             0 |             0 |             0 |             0 |             0 |             0 |             0 |             0 |             0 |             0 |             0 |             0 |             0 |             0 |             0 |             0 |             0 |             0 |             0 |             0 |             0 |             0 |             0 |             0 |             0 |             0 |             0 |             0 |             0 |             0 |             0 |             0 |             0 |             0 |             0 |             0 |             0 |             0 |             0 |             0 |             0 |             0 |             0 |
|      CAS_CMD_WR      |  UMC5C1 |   32998789467 |             0 |             0 |             0 |             0 |             0 |             0 |             0 |             0 |             0 |             0 |             0 |             0 |             0 |             0 |             0 |             0 |             0 |             0 |             0 |             0 |             0 |             0 |             0 |             0 |             0 |             0 |             0 |             0 |             0 |             0 |             0 |             0 |             0 |             0 |             0 |             0 |             0 |             0 |             0 |             0 |             0 |             0 |             0 |             0 |             0 |             0 |             0 |             0 |             0 |             0 |             0 |             0 |             0 |             0 |             0 |             0 |             0 |             0 |             0 |             0 |             0 |             0 |             0 |             0 |             0 |             0 |             0 |             0 |             0 |             0 |             0 |             0 |             0 |             0 |             0 |             0 |             0 |             0 |             0 |             0 |             0 |             0 |             0 |             0 |             0 |             0 |             0 |             0 |             0 |             0 |             0 |             0 |             0 |             0 |             0 |   31622898198 |             0 |             0 |             0 |             0 |             0 |             0 |             0 |             0 |             0 |             0 |             0 |             0 |             0 |             0 |             0 |             0 |             0 |             0 |             0 |             0 |             0 |             0 |             0 |             0 |             0 |             0 |             0 |             0 |             0 |             0 |             0 |             0 |             0 |             0 |             0 |             0 |             0 |             0 |             0 |             0 |             0 |             0 |             0 |             0 |             0 |             0 |             0 |             0 |             0 |             0 |             0 |             0 |             0 |             0 |             0 |             0 |             0 |             0 |             0 |             0 |             0 |             0 |             0 |             0 |             0 |             0 |             0 |             0 |             0 |             0 |             0 |             0 |             0 |             0 |             0 |             0 |             0 |             0 |             0 |             0 |             0 |             0 |             0 |             0 |             0 |             0 |             0 |             0 |             0 |             0 |             0 |             0 |             0 |             0 |             0 |
|      CAS_CMD_RD      |  UMC6C0 |   77240240179 |             0 |             0 |             0 |             0 |             0 |             0 |             0 |             0 |             0 |             0 |             0 |             0 |             0 |             0 |             0 |             0 |             0 |             0 |             0 |             0 |             0 |             0 |             0 |             0 |             0 |             0 |             0 |             0 |             0 |             0 |             0 |             0 |             0 |             0 |             0 |             0 |             0 |             0 |             0 |             0 |             0 |             0 |             0 |             0 |             0 |             0 |             0 |             0 |             0 |             0 |             0 |             0 |             0 |             0 |             0 |             0 |             0 |             0 |             0 |             0 |             0 |             0 |             0 |             0 |             0 |             0 |             0 |             0 |             0 |             0 |             0 |             0 |             0 |             0 |             0 |             0 |             0 |             0 |             0 |             0 |             0 |             0 |             0 |             0 |             0 |             0 |             0 |             0 |             0 |             0 |             0 |             0 |             0 |             0 |             0 |   67655646918 |             0 |             0 |             0 |             0 |             0 |             0 |             0 |             0 |             0 |             0 |             0 |             0 |             0 |             0 |             0 |             0 |             0 |             0 |             0 |             0 |             0 |             0 |             0 |             0 |             0 |             0 |             0 |             0 |             0 |             0 |             0 |             0 |             0 |             0 |             0 |             0 |             0 |             0 |             0 |             0 |             0 |             0 |             0 |             0 |             0 |             0 |             0 |             0 |             0 |             0 |             0 |             0 |             0 |             0 |             0 |             0 |             0 |             0 |             0 |             0 |             0 |             0 |             0 |             0 |             0 |             0 |             0 |             0 |             0 |             0 |             0 |             0 |             0 |             0 |             0 |             0 |             0 |             0 |             0 |             0 |             0 |             0 |             0 |             0 |             0 |             0 |             0 |             0 |             0 |             0 |             0 |             0 |             0 |             0 |             0 |
|      CAS_CMD_WR      |  UMC6C1 |   32973268819 |             0 |             0 |             0 |             0 |             0 |             0 |             0 |             0 |             0 |             0 |             0 |             0 |             0 |             0 |             0 |             0 |             0 |             0 |             0 |             0 |             0 |             0 |             0 |             0 |             0 |             0 |             0 |             0 |             0 |             0 |             0 |             0 |             0 |             0 |             0 |             0 |             0 |             0 |             0 |             0 |             0 |             0 |             0 |             0 |             0 |             0 |             0 |             0 |             0 |             0 |             0 |             0 |             0 |             0 |             0 |             0 |             0 |             0 |             0 |             0 |             0 |             0 |             0 |             0 |             0 |             0 |             0 |             0 |             0 |             0 |             0 |             0 |             0 |             0 |             0 |             0 |             0 |             0 |             0 |             0 |             0 |             0 |             0 |             0 |             0 |             0 |             0 |             0 |             0 |             0 |             0 |             0 |             0 |             0 |             0 |   31528771808 |             0 |             0 |             0 |             0 |             0 |             0 |             0 |             0 |             0 |             0 |             0 |             0 |             0 |             0 |             0 |             0 |             0 |             0 |             0 |             0 |             0 |             0 |             0 |             0 |             0 |             0 |             0 |             0 |             0 |             0 |             0 |             0 |             0 |             0 |             0 |             0 |             0 |             0 |             0 |             0 |             0 |             0 |             0 |             0 |             0 |             0 |             0 |             0 |             0 |             0 |             0 |             0 |             0 |             0 |             0 |             0 |             0 |             0 |             0 |             0 |             0 |             0 |             0 |             0 |             0 |             0 |             0 |             0 |             0 |             0 |             0 |             0 |             0 |             0 |             0 |             0 |             0 |             0 |             0 |             0 |             0 |             0 |             0 |             0 |             0 |             0 |             0 |             0 |             0 |             0 |             0 |             0 |             0 |             0 |             0 |
|      CAS_CMD_RD      |  UMC7C0 |   78094797578 |             0 |             0 |             0 |             0 |             0 |             0 |             0 |             0 |             0 |             0 |             0 |             0 |             0 |             0 |             0 |             0 |             0 |             0 |             0 |             0 |             0 |             0 |             0 |             0 |             0 |             0 |             0 |             0 |             0 |             0 |             0 |             0 |             0 |             0 |             0 |             0 |             0 |             0 |             0 |             0 |             0 |             0 |             0 |             0 |             0 |             0 |             0 |             0 |             0 |             0 |             0 |             0 |             0 |             0 |             0 |             0 |             0 |             0 |             0 |             0 |             0 |             0 |             0 |             0 |             0 |             0 |             0 |             0 |             0 |             0 |             0 |             0 |             0 |             0 |             0 |             0 |             0 |             0 |             0 |             0 |             0 |             0 |             0 |             0 |             0 |             0 |             0 |             0 |             0 |             0 |             0 |             0 |             0 |             0 |             0 |   67836351361 |             0 |             0 |             0 |             0 |             0 |             0 |             0 |             0 |             0 |             0 |             0 |             0 |             0 |             0 |             0 |             0 |             0 |             0 |             0 |             0 |             0 |             0 |             0 |             0 |             0 |             0 |             0 |             0 |             0 |             0 |             0 |             0 |             0 |             0 |             0 |             0 |             0 |             0 |             0 |             0 |             0 |             0 |             0 |             0 |             0 |             0 |             0 |             0 |             0 |             0 |             0 |             0 |             0 |             0 |             0 |             0 |             0 |             0 |             0 |             0 |             0 |             0 |             0 |             0 |             0 |             0 |             0 |             0 |             0 |             0 |             0 |             0 |             0 |             0 |             0 |             0 |             0 |             0 |             0 |             0 |             0 |             0 |             0 |             0 |             0 |             0 |             0 |             0 |             0 |             0 |             0 |             0 |             0 |             0 |             0 |
|      CAS_CMD_WR      |  UMC7C1 |   32982505117 |             0 |             0 |             0 |             0 |             0 |             0 |             0 |             0 |             0 |             0 |             0 |             0 |             0 |             0 |             0 |             0 |             0 |             0 |             0 |             0 |             0 |             0 |             0 |             0 |             0 |             0 |             0 |             0 |             0 |             0 |             0 |             0 |             0 |             0 |             0 |             0 |             0 |             0 |             0 |             0 |             0 |             0 |             0 |             0 |             0 |             0 |             0 |             0 |             0 |             0 |             0 |             0 |             0 |             0 |             0 |             0 |             0 |             0 |             0 |             0 |             0 |             0 |             0 |             0 |             0 |             0 |             0 |             0 |             0 |             0 |             0 |             0 |             0 |             0 |             0 |             0 |             0 |             0 |             0 |             0 |             0 |             0 |             0 |             0 |             0 |             0 |             0 |             0 |             0 |             0 |             0 |             0 |             0 |             0 |             0 |   31495575396 |             0 |             0 |             0 |             0 |             0 |             0 |             0 |             0 |             0 |             0 |             0 |             0 |             0 |             0 |             0 |             0 |             0 |             0 |             0 |             0 |             0 |             0 |             0 |             0 |             0 |             0 |             0 |             0 |             0 |             0 |             0 |             0 |             0 |             0 |             0 |             0 |             0 |             0 |             0 |             0 |             0 |             0 |             0 |             0 |             0 |             0 |             0 |             0 |             0 |             0 |             0 |             0 |             0 |             0 |             0 |             0 |             0 |             0 |             0 |             0 |             0 |             0 |             0 |             0 |             0 |             0 |             0 |             0 |             0 |             0 |             0 |             0 |             0 |             0 |             0 |             0 |             0 |             0 |             0 |             0 |             0 |             0 |             0 |             0 |             0 |             0 |             0 |             0 |             0 |             0 |             0 |             0 |             0 |             0 |             0 |
|      CAS_CMD_RD      |  UMC8C0 |   77540046314 |             0 |             0 |             0 |             0 |             0 |             0 |             0 |             0 |             0 |             0 |             0 |             0 |             0 |             0 |             0 |             0 |             0 |             0 |             0 |             0 |             0 |             0 |             0 |             0 |             0 |             0 |             0 |             0 |             0 |             0 |             0 |             0 |             0 |             0 |             0 |             0 |             0 |             0 |             0 |             0 |             0 |             0 |             0 |             0 |             0 |             0 |             0 |             0 |             0 |             0 |             0 |             0 |             0 |             0 |             0 |             0 |             0 |             0 |             0 |             0 |             0 |             0 |             0 |             0 |             0 |             0 |             0 |             0 |             0 |             0 |             0 |             0 |             0 |             0 |             0 |             0 |             0 |             0 |             0 |             0 |             0 |             0 |             0 |             0 |             0 |             0 |             0 |             0 |             0 |             0 |             0 |             0 |             0 |             0 |             0 |   67733572443 |             0 |             0 |             0 |             0 |             0 |             0 |             0 |             0 |             0 |             0 |             0 |             0 |             0 |             0 |             0 |             0 |             0 |             0 |             0 |             0 |             0 |             0 |             0 |             0 |             0 |             0 |             0 |             0 |             0 |             0 |             0 |             0 |             0 |             0 |             0 |             0 |             0 |             0 |             0 |             0 |             0 |             0 |             0 |             0 |             0 |             0 |             0 |             0 |             0 |             0 |             0 |             0 |             0 |             0 |             0 |             0 |             0 |             0 |             0 |             0 |             0 |             0 |             0 |             0 |             0 |             0 |             0 |             0 |             0 |             0 |             0 |             0 |             0 |             0 |             0 |             0 |             0 |             0 |             0 |             0 |             0 |             0 |             0 |             0 |             0 |             0 |             0 |             0 |             0 |             0 |             0 |             0 |             0 |             0 |             0 |
|      CAS_CMD_WR      |  UMC8C1 |   32952330389 |             0 |             0 |             0 |             0 |             0 |             0 |             0 |             0 |             0 |             0 |             0 |             0 |             0 |             0 |             0 |             0 |             0 |             0 |             0 |             0 |             0 |             0 |             0 |             0 |             0 |             0 |             0 |             0 |             0 |             0 |             0 |             0 |             0 |             0 |             0 |             0 |             0 |             0 |             0 |             0 |             0 |             0 |             0 |             0 |             0 |             0 |             0 |             0 |             0 |             0 |             0 |             0 |             0 |             0 |             0 |             0 |             0 |             0 |             0 |             0 |             0 |             0 |             0 |             0 |             0 |             0 |             0 |             0 |             0 |             0 |             0 |             0 |             0 |             0 |             0 |             0 |             0 |             0 |             0 |             0 |             0 |             0 |             0 |             0 |             0 |             0 |             0 |             0 |             0 |             0 |             0 |             0 |             0 |             0 |             0 |   31544028419 |             0 |             0 |             0 |             0 |             0 |             0 |             0 |             0 |             0 |             0 |             0 |             0 |             0 |             0 |             0 |             0 |             0 |             0 |             0 |             0 |             0 |             0 |             0 |             0 |             0 |             0 |             0 |             0 |             0 |             0 |             0 |             0 |             0 |             0 |             0 |             0 |             0 |             0 |             0 |             0 |             0 |             0 |             0 |             0 |             0 |             0 |             0 |             0 |             0 |             0 |             0 |             0 |             0 |             0 |             0 |             0 |             0 |             0 |             0 |             0 |             0 |             0 |             0 |             0 |             0 |             0 |             0 |             0 |             0 |             0 |             0 |             0 |             0 |             0 |             0 |             0 |             0 |             0 |             0 |             0 |             0 |             0 |             0 |             0 |             0 |             0 |             0 |             0 |             0 |             0 |             0 |             0 |             0 |             0 |             0 |
|      CAS_CMD_RD      |  UMC9C0 |   77352566377 |             0 |             0 |             0 |             0 |             0 |             0 |             0 |             0 |             0 |             0 |             0 |             0 |             0 |             0 |             0 |             0 |             0 |             0 |             0 |             0 |             0 |             0 |             0 |             0 |             0 |             0 |             0 |             0 |             0 |             0 |             0 |             0 |             0 |             0 |             0 |             0 |             0 |             0 |             0 |             0 |             0 |             0 |             0 |             0 |             0 |             0 |             0 |             0 |             0 |             0 |             0 |             0 |             0 |             0 |             0 |             0 |             0 |             0 |             0 |             0 |             0 |             0 |             0 |             0 |             0 |             0 |             0 |             0 |             0 |             0 |             0 |             0 |             0 |             0 |             0 |             0 |             0 |             0 |             0 |             0 |             0 |             0 |             0 |             0 |             0 |             0 |             0 |             0 |             0 |             0 |             0 |             0 |             0 |             0 |             0 |   67883480739 |             0 |             0 |             0 |             0 |             0 |             0 |             0 |             0 |             0 |             0 |             0 |             0 |             0 |             0 |             0 |             0 |             0 |             0 |             0 |             0 |             0 |             0 |             0 |             0 |             0 |             0 |             0 |             0 |             0 |             0 |             0 |             0 |             0 |             0 |             0 |             0 |             0 |             0 |             0 |             0 |             0 |             0 |             0 |             0 |             0 |             0 |             0 |             0 |             0 |             0 |             0 |             0 |             0 |             0 |             0 |             0 |             0 |             0 |             0 |             0 |             0 |             0 |             0 |             0 |             0 |             0 |             0 |             0 |             0 |             0 |             0 |             0 |             0 |             0 |             0 |             0 |             0 |             0 |             0 |             0 |             0 |             0 |             0 |             0 |             0 |             0 |             0 |             0 |             0 |             0 |             0 |             0 |             0 |             0 |             0 |
|      CAS_CMD_WR      |  UMC9C1 |   33018680553 |             0 |             0 |             0 |             0 |             0 |             0 |             0 |             0 |             0 |             0 |             0 |             0 |             0 |             0 |             0 |             0 |             0 |             0 |             0 |             0 |             0 |             0 |             0 |             0 |             0 |             0 |             0 |             0 |             0 |             0 |             0 |             0 |             0 |             0 |             0 |             0 |             0 |             0 |             0 |             0 |             0 |             0 |             0 |             0 |             0 |             0 |             0 |             0 |             0 |             0 |             0 |             0 |             0 |             0 |             0 |             0 |             0 |             0 |             0 |             0 |             0 |             0 |             0 |             0 |             0 |             0 |             0 |             0 |             0 |             0 |             0 |             0 |             0 |             0 |             0 |             0 |             0 |             0 |             0 |             0 |             0 |             0 |             0 |             0 |             0 |             0 |             0 |             0 |             0 |             0 |             0 |             0 |             0 |             0 |             0 |   31610963130 |             0 |             0 |             0 |             0 |             0 |             0 |             0 |             0 |             0 |             0 |             0 |             0 |             0 |             0 |             0 |             0 |             0 |             0 |             0 |             0 |             0 |             0 |             0 |             0 |             0 |             0 |             0 |             0 |             0 |             0 |             0 |             0 |             0 |             0 |             0 |             0 |             0 |             0 |             0 |             0 |             0 |             0 |             0 |             0 |             0 |             0 |             0 |             0 |             0 |             0 |             0 |             0 |             0 |             0 |             0 |             0 |             0 |             0 |             0 |             0 |             0 |             0 |             0 |             0 |             0 |             0 |             0 |             0 |             0 |             0 |             0 |             0 |             0 |             0 |             0 |             0 |             0 |             0 |             0 |             0 |             0 |             0 |             0 |             0 |             0 |             0 |             0 |             0 |             0 |             0 |             0 |             0 |             0 |             0 |             0 |
|      CAS_CMD_RD      | UMC10C0 |   78245782088 |             0 |             0 |             0 |             0 |             0 |             0 |             0 |             0 |             0 |             0 |             0 |             0 |             0 |             0 |             0 |             0 |             0 |             0 |             0 |             0 |             0 |             0 |             0 |             0 |             0 |             0 |             0 |             0 |             0 |             0 |             0 |             0 |             0 |             0 |             0 |             0 |             0 |             0 |             0 |             0 |             0 |             0 |             0 |             0 |             0 |             0 |             0 |             0 |             0 |             0 |             0 |             0 |             0 |             0 |             0 |             0 |             0 |             0 |             0 |             0 |             0 |             0 |             0 |             0 |             0 |             0 |             0 |             0 |             0 |             0 |             0 |             0 |             0 |             0 |             0 |             0 |             0 |             0 |             0 |             0 |             0 |             0 |             0 |             0 |             0 |             0 |             0 |             0 |             0 |             0 |             0 |             0 |             0 |             0 |             0 |   68137228821 |             0 |             0 |             0 |             0 |             0 |             0 |             0 |             0 |             0 |             0 |             0 |             0 |             0 |             0 |             0 |             0 |             0 |             0 |             0 |             0 |             0 |             0 |             0 |             0 |             0 |             0 |             0 |             0 |             0 |             0 |             0 |             0 |             0 |             0 |             0 |             0 |             0 |             0 |             0 |             0 |             0 |             0 |             0 |             0 |             0 |             0 |             0 |             0 |             0 |             0 |             0 |             0 |             0 |             0 |             0 |             0 |             0 |             0 |             0 |             0 |             0 |             0 |             0 |             0 |             0 |             0 |             0 |             0 |             0 |             0 |             0 |             0 |             0 |             0 |             0 |             0 |             0 |             0 |             0 |             0 |             0 |             0 |             0 |             0 |             0 |             0 |             0 |             0 |             0 |             0 |             0 |             0 |             0 |             0 |             0 |
|      CAS_CMD_WR      | UMC10C1 |   33037910506 |             0 |             0 |             0 |             0 |             0 |             0 |             0 |             0 |             0 |             0 |             0 |             0 |             0 |             0 |             0 |             0 |             0 |             0 |             0 |             0 |             0 |             0 |             0 |             0 |             0 |             0 |             0 |             0 |             0 |             0 |             0 |             0 |             0 |             0 |             0 |             0 |             0 |             0 |             0 |             0 |             0 |             0 |             0 |             0 |             0 |             0 |             0 |             0 |             0 |             0 |             0 |             0 |             0 |             0 |             0 |             0 |             0 |             0 |             0 |             0 |             0 |             0 |             0 |             0 |             0 |             0 |             0 |             0 |             0 |             0 |             0 |             0 |             0 |             0 |             0 |             0 |             0 |             0 |             0 |             0 |             0 |             0 |             0 |             0 |             0 |             0 |             0 |             0 |             0 |             0 |             0 |             0 |             0 |             0 |             0 |   31639714821 |             0 |             0 |             0 |             0 |             0 |             0 |             0 |             0 |             0 |             0 |             0 |             0 |             0 |             0 |             0 |             0 |             0 |             0 |             0 |             0 |             0 |             0 |             0 |             0 |             0 |             0 |             0 |             0 |             0 |             0 |             0 |             0 |             0 |             0 |             0 |             0 |             0 |             0 |             0 |             0 |             0 |             0 |             0 |             0 |             0 |             0 |             0 |             0 |             0 |             0 |             0 |             0 |             0 |             0 |             0 |             0 |             0 |             0 |             0 |             0 |             0 |             0 |             0 |             0 |             0 |             0 |             0 |             0 |             0 |             0 |             0 |             0 |             0 |             0 |             0 |             0 |             0 |             0 |             0 |             0 |             0 |             0 |             0 |             0 |             0 |             0 |             0 |             0 |             0 |             0 |             0 |             0 |             0 |             0 |             0 |
|      CAS_CMD_RD      | UMC11C0 |   77520397551 |             0 |             0 |             0 |             0 |             0 |             0 |             0 |             0 |             0 |             0 |             0 |             0 |             0 |             0 |             0 |             0 |             0 |             0 |             0 |             0 |             0 |             0 |             0 |             0 |             0 |             0 |             0 |             0 |             0 |             0 |             0 |             0 |             0 |             0 |             0 |             0 |             0 |             0 |             0 |             0 |             0 |             0 |             0 |             0 |             0 |             0 |             0 |             0 |             0 |             0 |             0 |             0 |             0 |             0 |             0 |             0 |             0 |             0 |             0 |             0 |             0 |             0 |             0 |             0 |             0 |             0 |             0 |             0 |             0 |             0 |             0 |             0 |             0 |             0 |             0 |             0 |             0 |             0 |             0 |             0 |             0 |             0 |             0 |             0 |             0 |             0 |             0 |             0 |             0 |             0 |             0 |             0 |             0 |             0 |             0 |   68064179533 |             0 |             0 |             0 |             0 |             0 |             0 |             0 |             0 |             0 |             0 |             0 |             0 |             0 |             0 |             0 |             0 |             0 |             0 |             0 |             0 |             0 |             0 |             0 |             0 |             0 |             0 |             0 |             0 |             0 |             0 |             0 |             0 |             0 |             0 |             0 |             0 |             0 |             0 |             0 |             0 |             0 |             0 |             0 |             0 |             0 |             0 |             0 |             0 |             0 |             0 |             0 |             0 |             0 |             0 |             0 |             0 |             0 |             0 |             0 |             0 |             0 |             0 |             0 |             0 |             0 |             0 |             0 |             0 |             0 |             0 |             0 |             0 |             0 |             0 |             0 |             0 |             0 |             0 |             0 |             0 |             0 |             0 |             0 |             0 |             0 |             0 |             0 |             0 |             0 |             0 |             0 |             0 |             0 |             0 |             0 |
|      CAS_CMD_WR      | UMC11C1 |   32996370177 |             0 |             0 |             0 |             0 |             0 |             0 |             0 |             0 |             0 |             0 |             0 |             0 |             0 |             0 |             0 |             0 |             0 |             0 |             0 |             0 |             0 |             0 |             0 |             0 |             0 |             0 |             0 |             0 |             0 |             0 |             0 |             0 |             0 |             0 |             0 |             0 |             0 |             0 |             0 |             0 |             0 |             0 |             0 |             0 |             0 |             0 |             0 |             0 |             0 |             0 |             0 |             0 |             0 |             0 |             0 |             0 |             0 |             0 |             0 |             0 |             0 |             0 |             0 |             0 |             0 |             0 |             0 |             0 |             0 |             0 |             0 |             0 |             0 |             0 |             0 |             0 |             0 |             0 |             0 |             0 |             0 |             0 |             0 |             0 |             0 |             0 |             0 |             0 |             0 |             0 |             0 |             0 |             0 |             0 |             0 |   31702563797 |             0 |             0 |             0 |             0 |             0 |             0 |             0 |             0 |             0 |             0 |             0 |             0 |             0 |             0 |             0 |             0 |             0 |             0 |             0 |             0 |             0 |             0 |             0 |             0 |             0 |             0 |             0 |             0 |             0 |             0 |             0 |             0 |             0 |             0 |             0 |             0 |             0 |             0 |             0 |             0 |             0 |             0 |             0 |             0 |             0 |             0 |             0 |             0 |             0 |             0 |             0 |             0 |             0 |             0 |             0 |             0 |             0 |             0 |             0 |             0 |             0 |             0 |             0 |             0 |             0 |             0 |             0 |             0 |             0 |             0 |             0 |             0 |             0 |             0 |             0 |             0 |             0 |             0 |             0 |             0 |             0 |             0 |             0 |             0 |             0 |             0 |             0 |             0 |             0 |             0 |             0 |             0 |             0 |             0 |             0 |
+----------------------+---------+---------------+---------------+---------------+---------------+---------------+---------------+---------------+---------------+---------------+---------------+---------------+---------------+---------------+---------------+---------------+---------------+---------------+---------------+---------------+---------------+---------------+---------------+---------------+---------------+---------------+---------------+---------------+---------------+---------------+---------------+---------------+---------------+---------------+---------------+---------------+---------------+---------------+---------------+---------------+---------------+---------------+---------------+---------------+---------------+---------------+---------------+---------------+---------------+---------------+---------------+---------------+---------------+---------------+---------------+---------------+---------------+---------------+---------------+---------------+---------------+---------------+---------------+---------------+---------------+---------------+---------------+---------------+---------------+---------------+---------------+---------------+---------------+---------------+---------------+---------------+---------------+---------------+---------------+---------------+---------------+---------------+---------------+---------------+---------------+---------------+---------------+---------------+---------------+---------------+---------------+---------------+---------------+---------------+---------------+---------------+---------------+---------------+---------------+---------------+---------------+---------------+---------------+---------------+---------------+---------------+---------------+---------------+---------------+---------------+---------------+---------------+---------------+---------------+---------------+---------------+---------------+---------------+---------------+---------------+---------------+---------------+---------------+---------------+---------------+---------------+---------------+---------------+---------------+---------------+---------------+---------------+---------------+---------------+---------------+---------------+---------------+---------------+---------------+---------------+---------------+---------------+---------------+---------------+---------------+---------------+---------------+---------------+---------------+---------------+---------------+---------------+---------------+---------------+---------------+---------------+---------------+---------------+---------------+---------------+---------------+---------------+---------------+---------------+---------------+---------------+---------------+---------------+---------------+---------------+---------------+---------------+---------------+---------------+---------------+---------------+---------------+---------------+---------------+---------------+---------------+---------------+---------------+---------------+---------------+---------------+---------------+---------------+---------------+---------------+---------------+---------------+---------------+

+---------------------------+---------+-----------------+---------------+---------------+--------------+
|           Event           | Counter |       Sum       |      Min      |      Max      |      Avg     |
+---------------------------+---------+-----------------+---------------+---------------+--------------+
|   ACTUAL_CPU_CLOCK STAT   |  FIXC1  | 955424151904530 | 2831477298019 | 5722031799897 | 4.976167e+12 |
|     MAX_CPU_CLOCK STAT    |  FIXC2  | 685527273872168 | 2379533503880 | 4039141135406 | 3.570455e+12 |
| RETIRED_INSTRUCTIONS STAT |   PMC0  | 118539102567103 |  406174296066 | 1246856692634 | 6.173912e+11 |
|  CPU_CLOCKS_UNHALTED STAT |   PMC1  | 872974458852033 | 2657044351517 | 5259046224249 | 4.546742e+12 |
|      CAS_CMD_RD STAT      |  UMC0C0 |    146135414750 |             0 |   78308427814 | 7.611220e+08 |
|      CAS_CMD_WR STAT      |  UMC0C1 |     64466546798 |             0 |   32949810098 | 3.357633e+08 |
|      CAS_CMD_RD STAT      |  UMC1C0 |    146910124257 |             0 |   78866029049 | 7.651569e+08 |
|      CAS_CMD_WR STAT      |  UMC1C1 |     64535791379 |             0 |   33025921171 | 3.361239e+08 |
|      CAS_CMD_RD STAT      |  UMC2C0 |    145918017639 |             0 |   77966372577 | 7.599897e+08 |
|      CAS_CMD_WR STAT      |  UMC2C1 |     64508451144 |             0 |   32960866973 | 3.359815e+08 |
|      CAS_CMD_RD STAT      |  UMC3C0 |    146000916298 |             0 |   77884234410 | 7.604214e+08 |
|      CAS_CMD_WR STAT      |  UMC3C1 |     64702923209 |             0 |   33039674446 | 3.369944e+08 |
|      CAS_CMD_RD STAT      |  UMC4C0 |    148080513066 |             0 |   79849930242 | 7.712527e+08 |
|      CAS_CMD_WR STAT      |  UMC4C1 |     64579927850 |             0 |   33021750650 | 3.363538e+08 |
|      CAS_CMD_RD STAT      |  UMC5C0 |    147075090708 |             0 |   78986391592 | 7.660161e+08 |
|      CAS_CMD_WR STAT      |  UMC5C1 |     64621687665 |             0 |   32998789467 | 3.365713e+08 |
|      CAS_CMD_RD STAT      |  UMC6C0 |    144895887097 |             0 |   77240240179 | 7.546661e+08 |
|      CAS_CMD_WR STAT      |  UMC6C1 |     64502040627 |             0 |   32973268819 | 3.359481e+08 |
|      CAS_CMD_RD STAT      |  UMC7C0 |    145931148939 |             0 |   78094797578 | 7.600581e+08 |
|      CAS_CMD_WR STAT      |  UMC7C1 |     64478080513 |             0 |   32982505117 | 3.358233e+08 |
|      CAS_CMD_RD STAT      |  UMC8C0 |    145273618757 |             0 |   77540046314 | 7.566334e+08 |
|      CAS_CMD_WR STAT      |  UMC8C1 |     64496358808 |             0 |   32952330389 | 3.359185e+08 |
|      CAS_CMD_RD STAT      |  UMC9C0 |    145236047116 |             0 |   77352566377 | 7.564377e+08 |
|      CAS_CMD_WR STAT      |  UMC9C1 |     64629643683 |             0 |   33018680553 | 3.366127e+08 |
|      CAS_CMD_RD STAT      | UMC10C0 |    146383010909 |             0 |   78245782088 | 7.624115e+08 |
|      CAS_CMD_WR STAT      | UMC10C1 |     64677625327 |             0 |   33037910506 | 3.368626e+08 |
|      CAS_CMD_RD STAT      | UMC11C0 |    145584577084 |             0 |   77520397551 | 7.582530e+08 |
|      CAS_CMD_WR STAT      | UMC11C1 |     64698933974 |             0 |   32996370177 | 3.369736e+08 |
+---------------------------+---------+-----------------+---------------+---------------+--------------+

+-----------------------------------+------------+------------+------------+------------+------------+------------+------------+------------+------------+------------+-------------+-------------+-------------+-------------+-------------+-------------+-------------+-------------+-------------+-------------+-------------+-------------+-------------+-------------+-------------+-------------+-------------+-------------+-------------+-------------+-------------+-------------+-------------+-------------+-------------+-------------+-------------+-------------+-------------+-------------+-------------+-------------+-------------+-------------+-------------+-------------+-------------+-------------+-------------+-------------+-------------+-------------+-------------+-------------+-------------+-------------+-------------+-------------+-------------+-------------+-------------+-------------+-------------+-------------+-------------+-------------+-------------+-------------+-------------+-------------+-------------+-------------+-------------+-------------+-------------+-------------+-------------+-------------+-------------+-------------+-------------+-------------+-------------+-------------+-------------+-------------+-------------+-------------+-------------+-------------+-------------+-------------+-------------+-------------+-------------+-------------+-------------+-------------+-------------+-------------+--------------+--------------+--------------+--------------+--------------+--------------+--------------+--------------+--------------+--------------+--------------+--------------+--------------+--------------+--------------+--------------+--------------+--------------+--------------+--------------+--------------+--------------+--------------+--------------+--------------+--------------+--------------+--------------+--------------+--------------+--------------+--------------+--------------+--------------+--------------+--------------+--------------+--------------+--------------+--------------+--------------+--------------+--------------+--------------+--------------+--------------+--------------+--------------+--------------+--------------+--------------+--------------+--------------+--------------+--------------+--------------+--------------+--------------+--------------+--------------+--------------+--------------+--------------+--------------+--------------+--------------+--------------+--------------+--------------+--------------+--------------+--------------+--------------+--------------+--------------+--------------+--------------+--------------+--------------+--------------+--------------+--------------+--------------+--------------+--------------+--------------+--------------+--------------+--------------+--------------+--------------+--------------+
|               Metric              | HWThread 0 | HWThread 1 | HWThread 2 | HWThread 3 | HWThread 4 | HWThread 5 | HWThread 6 | HWThread 7 | HWThread 8 | HWThread 9 | HWThread 10 | HWThread 11 | HWThread 12 | HWThread 13 | HWThread 14 | HWThread 15 | HWThread 16 | HWThread 17 | HWThread 18 | HWThread 19 | HWThread 20 | HWThread 21 | HWThread 22 | HWThread 23 | HWThread 24 | HWThread 25 | HWThread 26 | HWThread 27 | HWThread 28 | HWThread 29 | HWThread 30 | HWThread 31 | HWThread 32 | HWThread 33 | HWThread 34 | HWThread 35 | HWThread 36 | HWThread 37 | HWThread 38 | HWThread 39 | HWThread 40 | HWThread 41 | HWThread 42 | HWThread 43 | HWThread 44 | HWThread 45 | HWThread 46 | HWThread 47 | HWThread 48 | HWThread 49 | HWThread 50 | HWThread 51 | HWThread 52 | HWThread 53 | HWThread 54 | HWThread 55 | HWThread 56 | HWThread 57 | HWThread 58 | HWThread 59 | HWThread 60 | HWThread 61 | HWThread 62 | HWThread 63 | HWThread 64 | HWThread 65 | HWThread 66 | HWThread 67 | HWThread 68 | HWThread 69 | HWThread 70 | HWThread 71 | HWThread 72 | HWThread 73 | HWThread 74 | HWThread 75 | HWThread 76 | HWThread 77 | HWThread 78 | HWThread 79 | HWThread 80 | HWThread 81 | HWThread 82 | HWThread 83 | HWThread 84 | HWThread 85 | HWThread 86 | HWThread 87 | HWThread 88 | HWThread 89 | HWThread 90 | HWThread 91 | HWThread 92 | HWThread 93 | HWThread 94 | HWThread 95 | HWThread 96 | HWThread 97 | HWThread 98 | HWThread 99 | HWThread 100 | HWThread 101 | HWThread 102 | HWThread 103 | HWThread 104 | HWThread 105 | HWThread 106 | HWThread 107 | HWThread 108 | HWThread 109 | HWThread 110 | HWThread 111 | HWThread 112 | HWThread 113 | HWThread 114 | HWThread 115 | HWThread 116 | HWThread 117 | HWThread 118 | HWThread 119 | HWThread 120 | HWThread 121 | HWThread 122 | HWThread 123 | HWThread 124 | HWThread 125 | HWThread 126 | HWThread 127 | HWThread 128 | HWThread 129 | HWThread 130 | HWThread 131 | HWThread 132 | HWThread 133 | HWThread 134 | HWThread 135 | HWThread 136 | HWThread 137 | HWThread 138 | HWThread 139 | HWThread 140 | HWThread 141 | HWThread 142 | HWThread 143 | HWThread 144 | HWThread 145 | HWThread 146 | HWThread 147 | HWThread 148 | HWThread 149 | HWThread 150 | HWThread 151 | HWThread 152 | HWThread 153 | HWThread 154 | HWThread 155 | HWThread 156 | HWThread 157 | HWThread 158 | HWThread 159 | HWThread 160 | HWThread 161 | HWThread 162 | HWThread 163 | HWThread 164 | HWThread 165 | HWThread 166 | HWThread 167 | HWThread 168 | HWThread 169 | HWThread 170 | HWThread 171 | HWThread 172 | HWThread 173 | HWThread 174 | HWThread 175 | HWThread 176 | HWThread 177 | HWThread 178 | HWThread 179 | HWThread 180 | HWThread 181 | HWThread 182 | HWThread 183 | HWThread 184 | HWThread 185 | HWThread 186 | HWThread 187 | HWThread 188 | HWThread 189 | HWThread 190 | HWThread 191 |
+-----------------------------------+------------+------------+------------+------------+------------+------------+------------+------------+------------+------------+-------------+-------------+-------------+-------------+-------------+-------------+-------------+-------------+-------------+-------------+-------------+-------------+-------------+-------------+-------------+-------------+-------------+-------------+-------------+-------------+-------------+-------------+-------------+-------------+-------------+-------------+-------------+-------------+-------------+-------------+-------------+-------------+-------------+-------------+-------------+-------------+-------------+-------------+-------------+-------------+-------------+-------------+-------------+-------------+-------------+-------------+-------------+-------------+-------------+-------------+-------------+-------------+-------------+-------------+-------------+-------------+-------------+-------------+-------------+-------------+-------------+-------------+-------------+-------------+-------------+-------------+-------------+-------------+-------------+-------------+-------------+-------------+-------------+-------------+-------------+-------------+-------------+-------------+-------------+-------------+-------------+-------------+-------------+-------------+-------------+-------------+-------------+-------------+-------------+-------------+--------------+--------------+--------------+--------------+--------------+--------------+--------------+--------------+--------------+--------------+--------------+--------------+--------------+--------------+--------------+--------------+--------------+--------------+--------------+--------------+--------------+--------------+--------------+--------------+--------------+--------------+--------------+--------------+--------------+--------------+--------------+--------------+--------------+--------------+--------------+--------------+--------------+--------------+--------------+--------------+--------------+--------------+--------------+--------------+--------------+--------------+--------------+--------------+--------------+--------------+--------------+--------------+--------------+--------------+--------------+--------------+--------------+--------------+--------------+--------------+--------------+--------------+--------------+--------------+--------------+--------------+--------------+--------------+--------------+--------------+--------------+--------------+--------------+--------------+--------------+--------------+--------------+--------------+--------------+--------------+--------------+--------------+--------------+--------------+--------------+--------------+--------------+--------------+--------------+--------------+--------------+--------------+
|        Runtime (RDTSC) [s]        |  1732.2750 |  1732.2750 |  1732.2750 |  1732.2750 |  1732.2750 |  1732.2750 |  1732.2750 |  1732.2750 |  1732.2750 |  1732.2750 |   1732.2750 |   1732.2750 |   1732.2750 |   1732.2750 |   1732.2750 |   1732.2750 |   1732.2750 |   1732.2750 |   1732.2750 |   1732.2750 |   1732.2750 |   1732.2750 |   1732.2750 |   1732.2750 |   1732.2750 |   1732.2750 |   1732.2750 |   1732.2750 |   1732.2750 |   1732.2750 |   1732.2750 |   1732.2750 |   1732.2750 |   1732.2750 |   1732.2750 |   1732.2750 |   1732.2750 |   1732.2750 |   1732.2750 |   1732.2750 |   1732.2750 |   1732.2750 |   1732.2750 |   1732.2750 |   1732.2750 |   1732.2750 |   1732.2750 |   1732.2750 |   1732.2750 |   1732.2750 |   1732.2750 |   1732.2750 |   1732.2750 |   1732.2750 |   1732.2750 |   1732.2750 |   1732.2750 |   1732.2750 |   1732.2750 |   1732.2750 |   1732.2750 |   1732.2750 |   1732.2750 |   1732.2750 |   1732.2750 |   1732.2750 |   1732.2750 |   1732.2750 |   1732.2750 |   1732.2750 |   1732.2750 |   1732.2750 |   1732.2750 |   1732.2750 |   1732.2750 |   1732.2750 |   1732.2750 |   1732.2750 |   1732.2750 |   1732.2750 |   1732.2750 |   1732.2750 |   1732.2750 |   1732.2750 |   1732.2750 |   1732.2750 |   1732.2750 |   1732.2750 |   1732.2750 |   1732.2750 |   1732.2750 |   1732.2750 |   1732.2750 |   1732.2750 |   1732.2750 |   1732.2750 |   1732.2750 |   1732.2750 |   1732.2750 |   1732.2750 |    1732.2750 |    1732.2750 |    1732.2750 |    1732.2750 |    1732.2750 |    1732.2750 |    1732.2750 |    1732.2750 |    1732.2750 |    1732.2750 |    1732.2750 |    1732.2750 |    1732.2750 |    1732.2750 |    1732.2750 |    1732.2750 |    1732.2750 |    1732.2750 |    1732.2750 |    1732.2750 |    1732.2750 |    1732.2750 |    1732.2750 |    1732.2750 |    1732.2750 |    1732.2750 |    1732.2750 |    1732.2750 |    1732.2750 |    1732.2750 |    1732.2750 |    1732.2750 |    1732.2750 |    1732.2750 |    1732.2750 |    1732.2750 |    1732.2750 |    1732.2750 |    1732.2750 |    1732.2750 |    1732.2750 |    1732.2750 |    1732.2750 |    1732.2750 |    1732.2750 |    1732.2750 |    1732.2750 |    1732.2750 |    1732.2750 |    1732.2750 |    1732.2750 |    1732.2750 |    1732.2750 |    1732.2750 |    1732.2750 |    1732.2750 |    1732.2750 |    1732.2750 |    1732.2750 |    1732.2750 |    1732.2750 |    1732.2750 |    1732.2750 |    1732.2750 |    1732.2750 |    1732.2750 |    1732.2750 |    1732.2750 |    1732.2750 |    1732.2750 |    1732.2750 |    1732.2750 |    1732.2750 |    1732.2750 |    1732.2750 |    1732.2750 |    1732.2750 |    1732.2750 |    1732.2750 |    1732.2750 |    1732.2750 |    1732.2750 |    1732.2750 |    1732.2750 |    1732.2750 |    1732.2750 |    1732.2750 |    1732.2750 |    1732.2750 |    1732.2750 |    1732.2750 |    1732.2750 |
|        Runtime unhalted [s]       |  1737.6698 |  1268.1705 |  1219.4223 |  1228.1417 |  1219.6697 |  1222.1480 |  1276.9254 |  1278.5875 |  1115.2365 |  1118.0236 |   1102.7477 |   1130.0285 |   1097.8838 |   1089.0322 |   1101.3066 |   1152.2389 |   1210.0830 |   1244.3166 |   1196.7790 |   1194.7192 |   1219.4619 |   1226.2160 |   1240.1101 |   1283.9463 |   1734.8848 |   1742.9287 |   1726.5804 |   1743.7014 |   1742.3179 |   1736.4902 |   1764.0562 |   1776.9452 |   1454.0574 |   1381.1297 |   1524.9812 |   1447.7801 |   1443.1712 |   1590.8223 |   1536.1497 |   1590.9855 |   1649.2585 |   1646.9996 |   1639.6963 |   1671.1305 |   1650.6095 |   1669.7244 |   1685.5763 |   1708.1762 |   2107.4213 |   2106.2093 |   2101.3089 |   2108.2273 |   2109.6096 |   2106.8630 |   2107.9784 |   2112.2496 |   2012.9229 |   2024.9134 |   1885.1052 |   1552.0160 |   1656.8811 |   1478.9151 |   1633.5591 |   1507.2022 |   1957.3693 |   1916.1868 |   1951.1809 |   1977.0220 |   1999.3311 |   2011.4252 |   2029.3248 |   2047.6497 |   2098.5466 |   2103.7554 |   2091.6855 |   2101.0793 |   2103.6865 |   2100.9571 |   2111.4462 |   2109.2571 |   2059.2710 |   2042.2650 |   2027.9131 |   2035.8687 |   2059.1587 |   2036.0545 |   2070.6424 |   2064.7921 |   2029.2210 |   2035.2853 |   2015.4097 |   2044.3272 |   2033.1221 |   2036.6771 |   2053.5786 |   2061.2554 |   1845.1243 |   1856.1196 |   1965.1502 |   1998.3215 |    1892.1870 |    1891.4811 |    1850.5387 |    1999.1588 |    1738.1631 |    1965.2411 |    1835.4668 |    1609.1985 |    1747.8730 |    1753.6383 |    1796.4388 |    1680.4802 |    2029.3013 |    2162.4514 |    2087.3780 |    2124.0522 |    2152.0504 |    2056.3348 |    2093.9608 |    2057.7471 |    2178.7205 |    2184.4594 |    2112.9255 |    2136.0906 |    2192.0696 |    2193.6957 |    2184.6536 |    2180.7454 |    2185.6515 |    2151.6000 |    2185.3145 |    2140.5212 |    2096.3261 |    2165.8264 |    2181.6256 |    2183.4892 |    2190.6951 |    2192.9515 |    2192.4430 |    2191.8870 |    2189.8677 |    2188.9329 |    2191.7124 |    2193.1013 |    2193.0154 |    2193.1050 |    2189.3170 |    2192.6189 |    2188.6367 |    2189.5162 |    2190.0905 |    2190.5456 |    2192.1327 |    2190.5276 |    2190.9917 |    2190.0652 |    2193.0763 |    2191.3577 |    2192.6877 |    2190.6988 |    2188.3213 |    2192.0575 |    2188.4057 |    2190.1291 |    2188.6546 |    2189.9510 |    2187.8214 |    2200.7865 |    2189.0603 |    2188.4885 |    2189.2407 |    2189.7532 |    2192.0574 |    2190.0803 |    2187.5922 |    2188.8936 |    2186.4902 |    2187.5852 |    2184.2805 |    2185.4934 |    2185.0799 |    2184.3155 |    2188.4829 |    2185.8770 |    2192.8125 |    2192.1306 |    2174.4969 |    2143.2038 |    2144.7826 |    2066.6739 |    2069.2801 |    2070.6956 |
|            Clock [MHz]            |  3642.9087 |  3325.3535 |  3275.6557 |  3292.6791 |  3280.9841 |  3269.3644 |  3368.7607 |  3365.5341 |  3125.9850 |  3132.3512 |   3108.1190 |   3145.7439 |   3102.1710 |   3093.8098 |   3112.5175 |   3180.9505 |   3243.2404 |   3309.1502 |   3237.4132 |   3236.9958 |   3277.6399 |   3280.1314 |   3313.6961 |   3380.0597 |   3679.2836 |   3671.4750 |   3672.6880 |   3672.9456 |   3673.6758 |   3677.8472 |   3679.8892 |   3676.1774 |   3545.2039 |   3486.2130 |   3604.8857 |   3525.9380 |   3532.3245 |   3632.2333 |   3593.5855 |   3625.6476 |   3674.1029 |   3673.8352 |   3668.8933 |   3665.2432 |   3673.0560 |   3667.0882 |   3673.4653 |   3676.4199 |   3683.5869 |   3687.0105 |   3685.9074 |   3685.4722 |   3684.0904 |   3686.6607 |   3689.3256 |   3686.0500 |   3678.5634 |   3675.5699 |   3630.7986 |   3458.9155 |   3500.5206 |   3395.0920 |   3494.2527 |   3405.2107 |   3666.8343 |   3651.0494 |   3670.9903 |   3666.1142 |   3675.8658 |   3675.3277 |   3681.8860 |   3686.8595 |   3686.9040 |   3681.8783 |   3687.2393 |   3683.2824 |   3685.9655 |   3686.2795 |   3685.0775 |   3685.9769 |   3682.5446 |   3680.6245 |   3677.9616 |   3677.9740 |   3679.9273 |   3678.2892 |   3683.7337 |   3686.7210 |   3686.1787 |   3685.0772 |   3683.6889 |   3684.0757 |   3682.8923 |   3683.5155 |   3683.0528 |   3681.3637 |   3528.7854 |   3529.8341 |   3586.1821 |   3611.5164 |    3553.8526 |    3555.5947 |    3532.1930 |    3611.7150 |    3465.0576 |    3586.8163 |    3521.7413 |    3390.3369 |    3476.5299 |    3474.5241 |    3503.7241 |    3430.3997 |    3619.4501 |    3672.8379 |    3646.3618 |    3662.9950 |    3676.5904 |    3627.1250 |    3650.4835 |    3630.8976 |    3688.0030 |    3688.4090 |    3660.1583 |    3667.1306 |    3691.2826 |    3688.1648 |    3692.9991 |    3691.5949 |    3689.5284 |    3676.3317 |    3693.5374 |    3668.1437 |    3653.6679 |    3685.8430 |    3690.4415 |    3686.7438 |    3690.9320 |    3690.8379 |    3690.8104 |    3690.6159 |    3692.9595 |    3694.1399 |    3692.0251 |    3691.0770 |    3690.9327 |    3691.1709 |    3694.0064 |    3691.6852 |    3694.7614 |    3693.8632 |    3693.6014 |    3693.0323 |    3690.3590 |    3692.6499 |    3691.8544 |    3692.6227 |    3690.1107 |    3691.4976 |    3690.8993 |    3691.6605 |    3694.3922 |    3690.7579 |    3694.0805 |    3692.6260 |    3693.5444 |    3692.5494 |    3694.2746 |    3683.2703 |    3691.4921 |    3692.1418 |    3692.0234 |    3691.0982 |    3689.2130 |    3690.8590 |    3692.9046 |    3691.8451 |    3690.7604 |    3688.4778 |    3691.0224 |    3689.9214 |    3691.5135 |    3691.5421 |    3688.1620 |    3689.8918 |    3689.0653 |    3689.1598 |    3690.2579 |    3691.1577 |    3688.6647 |    3689.9324 |    3687.1467 |    3688.0671 |
|                CPI                |     3.1939 |     4.8959 |     4.7172 |     4.7478 |     4.7173 |     4.6923 |     4.9351 |     4.9368 |     4.1565 |     4.1661 |      4.1313 |      4.2156 |      4.0820 |      4.0635 |      4.0987 |      4.2736 |      4.6770 |      4.8288 |      4.6589 |      4.6439 |      4.7428 |      4.7548 |      4.8152 |      4.9883 |      6.5438 |      6.5400 |      6.4956 |      6.5459 |      6.5417 |      6.5427 |      6.6274 |      6.6666 |      5.3872 |      5.1005 |      5.6172 |      5.3431 |      5.3061 |      5.8388 |      5.6488 |      5.8485 |      6.2989 |      6.2871 |      6.2651 |      6.3488 |      6.2901 |      6.3496 |      6.4179 |      6.4847 |      7.6180 |      7.6127 |      7.5906 |      7.6134 |      7.6165 |      7.6082 |      7.6282 |      7.6610 |      6.8877 |      7.0795 |      6.5195 |      5.4648 |      5.7622 |      5.2015 |      5.7119 |      5.2883 |      7.1421 |      6.9982 |      7.1266 |      7.1964 |      7.2825 |      7.3215 |      7.3947 |      7.4583 |      7.6734 |      7.6656 |      7.6465 |      7.6547 |      7.6709 |      7.6626 |      7.7053 |      7.6975 |      7.1146 |      7.0404 |      6.9986 |      7.0227 |      7.0707 |      7.0160 |      7.1331 |      7.1087 |      7.4576 |      7.4609 |      7.4022 |      7.4882 |      7.5060 |      7.5259 |      7.5731 |      7.5963 |      7.2539 |      7.3468 |      7.8074 |      7.9614 |       7.4588 |       7.4063 |       7.2856 |       7.9604 |       6.5959 |       7.5573 |       6.9967 |       6.1106 |       6.6361 |       6.6580 |       6.8881 |       6.4053 |       7.9175 |       8.4995 |       8.2246 |       8.3629 |       8.4520 |       8.0043 |       8.2272 |       8.0282 |       9.1155 |       9.1559 |       8.6984 |       8.8591 |       9.2107 |       9.1952 |       9.1782 |       9.1886 |       8.8377 |       8.6410 |       8.8940 |       8.5613 |       8.2133 |       8.7252 |       8.8703 |       8.8611 |       8.8929 |       8.9592 |       8.9554 |       8.9744 |       8.9695 |       9.0034 |       8.9974 |       9.0207 |       9.1046 |       9.1344 |       9.1507 |       9.1532 |       9.1413 |       9.1430 |       9.1485 |       9.1682 |       8.8434 |       8.9065 |       8.9085 |       8.8979 |       8.9061 |       8.9270 |       8.9375 |       8.9354 |       8.8861 |       8.8648 |       8.8958 |       8.8394 |       8.8955 |       8.9126 |       8.9191 |       8.9332 |       9.1434 |       9.1522 |       9.2426 |       9.1274 |       9.1146 |       9.1169 |       9.1171 |       9.1384 |       8.6060 |       8.5935 |       8.5922 |       8.6022 |       8.6067 |       8.6078 |       8.6116 |       8.6147 |       8.8117 |       8.8112 |       9.4308 |       9.8794 |      10.7315 |      12.0680 |      11.9495 |      11.5530 |
|  Memory read bandwidth [MBytes/s] | 34649.6561 |          0 |          0 |          0 |          0 |          0 |          0 |          0 |          0 |          0 |           0 |           0 |           0 |           0 |           0 |           0 |           0 |           0 |           0 |           0 |           0 |           0 |           0 |           0 |           0 |           0 |           0 |           0 |           0 |           0 |           0 |           0 |           0 |           0 |           0 |           0 |           0 |           0 |           0 |           0 |           0 |           0 |           0 |           0 |           0 |           0 |           0 |           0 |           0 |           0 |           0 |           0 |           0 |           0 |           0 |           0 |           0 |           0 |           0 |           0 |           0 |           0 |           0 |           0 |           0 |           0 |           0 |           0 |           0 |           0 |           0 |           0 |           0 |           0 |           0 |           0 |           0 |           0 |           0 |           0 |           0 |           0 |           0 |           0 |           0 |           0 |           0 |           0 |           0 |           0 |           0 |           0 |           0 |           0 |           0 |           0 |  30131.7199 |           0 |           0 |           0 |            0 |            0 |            0 |            0 |            0 |            0 |            0 |            0 |            0 |            0 |            0 |            0 |            0 |            0 |            0 |            0 |            0 |            0 |            0 |            0 |            0 |            0 |            0 |            0 |            0 |            0 |            0 |            0 |            0 |            0 |            0 |            0 |            0 |            0 |            0 |            0 |            0 |            0 |            0 |            0 |            0 |            0 |            0 |            0 |            0 |            0 |            0 |            0 |            0 |            0 |            0 |            0 |            0 |            0 |            0 |            0 |            0 |            0 |            0 |            0 |            0 |            0 |            0 |            0 |            0 |            0 |            0 |            0 |            0 |            0 |            0 |            0 |            0 |            0 |            0 |            0 |            0 |            0 |            0 |            0 |            0 |            0 |            0 |            0 |            0 |            0 |            0 |            0 |            0 |            0 |            0 |            0 |
|  Memory read data volume [GBytes] | 60022.7338 |          0 |          0 |          0 |          0 |          0 |          0 |          0 |          0 |          0 |           0 |           0 |           0 |           0 |           0 |           0 |           0 |           0 |           0 |           0 |           0 |           0 |           0 |           0 |           0 |           0 |           0 |           0 |           0 |           0 |           0 |           0 |           0 |           0 |           0 |           0 |           0 |           0 |           0 |           0 |           0 |           0 |           0 |           0 |           0 |           0 |           0 |           0 |           0 |           0 |           0 |           0 |           0 |           0 |           0 |           0 |           0 |           0 |           0 |           0 |           0 |           0 |           0 |           0 |           0 |           0 |           0 |           0 |           0 |           0 |           0 |           0 |           0 |           0 |           0 |           0 |           0 |           0 |           0 |           0 |           0 |           0 |           0 |           0 |           0 |           0 |           0 |           0 |           0 |           0 |           0 |           0 |           0 |           0 |           0 |           0 |  52196.4257 |           0 |           0 |           0 |            0 |            0 |            0 |            0 |            0 |            0 |            0 |            0 |            0 |            0 |            0 |            0 |            0 |            0 |            0 |            0 |            0 |            0 |            0 |            0 |            0 |            0 |            0 |            0 |            0 |            0 |            0 |            0 |            0 |            0 |            0 |            0 |            0 |            0 |            0 |            0 |            0 |            0 |            0 |            0 |            0 |            0 |            0 |            0 |            0 |            0 |            0 |            0 |            0 |            0 |            0 |            0 |            0 |            0 |            0 |            0 |            0 |            0 |            0 |            0 |            0 |            0 |            0 |            0 |            0 |            0 |            0 |            0 |            0 |            0 |            0 |            0 |            0 |            0 |            0 |            0 |            0 |            0 |            0 |            0 |            0 |            0 |            0 |            0 |            0 |            0 |            0 |            0 |            0 |            0 |            0 |            0 |
| Memory write bandwidth [MBytes/s] | 14628.9151 |          0 |          0 |          0 |          0 |          0 |          0 |          0 |          0 |          0 |           0 |           0 |           0 |           0 |           0 |           0 |           0 |           0 |           0 |           0 |           0 |           0 |           0 |           0 |           0 |           0 |           0 |           0 |           0 |           0 |           0 |           0 |           0 |           0 |           0 |           0 |           0 |           0 |           0 |           0 |           0 |           0 |           0 |           0 |           0 |           0 |           0 |           0 |           0 |           0 |           0 |           0 |           0 |           0 |           0 |           0 |           0 |           0 |           0 |           0 |           0 |           0 |           0 |           0 |           0 |           0 |           0 |           0 |           0 |           0 |           0 |           0 |           0 |           0 |           0 |           0 |           0 |           0 |           0 |           0 |           0 |           0 |           0 |           0 |           0 |           0 |           0 |           0 |           0 |           0 |           0 |           0 |           0 |           0 |           0 |           0 |  14000.1837 |           0 |           0 |           0 |            0 |            0 |            0 |            0 |            0 |            0 |            0 |            0 |            0 |            0 |            0 |            0 |            0 |            0 |            0 |            0 |            0 |            0 |            0 |            0 |            0 |            0 |            0 |            0 |            0 |            0 |            0 |            0 |            0 |            0 |            0 |            0 |            0 |            0 |            0 |            0 |            0 |            0 |            0 |            0 |            0 |            0 |            0 |            0 |            0 |            0 |            0 |            0 |            0 |            0 |            0 |            0 |            0 |            0 |            0 |            0 |            0 |            0 |            0 |            0 |            0 |            0 |            0 |            0 |            0 |            0 |            0 |            0 |            0 |            0 |            0 |            0 |            0 |            0 |            0 |            0 |            0 |            0 |            0 |            0 |            0 |            0 |            0 |            0 |            0 |            0 |            0 |            0 |            0 |            0 |            0 |            0 |
| Memory write data volume [GBytes] | 25341.3042 |          0 |          0 |          0 |          0 |          0 |          0 |          0 |          0 |          0 |           0 |           0 |           0 |           0 |           0 |           0 |           0 |           0 |           0 |           0 |           0 |           0 |           0 |           0 |           0 |           0 |           0 |           0 |           0 |           0 |           0 |           0 |           0 |           0 |           0 |           0 |           0 |           0 |           0 |           0 |           0 |           0 |           0 |           0 |           0 |           0 |           0 |           0 |           0 |           0 |           0 |           0 |           0 |           0 |           0 |           0 |           0 |           0 |           0 |           0 |           0 |           0 |           0 |           0 |           0 |           0 |           0 |           0 |           0 |           0 |           0 |           0 |           0 |           0 |           0 |           0 |           0 |           0 |           0 |           0 |           0 |           0 |           0 |           0 |           0 |           0 |           0 |           0 |           0 |           0 |           0 |           0 |           0 |           0 |           0 |           0 |  24252.1685 |           0 |           0 |           0 |            0 |            0 |            0 |            0 |            0 |            0 |            0 |            0 |            0 |            0 |            0 |            0 |            0 |            0 |            0 |            0 |            0 |            0 |            0 |            0 |            0 |            0 |            0 |            0 |            0 |            0 |            0 |            0 |            0 |            0 |            0 |            0 |            0 |            0 |            0 |            0 |            0 |            0 |            0 |            0 |            0 |            0 |            0 |            0 |            0 |            0 |            0 |            0 |            0 |            0 |            0 |            0 |            0 |            0 |            0 |            0 |            0 |            0 |            0 |            0 |            0 |            0 |            0 |            0 |            0 |            0 |            0 |            0 |            0 |            0 |            0 |            0 |            0 |            0 |            0 |            0 |            0 |            0 |            0 |            0 |            0 |            0 |            0 |            0 |            0 |            0 |            0 |            0 |            0 |            0 |            0 |            0 |
|    Memory bandwidth [MBytes/s]    | 49278.5712 |          0 |          0 |          0 |          0 |          0 |          0 |          0 |          0 |          0 |           0 |           0 |           0 |           0 |           0 |           0 |           0 |           0 |           0 |           0 |           0 |           0 |           0 |           0 |           0 |           0 |           0 |           0 |           0 |           0 |           0 |           0 |           0 |           0 |           0 |           0 |           0 |           0 |           0 |           0 |           0 |           0 |           0 |           0 |           0 |           0 |           0 |           0 |           0 |           0 |           0 |           0 |           0 |           0 |           0 |           0 |           0 |           0 |           0 |           0 |           0 |           0 |           0 |           0 |           0 |           0 |           0 |           0 |           0 |           0 |           0 |           0 |           0 |           0 |           0 |           0 |           0 |           0 |           0 |           0 |           0 |           0 |           0 |           0 |           0 |           0 |           0 |           0 |           0 |           0 |           0 |           0 |           0 |           0 |           0 |           0 |  44131.9035 |           0 |           0 |           0 |            0 |            0 |            0 |            0 |            0 |            0 |            0 |            0 |            0 |            0 |            0 |            0 |            0 |            0 |            0 |            0 |            0 |            0 |            0 |            0 |            0 |            0 |            0 |            0 |            0 |            0 |            0 |            0 |            0 |            0 |            0 |            0 |            0 |            0 |            0 |            0 |            0 |            0 |            0 |            0 |            0 |            0 |            0 |            0 |            0 |            0 |            0 |            0 |            0 |            0 |            0 |            0 |            0 |            0 |            0 |            0 |            0 |            0 |            0 |            0 |            0 |            0 |            0 |            0 |            0 |            0 |            0 |            0 |            0 |            0 |            0 |            0 |            0 |            0 |            0 |            0 |            0 |            0 |            0 |            0 |            0 |            0 |            0 |            0 |            0 |            0 |            0 |            0 |            0 |            0 |            0 |            0 |
|    Memory data volume [GBytes]    | 85364.0380 |          0 |          0 |          0 |          0 |          0 |          0 |          0 |          0 |          0 |           0 |           0 |           0 |           0 |           0 |           0 |           0 |           0 |           0 |           0 |           0 |           0 |           0 |           0 |           0 |           0 |           0 |           0 |           0 |           0 |           0 |           0 |           0 |           0 |           0 |           0 |           0 |           0 |           0 |           0 |           0 |           0 |           0 |           0 |           0 |           0 |           0 |           0 |           0 |           0 |           0 |           0 |           0 |           0 |           0 |           0 |           0 |           0 |           0 |           0 |           0 |           0 |           0 |           0 |           0 |           0 |           0 |           0 |           0 |           0 |           0 |           0 |           0 |           0 |           0 |           0 |           0 |           0 |           0 |           0 |           0 |           0 |           0 |           0 |           0 |           0 |           0 |           0 |           0 |           0 |           0 |           0 |           0 |           0 |           0 |           0 |  76448.5941 |           0 |           0 |           0 |            0 |            0 |            0 |            0 |            0 |            0 |            0 |            0 |            0 |            0 |            0 |            0 |            0 |            0 |            0 |            0 |            0 |            0 |            0 |            0 |            0 |            0 |            0 |            0 |            0 |            0 |            0 |            0 |            0 |            0 |            0 |            0 |            0 |            0 |            0 |            0 |            0 |            0 |            0 |            0 |            0 |            0 |            0 |            0 |            0 |            0 |            0 |            0 |            0 |            0 |            0 |            0 |            0 |            0 |            0 |            0 |            0 |            0 |            0 |            0 |            0 |            0 |            0 |            0 |            0 |            0 |            0 |            0 |            0 |            0 |            0 |            0 |            0 |            0 |            0 |            0 |            0 |            0 |            0 |            0 |            0 |            0 |            0 |            0 |            0 |            0 |            0 |            0 |            0 |            0 |            0 |            0 |
+-----------------------------------+------------+------------+------------+------------+------------+------------+------------+------------+------------+------------+-------------+-------------+-------------+-------------+-------------+-------------+-------------+-------------+-------------+-------------+-------------+-------------+-------------+-------------+-------------+-------------+-------------+-------------+-------------+-------------+-------------+-------------+-------------+-------------+-------------+-------------+-------------+-------------+-------------+-------------+-------------+-------------+-------------+-------------+-------------+-------------+-------------+-------------+-------------+-------------+-------------+-------------+-------------+-------------+-------------+-------------+-------------+-------------+-------------+-------------+-------------+-------------+-------------+-------------+-------------+-------------+-------------+-------------+-------------+-------------+-------------+-------------+-------------+-------------+-------------+-------------+-------------+-------------+-------------+-------------+-------------+-------------+-------------+-------------+-------------+-------------+-------------+-------------+-------------+-------------+-------------+-------------+-------------+-------------+-------------+-------------+-------------+-------------+-------------+-------------+--------------+--------------+--------------+--------------+--------------+--------------+--------------+--------------+--------------+--------------+--------------+--------------+--------------+--------------+--------------+--------------+--------------+--------------+--------------+--------------+--------------+--------------+--------------+--------------+--------------+--------------+--------------+--------------+--------------+--------------+--------------+--------------+--------------+--------------+--------------+--------------+--------------+--------------+--------------+--------------+--------------+--------------+--------------+--------------+--------------+--------------+--------------+--------------+--------------+--------------+--------------+--------------+--------------+--------------+--------------+--------------+--------------+--------------+--------------+--------------+--------------+--------------+--------------+--------------+--------------+--------------+--------------+--------------+--------------+--------------+--------------+--------------+--------------+--------------+--------------+--------------+--------------+--------------+--------------+--------------+--------------+--------------+--------------+--------------+--------------+--------------+--------------+--------------+--------------+--------------+--------------+--------------+

+----------------------------------------+-------------+-----------+------------+-----------+
|                 Metric                 |     Sum     |    Min    |     Max    |    Avg    |
+----------------------------------------+-------------+-----------+------------+-----------+
|        Runtime (RDTSC) [s] STAT        | 332596.8000 | 1732.2750 |  1732.2750 | 1732.2750 |
|        Runtime unhalted [s] STAT       | 367471.6654 | 1089.0322 |  2200.7865 | 1913.9149 |
|            Clock [MHz] STAT            | 692092.9556 | 3093.8098 |  3694.7614 | 3604.6508 |
|                CPI STAT                |   1434.9435 |    3.1939 |    12.0680 |    7.4737 |
|  Memory read bandwidth [MBytes/s] STAT |  64781.3760 |         0 | 34649.6561 |  337.4030 |
|  Memory read data volume [GBytes] STAT | 112219.1595 |         0 | 60022.7338 |  584.4748 |
| Memory write bandwidth [MBytes/s] STAT |  28629.0988 |         0 | 14628.9151 |  149.1099 |
| Memory write data volume [GBytes] STAT |  49593.4727 |         0 | 25341.3042 |  258.2993 |
|    Memory bandwidth [MBytes/s] STAT    |  93410.4747 |         0 | 49278.5712 |  486.5129 |
|    Memory data volume [GBytes] STAT    | 161812.6321 |         0 | 85364.0380 |  842.7741 |
+----------------------------------------+-------------+-----------+------------+-----------+

