INFO: You are running LIKWID in a cpuset with 112 CPUs. Taking given IDs as logical ID in cpuset
--------------------------------------------------------------------------------
CPU name:	AMD EPYC 9A14 96-Core Processor                
CPU type:	AMD K19 (Zen4) architecture
CPU clock:	2.60 GHz
--------------------------------------------------------------------------------
Sys.CPU_THREADS       192
SLURM_CPUS_PER_TASK   112
OMP_NUM_THREADS       112
OMP_PROC_BIND         close
OMP_PLACES            cores
BLAS_NUM_THREADS      1
Threads.nthreads()    1

Successfully read data from: /public/home/halili/jld2file/6-31g/hcn-1.0-6-31g.jld2
  name: hcn
  ratio: 1.0
  basis: 6-31g
  nα: 7, nβ: 7, ne: 14, norb: 20, nq: 40

  ngs: 13755
  ncs: 72681

Warming up JIT and Hardware...
Warm-up completed.
  Step 001:  residual: 7.7049e-01,  e: -92.82763179936556
  Step 002:  residual: 3.7087e-01,  e: -93.01183870091410
  Step 003:  residual: 1.4548e-01,  e: -93.04687547021028
  Step 004:  residual: 5.7932e-02,  e: -93.05170251010395
  Step 005:  residual: 2.8328e-02,  e: -93.05243615719493
  Step 006:  residual: 1.3340e-02,  e: -93.05261925959164
  Step 007:  residual: 5.6500e-03,  e: -93.05265620776130
  Step 008:  residual: 2.2421e-03,  e: -93.05266215767693
  Step 009:  residual: 8.8227e-04,  e: -93.05266309075216
  Step 010:  residual: 3.8870e-04,  e: -93.05266324625487
  Step 011:  residual: 1.8353e-04,  e: -93.05266327684532
  Step 012:  residual: 8.8481e-05,  e: -93.05266328403766
  Step 013:  residual: 3.8778e-05,  e: -93.05266328559679
  Step 014:  residual: 1.6948e-05,  e: -93.05266328585493
  Step 015:  residual: 6.9143e-06,  e: -93.05266328590399

Convergence reached!
3383.372494 seconds (7.21 M allocations: 347.495 GiB, 0.01% gc time, 0.06% compilation time)
--------------------------------------------------------------------------------
Region hvec_direct_agg, Group 1: MEM
+-------------------+-------------+-------------+-------------+-------------+-------------+-------------+-------------+-------------+-------------+-------------+-------------+-------------+-------------+-------------+-------------+-------------+-------------+-------------+-------------+-------------+-------------+-------------+-------------+-------------+-------------+-------------+-------------+-------------+-------------+-------------+-------------+-------------+-------------+-------------+-------------+-------------+-------------+-------------+-------------+-------------+-------------+-------------+-------------+-------------+-------------+-------------+-------------+-------------+-------------+-------------+-------------+-------------+-------------+-------------+-------------+-------------+-------------+-------------+-------------+-------------+-------------+-------------+-------------+-------------+-------------+-------------+-------------+-------------+-------------+-------------+-------------+-------------+-------------+-------------+-------------+-------------+-------------+-------------+-------------+-------------+-------------+-------------+-------------+-------------+-------------+-------------+-------------+-------------+-------------+-------------+-------------+-------------+-------------+-------------+-------------+-------------+-------------+-------------+-------------+-------------+--------------+--------------+--------------+--------------+--------------+--------------+--------------+--------------+--------------+--------------+--------------+--------------+
|    Region Info    |  HWThread 0 |  HWThread 1 |  HWThread 2 |  HWThread 3 |  HWThread 4 |  HWThread 5 |  HWThread 6 |  HWThread 7 |  HWThread 8 |  HWThread 9 | HWThread 10 | HWThread 11 | HWThread 12 | HWThread 13 | HWThread 14 | HWThread 15 | HWThread 16 | HWThread 17 | HWThread 18 | HWThread 19 | HWThread 20 | HWThread 21 | HWThread 22 | HWThread 23 | HWThread 24 | HWThread 25 | HWThread 26 | HWThread 27 | HWThread 28 | HWThread 29 | HWThread 30 | HWThread 31 | HWThread 32 | HWThread 33 | HWThread 34 | HWThread 35 | HWThread 36 | HWThread 37 | HWThread 38 | HWThread 39 | HWThread 40 | HWThread 41 | HWThread 42 | HWThread 43 | HWThread 44 | HWThread 45 | HWThread 46 | HWThread 47 | HWThread 48 | HWThread 49 | HWThread 50 | HWThread 51 | HWThread 52 | HWThread 53 | HWThread 54 | HWThread 55 | HWThread 56 | HWThread 57 | HWThread 58 | HWThread 59 | HWThread 60 | HWThread 61 | HWThread 62 | HWThread 63 | HWThread 64 | HWThread 65 | HWThread 66 | HWThread 67 | HWThread 68 | HWThread 69 | HWThread 70 | HWThread 71 | HWThread 72 | HWThread 73 | HWThread 74 | HWThread 75 | HWThread 76 | HWThread 77 | HWThread 78 | HWThread 79 | HWThread 80 | HWThread 81 | HWThread 82 | HWThread 83 | HWThread 84 | HWThread 85 | HWThread 86 | HWThread 87 | HWThread 88 | HWThread 89 | HWThread 90 | HWThread 91 | HWThread 92 | HWThread 93 | HWThread 94 | HWThread 95 | HWThread 96 | HWThread 97 | HWThread 98 | HWThread 99 | HWThread 100 | HWThread 101 | HWThread 102 | HWThread 103 | HWThread 104 | HWThread 105 | HWThread 106 | HWThread 107 | HWThread 108 | HWThread 109 | HWThread 110 | HWThread 111 |
+-------------------+-------------+-------------+-------------+-------------+-------------+-------------+-------------+-------------+-------------+-------------+-------------+-------------+-------------+-------------+-------------+-------------+-------------+-------------+-------------+-------------+-------------+-------------+-------------+-------------+-------------+-------------+-------------+-------------+-------------+-------------+-------------+-------------+-------------+-------------+-------------+-------------+-------------+-------------+-------------+-------------+-------------+-------------+-------------+-------------+-------------+-------------+-------------+-------------+-------------+-------------+-------------+-------------+-------------+-------------+-------------+-------------+-------------+-------------+-------------+-------------+-------------+-------------+-------------+-------------+-------------+-------------+-------------+-------------+-------------+-------------+-------------+-------------+-------------+-------------+-------------+-------------+-------------+-------------+-------------+-------------+-------------+-------------+-------------+-------------+-------------+-------------+-------------+-------------+-------------+-------------+-------------+-------------+-------------+-------------+-------------+-------------+-------------+-------------+-------------+-------------+--------------+--------------+--------------+--------------+--------------+--------------+--------------+--------------+--------------+--------------+--------------+--------------+
| RDTSC Runtime [s] | 3311.949000 | 3298.499000 | 3309.564000 | 3297.956000 | 3299.854000 | 3283.520000 | 3308.901000 | 3300.063000 | 3291.511000 | 3303.550000 | 3304.565000 | 3288.793000 | 3303.550000 | 3283.795000 | 3293.877000 | 3294.415000 | 3289.884000 | 3291.242000 | 3292.701000 | 3305.106000 | 3294.687000 | 3293.603000 | 3290.699000 | 3306.530000 | 3289.611000 | 3285.967000 | 3291.775000 | 3302.644000 | 3284.608000 | 3309.926000 | 3281.858000 | 3285.416000 | 3287.793000 | 3306.054000 | 3306.054000 | 3282.222000 | 3295.341000 | 3288.526000 | 3282.970000 | 3304.025000 | 3284.337000 | 3299.047000 | 3293.059000 | 3287.792000 | 3304.297000 | 3288.061000 | 3286.977000 | 3289.064000 | 3300.539000 | 3286.240000 | 3284.064000 | 3300.811000 | 3289.884000 | 3290.428000 | 3285.148000 | 3285.967000 | 3307.340000 | 3296.949000 | 3290.971000 | 3303.279000 | 3287.523000 | 3297.220000 | 3297.486000 | 3298.773000 | 3294.144000 | 3284.877000 | 3307.071000 | 3301.281000 | 3286.710000 | 3292.045000 | 3301.078000 | 3297.220000 | 3296.590000 | 3308.632000 | 3289.336000 | 3285.692000 | 3307.605000 | 3282.490000 | 3282.490000 | 3293.328000 | 3300.539000 | 3303.008000 | 3305.378000 | 3299.318000 | 3299.590000 | 3305.378000 | 3308.267000 | 3305.106000 | 3306.800000 | 3287.250000 | 3281.006000 | 3298.228000 | 3301.747000 | 3304.833000 | 3283.246000 | 3299.318000 | 3310.579000 | 3302.016000 | 3301.747000 | 3310.582000 |  3307.875000 |  3309.176000 |  3310.197000 |  3310.582000 |  3295.718000 |  3292.317000 |  3310.197000 |  3281.225000 |  3295.717000 |  3294.953000 |  3281.225000 |  3295.718000 |
|     call count    |          15 |          15 |          15 |          15 |          15 |          15 |          15 |          15 |          15 |          15 |          15 |          15 |          15 |          15 |          15 |          15 |          15 |          15 |          15 |          15 |          15 |          15 |          15 |          15 |          15 |          15 |          15 |          15 |          15 |          15 |          15 |          15 |          15 |          15 |          15 |          15 |          15 |          15 |          15 |          15 |          15 |          15 |          15 |          15 |          15 |          15 |          15 |          15 |          15 |          15 |          15 |          15 |          15 |          15 |          15 |          15 |          15 |          15 |          15 |          15 |          15 |          15 |          15 |          15 |          15 |          15 |          15 |          15 |          15 |          15 |          15 |          15 |          15 |          15 |          15 |          15 |          15 |          15 |          15 |          15 |          15 |          15 |          15 |          15 |          15 |          15 |          15 |          15 |          15 |          15 |          15 |          15 |          15 |          15 |          15 |          15 |          15 |          15 |          15 |          15 |           15 |           15 |           15 |           15 |           15 |           15 |           15 |           15 |           15 |           15 |           15 |           15 |
+-------------------+-------------+-------------+-------------+-------------+-------------+-------------+-------------+-------------+-------------+-------------+-------------+-------------+-------------+-------------+-------------+-------------+-------------+-------------+-------------+-------------+-------------+-------------+-------------+-------------+-------------+-------------+-------------+-------------+-------------+-------------+-------------+-------------+-------------+-------------+-------------+-------------+-------------+-------------+-------------+-------------+-------------+-------------+-------------+-------------+-------------+-------------+-------------+-------------+-------------+-------------+-------------+-------------+-------------+-------------+-------------+-------------+-------------+-------------+-------------+-------------+-------------+-------------+-------------+-------------+-------------+-------------+-------------+-------------+-------------+-------------+-------------+-------------+-------------+-------------+-------------+-------------+-------------+-------------+-------------+-------------+-------------+-------------+-------------+-------------+-------------+-------------+-------------+-------------+-------------+-------------+-------------+-------------+-------------+-------------+-------------+-------------+-------------+-------------+-------------+-------------+--------------+--------------+--------------+--------------+--------------+--------------+--------------+--------------+--------------+--------------+--------------+--------------+

+----------------------+---------+----------------+----------------+----------------+----------------+----------------+----------------+----------------+----------------+----------------+----------------+----------------+----------------+----------------+----------------+----------------+----------------+----------------+----------------+----------------+----------------+----------------+----------------+----------------+----------------+----------------+----------------+----------------+----------------+----------------+----------------+----------------+----------------+----------------+----------------+----------------+----------------+----------------+----------------+----------------+----------------+----------------+----------------+----------------+----------------+----------------+----------------+----------------+----------------+----------------+----------------+----------------+----------------+----------------+----------------+----------------+----------------+----------------+----------------+----------------+----------------+----------------+----------------+----------------+----------------+----------------+----------------+----------------+----------------+----------------+----------------+----------------+----------------+----------------+----------------+----------------+----------------+----------------+----------------+----------------+----------------+----------------+----------------+----------------+----------------+----------------+----------------+----------------+----------------+----------------+----------------+----------------+----------------+----------------+----------------+----------------+----------------+----------------+----------------+----------------+----------------+----------------+----------------+----------------+----------------+----------------+----------------+----------------+----------------+----------------+----------------+----------------+----------------+
|         Event        | Counter |   HWThread 0   |   HWThread 1   |   HWThread 2   |   HWThread 3   |   HWThread 4   |   HWThread 5   |   HWThread 6   |   HWThread 7   |   HWThread 8   |   HWThread 9   |   HWThread 10  |   HWThread 11  |   HWThread 12  |   HWThread 13  |   HWThread 14  |   HWThread 15  |   HWThread 16  |   HWThread 17  |   HWThread 18  |   HWThread 19  |   HWThread 20  |   HWThread 21  |   HWThread 22  |   HWThread 23  |   HWThread 24  |   HWThread 25  |   HWThread 26  |   HWThread 27  |   HWThread 28  |   HWThread 29  |   HWThread 30  |   HWThread 31  |   HWThread 32  |   HWThread 33  |   HWThread 34  |   HWThread 35  |   HWThread 36  |   HWThread 37  |   HWThread 38  |   HWThread 39  |   HWThread 40  |   HWThread 41  |   HWThread 42  |   HWThread 43  |   HWThread 44  |   HWThread 45  |   HWThread 46  |   HWThread 47  |   HWThread 48  |   HWThread 49  |   HWThread 50  |   HWThread 51  |   HWThread 52  |   HWThread 53  |   HWThread 54  |   HWThread 55  |   HWThread 56  |   HWThread 57  |   HWThread 58  |   HWThread 59  |   HWThread 60  |   HWThread 61  |   HWThread 62  |   HWThread 63  |   HWThread 64  |   HWThread 65  |   HWThread 66  |   HWThread 67  |   HWThread 68  |   HWThread 69  |   HWThread 70  |   HWThread 71  |   HWThread 72  |   HWThread 73  |   HWThread 74  |   HWThread 75  |   HWThread 76  |   HWThread 77  |   HWThread 78  |   HWThread 79  |   HWThread 80  |   HWThread 81  |   HWThread 82  |   HWThread 83  |   HWThread 84  |   HWThread 85  |   HWThread 86  |   HWThread 87  |   HWThread 88  |   HWThread 89  |   HWThread 90  |   HWThread 91  |   HWThread 92  |   HWThread 93  |   HWThread 94  |   HWThread 95  |   HWThread 96  |   HWThread 97  |   HWThread 98  |   HWThread 99  |  HWThread 100  |  HWThread 101  |  HWThread 102  |  HWThread 103  |  HWThread 104  |  HWThread 105  |  HWThread 106  |  HWThread 107  |  HWThread 108  |  HWThread 109  |  HWThread 110  |  HWThread 111  |
+----------------------+---------+----------------+----------------+----------------+----------------+----------------+----------------+----------------+----------------+----------------+----------------+----------------+----------------+----------------+----------------+----------------+----------------+----------------+----------------+----------------+----------------+----------------+----------------+----------------+----------------+----------------+----------------+----------------+----------------+----------------+----------------+----------------+----------------+----------------+----------------+----------------+----------------+----------------+----------------+----------------+----------------+----------------+----------------+----------------+----------------+----------------+----------------+----------------+----------------+----------------+----------------+----------------+----------------+----------------+----------------+----------------+----------------+----------------+----------------+----------------+----------------+----------------+----------------+----------------+----------------+----------------+----------------+----------------+----------------+----------------+----------------+----------------+----------------+----------------+----------------+----------------+----------------+----------------+----------------+----------------+----------------+----------------+----------------+----------------+----------------+----------------+----------------+----------------+----------------+----------------+----------------+----------------+----------------+----------------+----------------+----------------+----------------+----------------+----------------+----------------+----------------+----------------+----------------+----------------+----------------+----------------+----------------+----------------+----------------+----------------+----------------+----------------+----------------+
|   ACTUAL_CPU_CLOCK   |  FIXC1  | 12102850000000 | 12097910000000 | 12098690000000 | 12098330000000 | 12097790000000 | 12098010000000 | 12098100000000 | 12098280000000 | 12096670000000 | 12097250000000 | 12097730000000 | 12098180000000 | 12097390000000 | 12098230000000 | 12096460000000 | 12097610000000 | 12097730000000 | 12098590000000 | 12096840000000 | 12098710000000 | 12097390000000 | 12098560000000 | 12098320000000 | 12098580000000 | 12098230000000 | 12098480000000 | 12098250000000 | 12097120000000 | 12097900000000 | 12098410000000 | 12098210000000 | 12097460000000 | 12097320000000 | 12099660000000 | 12096010000000 | 12097090000000 | 12098040000000 | 12097960000000 | 12098760000000 | 12097420000000 | 12097490000000 | 12099660000000 | 12099480000000 | 12098720000000 | 12098640000000 | 12097270000000 | 12097020000000 | 12099030000000 | 12097480000000 | 12097730000000 | 12096800000000 | 12097880000000 | 12098430000000 | 12097590000000 | 12098690000000 | 12098570000000 | 12097970000000 | 12099010000000 | 12097910000000 | 12099540000000 | 12098500000000 | 12097010000000 | 12098500000000 | 12096420000000 | 12098370000000 | 12097390000000 | 12098920000000 | 12097910000000 | 12098220000000 | 12098900000000 | 12097860000000 | 12098220000000 | 12098790000000 | 12098390000000 | 12097770000000 | 12097980000000 | 12097550000000 | 12099400000000 | 12097190000000 | 12098580000000 | 12098340000000 | 12098020000000 | 12097780000000 | 12097250000000 | 12097910000000 | 12097700000000 | 12097800000000 | 12097880000000 | 12099180000000 | 12097720000000 | 12098140000000 | 12098770000000 | 12099630000000 | 12099820000000 | 12099010000000 | 12098560000000 | 12127690000000 | 12125820000000 | 12126140000000 | 12125640000000 | 12125390000000 | 12126050000000 | 12126900000000 | 12125600000000 | 12124720000000 | 12126910000000 | 12126720000000 | 12123290000000 | 12123220000000 | 12125100000000 | 12123670000000 | 12124930000000 |
|     MAX_CPU_CLOCK    |  FIXC2  |  8529399000000 |  8526526000000 |  8526611000000 |  8526321000000 |  8526035000000 |  8526114000000 |  8526177000000 |  8526300000000 |  8525111000000 |  8525531000000 |  8525896000000 |  8526176000000 |  8525685000000 |  8526145000000 |  8525031000000 |  8525655000000 |  8526004000000 |  8526486000000 |  8525334000000 |  8526447000000 |  8525633000000 |  8526455000000 |  8526290000000 |  8526544000000 |  8526220000000 |  8526284000000 |  8526126000000 |  8525654000000 |  8526013000000 |  8526453000000 |  8526434000000 |  8525642000000 |  8525685000000 |  8526885000000 |  8524882000000 |  8525494000000 |  8526219000000 |  8525955000000 |  8526589000000 |  8525795000000 |  8525690000000 |  8527266000000 |  8526933000000 |  8526677000000 |  8526479000000 |  8525440000000 |  8525433000000 |  8526620000000 |  8525809000000 |  8525901000000 |  8525259000000 |  8525975000000 |  8526280000000 |  8525801000000 |  8526624000000 |  8526538000000 |  8525972000000 |  8526816000000 |  8525870000000 |  8527114000000 |  8526436000000 |  8525478000000 |  8526454000000 |  8525026000000 |  8526313000000 |  8525626000000 |  8526682000000 |  8525959000000 |  8526205000000 |  8526681000000 |  8526112000000 |  8526155000000 |  8526742000000 |  8526226000000 |  8525910000000 |  8526103000000 |  8525716000000 |  8526979000000 |  8525445000000 |  8526259000000 |  8526245000000 |  8526137000000 |  8525912000000 |  8525503000000 |  8525853000000 |  8525900000000 |  8525965000000 |  8526078000000 |  8526822000000 |  8525932000000 |  8526131000000 |  8526691000000 |  8527241000000 |  8527243000000 |  8526731000000 |  8526443000000 |  8523975000000 |  8523501000000 |  8523447000000 |  8523152000000 |  8523114000000 |  8523456000000 |  8524091000000 |  8523282000000 |  8522549000000 |  8524092000000 |  8523935000000 |  8521531000000 |  8521549000000 |  8522809000000 |  8521929000000 |  8522735000000 |
| RETIRED_INSTRUCTIONS |   PMC0  |  8516333000000 |  8559885000000 |  8563999000000 |  8511545000000 |  8550942000000 |  8493354000000 |  8517714000000 |  8481734000000 |  9125094000000 |  9071860000000 |  9122739000000 |  9075405000000 |  9090634000000 |  9021492000000 |  9086505000000 |  9028509000000 |  8804941000000 |  8778102000000 |  8768964000000 |  8740903000000 |  8797966000000 |  8708718000000 |  8742659000000 |  8690919000000 |  8669705000000 |  8637075000000 |  8655538000000 |  8604662000000 |  8671216000000 |  8591587000000 |  8611973000000 |  8584073000000 |  9101653000000 |  9085558000000 |  9133712000000 |  9047532000000 |  9124796000000 |  9028774000000 |  9092755000000 |  9074506000000 |  8803639000000 |  8783500000000 |  8778333000000 |  8716005000000 |  8785912000000 |  8700610000000 |  8758741000000 |  8758935000000 |  8613249000000 |  8606362000000 |  8610631000000 |  8574967000000 |  8617178000000 |  8547325000000 |  8541859000000 |  8549132000000 |  9065121000000 |  9069669000000 |  9090173000000 |  9045372000000 |  9071126000000 |  8988675000000 |  9032016000000 |  9009717000000 |  8737429000000 |  8752887000000 |  8751513000000 |  8732407000000 |  8768923000000 |  8693033000000 |  8721436000000 |  8705615000000 |  8613426000000 |  8588142000000 |  8603792000000 |  8588131000000 |  8625997000000 |  8536391000000 |  8584289000000 |  8522273000000 |  9137066000000 |  9110928000000 |  9103525000000 |  9094795000000 |  9141185000000 |  9084527000000 |  9087875000000 |  9066751000000 |  8752820000000 |  8758772000000 |  8776467000000 |  8696888000000 |  8749916000000 |  8682176000000 |  8702145000000 |  8687270000000 |  7960626000000 |  7958113000000 |  7957159000000 |  7932675000000 |  7938145000000 |  7934782000000 |  7930277000000 |  7925901000000 |  8009764000000 |  7996882000000 |  7997940000000 |  7972617000000 |  8005148000000 |  7972245000000 |  7995904000000 |  7997465000000 |
|  CPU_CLOCKS_UNHALTED |   PMC1  | 11967930000000 | 12033720000000 | 12033910000000 | 12031860000000 | 12032030000000 | 12031620000000 | 12033530000000 | 12033010000000 | 12033760000000 | 12032450000000 | 12034940000000 | 12034640000000 | 12033750000000 | 12035010000000 | 12035200000000 | 12036420000000 | 12031630000000 | 12031090000000 | 12033820000000 | 12031900000000 | 12032840000000 | 12033210000000 | 12032140000000 | 12033680000000 | 12036050000000 | 12033920000000 | 12037220000000 | 12032470000000 | 12032820000000 | 12037890000000 | 12033980000000 | 12034170000000 | 12032930000000 | 12031360000000 | 12031030000000 | 12034310000000 | 12033700000000 | 12032380000000 | 12034430000000 | 12031540000000 | 12032510000000 | 12034750000000 | 12033320000000 | 12033560000000 | 12035030000000 | 12032250000000 | 12032520000000 | 12034480000000 | 12033950000000 | 12033550000000 | 12032840000000 | 12033680000000 | 12034770000000 | 12034060000000 | 12035240000000 | 12033570000000 | 12035850000000 | 12036280000000 | 12034520000000 | 12037290000000 | 12036110000000 | 12033810000000 | 12035010000000 | 12033270000000 | 12034260000000 | 12034920000000 | 12037710000000 | 12037370000000 | 12033960000000 | 12034510000000 | 12035320000000 | 12036510000000 | 12034970000000 | 12036030000000 | 12033270000000 | 12034470000000 | 12032400000000 | 12039260000000 | 12032890000000 | 12035280000000 | 12031810000000 | 12031070000000 | 12032420000000 | 12035370000000 | 12033920000000 | 12035520000000 | 12030550000000 | 12033600000000 | 12033290000000 | 12032960000000 | 12032740000000 | 12034440000000 | 12036540000000 | 12036700000000 | 12034870000000 | 12033190000000 | 12072090000000 | 12072750000000 | 12069930000000 | 12070390000000 | 12070340000000 | 12073660000000 | 12072740000000 | 12070370000000 | 12072940000000 | 12072820000000 | 12072960000000 | 12069690000000 | 12070360000000 | 12073030000000 | 12069980000000 | 12069760000000 |
|      CAS_CMD_RD      |  UMC0C0 |  1418763000000 |              0 |              0 |              0 |              0 |              0 |              0 |              0 |              0 |              0 |              0 |              0 |              0 |              0 |              0 |              0 |              0 |              0 |              0 |              0 |              0 |              0 |              0 |              0 |              0 |              0 |              0 |              0 |              0 |              0 |              0 |              0 |              0 |              0 |              0 |              0 |              0 |              0 |              0 |              0 |              0 |              0 |              0 |              0 |              0 |              0 |              0 |              0 |              0 |              0 |              0 |              0 |              0 |              0 |              0 |              0 |              0 |              0 |              0 |              0 |              0 |              0 |              0 |              0 |              0 |              0 |              0 |              0 |              0 |              0 |              0 |              0 |              0 |              0 |              0 |              0 |              0 |              0 |              0 |              0 |              0 |              0 |              0 |              0 |              0 |              0 |              0 |              0 |              0 |              0 |              0 |              0 |              0 |              0 |              0 |              0 |    33829800000 |              0 |              0 |              0 |              0 |              0 |              0 |              0 |              0 |              0 |              0 |              0 |              0 |              0 |              0 |              0 |
|      CAS_CMD_WR      |  UMC0C1 |     2066276000 |              0 |              0 |              0 |              0 |              0 |              0 |              0 |              0 |              0 |              0 |              0 |              0 |              0 |              0 |              0 |              0 |              0 |              0 |              0 |              0 |              0 |              0 |              0 |              0 |              0 |              0 |              0 |              0 |              0 |              0 |              0 |              0 |              0 |              0 |              0 |              0 |              0 |              0 |              0 |              0 |              0 |              0 |              0 |              0 |              0 |              0 |              0 |              0 |              0 |              0 |              0 |              0 |              0 |              0 |              0 |              0 |              0 |              0 |              0 |              0 |              0 |              0 |              0 |              0 |              0 |              0 |              0 |              0 |              0 |              0 |              0 |              0 |              0 |              0 |              0 |              0 |              0 |              0 |              0 |              0 |              0 |              0 |              0 |              0 |              0 |              0 |              0 |              0 |              0 |              0 |              0 |              0 |              0 |              0 |              0 |      599871900 |              0 |              0 |              0 |              0 |              0 |              0 |              0 |              0 |              0 |              0 |              0 |              0 |              0 |              0 |              0 |
|      CAS_CMD_RD      |  UMC1C0 |  1419204000000 |              0 |              0 |              0 |              0 |              0 |              0 |              0 |              0 |              0 |              0 |              0 |              0 |              0 |              0 |              0 |              0 |              0 |              0 |              0 |              0 |              0 |              0 |              0 |              0 |              0 |              0 |              0 |              0 |              0 |              0 |              0 |              0 |              0 |              0 |              0 |              0 |              0 |              0 |              0 |              0 |              0 |              0 |              0 |              0 |              0 |              0 |              0 |              0 |              0 |              0 |              0 |              0 |              0 |              0 |              0 |              0 |              0 |              0 |              0 |              0 |              0 |              0 |              0 |              0 |              0 |              0 |              0 |              0 |              0 |              0 |              0 |              0 |              0 |              0 |              0 |              0 |              0 |              0 |              0 |              0 |              0 |              0 |              0 |              0 |              0 |              0 |              0 |              0 |              0 |              0 |              0 |              0 |              0 |              0 |              0 |    33396650000 |              0 |              0 |              0 |              0 |              0 |              0 |              0 |              0 |              0 |              0 |              0 |              0 |              0 |              0 |              0 |
|      CAS_CMD_WR      |  UMC1C1 |     2066598000 |              0 |              0 |              0 |              0 |              0 |              0 |              0 |              0 |              0 |              0 |              0 |              0 |              0 |              0 |              0 |              0 |              0 |              0 |              0 |              0 |              0 |              0 |              0 |              0 |              0 |              0 |              0 |              0 |              0 |              0 |              0 |              0 |              0 |              0 |              0 |              0 |              0 |              0 |              0 |              0 |              0 |              0 |              0 |              0 |              0 |              0 |              0 |              0 |              0 |              0 |              0 |              0 |              0 |              0 |              0 |              0 |              0 |              0 |              0 |              0 |              0 |              0 |              0 |              0 |              0 |              0 |              0 |              0 |              0 |              0 |              0 |              0 |              0 |              0 |              0 |              0 |              0 |              0 |              0 |              0 |              0 |              0 |              0 |              0 |              0 |              0 |              0 |              0 |              0 |              0 |              0 |              0 |              0 |              0 |              0 |      596479100 |              0 |              0 |              0 |              0 |              0 |              0 |              0 |              0 |              0 |              0 |              0 |              0 |              0 |              0 |              0 |
|      CAS_CMD_RD      |  UMC2C0 |  1419063000000 |              0 |              0 |              0 |              0 |              0 |              0 |              0 |              0 |              0 |              0 |              0 |              0 |              0 |              0 |              0 |              0 |              0 |              0 |              0 |              0 |              0 |              0 |              0 |              0 |              0 |              0 |              0 |              0 |              0 |              0 |              0 |              0 |              0 |              0 |              0 |              0 |              0 |              0 |              0 |              0 |              0 |              0 |              0 |              0 |              0 |              0 |              0 |              0 |              0 |              0 |              0 |              0 |              0 |              0 |              0 |              0 |              0 |              0 |              0 |              0 |              0 |              0 |              0 |              0 |              0 |              0 |              0 |              0 |              0 |              0 |              0 |              0 |              0 |              0 |              0 |              0 |              0 |              0 |              0 |              0 |              0 |              0 |              0 |              0 |              0 |              0 |              0 |              0 |              0 |              0 |              0 |              0 |              0 |              0 |              0 |    33633090000 |              0 |              0 |              0 |              0 |              0 |              0 |              0 |              0 |              0 |              0 |              0 |              0 |              0 |              0 |              0 |
|      CAS_CMD_WR      |  UMC2C1 |     2098820000 |              0 |              0 |              0 |              0 |              0 |              0 |              0 |              0 |              0 |              0 |              0 |              0 |              0 |              0 |              0 |              0 |              0 |              0 |              0 |              0 |              0 |              0 |              0 |              0 |              0 |              0 |              0 |              0 |              0 |              0 |              0 |              0 |              0 |              0 |              0 |              0 |              0 |              0 |              0 |              0 |              0 |              0 |              0 |              0 |              0 |              0 |              0 |              0 |              0 |              0 |              0 |              0 |              0 |              0 |              0 |              0 |              0 |              0 |              0 |              0 |              0 |              0 |              0 |              0 |              0 |              0 |              0 |              0 |              0 |              0 |              0 |              0 |              0 |              0 |              0 |              0 |              0 |              0 |              0 |              0 |              0 |              0 |              0 |              0 |              0 |              0 |              0 |              0 |              0 |              0 |              0 |              0 |              0 |              0 |              0 |      578845900 |              0 |              0 |              0 |              0 |              0 |              0 |              0 |              0 |              0 |              0 |              0 |              0 |              0 |              0 |              0 |
|      CAS_CMD_RD      |  UMC3C0 |  1418920000000 |              0 |              0 |              0 |              0 |              0 |              0 |              0 |              0 |              0 |              0 |              0 |              0 |              0 |              0 |              0 |              0 |              0 |              0 |              0 |              0 |              0 |              0 |              0 |              0 |              0 |              0 |              0 |              0 |              0 |              0 |              0 |              0 |              0 |              0 |              0 |              0 |              0 |              0 |              0 |              0 |              0 |              0 |              0 |              0 |              0 |              0 |              0 |              0 |              0 |              0 |              0 |              0 |              0 |              0 |              0 |              0 |              0 |              0 |              0 |              0 |              0 |              0 |              0 |              0 |              0 |              0 |              0 |              0 |              0 |              0 |              0 |              0 |              0 |              0 |              0 |              0 |              0 |              0 |              0 |              0 |              0 |              0 |              0 |              0 |              0 |              0 |              0 |              0 |              0 |              0 |              0 |              0 |              0 |              0 |              0 |    33416060000 |              0 |              0 |              0 |              0 |              0 |              0 |              0 |              0 |              0 |              0 |              0 |              0 |              0 |              0 |              0 |
|      CAS_CMD_WR      |  UMC3C1 |     2004780000 |              0 |              0 |              0 |              0 |              0 |              0 |              0 |              0 |              0 |              0 |              0 |              0 |              0 |              0 |              0 |              0 |              0 |              0 |              0 |              0 |              0 |              0 |              0 |              0 |              0 |              0 |              0 |              0 |              0 |              0 |              0 |              0 |              0 |              0 |              0 |              0 |              0 |              0 |              0 |              0 |              0 |              0 |              0 |              0 |              0 |              0 |              0 |              0 |              0 |              0 |              0 |              0 |              0 |              0 |              0 |              0 |              0 |              0 |              0 |              0 |              0 |              0 |              0 |              0 |              0 |              0 |              0 |              0 |              0 |              0 |              0 |              0 |              0 |              0 |              0 |              0 |              0 |              0 |              0 |              0 |              0 |              0 |              0 |              0 |              0 |              0 |              0 |              0 |              0 |              0 |              0 |              0 |              0 |              0 |              0 |      585331900 |              0 |              0 |              0 |              0 |              0 |              0 |              0 |              0 |              0 |              0 |              0 |              0 |              0 |              0 |              0 |
|      CAS_CMD_RD      |  UMC4C0 |  1418479000000 |              0 |              0 |              0 |              0 |              0 |              0 |              0 |              0 |              0 |              0 |              0 |              0 |              0 |              0 |              0 |              0 |              0 |              0 |              0 |              0 |              0 |              0 |              0 |              0 |              0 |              0 |              0 |              0 |              0 |              0 |              0 |              0 |              0 |              0 |              0 |              0 |              0 |              0 |              0 |              0 |              0 |              0 |              0 |              0 |              0 |              0 |              0 |              0 |              0 |              0 |              0 |              0 |              0 |              0 |              0 |              0 |              0 |              0 |              0 |              0 |              0 |              0 |              0 |              0 |              0 |              0 |              0 |              0 |              0 |              0 |              0 |              0 |              0 |              0 |              0 |              0 |              0 |              0 |              0 |              0 |              0 |              0 |              0 |              0 |              0 |              0 |              0 |              0 |              0 |              0 |              0 |              0 |              0 |              0 |              0 |    33432430000 |              0 |              0 |              0 |              0 |              0 |              0 |              0 |              0 |              0 |              0 |              0 |              0 |              0 |              0 |              0 |
|      CAS_CMD_WR      |  UMC4C1 |     1998125000 |              0 |              0 |              0 |              0 |              0 |              0 |              0 |              0 |              0 |              0 |              0 |              0 |              0 |              0 |              0 |              0 |              0 |              0 |              0 |              0 |              0 |              0 |              0 |              0 |              0 |              0 |              0 |              0 |              0 |              0 |              0 |              0 |              0 |              0 |              0 |              0 |              0 |              0 |              0 |              0 |              0 |              0 |              0 |              0 |              0 |              0 |              0 |              0 |              0 |              0 |              0 |              0 |              0 |              0 |              0 |              0 |              0 |              0 |              0 |              0 |              0 |              0 |              0 |              0 |              0 |              0 |              0 |              0 |              0 |              0 |              0 |              0 |              0 |              0 |              0 |              0 |              0 |              0 |              0 |              0 |              0 |              0 |              0 |              0 |              0 |              0 |              0 |              0 |              0 |              0 |              0 |              0 |              0 |              0 |              0 |      585634200 |              0 |              0 |              0 |              0 |              0 |              0 |              0 |              0 |              0 |              0 |              0 |              0 |              0 |              0 |              0 |
|      CAS_CMD_RD      |  UMC5C0 |  1418071000000 |              0 |              0 |              0 |              0 |              0 |              0 |              0 |              0 |              0 |              0 |              0 |              0 |              0 |              0 |              0 |              0 |              0 |              0 |              0 |              0 |              0 |              0 |              0 |              0 |              0 |              0 |              0 |              0 |              0 |              0 |              0 |              0 |              0 |              0 |              0 |              0 |              0 |              0 |              0 |              0 |              0 |              0 |              0 |              0 |              0 |              0 |              0 |              0 |              0 |              0 |              0 |              0 |              0 |              0 |              0 |              0 |              0 |              0 |              0 |              0 |              0 |              0 |              0 |              0 |              0 |              0 |              0 |              0 |              0 |              0 |              0 |              0 |              0 |              0 |              0 |              0 |              0 |              0 |              0 |              0 |              0 |              0 |              0 |              0 |              0 |              0 |              0 |              0 |              0 |              0 |              0 |              0 |              0 |              0 |              0 |    33377790000 |              0 |              0 |              0 |              0 |              0 |              0 |              0 |              0 |              0 |              0 |              0 |              0 |              0 |              0 |              0 |
|      CAS_CMD_WR      |  UMC5C1 |     2009970000 |              0 |              0 |              0 |              0 |              0 |              0 |              0 |              0 |              0 |              0 |              0 |              0 |              0 |              0 |              0 |              0 |              0 |              0 |              0 |              0 |              0 |              0 |              0 |              0 |              0 |              0 |              0 |              0 |              0 |              0 |              0 |              0 |              0 |              0 |              0 |              0 |              0 |              0 |              0 |              0 |              0 |              0 |              0 |              0 |              0 |              0 |              0 |              0 |              0 |              0 |              0 |              0 |              0 |              0 |              0 |              0 |              0 |              0 |              0 |              0 |              0 |              0 |              0 |              0 |              0 |              0 |              0 |              0 |              0 |              0 |              0 |              0 |              0 |              0 |              0 |              0 |              0 |              0 |              0 |              0 |              0 |              0 |              0 |              0 |              0 |              0 |              0 |              0 |              0 |              0 |              0 |              0 |              0 |              0 |              0 |      564607700 |              0 |              0 |              0 |              0 |              0 |              0 |              0 |              0 |              0 |              0 |              0 |              0 |              0 |              0 |              0 |
|      CAS_CMD_RD      |  UMC6C0 |  1419313000000 |              0 |              0 |              0 |              0 |              0 |              0 |              0 |              0 |              0 |              0 |              0 |              0 |              0 |              0 |              0 |              0 |              0 |              0 |              0 |              0 |              0 |              0 |              0 |              0 |              0 |              0 |              0 |              0 |              0 |              0 |              0 |              0 |              0 |              0 |              0 |              0 |              0 |              0 |              0 |              0 |              0 |              0 |              0 |              0 |              0 |              0 |              0 |              0 |              0 |              0 |              0 |              0 |              0 |              0 |              0 |              0 |              0 |              0 |              0 |              0 |              0 |              0 |              0 |              0 |              0 |              0 |              0 |              0 |              0 |              0 |              0 |              0 |              0 |              0 |              0 |              0 |              0 |              0 |              0 |              0 |              0 |              0 |              0 |              0 |              0 |              0 |              0 |              0 |              0 |              0 |              0 |              0 |              0 |              0 |              0 |    33715480000 |              0 |              0 |              0 |              0 |              0 |              0 |              0 |              0 |              0 |              0 |              0 |              0 |              0 |              0 |              0 |
|      CAS_CMD_WR      |  UMC6C1 |     2104330000 |              0 |              0 |              0 |              0 |              0 |              0 |              0 |              0 |              0 |              0 |              0 |              0 |              0 |              0 |              0 |              0 |              0 |              0 |              0 |              0 |              0 |              0 |              0 |              0 |              0 |              0 |              0 |              0 |              0 |              0 |              0 |              0 |              0 |              0 |              0 |              0 |              0 |              0 |              0 |              0 |              0 |              0 |              0 |              0 |              0 |              0 |              0 |              0 |              0 |              0 |              0 |              0 |              0 |              0 |              0 |              0 |              0 |              0 |              0 |              0 |              0 |              0 |              0 |              0 |              0 |              0 |              0 |              0 |              0 |              0 |              0 |              0 |              0 |              0 |              0 |              0 |              0 |              0 |              0 |              0 |              0 |              0 |              0 |              0 |              0 |              0 |              0 |              0 |              0 |              0 |              0 |              0 |              0 |              0 |              0 |      596425600 |              0 |              0 |              0 |              0 |              0 |              0 |              0 |              0 |              0 |              0 |              0 |              0 |              0 |              0 |              0 |
|      CAS_CMD_RD      |  UMC7C0 |  1418814000000 |              0 |              0 |              0 |              0 |              0 |              0 |              0 |              0 |              0 |              0 |              0 |              0 |              0 |              0 |              0 |              0 |              0 |              0 |              0 |              0 |              0 |              0 |              0 |              0 |              0 |              0 |              0 |              0 |              0 |              0 |              0 |              0 |              0 |              0 |              0 |              0 |              0 |              0 |              0 |              0 |              0 |              0 |              0 |              0 |              0 |              0 |              0 |              0 |              0 |              0 |              0 |              0 |              0 |              0 |              0 |              0 |              0 |              0 |              0 |              0 |              0 |              0 |              0 |              0 |              0 |              0 |              0 |              0 |              0 |              0 |              0 |              0 |              0 |              0 |              0 |              0 |              0 |              0 |              0 |              0 |              0 |              0 |              0 |              0 |              0 |              0 |              0 |              0 |              0 |              0 |              0 |              0 |              0 |              0 |              0 |    33576210000 |              0 |              0 |              0 |              0 |              0 |              0 |              0 |              0 |              0 |              0 |              0 |              0 |              0 |              0 |              0 |
|      CAS_CMD_WR      |  UMC7C1 |     2043111000 |              0 |              0 |              0 |              0 |              0 |              0 |              0 |              0 |              0 |              0 |              0 |              0 |              0 |              0 |              0 |              0 |              0 |              0 |              0 |              0 |              0 |              0 |              0 |              0 |              0 |              0 |              0 |              0 |              0 |              0 |              0 |              0 |              0 |              0 |              0 |              0 |              0 |              0 |              0 |              0 |              0 |              0 |              0 |              0 |              0 |              0 |              0 |              0 |              0 |              0 |              0 |              0 |              0 |              0 |              0 |              0 |              0 |              0 |              0 |              0 |              0 |              0 |              0 |              0 |              0 |              0 |              0 |              0 |              0 |              0 |              0 |              0 |              0 |              0 |              0 |              0 |              0 |              0 |              0 |              0 |              0 |              0 |              0 |              0 |              0 |              0 |              0 |              0 |              0 |              0 |              0 |              0 |              0 |              0 |              0 |      573556300 |              0 |              0 |              0 |              0 |              0 |              0 |              0 |              0 |              0 |              0 |              0 |              0 |              0 |              0 |              0 |
|      CAS_CMD_RD      |  UMC8C0 |  1419186000000 |              0 |              0 |              0 |              0 |              0 |              0 |              0 |              0 |              0 |              0 |              0 |              0 |              0 |              0 |              0 |              0 |              0 |              0 |              0 |              0 |              0 |              0 |              0 |              0 |              0 |              0 |              0 |              0 |              0 |              0 |              0 |              0 |              0 |              0 |              0 |              0 |              0 |              0 |              0 |              0 |              0 |              0 |              0 |              0 |              0 |              0 |              0 |              0 |              0 |              0 |              0 |              0 |              0 |              0 |              0 |              0 |              0 |              0 |              0 |              0 |              0 |              0 |              0 |              0 |              0 |              0 |              0 |              0 |              0 |              0 |              0 |              0 |              0 |              0 |              0 |              0 |              0 |              0 |              0 |              0 |              0 |              0 |              0 |              0 |              0 |              0 |              0 |              0 |              0 |              0 |              0 |              0 |              0 |              0 |              0 |    33701750000 |              0 |              0 |              0 |              0 |              0 |              0 |              0 |              0 |              0 |              0 |              0 |              0 |              0 |              0 |              0 |
|      CAS_CMD_WR      |  UMC8C1 |     2058334000 |              0 |              0 |              0 |              0 |              0 |              0 |              0 |              0 |              0 |              0 |              0 |              0 |              0 |              0 |              0 |              0 |              0 |              0 |              0 |              0 |              0 |              0 |              0 |              0 |              0 |              0 |              0 |              0 |              0 |              0 |              0 |              0 |              0 |              0 |              0 |              0 |              0 |              0 |              0 |              0 |              0 |              0 |              0 |              0 |              0 |              0 |              0 |              0 |              0 |              0 |              0 |              0 |              0 |              0 |              0 |              0 |              0 |              0 |              0 |              0 |              0 |              0 |              0 |              0 |              0 |              0 |              0 |              0 |              0 |              0 |              0 |              0 |              0 |              0 |              0 |              0 |              0 |              0 |              0 |              0 |              0 |              0 |              0 |              0 |              0 |              0 |              0 |              0 |              0 |              0 |              0 |              0 |              0 |              0 |              0 |      606693600 |              0 |              0 |              0 |              0 |              0 |              0 |              0 |              0 |              0 |              0 |              0 |              0 |              0 |              0 |              0 |
|      CAS_CMD_RD      |  UMC9C0 |  1418917000000 |              0 |              0 |              0 |              0 |              0 |              0 |              0 |              0 |              0 |              0 |              0 |              0 |              0 |              0 |              0 |              0 |              0 |              0 |              0 |              0 |              0 |              0 |              0 |              0 |              0 |              0 |              0 |              0 |              0 |              0 |              0 |              0 |              0 |              0 |              0 |              0 |              0 |              0 |              0 |              0 |              0 |              0 |              0 |              0 |              0 |              0 |              0 |              0 |              0 |              0 |              0 |              0 |              0 |              0 |              0 |              0 |              0 |              0 |              0 |              0 |              0 |              0 |              0 |              0 |              0 |              0 |              0 |              0 |              0 |              0 |              0 |              0 |              0 |              0 |              0 |              0 |              0 |              0 |              0 |              0 |              0 |              0 |              0 |              0 |              0 |              0 |              0 |              0 |              0 |              0 |              0 |              0 |              0 |              0 |              0 |    33702330000 |              0 |              0 |              0 |              0 |              0 |              0 |              0 |              0 |              0 |              0 |              0 |              0 |              0 |              0 |              0 |
|      CAS_CMD_WR      |  UMC9C1 |     1987717000 |              0 |              0 |              0 |              0 |              0 |              0 |              0 |              0 |              0 |              0 |              0 |              0 |              0 |              0 |              0 |              0 |              0 |              0 |              0 |              0 |              0 |              0 |              0 |              0 |              0 |              0 |              0 |              0 |              0 |              0 |              0 |              0 |              0 |              0 |              0 |              0 |              0 |              0 |              0 |              0 |              0 |              0 |              0 |              0 |              0 |              0 |              0 |              0 |              0 |              0 |              0 |              0 |              0 |              0 |              0 |              0 |              0 |              0 |              0 |              0 |              0 |              0 |              0 |              0 |              0 |              0 |              0 |              0 |              0 |              0 |              0 |              0 |              0 |              0 |              0 |              0 |              0 |              0 |              0 |              0 |              0 |              0 |              0 |              0 |              0 |              0 |              0 |              0 |              0 |              0 |              0 |              0 |              0 |              0 |              0 |      575607000 |              0 |              0 |              0 |              0 |              0 |              0 |              0 |              0 |              0 |              0 |              0 |              0 |              0 |              0 |              0 |
|      CAS_CMD_RD      | UMC10C0 |  1419555000000 |              0 |              0 |              0 |              0 |              0 |              0 |              0 |              0 |              0 |              0 |              0 |              0 |              0 |              0 |              0 |              0 |              0 |              0 |              0 |              0 |              0 |              0 |              0 |              0 |              0 |              0 |              0 |              0 |              0 |              0 |              0 |              0 |              0 |              0 |              0 |              0 |              0 |              0 |              0 |              0 |              0 |              0 |              0 |              0 |              0 |              0 |              0 |              0 |              0 |              0 |              0 |              0 |              0 |              0 |              0 |              0 |              0 |              0 |              0 |              0 |              0 |              0 |              0 |              0 |              0 |              0 |              0 |              0 |              0 |              0 |              0 |              0 |              0 |              0 |              0 |              0 |              0 |              0 |              0 |              0 |              0 |              0 |              0 |              0 |              0 |              0 |              0 |              0 |              0 |              0 |              0 |              0 |              0 |              0 |              0 |    33475080000 |              0 |              0 |              0 |              0 |              0 |              0 |              0 |              0 |              0 |              0 |              0 |              0 |              0 |              0 |              0 |
|      CAS_CMD_WR      | UMC10C1 |     2000220000 |              0 |              0 |              0 |              0 |              0 |              0 |              0 |              0 |              0 |              0 |              0 |              0 |              0 |              0 |              0 |              0 |              0 |              0 |              0 |              0 |              0 |              0 |              0 |              0 |              0 |              0 |              0 |              0 |              0 |              0 |              0 |              0 |              0 |              0 |              0 |              0 |              0 |              0 |              0 |              0 |              0 |              0 |              0 |              0 |              0 |              0 |              0 |              0 |              0 |              0 |              0 |              0 |              0 |              0 |              0 |              0 |              0 |              0 |              0 |              0 |              0 |              0 |              0 |              0 |              0 |              0 |              0 |              0 |              0 |              0 |              0 |              0 |              0 |              0 |              0 |              0 |              0 |              0 |              0 |              0 |              0 |              0 |              0 |              0 |              0 |              0 |              0 |              0 |              0 |              0 |              0 |              0 |              0 |              0 |              0 |      557370100 |              0 |              0 |              0 |              0 |              0 |              0 |              0 |              0 |              0 |              0 |              0 |              0 |              0 |              0 |              0 |
|      CAS_CMD_RD      | UMC11C0 |  1418799000000 |              0 |              0 |              0 |              0 |              0 |              0 |              0 |              0 |              0 |              0 |              0 |              0 |              0 |              0 |              0 |              0 |              0 |              0 |              0 |              0 |              0 |              0 |              0 |              0 |              0 |              0 |              0 |              0 |              0 |              0 |              0 |              0 |              0 |              0 |              0 |              0 |              0 |              0 |              0 |              0 |              0 |              0 |              0 |              0 |              0 |              0 |              0 |              0 |              0 |              0 |              0 |              0 |              0 |              0 |              0 |              0 |              0 |              0 |              0 |              0 |              0 |              0 |              0 |              0 |              0 |              0 |              0 |              0 |              0 |              0 |              0 |              0 |              0 |              0 |              0 |              0 |              0 |              0 |              0 |              0 |              0 |              0 |              0 |              0 |              0 |              0 |              0 |              0 |              0 |              0 |              0 |              0 |              0 |              0 |              0 |    33606050000 |              0 |              0 |              0 |              0 |              0 |              0 |              0 |              0 |              0 |              0 |              0 |              0 |              0 |              0 |              0 |
|      CAS_CMD_WR      | UMC11C1 |     2040665000 |              0 |              0 |              0 |              0 |              0 |              0 |              0 |              0 |              0 |              0 |              0 |              0 |              0 |              0 |              0 |              0 |              0 |              0 |              0 |              0 |              0 |              0 |              0 |              0 |              0 |              0 |              0 |              0 |              0 |              0 |              0 |              0 |              0 |              0 |              0 |              0 |              0 |              0 |              0 |              0 |              0 |              0 |              0 |              0 |              0 |              0 |              0 |              0 |              0 |              0 |              0 |              0 |              0 |              0 |              0 |              0 |              0 |              0 |              0 |              0 |              0 |              0 |              0 |              0 |              0 |              0 |              0 |              0 |              0 |              0 |              0 |              0 |              0 |              0 |              0 |              0 |              0 |              0 |              0 |              0 |              0 |              0 |              0 |              0 |              0 |              0 |              0 |              0 |              0 |              0 |              0 |              0 |              0 |              0 |              0 |      582109400 |              0 |              0 |              0 |              0 |              0 |              0 |              0 |              0 |              0 |              0 |              0 |              0 |              0 |              0 |              0 |
+----------------------+---------+----------------+----------------+----------------+----------------+----------------+----------------+----------------+----------------+----------------+----------------+----------------+----------------+----------------+----------------+----------------+----------------+----------------+----------------+----------------+----------------+----------------+----------------+----------------+----------------+----------------+----------------+----------------+----------------+----------------+----------------+----------------+----------------+----------------+----------------+----------------+----------------+----------------+----------------+----------------+----------------+----------------+----------------+----------------+----------------+----------------+----------------+----------------+----------------+----------------+----------------+----------------+----------------+----------------+----------------+----------------+----------------+----------------+----------------+----------------+----------------+----------------+----------------+----------------+----------------+----------------+----------------+----------------+----------------+----------------+----------------+----------------+----------------+----------------+----------------+----------------+----------------+----------------+----------------+----------------+----------------+----------------+----------------+----------------+----------------+----------------+----------------+----------------+----------------+----------------+----------------+----------------+----------------+----------------+----------------+----------------+----------------+----------------+----------------+----------------+----------------+----------------+----------------+----------------+----------------+----------------+----------------+----------------+----------------+----------------+----------------+----------------+----------------+

+---------------------------+---------+------------------+----------------+----------------+---------------+
|           Event           | Counter |        Sum       |       Min      |       Max      |      Avg      |
+---------------------------+---------+------------------+----------------+----------------+---------------+
|   ACTUAL_CPU_CLOCK STAT   |  FIXC1  | 1355428600000000 | 12096010000000 | 12127690000000 |      nil      |
|     MAX_CPU_CLOCK STAT    |  FIXC2  |  954881214000000 |  8521531000000 |  8529399000000 | 8525725125000 |
| RETIRED_INSTRUCTIONS STAT |   PMC0  |  972328711000000 |  7925901000000 |  9141185000000 |  8.681506e+12 |
|  CPU_CLOCKS_UNHALTED STAT |   PMC1  | 1348342440000000 | 11967930000000 | 12073660000000 |      nil      |
|      CAS_CMD_RD STAT      |  UMC0C0 |    1452592800000 |              0 |  1418763000000 |  1.296958e+10 |
|      CAS_CMD_WR STAT      |  UMC0C1 |       2666147900 |              0 |     2066276000 |  2.380489e+07 |
|      CAS_CMD_RD STAT      |  UMC1C0 |    1452600650000 |              0 |  1419204000000 |  1.296965e+10 |
|      CAS_CMD_WR STAT      |  UMC1C1 |       2663077100 |              0 |     2066598000 |  2.377747e+07 |
|      CAS_CMD_RD STAT      |  UMC2C0 |    1452696090000 |              0 |  1419063000000 |  1.297050e+10 |
|      CAS_CMD_WR STAT      |  UMC2C1 |       2677665900 |              0 |     2098820000 |  2.390773e+07 |
|      CAS_CMD_RD STAT      |  UMC3C0 |    1452336060000 |              0 |  1418920000000 |   12967286250 |
|      CAS_CMD_WR STAT      |  UMC3C1 |       2590111900 |              0 |     2004780000 |  2.312600e+07 |
|      CAS_CMD_RD STAT      |  UMC4C0 |    1451911430000 |              0 |  1418479000000 |  1.296349e+10 |
|      CAS_CMD_WR STAT      |  UMC4C1 |       2583759200 |              0 |     1998125000 |  2.306928e+07 |
|      CAS_CMD_RD STAT      |  UMC5C0 |    1451448790000 |              0 |  1418071000000 |  1.295936e+10 |
|      CAS_CMD_WR STAT      |  UMC5C1 |       2574577700 |              0 |     2009970000 |  2.298730e+07 |
|      CAS_CMD_RD STAT      |  UMC6C0 |    1453028480000 |              0 |  1419313000000 |  1.297347e+10 |
|      CAS_CMD_WR STAT      |  UMC6C1 |       2700755600 |              0 |     2104330000 |  2.411389e+07 |
|      CAS_CMD_RD STAT      |  UMC7C0 |    1452390210000 |              0 |  1418814000000 |  1.296777e+10 |
|      CAS_CMD_WR STAT      |  UMC7C1 |       2616667300 |              0 |     2043111000 |  2.336310e+07 |
|      CAS_CMD_RD STAT      |  UMC8C0 |    1452887750000 |              0 |  1419186000000 |  1.297221e+10 |
|      CAS_CMD_WR STAT      |  UMC8C1 |       2665027600 |              0 |     2058334000 |  2.379489e+07 |
|      CAS_CMD_RD STAT      |  UMC9C0 |    1452619330000 |              0 |  1418917000000 |  1.296982e+10 |
|      CAS_CMD_WR STAT      |  UMC9C1 |       2563324000 |              0 |     1987717000 |  2.288682e+07 |
|      CAS_CMD_RD STAT      | UMC10C0 |    1453030080000 |              0 |  1419555000000 |  1.297348e+10 |
|      CAS_CMD_WR STAT      | UMC10C1 |       2557590100 |              0 |     2000220000 |  2.283563e+07 |
|      CAS_CMD_RD STAT      | UMC11C0 |    1452405050000 |              0 |  1418799000000 |  1.296790e+10 |
|      CAS_CMD_WR STAT      | UMC11C1 |       2622774400 |              0 |     2040665000 |  2.341763e+07 |
+---------------------------+---------+------------------+----------------+----------------+---------------+

+-----------------------------------+--------------+------------+------------+------------+------------+------------+------------+------------+------------+------------+-------------+-------------+-------------+-------------+-------------+-------------+-------------+-------------+-------------+-------------+-------------+-------------+-------------+-------------+-------------+-------------+-------------+-------------+-------------+-------------+-------------+-------------+-------------+-------------+-------------+-------------+-------------+-------------+-------------+-------------+-------------+-------------+-------------+-------------+-------------+-------------+-------------+-------------+-------------+-------------+-------------+-------------+-------------+-------------+-------------+-------------+-------------+-------------+-------------+-------------+-------------+-------------+-------------+-------------+-------------+-------------+-------------+-------------+-------------+-------------+-------------+-------------+-------------+-------------+-------------+-------------+-------------+-------------+-------------+-------------+-------------+-------------+-------------+-------------+-------------+-------------+-------------+-------------+-------------+-------------+-------------+-------------+-------------+-------------+-------------+-------------+-------------+-------------+-------------+-------------+--------------+--------------+--------------+--------------+--------------+--------------+--------------+--------------+--------------+--------------+--------------+--------------+
|               Metric              |  HWThread 0  | HWThread 1 | HWThread 2 | HWThread 3 | HWThread 4 | HWThread 5 | HWThread 6 | HWThread 7 | HWThread 8 | HWThread 9 | HWThread 10 | HWThread 11 | HWThread 12 | HWThread 13 | HWThread 14 | HWThread 15 | HWThread 16 | HWThread 17 | HWThread 18 | HWThread 19 | HWThread 20 | HWThread 21 | HWThread 22 | HWThread 23 | HWThread 24 | HWThread 25 | HWThread 26 | HWThread 27 | HWThread 28 | HWThread 29 | HWThread 30 | HWThread 31 | HWThread 32 | HWThread 33 | HWThread 34 | HWThread 35 | HWThread 36 | HWThread 37 | HWThread 38 | HWThread 39 | HWThread 40 | HWThread 41 | HWThread 42 | HWThread 43 | HWThread 44 | HWThread 45 | HWThread 46 | HWThread 47 | HWThread 48 | HWThread 49 | HWThread 50 | HWThread 51 | HWThread 52 | HWThread 53 | HWThread 54 | HWThread 55 | HWThread 56 | HWThread 57 | HWThread 58 | HWThread 59 | HWThread 60 | HWThread 61 | HWThread 62 | HWThread 63 | HWThread 64 | HWThread 65 | HWThread 66 | HWThread 67 | HWThread 68 | HWThread 69 | HWThread 70 | HWThread 71 | HWThread 72 | HWThread 73 | HWThread 74 | HWThread 75 | HWThread 76 | HWThread 77 | HWThread 78 | HWThread 79 | HWThread 80 | HWThread 81 | HWThread 82 | HWThread 83 | HWThread 84 | HWThread 85 | HWThread 86 | HWThread 87 | HWThread 88 | HWThread 89 | HWThread 90 | HWThread 91 | HWThread 92 | HWThread 93 | HWThread 94 | HWThread 95 | HWThread 96 | HWThread 97 | HWThread 98 | HWThread 99 | HWThread 100 | HWThread 101 | HWThread 102 | HWThread 103 | HWThread 104 | HWThread 105 | HWThread 106 | HWThread 107 | HWThread 108 | HWThread 109 | HWThread 110 | HWThread 111 |
+-----------------------------------+--------------+------------+------------+------------+------------+------------+------------+------------+------------+------------+-------------+-------------+-------------+-------------+-------------+-------------+-------------+-------------+-------------+-------------+-------------+-------------+-------------+-------------+-------------+-------------+-------------+-------------+-------------+-------------+-------------+-------------+-------------+-------------+-------------+-------------+-------------+-------------+-------------+-------------+-------------+-------------+-------------+-------------+-------------+-------------+-------------+-------------+-------------+-------------+-------------+-------------+-------------+-------------+-------------+-------------+-------------+-------------+-------------+-------------+-------------+-------------+-------------+-------------+-------------+-------------+-------------+-------------+-------------+-------------+-------------+-------------+-------------+-------------+-------------+-------------+-------------+-------------+-------------+-------------+-------------+-------------+-------------+-------------+-------------+-------------+-------------+-------------+-------------+-------------+-------------+-------------+-------------+-------------+-------------+-------------+-------------+-------------+-------------+-------------+--------------+--------------+--------------+--------------+--------------+--------------+--------------+--------------+--------------+--------------+--------------+--------------+
|        Runtime (RDTSC) [s]        |    3311.9490 |  3298.4990 |  3309.5640 |  3297.9560 |  3299.8540 |  3283.5200 |  3308.9010 |  3300.0630 |  3291.5110 |  3303.5500 |   3304.5650 |   3288.7930 |   3303.5500 |   3283.7950 |   3293.8770 |   3294.4150 |   3289.8840 |   3291.2420 |   3292.7010 |   3305.1060 |   3294.6870 |   3293.6030 |   3290.6990 |   3306.5300 |   3289.6110 |   3285.9670 |   3291.7750 |   3302.6440 |   3284.6080 |   3309.9260 |   3281.8580 |   3285.4160 |   3287.7930 |   3306.0540 |   3306.0540 |   3282.2220 |   3295.3410 |   3288.5260 |   3282.9700 |   3304.0250 |   3284.3370 |   3299.0470 |   3293.0590 |   3287.7920 |   3304.2970 |   3288.0610 |   3286.9770 |   3289.0640 |   3300.5390 |   3286.2400 |   3284.0640 |   3300.8110 |   3289.8840 |   3290.4280 |   3285.1480 |   3285.9670 |   3307.3400 |   3296.9490 |   3290.9710 |   3303.2790 |   3287.5230 |   3297.2200 |   3297.4860 |   3298.7730 |   3294.1440 |   3284.8770 |   3307.0710 |   3301.2810 |   3286.7100 |   3292.0450 |   3301.0780 |   3297.2200 |   3296.5900 |   3308.6320 |   3289.3360 |   3285.6920 |   3307.6050 |   3282.4900 |   3282.4900 |   3293.3280 |   3300.5390 |   3303.0080 |   3305.3780 |   3299.3180 |   3299.5900 |   3305.3780 |   3308.2670 |   3305.1060 |   3306.8000 |   3287.2500 |   3281.0060 |   3298.2280 |   3301.7470 |   3304.8330 |   3283.2460 |   3299.3180 |   3310.5790 |   3302.0160 |   3301.7470 |   3310.5820 |    3307.8750 |    3309.1760 |    3310.1970 |    3310.5820 |    3295.7180 |    3292.3170 |    3310.1970 |    3281.2250 |    3295.7170 |    3294.9530 |    3281.2250 |    3295.7180 |
|        Runtime unhalted [s]       |    4654.9523 |  4653.0523 |  4653.3523 |  4653.2138 |  4653.0061 |  4653.0907 |  4653.1253 |  4653.1946 |  4652.5753 |  4652.7984 |   4652.9830 |   4653.1561 |   4652.8523 |   4653.1753 |   4652.4946 |   4652.9369 |   4652.9830 |   4653.3138 |   4652.6407 |   4653.3600 |   4652.8523 |   4653.3023 |   4653.2100 |   4653.3100 |   4653.1753 |   4653.2715 |   4653.1830 |   4652.7484 |   4653.0484 |   4653.2446 |   4653.1677 |   4652.8792 |   4652.8253 |   4653.7253 |   4652.3215 |   4652.7369 |   4653.1023 |   4653.0715 |   4653.3792 |   4652.8638 |   4652.8907 |   4653.7253 |   4653.6561 |   4653.3638 |   4653.3330 |   4652.8061 |   4652.7100 |   4653.4830 |   4652.8869 |   4652.9830 |   4652.6253 |   4653.0407 |   4653.2523 |   4652.9292 |   4653.3523 |   4653.3061 |   4653.0753 |   4653.4753 |   4653.0523 |   4653.6792 |   4653.2792 |   4652.7061 |   4653.2792 |   4652.4792 |   4653.2292 |   4652.8523 |   4653.4407 |   4653.0523 |   4653.1715 |   4653.4330 |   4653.0330 |   4653.1715 |   4653.3907 |   4653.2369 |   4652.9984 |   4653.0792 |   4652.9138 |   4653.6253 |   4652.7753 |   4653.3100 |   4653.2177 |   4653.0946 |   4653.0023 |   4652.7984 |   4653.0523 |   4652.9715 |   4653.0100 |   4653.0407 |   4653.5407 |   4652.9792 |   4653.1407 |   4653.3830 |   4653.7138 |   4653.7869 |   4653.4753 |   4653.3023 |   4664.5061 |   4663.7869 |   4663.9100 |   4663.7177 |    4663.6215 |    4663.8754 |    4664.2023 |    4663.7023 |    4663.3638 |    4664.2061 |    4664.1331 |    4662.8138 |    4662.7869 |    4663.5100 |    4662.9600 |    4663.4446 |
|            Clock [MHz]            |    3689.2802 |  3689.0169 |  3689.2180 |  3689.2337 |  3689.1928 |  3689.2257 |  3689.2259 |  3689.2275 |  3689.2510 |  3689.2462 |   3689.2346 |   3689.2507 |   3689.2222 |   3689.2794 |   3689.2216 |   3689.3023 |   3689.1879 |   3689.2416 |   3689.2064 |   3689.2950 |   3689.2447 |   3689.2458 |   3689.2441 |   3689.2134 |   3689.2469 |   3689.2954 |   3689.2937 |   3689.1533 |   3689.2358 |   3689.2010 |   3689.1482 |   3689.2622 |   3689.2009 |   3689.3952 |   3689.1489 |   3689.2134 |   3689.1894 |   3689.2792 |   3689.2489 |   3689.1838 |   3689.2506 |   3689.2304 |   3689.3196 |   3689.1986 |   3689.2599 |   3689.2917 |   3689.2184 |   3689.3178 |   3689.1960 |   3689.2325 |   3689.2266 |   3689.2462 |   3689.2819 |   3689.2330 |   3689.2124 |   3689.2130 |   3689.2749 |   3689.2269 |   3689.3008 |   3689.2595 |   3689.2358 |   3689.1959 |   3689.2280 |   3689.2116 |   3689.2493 |   3689.2478 |   3689.2574 |   3689.2623 |   3689.2503 |   3689.2517 |   3689.1808 |   3689.2720 |   3689.1918 |   3689.2931 |   3689.2408 |   3689.2213 |   3689.2576 |   3689.2753 |   3689.2651 |   3689.3368 |   3689.2696 |   3689.2188 |   3689.2429 |   3689.2583 |   3689.3081 |   3689.2237 |   3689.2261 |   3689.2016 |   3689.2761 |   3689.2160 |   3689.2580 |   3689.2078 |   3689.2320 |   3689.2891 |   3689.2636 |   3689.2510 |   3699.2045 |   3698.8398 |   3698.9608 |   3698.9363 |    3698.8766 |    3698.9295 |    3698.9132 |    3698.8677 |    3698.9174 |    3698.9158 |    3698.9260 |    3698.9229 |    3698.8938 |    3698.9205 |    3698.8661 |    3698.9007 |
|                CPI                |       1.4053 |     1.4058 |     1.4052 |     1.4136 |     1.4071 |     1.4166 |     1.4128 |     1.4187 |     1.3188 |     1.3263 |      1.3192 |      1.3261 |      1.3238 |      1.3340 |      1.3245 |      1.3332 |      1.3665 |      1.3706 |      1.3723 |      1.3765 |      1.3677 |      1.3817 |      1.3763 |      1.3846 |      1.3883 |      1.3933 |      1.3907 |      1.3984 |      1.3877 |      1.4011 |      1.3974 |      1.4019 |      1.3221 |      1.3242 |      1.3172 |      1.3301 |      1.3188 |      1.3327 |      1.3235 |      1.3259 |      1.3668 |      1.3702 |      1.3708 |      1.3806 |      1.3698 |      1.3829 |      1.3738 |      1.3740 |      1.3971 |      1.3982 |      1.3974 |      1.4034 |      1.3966 |      1.4079 |      1.4090 |      1.4076 |      1.3277 |      1.3271 |      1.3239 |      1.3308 |      1.3269 |      1.3388 |      1.3325 |      1.3356 |      1.3773 |      1.3750 |      1.3755 |      1.3785 |      1.3723 |      1.3844 |      1.3800 |      1.3826 |      1.3972 |      1.4015 |      1.3986 |      1.4013 |      1.3949 |      1.4103 |      1.4017 |      1.4122 |      1.3168 |      1.3205 |      1.3217 |      1.3233 |      1.3165 |      1.3248 |      1.3238 |      1.3272 |      1.3748 |      1.3738 |      1.3710 |      1.3838 |      1.3756 |      1.3864 |      1.3830 |      1.3852 |      1.5165 |      1.5170 |      1.5169 |      1.5216 |       1.5205 |       1.5216 |       1.5224 |       1.5229 |       1.5073 |       1.5097 |       1.5095 |       1.5139 |       1.5078 |       1.5144 |       1.5095 |       1.5092 |
|  Memory read bandwidth [MBytes/s] |  329030.8444 |          0 |          0 |          0 |          0 |          0 |          0 |          0 |          0 |          0 |           0 |           0 |           0 |           0 |           0 |           0 |           0 |           0 |           0 |           0 |           0 |           0 |           0 |           0 |           0 |           0 |           0 |           0 |           0 |           0 |           0 |           0 |           0 |           0 |           0 |           0 |           0 |           0 |           0 |           0 |           0 |           0 |           0 |           0 |           0 |           0 |           0 |           0 |           0 |           0 |           0 |           0 |           0 |           0 |           0 |           0 |           0 |           0 |           0 |           0 |           0 |           0 |           0 |           0 |           0 |           0 |           0 |           0 |           0 |           0 |           0 |           0 |           0 |           0 |           0 |           0 |           0 |           0 |           0 |           0 |           0 |           0 |           0 |           0 |           0 |           0 |           0 |           0 |           0 |           0 |           0 |           0 |           0 |           0 |           0 |           0 |   7788.1283 |           0 |           0 |           0 |            0 |            0 |            0 |            0 |            0 |            0 |            0 |            0 |            0 |            0 |            0 |            0 |
|  Memory read data volume [GBytes] | 1.089733e+06 |          0 |          0 |          0 |          0 |          0 |          0 |          0 |          0 |          0 |           0 |           0 |           0 |           0 |           0 |           0 |           0 |           0 |           0 |           0 |           0 |           0 |           0 |           0 |           0 |           0 |           0 |           0 |           0 |           0 |           0 |           0 |           0 |           0 |           0 |           0 |           0 |           0 |           0 |           0 |           0 |           0 |           0 |           0 |           0 |           0 |           0 |           0 |           0 |           0 |           0 |           0 |           0 |           0 |           0 |           0 |           0 |           0 |           0 |           0 |           0 |           0 |           0 |           0 |           0 |           0 |           0 |           0 |           0 |           0 |           0 |           0 |           0 |           0 |           0 |           0 |           0 |           0 |           0 |           0 |           0 |           0 |           0 |           0 |           0 |           0 |           0 |           0 |           0 |           0 |           0 |           0 |           0 |           0 |           0 |           0 |  25783.2141 |           0 |           0 |           0 |            0 |            0 |            0 |            0 |            0 |            0 |            0 |            0 |            0 |            0 |            0 |            0 |
| Memory write bandwidth [MBytes/s] |     473.0304 |          0 |          0 |          0 |          0 |          0 |          0 |          0 |          0 |          0 |           0 |           0 |           0 |           0 |           0 |           0 |           0 |           0 |           0 |           0 |           0 |           0 |           0 |           0 |           0 |           0 |           0 |           0 |           0 |           0 |           0 |           0 |           0 |           0 |           0 |           0 |           0 |           0 |           0 |           0 |           0 |           0 |           0 |           0 |           0 |           0 |           0 |           0 |           0 |           0 |           0 |           0 |           0 |           0 |           0 |           0 |           0 |           0 |           0 |           0 |           0 |           0 |           0 |           0 |           0 |           0 |           0 |           0 |           0 |           0 |           0 |           0 |           0 |           0 |           0 |           0 |           0 |           0 |           0 |           0 |           0 |           0 |           0 |           0 |           0 |           0 |           0 |           0 |           0 |           0 |           0 |           0 |           0 |           0 |           0 |           0 |    135.3727 |           0 |           0 |           0 |            0 |            0 |            0 |            0 |            0 |            0 |            0 |            0 |            0 |            0 |            0 |            0 |
| Memory write data volume [GBytes] |    1566.6525 |          0 |          0 |          0 |          0 |          0 |          0 |          0 |          0 |          0 |           0 |           0 |           0 |           0 |           0 |           0 |           0 |           0 |           0 |           0 |           0 |           0 |           0 |           0 |           0 |           0 |           0 |           0 |           0 |           0 |           0 |           0 |           0 |           0 |           0 |           0 |           0 |           0 |           0 |           0 |           0 |           0 |           0 |           0 |           0 |           0 |           0 |           0 |           0 |           0 |           0 |           0 |           0 |           0 |           0 |           0 |           0 |           0 |           0 |           0 |           0 |           0 |           0 |           0 |           0 |           0 |           0 |           0 |           0 |           0 |           0 |           0 |           0 |           0 |           0 |           0 |           0 |           0 |           0 |           0 |           0 |           0 |           0 |           0 |           0 |           0 |           0 |           0 |           0 |           0 |           0 |           0 |           0 |           0 |           0 |           0 |    448.1621 |           0 |           0 |           0 |            0 |            0 |            0 |            0 |            0 |            0 |            0 |            0 |            0 |            0 |            0 |            0 |
|    Memory bandwidth [MBytes/s]    |  329503.8748 |          0 |          0 |          0 |          0 |          0 |          0 |          0 |          0 |          0 |           0 |           0 |           0 |           0 |           0 |           0 |           0 |           0 |           0 |           0 |           0 |           0 |           0 |           0 |           0 |           0 |           0 |           0 |           0 |           0 |           0 |           0 |           0 |           0 |           0 |           0 |           0 |           0 |           0 |           0 |           0 |           0 |           0 |           0 |           0 |           0 |           0 |           0 |           0 |           0 |           0 |           0 |           0 |           0 |           0 |           0 |           0 |           0 |           0 |           0 |           0 |           0 |           0 |           0 |           0 |           0 |           0 |           0 |           0 |           0 |           0 |           0 |           0 |           0 |           0 |           0 |           0 |           0 |           0 |           0 |           0 |           0 |           0 |           0 |           0 |           0 |           0 |           0 |           0 |           0 |           0 |           0 |           0 |           0 |           0 |           0 |   7923.5010 |           0 |           0 |           0 |            0 |            0 |            0 |            0 |            0 |            0 |            0 |            0 |            0 |            0 |            0 |            0 |
|    Memory data volume [GBytes]    | 1.091300e+06 |          0 |          0 |          0 |          0 |          0 |          0 |          0 |          0 |          0 |           0 |           0 |           0 |           0 |           0 |           0 |           0 |           0 |           0 |           0 |           0 |           0 |           0 |           0 |           0 |           0 |           0 |           0 |           0 |           0 |           0 |           0 |           0 |           0 |           0 |           0 |           0 |           0 |           0 |           0 |           0 |           0 |           0 |           0 |           0 |           0 |           0 |           0 |           0 |           0 |           0 |           0 |           0 |           0 |           0 |           0 |           0 |           0 |           0 |           0 |           0 |           0 |           0 |           0 |           0 |           0 |           0 |           0 |           0 |           0 |           0 |           0 |           0 |           0 |           0 |           0 |           0 |           0 |           0 |           0 |           0 |           0 |           0 |           0 |           0 |           0 |           0 |           0 |           0 |           0 |           0 |           0 |           0 |           0 |           0 |           0 |  26231.3762 |           0 |           0 |           0 |            0 |            0 |            0 |            0 |            0 |            0 |            0 |            0 |            0 |            0 |            0 |            0 |
+-----------------------------------+--------------+------------+------------+------------+------------+------------+------------+------------+------------+------------+-------------+-------------+-------------+-------------+-------------+-------------+-------------+-------------+-------------+-------------+-------------+-------------+-------------+-------------+-------------+-------------+-------------+-------------+-------------+-------------+-------------+-------------+-------------+-------------+-------------+-------------+-------------+-------------+-------------+-------------+-------------+-------------+-------------+-------------+-------------+-------------+-------------+-------------+-------------+-------------+-------------+-------------+-------------+-------------+-------------+-------------+-------------+-------------+-------------+-------------+-------------+-------------+-------------+-------------+-------------+-------------+-------------+-------------+-------------+-------------+-------------+-------------+-------------+-------------+-------------+-------------+-------------+-------------+-------------+-------------+-------------+-------------+-------------+-------------+-------------+-------------+-------------+-------------+-------------+-------------+-------------+-------------+-------------+-------------+-------------+-------------+-------------+-------------+-------------+-------------+--------------+--------------+--------------+--------------+--------------+--------------+--------------+--------------+--------------+--------------+--------------+--------------+

+----------------------------------------+--------------+-----------+-------------+-----------+
|                 Metric                 |      Sum     |    Min    |     Max     |    Avg    |
+----------------------------------------+--------------+-----------+-------------+-----------+
|        Runtime (RDTSC) [s] STAT        |  369168.2850 | 3281.0060 |   3311.9490 | 3296.1454 |
|        Runtime unhalted [s] STAT       |  521319.8079 | 4652.3215 |   4664.5061 | 4654.6411 |
|            Clock [MHz] STAT            |  413349.8535 | 3689.0169 |   3699.2045 | 3690.6237 |
|                CPI STAT                |     155.5821 |    1.3165 |      1.5229 |    1.3891 |
|  Memory read bandwidth [MBytes/s] STAT |  336818.9727 |         0 | 329030.8444 | 3007.3123 |
|  Memory read data volume [GBytes] STAT | 1.115516e+06 |         0 |     1089733 | 9959.9662 |
| Memory write bandwidth [MBytes/s] STAT |     608.4031 |         0 |    473.0304 |    5.4322 |
| Memory write data volume [GBytes] STAT |    2014.8146 |         0 |   1566.6525 |   17.9894 |
|    Memory bandwidth [MBytes/s] STAT    |  337427.3758 |         0 | 329503.8748 | 3012.7444 |
|    Memory data volume [GBytes] STAT    | 1.117531e+06 |         0 |     1091300 | 9977.9587 |
+----------------------------------------+--------------+-----------+-------------+-----------+

