INFO: You are running LIKWID in a cpuset with 128 CPUs. Taking given IDs as logical ID in cpuset
--------------------------------------------------------------------------------
CPU name:	AMD EPYC 9A14 96-Core Processor                
CPU type:	AMD K19 (Zen4) architecture
CPU clock:	2.60 GHz
--------------------------------------------------------------------------------
Sys.CPU_THREADS       192
SLURM_CPUS_PER_TASK   128
OMP_NUM_THREADS       128
OMP_PROC_BIND         close
OMP_PLACES            cores
BLAS_NUM_THREADS      1
Threads.nthreads()    1

Successfully read data from: /public/home/halili/jld2file/6-31g/hcn-1.0-6-31g.jld2
  name: hcn
  ratio: 1.0
  basis: 6-31g
  nα: 7, nβ: 7, ne: 14, norb: 20, nq: 40

  ngs: 13755
  ncs: 72681

Warming up JIT and Hardware...
Warm-up completed.
  Step 001:  residual: 7.7049e-01,  e: -92.82763179936511
  Step 002:  residual: 3.7087e-01,  e: -93.01183870091366
  Step 003:  residual: 1.4548e-01,  e: -93.04687547020980
  Step 004:  residual: 5.7932e-02,  e: -93.05170251010347
  Step 005:  residual: 2.8328e-02,  e: -93.05243615719444
  Step 006:  residual: 1.3340e-02,  e: -93.05261925959113
  Step 007:  residual: 5.6500e-03,  e: -93.05265620776083
  Step 008:  residual: 2.2421e-03,  e: -93.05266215767642
  Step 009:  residual: 8.8227e-04,  e: -93.05266309075165
  Step 010:  residual: 3.8870e-04,  e: -93.05266324625440
  Step 011:  residual: 1.8353e-04,  e: -93.05266327684477
  Step 012:  residual: 8.8481e-05,  e: -93.05266328403722
  Step 013:  residual: 3.8778e-05,  e: -93.05266328559624
  Step 014:  residual: 1.6948e-05,  e: -93.05266328585444
  Step 015:  residual: 6.9143e-06,  e: -93.05266328590353

Convergence reached!
3217.943332 seconds (7.21 M allocations: 347.495 GiB, 0.02% gc time, 0.06% compilation time)
--------------------------------------------------------------------------------
Region hvec_direct_agg, Group 1: MEM
+-------------------+-------------+-------------+-------------+-------------+-------------+-------------+-------------+-------------+-------------+-------------+-------------+-------------+-------------+-------------+-------------+-------------+-------------+-------------+-------------+-------------+-------------+-------------+-------------+-------------+-------------+-------------+-------------+-------------+-------------+-------------+-------------+-------------+-------------+-------------+-------------+-------------+-------------+-------------+-------------+-------------+-------------+-------------+-------------+-------------+-------------+-------------+-------------+-------------+-------------+-------------+-------------+-------------+-------------+-------------+-------------+-------------+-------------+-------------+-------------+-------------+-------------+-------------+-------------+-------------+-------------+-------------+-------------+-------------+-------------+-------------+-------------+-------------+-------------+-------------+-------------+-------------+-------------+-------------+-------------+-------------+-------------+-------------+-------------+-------------+-------------+-------------+-------------+-------------+-------------+-------------+-------------+-------------+-------------+-------------+-------------+-------------+-------------+-------------+-------------+-------------+--------------+--------------+--------------+--------------+--------------+--------------+--------------+--------------+--------------+--------------+--------------+--------------+--------------+--------------+--------------+--------------+--------------+--------------+--------------+--------------+--------------+--------------+--------------+--------------+--------------+--------------+--------------+--------------+
|    Region Info    |  HWThread 0 |  HWThread 1 |  HWThread 2 |  HWThread 3 |  HWThread 4 |  HWThread 5 |  HWThread 6 |  HWThread 7 |  HWThread 8 |  HWThread 9 | HWThread 10 | HWThread 11 | HWThread 12 | HWThread 13 | HWThread 14 | HWThread 15 | HWThread 16 | HWThread 17 | HWThread 18 | HWThread 19 | HWThread 20 | HWThread 21 | HWThread 22 | HWThread 23 | HWThread 24 | HWThread 25 | HWThread 26 | HWThread 27 | HWThread 28 | HWThread 29 | HWThread 30 | HWThread 31 | HWThread 32 | HWThread 33 | HWThread 34 | HWThread 35 | HWThread 36 | HWThread 37 | HWThread 38 | HWThread 39 | HWThread 40 | HWThread 41 | HWThread 42 | HWThread 43 | HWThread 44 | HWThread 45 | HWThread 46 | HWThread 47 | HWThread 48 | HWThread 49 | HWThread 50 | HWThread 51 | HWThread 52 | HWThread 53 | HWThread 54 | HWThread 55 | HWThread 56 | HWThread 57 | HWThread 58 | HWThread 59 | HWThread 60 | HWThread 61 | HWThread 62 | HWThread 63 | HWThread 64 | HWThread 65 | HWThread 66 | HWThread 67 | HWThread 68 | HWThread 69 | HWThread 70 | HWThread 71 | HWThread 72 | HWThread 73 | HWThread 74 | HWThread 75 | HWThread 76 | HWThread 77 | HWThread 78 | HWThread 79 | HWThread 80 | HWThread 81 | HWThread 82 | HWThread 83 | HWThread 84 | HWThread 85 | HWThread 86 | HWThread 87 | HWThread 88 | HWThread 89 | HWThread 90 | HWThread 91 | HWThread 92 | HWThread 93 | HWThread 94 | HWThread 95 | HWThread 96 | HWThread 97 | HWThread 98 | HWThread 99 | HWThread 100 | HWThread 101 | HWThread 102 | HWThread 103 | HWThread 104 | HWThread 105 | HWThread 106 | HWThread 107 | HWThread 108 | HWThread 109 | HWThread 110 | HWThread 111 | HWThread 112 | HWThread 113 | HWThread 114 | HWThread 115 | HWThread 116 | HWThread 117 | HWThread 118 | HWThread 119 | HWThread 120 | HWThread 121 | HWThread 122 | HWThread 123 | HWThread 124 | HWThread 125 | HWThread 126 | HWThread 127 |
+-------------------+-------------+-------------+-------------+-------------+-------------+-------------+-------------+-------------+-------------+-------------+-------------+-------------+-------------+-------------+-------------+-------------+-------------+-------------+-------------+-------------+-------------+-------------+-------------+-------------+-------------+-------------+-------------+-------------+-------------+-------------+-------------+-------------+-------------+-------------+-------------+-------------+-------------+-------------+-------------+-------------+-------------+-------------+-------------+-------------+-------------+-------------+-------------+-------------+-------------+-------------+-------------+-------------+-------------+-------------+-------------+-------------+-------------+-------------+-------------+-------------+-------------+-------------+-------------+-------------+-------------+-------------+-------------+-------------+-------------+-------------+-------------+-------------+-------------+-------------+-------------+-------------+-------------+-------------+-------------+-------------+-------------+-------------+-------------+-------------+-------------+-------------+-------------+-------------+-------------+-------------+-------------+-------------+-------------+-------------+-------------+-------------+-------------+-------------+-------------+-------------+--------------+--------------+--------------+--------------+--------------+--------------+--------------+--------------+--------------+--------------+--------------+--------------+--------------+--------------+--------------+--------------+--------------+--------------+--------------+--------------+--------------+--------------+--------------+--------------+--------------+--------------+--------------+--------------+
| RDTSC Runtime [s] | 3148.481000 | 3119.598000 | 3114.654000 | 3131.595000 | 3109.400000 | 3106.983000 | 3123.667000 | 3114.654000 | 3111.571000 | 3111.571000 | 3110.333000 | 3137.382000 | 3116.920000 | 3127.749000 | 3137.382000 | 3128.892000 | 3132.695000 | 3137.072000 | 3139.511000 | 3136.451000 | 3139.510000 | 3108.473000 | 3111.260000 | 3117.615000 | 3140.909000 | 3127.443000 | 3107.369000 | 3134.057000 | 3109.091000 | 3116.198000 | 3126.192000 | 3117.926000 | 3145.553000 | 3130.051000 | 3108.782000 | 3113.501000 | 3134.682000 | 3130.970000 | 3109.709000 | 3108.084000 | 3125.130000 | 3111.874000 | 3128.058000 | 3125.131000 | 3124.903000 | 3127.129000 | 3129.738000 | 3121.038000 | 3141.220000 | 3110.021000 | 3128.365000 | 3128.057000 | 3119.910000 | 3118.906000 | 3115.578000 | 3140.522000 | 3130.358000 | 3144.857000 | 3138.325000 | 3142.857000 | 3143.257000 | 3119.292000 | 3110.641000 | 3115.890000 | 3145.250000 | 3124.368000 | 3143.872000 | 3130.666000 | 3110.953000 | 3124.367000 | 3124.368000 | 3112.802000 | 3115.267000 | 3113.189000 | 3126.821000 | 3131.282000 | 3134.993000 | 3147.898000 | 3120.638000 | 3125.880000 | 3135.306000 | 3132.311000 | 3133.670000 | 3134.371000 | 3128.893000 | 3129.205000 | 3121.770000 | 3136.143000 | 3117.305000 | 3126.508000 | 3135.611000 | 3136.759000 | 3135.611000 | 3146.704000 | 3106.324000 | 3124.053000 | 3122.166000 | 3133.005000 | 3140.117000 | 3131.906000 |  3116.512000 |  3106.573000 |  3139.106000 |  3133.004000 |  3107.679000 |  3141.933000 |  3112.397000 |  3137.921000 |  3114.235000 |  3141.529000 |  3141.932000 |  3147.499000 |  3147.091000 |  3141.529000 |  3138.707000 |  3142.856000 |  3123.251000 |  3117.925000 |  3146.284000 |  3118.236000 |  3143.871000 |  3122.168000 |  3120.221000 |  3145.866000 |  3121.351000 |  3144.174000 |  3122.572000 |  3113.814000 |
|     call count    |          15 |          15 |          15 |          15 |          15 |          15 |          15 |          15 |          15 |          15 |          15 |          15 |          15 |          15 |          15 |          15 |          15 |          15 |          15 |          15 |          15 |          15 |          15 |          15 |          15 |          15 |          15 |          15 |          15 |          15 |          15 |          15 |          15 |          15 |          15 |          15 |          15 |          15 |          15 |          15 |          15 |          15 |          15 |          15 |          15 |          15 |          15 |          15 |          15 |          15 |          15 |          15 |          15 |          15 |          15 |          15 |          15 |          15 |          15 |          15 |          15 |          15 |          15 |          15 |          15 |          15 |          15 |          15 |          15 |          15 |          15 |          15 |          15 |          15 |          15 |          15 |          15 |          15 |          15 |          15 |          15 |          15 |          15 |          15 |          15 |          15 |          15 |          15 |          15 |          15 |          15 |          15 |          15 |          15 |          15 |          15 |          15 |          15 |          15 |          15 |           15 |           15 |           15 |           15 |           15 |           15 |           15 |           15 |           15 |           15 |           15 |           15 |           15 |           15 |           15 |           15 |           15 |           15 |           15 |           15 |           15 |           15 |           15 |           15 |           15 |           15 |           15 |           15 |
+-------------------+-------------+-------------+-------------+-------------+-------------+-------------+-------------+-------------+-------------+-------------+-------------+-------------+-------------+-------------+-------------+-------------+-------------+-------------+-------------+-------------+-------------+-------------+-------------+-------------+-------------+-------------+-------------+-------------+-------------+-------------+-------------+-------------+-------------+-------------+-------------+-------------+-------------+-------------+-------------+-------------+-------------+-------------+-------------+-------------+-------------+-------------+-------------+-------------+-------------+-------------+-------------+-------------+-------------+-------------+-------------+-------------+-------------+-------------+-------------+-------------+-------------+-------------+-------------+-------------+-------------+-------------+-------------+-------------+-------------+-------------+-------------+-------------+-------------+-------------+-------------+-------------+-------------+-------------+-------------+-------------+-------------+-------------+-------------+-------------+-------------+-------------+-------------+-------------+-------------+-------------+-------------+-------------+-------------+-------------+-------------+-------------+-------------+-------------+-------------+-------------+--------------+--------------+--------------+--------------+--------------+--------------+--------------+--------------+--------------+--------------+--------------+--------------+--------------+--------------+--------------+--------------+--------------+--------------+--------------+--------------+--------------+--------------+--------------+--------------+--------------+--------------+--------------+--------------+

+----------------------+---------+----------------+----------------+----------------+----------------+----------------+----------------+----------------+----------------+----------------+----------------+----------------+----------------+----------------+----------------+----------------+----------------+----------------+----------------+----------------+----------------+----------------+----------------+----------------+----------------+----------------+----------------+----------------+----------------+----------------+----------------+----------------+----------------+----------------+----------------+----------------+----------------+----------------+----------------+----------------+----------------+----------------+----------------+----------------+----------------+----------------+----------------+----------------+----------------+----------------+----------------+----------------+----------------+----------------+----------------+----------------+----------------+----------------+----------------+----------------+----------------+----------------+----------------+----------------+----------------+----------------+----------------+----------------+----------------+----------------+----------------+----------------+----------------+----------------+----------------+----------------+----------------+----------------+----------------+----------------+----------------+----------------+----------------+----------------+----------------+----------------+----------------+----------------+----------------+----------------+----------------+----------------+----------------+----------------+----------------+----------------+----------------+----------------+----------------+----------------+----------------+----------------+----------------+----------------+----------------+----------------+----------------+----------------+----------------+----------------+----------------+----------------+----------------+----------------+----------------+----------------+----------------+----------------+----------------+----------------+----------------+----------------+----------------+----------------+----------------+----------------+----------------+----------------+----------------+
|         Event        | Counter |   HWThread 0   |   HWThread 1   |   HWThread 2   |   HWThread 3   |   HWThread 4   |   HWThread 5   |   HWThread 6   |   HWThread 7   |   HWThread 8   |   HWThread 9   |   HWThread 10  |   HWThread 11  |   HWThread 12  |   HWThread 13  |   HWThread 14  |   HWThread 15  |   HWThread 16  |   HWThread 17  |   HWThread 18  |   HWThread 19  |   HWThread 20  |   HWThread 21  |   HWThread 22  |   HWThread 23  |   HWThread 24  |   HWThread 25  |   HWThread 26  |   HWThread 27  |   HWThread 28  |   HWThread 29  |   HWThread 30  |   HWThread 31  |   HWThread 32  |   HWThread 33  |   HWThread 34  |   HWThread 35  |   HWThread 36  |   HWThread 37  |   HWThread 38  |   HWThread 39  |   HWThread 40  |   HWThread 41  |   HWThread 42  |   HWThread 43  |   HWThread 44  |   HWThread 45  |   HWThread 46  |   HWThread 47  |   HWThread 48  |   HWThread 49  |   HWThread 50  |   HWThread 51  |   HWThread 52  |   HWThread 53  |   HWThread 54  |   HWThread 55  |   HWThread 56  |   HWThread 57  |   HWThread 58  |   HWThread 59  |   HWThread 60  |   HWThread 61  |   HWThread 62  |   HWThread 63  |   HWThread 64  |   HWThread 65  |   HWThread 66  |   HWThread 67  |   HWThread 68  |   HWThread 69  |   HWThread 70  |   HWThread 71  |   HWThread 72  |   HWThread 73  |   HWThread 74  |   HWThread 75  |   HWThread 76  |   HWThread 77  |   HWThread 78  |   HWThread 79  |   HWThread 80  |   HWThread 81  |   HWThread 82  |   HWThread 83  |   HWThread 84  |   HWThread 85  |   HWThread 86  |   HWThread 87  |   HWThread 88  |   HWThread 89  |   HWThread 90  |   HWThread 91  |   HWThread 92  |   HWThread 93  |   HWThread 94  |   HWThread 95  |   HWThread 96  |   HWThread 97  |   HWThread 98  |   HWThread 99  |  HWThread 100  |  HWThread 101  |  HWThread 102  |  HWThread 103  |  HWThread 104  |  HWThread 105  |  HWThread 106  |  HWThread 107  |  HWThread 108  |  HWThread 109  |  HWThread 110  |  HWThread 111  |  HWThread 112  |  HWThread 113  |  HWThread 114  |  HWThread 115  |  HWThread 116  |  HWThread 117  |  HWThread 118  |  HWThread 119  |  HWThread 120  |  HWThread 121  |  HWThread 122  |  HWThread 123  |  HWThread 124  |  HWThread 125  |  HWThread 126  |  HWThread 127  |
+----------------------+---------+----------------+----------------+----------------+----------------+----------------+----------------+----------------+----------------+----------------+----------------+----------------+----------------+----------------+----------------+----------------+----------------+----------------+----------------+----------------+----------------+----------------+----------------+----------------+----------------+----------------+----------------+----------------+----------------+----------------+----------------+----------------+----------------+----------------+----------------+----------------+----------------+----------------+----------------+----------------+----------------+----------------+----------------+----------------+----------------+----------------+----------------+----------------+----------------+----------------+----------------+----------------+----------------+----------------+----------------+----------------+----------------+----------------+----------------+----------------+----------------+----------------+----------------+----------------+----------------+----------------+----------------+----------------+----------------+----------------+----------------+----------------+----------------+----------------+----------------+----------------+----------------+----------------+----------------+----------------+----------------+----------------+----------------+----------------+----------------+----------------+----------------+----------------+----------------+----------------+----------------+----------------+----------------+----------------+----------------+----------------+----------------+----------------+----------------+----------------+----------------+----------------+----------------+----------------+----------------+----------------+----------------+----------------+----------------+----------------+----------------+----------------+----------------+----------------+----------------+----------------+----------------+----------------+----------------+----------------+----------------+----------------+----------------+----------------+----------------+----------------+----------------+----------------+----------------+
|   ACTUAL_CPU_CLOCK   |  FIXC1  | 11454980000000 | 11449890000000 | 11449790000000 | 11450350000000 | 11451140000000 | 11450790000000 | 11449940000000 | 11450620000000 | 11450470000000 | 11450370000000 | 11451180000000 | 11449630000000 | 11450380000000 | 11449650000000 | 11450080000000 | 11450400000000 | 11450470000000 | 11450780000000 | 11450200000000 | 11450390000000 | 11448120000000 | 11450000000000 | 11450220000000 | 11449810000000 | 11450050000000 | 11449360000000 | 11449380000000 | 11450100000000 | 11449060000000 | 11450540000000 | 11449170000000 | 11450060000000 | 11450260000000 | 11450100000000 | 11449590000000 | 11448800000000 | 11451010000000 | 11448850000000 | 11448750000000 | 11450430000000 | 11450880000000 | 11450320000000 | 11450100000000 | 11450950000000 | 11451170000000 | 11451000000000 | 11450450000000 | 11449810000000 | 11451000000000 | 11449920000000 | 11450610000000 | 11448950000000 | 11450030000000 | 11450950000000 | 11450250000000 | 11450060000000 | 11451550000000 | 11449970000000 | 11451070000000 | 11451890000000 | 11449930000000 | 11450360000000 | 11450750000000 | 11450730000000 | 11450640000000 | 11450910000000 | 11450540000000 | 11449720000000 | 11450460000000 | 11450220000000 | 11450340000000 | 11451720000000 | 11449330000000 | 11450760000000 | 11449360000000 | 11449730000000 | 11450770000000 | 11450540000000 | 11450960000000 | 11451100000000 | 11450520000000 | 11449960000000 | 11449870000000 | 11450470000000 | 11450880000000 | 11449860000000 | 11450180000000 | 11449760000000 | 11449770000000 | 11449570000000 | 11449270000000 | 11449590000000 | 11449360000000 | 11449310000000 | 11449690000000 | 11449560000000 | 11479780000000 | 11478070000000 | 11479470000000 | 11480940000000 | 11480240000000 | 11479890000000 | 11478250000000 | 11480390000000 | 11479230000000 | 11477870000000 | 11478980000000 | 11477790000000 | 11477680000000 | 11478570000000 | 11478220000000 | 11477030000000 | 11479350000000 | 11479260000000 | 11480070000000 | 11478230000000 | 11478480000000 | 11478880000000 | 11478700000000 | 11478970000000 | 11478580000000 | 11477560000000 | 11476050000000 | 11477640000000 | 11477470000000 | 11479580000000 | 11476540000000 | 11478840000000 |
|     MAX_CPU_CLOCK    |  FIXC2  |  8073365000000 |  8070103000000 |  8069632000000 |  8070035000000 |  8070540000000 |  8070263000000 |  8069551000000 |  8070142000000 |  8070035000000 |  8069946000000 |  8070332000000 |  8069368000000 |  8069915000000 |  8069390000000 |  8069673000000 |  8070047000000 |  8069815000000 |  8070102000000 |  8069769000000 |  8070118000000 |  8068406000000 |  8069751000000 |  8069816000000 |  8069553000000 |  8069695000000 |  8069233000000 |  8069389000000 |  8069861000000 |  8069145000000 |  8070091000000 |  8069176000000 |  8069680000000 |  8069911000000 |  8069761000000 |  8069465000000 |  8068889000000 |  8070463000000 |  8068919000000 |  8068712000000 |  8069884000000 |  8070390000000 |  8069927000000 |  8069835000000 |  8070314000000 |  8070558000000 |  8070377000000 |  8069996000000 |  8069525000000 |  8070365000000 |  8069750000000 |  8069992000000 |  8069121000000 |  8069696000000 |  8070432000000 |  8069926000000 |  8069577000000 |  8070830000000 |  8069517000000 |  8070352000000 |  8071055000000 |  8069644000000 |  8070000000000 |  8070277000000 |  8070302000000 |  8069969000000 |  8070269000000 |  8069971000000 |  8069467000000 |  8069894000000 |  8069893000000 |  8069785000000 |  8070786000000 |  8069213000000 |  8070162000000 |  8069285000000 |  8069528000000 |  8070175000000 |  8069942000000 |  8070274000000 |  8070386000000 |  8070000000000 |  8069660000000 |  8069399000000 |  8070024000000 |  8070430000000 |  8069485000000 |  8069791000000 |  8069420000000 |  8069490000000 |  8069460000000 |  8069266000000 |  8069480000000 |  8069128000000 |  8069272000000 |  8069409000000 |  8069463000000 |  8068530000000 |  8067689000000 |  8068780000000 |  8069733000000 |  8069437000000 |  8069198000000 |  8067903000000 |  8069393000000 |  8068487000000 |  8067744000000 |  8068239000000 |  8067498000000 |  8067525000000 |  8068099000000 |  8067576000000 |  8066834000000 |  8068535000000 |  8068403000000 |  8069025000000 |  8067533000000 |  8067749000000 |  8068213000000 |  8068037000000 |  8068093000000 |  8067867000000 |  8067216000000 |  8066181000000 |  8067247000000 |  8067125000000 |  8068526000000 |  8066471000000 |  8068243000000 |
| RETIRED_INSTRUCTIONS |   PMC0  |  7684346000000 |  7676944000000 |  7694735000000 |  7654994000000 |  7668931000000 |  7654648000000 |  7651864000000 |  7656725000000 |  8412577000000 |  8383036000000 |  8403914000000 |  8351917000000 |  8432522000000 |  8332951000000 |  8358137000000 |  8364001000000 |  7799873000000 |  7798243000000 |  7876763000000 |  7765169000000 |  7801126000000 |  7780576000000 |  7776814000000 |  7755388000000 |  7719914000000 |  7712796000000 |  7726613000000 |  7713031000000 |  7749655000000 |  7673415000000 |  7677317000000 |  7664646000000 |  8357125000000 |  8390261000000 |  8373353000000 |  8334710000000 |  8342537000000 |  8302365000000 |  8351608000000 |  8323561000000 |  7816210000000 |  7810681000000 |  7848932000000 |  7823094000000 |  7809560000000 |  7806530000000 |  7788501000000 |  7802927000000 |  7727346000000 |  7663860000000 |  7749347000000 |  7682782000000 |  7700989000000 |  7673307000000 |  7654349000000 |  7688467000000 |  8343286000000 |  8365474000000 |  8389078000000 |  8338029000000 |  8352616000000 |  8340526000000 |  8352461000000 |  8318876000000 |  7804943000000 |  7826851000000 |  7828001000000 |  7778713000000 |  7826946000000 |  7778362000000 |  7791630000000 |  7785679000000 |  7632812000000 |  7641771000000 |  7652271000000 |  7627056000000 |  7639300000000 |  7606810000000 |  7601920000000 |  7618330000000 |  8397017000000 |  8396431000000 |  8416609000000 |  8374952000000 |  8384718000000 |  8366897000000 |  8372776000000 |  8366605000000 |  7826288000000 |  7833910000000 |  7886968000000 |  7794562000000 |  7849490000000 |  7807905000000 |  7828270000000 |  7779134000000 |  5724937000000 |  5728674000000 |  5760432000000 |  5702842000000 |  5741709000000 |  5731344000000 |  5704430000000 |  5709274000000 |  7339804000000 |  7346460000000 |  7309774000000 |  7314021000000 |  7331703000000 |  7327774000000 |  7283087000000 |  7307710000000 |  5801534000000 |  5802230000000 |  5813719000000 |  5816558000000 |  5809938000000 |  5821885000000 |  5818247000000 |  5811685000000 |  7323765000000 |  7326270000000 |  7286117000000 |  7283105000000 |  7307964000000 |  7258746000000 |  7292443000000 |  7271528000000 |
|  CPU_CLOCKS_UNHALTED |   PMC1  | 11379710000000 | 11381550000000 | 11381240000000 | 11380140000000 | 11383490000000 | 11381660000000 | 11382560000000 | 11381990000000 | 11379090000000 | 11380170000000 | 11382190000000 | 11377700000000 | 11378280000000 | 11378900000000 | 11376710000000 | 11378110000000 | 11379220000000 | 11379410000000 | 11382210000000 | 11383490000000 | 11377030000000 | 11380970000000 | 11380650000000 | 11379330000000 | 11379010000000 | 11379270000000 | 11379360000000 | 11379580000000 | 11377290000000 | 11381400000000 | 11378440000000 | 11378730000000 | 11378750000000 | 11376430000000 | 11377710000000 | 11378420000000 | 11379520000000 | 11379970000000 | 11378750000000 | 11378360000000 | 11380200000000 | 11382740000000 | 11380120000000 | 11381350000000 | 11381160000000 | 11381720000000 | 11380250000000 | 11379900000000 | 11380740000000 | 11381060000000 | 11382780000000 | 11378910000000 | 11381720000000 | 11381840000000 | 11380790000000 | 11380440000000 | 11380020000000 | 11379420000000 | 11380470000000 | 11382340000000 | 11376850000000 | 11380710000000 | 11379070000000 | 11378070000000 | 11381070000000 | 11378390000000 | 11379630000000 | 11378390000000 | 11381340000000 | 11378320000000 | 11380560000000 | 11382070000000 | 11377950000000 | 11379740000000 | 11379320000000 | 11377800000000 | 11380130000000 | 11382350000000 | 11380610000000 | 11380020000000 | 11379540000000 | 11380960000000 | 11379700000000 | 11378710000000 | 11381690000000 | 11379380000000 | 11380760000000 | 11378420000000 | 11378480000000 | 11377760000000 | 11379430000000 | 11378550000000 | 11376670000000 | 11379270000000 | 11377080000000 | 11377750000000 | 11427320000000 | 11422880000000 | 11427590000000 | 11429210000000 | 11429830000000 | 11428580000000 | 11427410000000 | 11427140000000 | 11422610000000 | 11422930000000 | 11425980000000 | 11421970000000 | 11423500000000 | 11423610000000 | 11422720000000 | 11421870000000 | 11425930000000 | 11427240000000 | 11427400000000 | 11426590000000 | 11425240000000 | 11426620000000 | 11428310000000 | 11424720000000 | 11425030000000 | 11423250000000 | 11420590000000 | 11423890000000 | 11423030000000 | 11427000000000 | 11424160000000 | 11426930000000 |
|      CAS_CMD_RD      |  UMC0C0 |  1305209000000 |              0 |              0 |              0 |              0 |              0 |              0 |              0 |              0 |              0 |              0 |              0 |              0 |              0 |              0 |              0 |              0 |              0 |              0 |              0 |              0 |              0 |              0 |              0 |              0 |              0 |              0 |              0 |              0 |              0 |              0 |              0 |              0 |              0 |              0 |              0 |              0 |              0 |              0 |              0 |              0 |              0 |              0 |              0 |              0 |              0 |              0 |              0 |              0 |              0 |              0 |              0 |              0 |              0 |              0 |              0 |              0 |              0 |              0 |              0 |              0 |              0 |              0 |              0 |              0 |              0 |              0 |              0 |              0 |              0 |              0 |              0 |              0 |              0 |              0 |              0 |              0 |              0 |              0 |              0 |              0 |              0 |              0 |              0 |              0 |              0 |              0 |              0 |              0 |              0 |              0 |              0 |              0 |              0 |              0 |              0 |   153532500000 |              0 |              0 |              0 |              0 |              0 |              0 |              0 |              0 |              0 |              0 |              0 |              0 |              0 |              0 |              0 |              0 |              0 |              0 |              0 |              0 |              0 |              0 |              0 |              0 |              0 |              0 |              0 |              0 |              0 |              0 |              0 |
|      CAS_CMD_WR      |  UMC0C1 |     2005513000 |              0 |              0 |              0 |              0 |              0 |              0 |              0 |              0 |              0 |              0 |              0 |              0 |              0 |              0 |              0 |              0 |              0 |              0 |              0 |              0 |              0 |              0 |              0 |              0 |              0 |              0 |              0 |              0 |              0 |              0 |              0 |              0 |              0 |              0 |              0 |              0 |              0 |              0 |              0 |              0 |              0 |              0 |              0 |              0 |              0 |              0 |              0 |              0 |              0 |              0 |              0 |              0 |              0 |              0 |              0 |              0 |              0 |              0 |              0 |              0 |              0 |              0 |              0 |              0 |              0 |              0 |              0 |              0 |              0 |              0 |              0 |              0 |              0 |              0 |              0 |              0 |              0 |              0 |              0 |              0 |              0 |              0 |              0 |              0 |              0 |              0 |              0 |              0 |              0 |              0 |              0 |              0 |              0 |              0 |              0 |      804493500 |              0 |              0 |              0 |              0 |              0 |              0 |              0 |              0 |              0 |              0 |              0 |              0 |              0 |              0 |              0 |              0 |              0 |              0 |              0 |              0 |              0 |              0 |              0 |              0 |              0 |              0 |              0 |              0 |              0 |              0 |              0 |
|      CAS_CMD_RD      |  UMC1C0 |  1303565000000 |              0 |              0 |              0 |              0 |              0 |              0 |              0 |              0 |              0 |              0 |              0 |              0 |              0 |              0 |              0 |              0 |              0 |              0 |              0 |              0 |              0 |              0 |              0 |              0 |              0 |              0 |              0 |              0 |              0 |              0 |              0 |              0 |              0 |              0 |              0 |              0 |              0 |              0 |              0 |              0 |              0 |              0 |              0 |              0 |              0 |              0 |              0 |              0 |              0 |              0 |              0 |              0 |              0 |              0 |              0 |              0 |              0 |              0 |              0 |              0 |              0 |              0 |              0 |              0 |              0 |              0 |              0 |              0 |              0 |              0 |              0 |              0 |              0 |              0 |              0 |              0 |              0 |              0 |              0 |              0 |              0 |              0 |              0 |              0 |              0 |              0 |              0 |              0 |              0 |              0 |              0 |              0 |              0 |              0 |              0 |   153588800000 |              0 |              0 |              0 |              0 |              0 |              0 |              0 |              0 |              0 |              0 |              0 |              0 |              0 |              0 |              0 |              0 |              0 |              0 |              0 |              0 |              0 |              0 |              0 |              0 |              0 |              0 |              0 |              0 |              0 |              0 |              0 |
|      CAS_CMD_WR      |  UMC1C1 |     1999183000 |              0 |              0 |              0 |              0 |              0 |              0 |              0 |              0 |              0 |              0 |              0 |              0 |              0 |              0 |              0 |              0 |              0 |              0 |              0 |              0 |              0 |              0 |              0 |              0 |              0 |              0 |              0 |              0 |              0 |              0 |              0 |              0 |              0 |              0 |              0 |              0 |              0 |              0 |              0 |              0 |              0 |              0 |              0 |              0 |              0 |              0 |              0 |              0 |              0 |              0 |              0 |              0 |              0 |              0 |              0 |              0 |              0 |              0 |              0 |              0 |              0 |              0 |              0 |              0 |              0 |              0 |              0 |              0 |              0 |              0 |              0 |              0 |              0 |              0 |              0 |              0 |              0 |              0 |              0 |              0 |              0 |              0 |              0 |              0 |              0 |              0 |              0 |              0 |              0 |              0 |              0 |              0 |              0 |              0 |              0 |      807490000 |              0 |              0 |              0 |              0 |              0 |              0 |              0 |              0 |              0 |              0 |              0 |              0 |              0 |              0 |              0 |              0 |              0 |              0 |              0 |              0 |              0 |              0 |              0 |              0 |              0 |              0 |              0 |              0 |              0 |              0 |              0 |
|      CAS_CMD_RD      |  UMC2C0 |  1304284000000 |              0 |              0 |              0 |              0 |              0 |              0 |              0 |              0 |              0 |              0 |              0 |              0 |              0 |              0 |              0 |              0 |              0 |              0 |              0 |              0 |              0 |              0 |              0 |              0 |              0 |              0 |              0 |              0 |              0 |              0 |              0 |              0 |              0 |              0 |              0 |              0 |              0 |              0 |              0 |              0 |              0 |              0 |              0 |              0 |              0 |              0 |              0 |              0 |              0 |              0 |              0 |              0 |              0 |              0 |              0 |              0 |              0 |              0 |              0 |              0 |              0 |              0 |              0 |              0 |              0 |              0 |              0 |              0 |              0 |              0 |              0 |              0 |              0 |              0 |              0 |              0 |              0 |              0 |              0 |              0 |              0 |              0 |              0 |              0 |              0 |              0 |              0 |              0 |              0 |              0 |              0 |              0 |              0 |              0 |              0 |   153559500000 |              0 |              0 |              0 |              0 |              0 |              0 |              0 |              0 |              0 |              0 |              0 |              0 |              0 |              0 |              0 |              0 |              0 |              0 |              0 |              0 |              0 |              0 |              0 |              0 |              0 |              0 |              0 |              0 |              0 |              0 |              0 |
|      CAS_CMD_WR      |  UMC2C1 |     2020637000 |              0 |              0 |              0 |              0 |              0 |              0 |              0 |              0 |              0 |              0 |              0 |              0 |              0 |              0 |              0 |              0 |              0 |              0 |              0 |              0 |              0 |              0 |              0 |              0 |              0 |              0 |              0 |              0 |              0 |              0 |              0 |              0 |              0 |              0 |              0 |              0 |              0 |              0 |              0 |              0 |              0 |              0 |              0 |              0 |              0 |              0 |              0 |              0 |              0 |              0 |              0 |              0 |              0 |              0 |              0 |              0 |              0 |              0 |              0 |              0 |              0 |              0 |              0 |              0 |              0 |              0 |              0 |              0 |              0 |              0 |              0 |              0 |              0 |              0 |              0 |              0 |              0 |              0 |              0 |              0 |              0 |              0 |              0 |              0 |              0 |              0 |              0 |              0 |              0 |              0 |              0 |              0 |              0 |              0 |              0 |      817947200 |              0 |              0 |              0 |              0 |              0 |              0 |              0 |              0 |              0 |              0 |              0 |              0 |              0 |              0 |              0 |              0 |              0 |              0 |              0 |              0 |              0 |              0 |              0 |              0 |              0 |              0 |              0 |              0 |              0 |              0 |              0 |
|      CAS_CMD_RD      |  UMC3C0 |  1305607000000 |              0 |              0 |              0 |              0 |              0 |              0 |              0 |              0 |              0 |              0 |              0 |              0 |              0 |              0 |              0 |              0 |              0 |              0 |              0 |              0 |              0 |              0 |              0 |              0 |              0 |              0 |              0 |              0 |              0 |              0 |              0 |              0 |              0 |              0 |              0 |              0 |              0 |              0 |              0 |              0 |              0 |              0 |              0 |              0 |              0 |              0 |              0 |              0 |              0 |              0 |              0 |              0 |              0 |              0 |              0 |              0 |              0 |              0 |              0 |              0 |              0 |              0 |              0 |              0 |              0 |              0 |              0 |              0 |              0 |              0 |              0 |              0 |              0 |              0 |              0 |              0 |              0 |              0 |              0 |              0 |              0 |              0 |              0 |              0 |              0 |              0 |              0 |              0 |              0 |              0 |              0 |              0 |              0 |              0 |              0 |   152910300000 |              0 |              0 |              0 |              0 |              0 |              0 |              0 |              0 |              0 |              0 |              0 |              0 |              0 |              0 |              0 |              0 |              0 |              0 |              0 |              0 |              0 |              0 |              0 |              0 |              0 |              0 |              0 |              0 |              0 |              0 |              0 |
|      CAS_CMD_WR      |  UMC3C1 |     1917329000 |              0 |              0 |              0 |              0 |              0 |              0 |              0 |              0 |              0 |              0 |              0 |              0 |              0 |              0 |              0 |              0 |              0 |              0 |              0 |              0 |              0 |              0 |              0 |              0 |              0 |              0 |              0 |              0 |              0 |              0 |              0 |              0 |              0 |              0 |              0 |              0 |              0 |              0 |              0 |              0 |              0 |              0 |              0 |              0 |              0 |              0 |              0 |              0 |              0 |              0 |              0 |              0 |              0 |              0 |              0 |              0 |              0 |              0 |              0 |              0 |              0 |              0 |              0 |              0 |              0 |              0 |              0 |              0 |              0 |              0 |              0 |              0 |              0 |              0 |              0 |              0 |              0 |              0 |              0 |              0 |              0 |              0 |              0 |              0 |              0 |              0 |              0 |              0 |              0 |              0 |              0 |              0 |              0 |              0 |              0 |      804078400 |              0 |              0 |              0 |              0 |              0 |              0 |              0 |              0 |              0 |              0 |              0 |              0 |              0 |              0 |              0 |              0 |              0 |              0 |              0 |              0 |              0 |              0 |              0 |              0 |              0 |              0 |              0 |              0 |              0 |              0 |              0 |
|      CAS_CMD_RD      |  UMC4C0 |  1303414000000 |              0 |              0 |              0 |              0 |              0 |              0 |              0 |              0 |              0 |              0 |              0 |              0 |              0 |              0 |              0 |              0 |              0 |              0 |              0 |              0 |              0 |              0 |              0 |              0 |              0 |              0 |              0 |              0 |              0 |              0 |              0 |              0 |              0 |              0 |              0 |              0 |              0 |              0 |              0 |              0 |              0 |              0 |              0 |              0 |              0 |              0 |              0 |              0 |              0 |              0 |              0 |              0 |              0 |              0 |              0 |              0 |              0 |              0 |              0 |              0 |              0 |              0 |              0 |              0 |              0 |              0 |              0 |              0 |              0 |              0 |              0 |              0 |              0 |              0 |              0 |              0 |              0 |              0 |              0 |              0 |              0 |              0 |              0 |              0 |              0 |              0 |              0 |              0 |              0 |              0 |              0 |              0 |              0 |              0 |              0 |   152836300000 |              0 |              0 |              0 |              0 |              0 |              0 |              0 |              0 |              0 |              0 |              0 |              0 |              0 |              0 |              0 |              0 |              0 |              0 |              0 |              0 |              0 |              0 |              0 |              0 |              0 |              0 |              0 |              0 |              0 |              0 |              0 |
|      CAS_CMD_WR      |  UMC4C1 |     1951452000 |              0 |              0 |              0 |              0 |              0 |              0 |              0 |              0 |              0 |              0 |              0 |              0 |              0 |              0 |              0 |              0 |              0 |              0 |              0 |              0 |              0 |              0 |              0 |              0 |              0 |              0 |              0 |              0 |              0 |              0 |              0 |              0 |              0 |              0 |              0 |              0 |              0 |              0 |              0 |              0 |              0 |              0 |              0 |              0 |              0 |              0 |              0 |              0 |              0 |              0 |              0 |              0 |              0 |              0 |              0 |              0 |              0 |              0 |              0 |              0 |              0 |              0 |              0 |              0 |              0 |              0 |              0 |              0 |              0 |              0 |              0 |              0 |              0 |              0 |              0 |              0 |              0 |              0 |              0 |              0 |              0 |              0 |              0 |              0 |              0 |              0 |              0 |              0 |              0 |              0 |              0 |              0 |              0 |              0 |              0 |      798779100 |              0 |              0 |              0 |              0 |              0 |              0 |              0 |              0 |              0 |              0 |              0 |              0 |              0 |              0 |              0 |              0 |              0 |              0 |              0 |              0 |              0 |              0 |              0 |              0 |              0 |              0 |              0 |              0 |              0 |              0 |              0 |
|      CAS_CMD_RD      |  UMC5C0 |  1304284000000 |              0 |              0 |              0 |              0 |              0 |              0 |              0 |              0 |              0 |              0 |              0 |              0 |              0 |              0 |              0 |              0 |              0 |              0 |              0 |              0 |              0 |              0 |              0 |              0 |              0 |              0 |              0 |              0 |              0 |              0 |              0 |              0 |              0 |              0 |              0 |              0 |              0 |              0 |              0 |              0 |              0 |              0 |              0 |              0 |              0 |              0 |              0 |              0 |              0 |              0 |              0 |              0 |              0 |              0 |              0 |              0 |              0 |              0 |              0 |              0 |              0 |              0 |              0 |              0 |              0 |              0 |              0 |              0 |              0 |              0 |              0 |              0 |              0 |              0 |              0 |              0 |              0 |              0 |              0 |              0 |              0 |              0 |              0 |              0 |              0 |              0 |              0 |              0 |              0 |              0 |              0 |              0 |              0 |              0 |              0 |   153203000000 |              0 |              0 |              0 |              0 |              0 |              0 |              0 |              0 |              0 |              0 |              0 |              0 |              0 |              0 |              0 |              0 |              0 |              0 |              0 |              0 |              0 |              0 |              0 |              0 |              0 |              0 |              0 |              0 |              0 |              0 |              0 |
|      CAS_CMD_WR      |  UMC5C1 |     1942940000 |              0 |              0 |              0 |              0 |              0 |              0 |              0 |              0 |              0 |              0 |              0 |              0 |              0 |              0 |              0 |              0 |              0 |              0 |              0 |              0 |              0 |              0 |              0 |              0 |              0 |              0 |              0 |              0 |              0 |              0 |              0 |              0 |              0 |              0 |              0 |              0 |              0 |              0 |              0 |              0 |              0 |              0 |              0 |              0 |              0 |              0 |              0 |              0 |              0 |              0 |              0 |              0 |              0 |              0 |              0 |              0 |              0 |              0 |              0 |              0 |              0 |              0 |              0 |              0 |              0 |              0 |              0 |              0 |              0 |              0 |              0 |              0 |              0 |              0 |              0 |              0 |              0 |              0 |              0 |              0 |              0 |              0 |              0 |              0 |              0 |              0 |              0 |              0 |              0 |              0 |              0 |              0 |              0 |              0 |              0 |      808043200 |              0 |              0 |              0 |              0 |              0 |              0 |              0 |              0 |              0 |              0 |              0 |              0 |              0 |              0 |              0 |              0 |              0 |              0 |              0 |              0 |              0 |              0 |              0 |              0 |              0 |              0 |              0 |              0 |              0 |              0 |              0 |
|      CAS_CMD_RD      |  UMC6C0 |  1304938000000 |              0 |              0 |              0 |              0 |              0 |              0 |              0 |              0 |              0 |              0 |              0 |              0 |              0 |              0 |              0 |              0 |              0 |              0 |              0 |              0 |              0 |              0 |              0 |              0 |              0 |              0 |              0 |              0 |              0 |              0 |              0 |              0 |              0 |              0 |              0 |              0 |              0 |              0 |              0 |              0 |              0 |              0 |              0 |              0 |              0 |              0 |              0 |              0 |              0 |              0 |              0 |              0 |              0 |              0 |              0 |              0 |              0 |              0 |              0 |              0 |              0 |              0 |              0 |              0 |              0 |              0 |              0 |              0 |              0 |              0 |              0 |              0 |              0 |              0 |              0 |              0 |              0 |              0 |              0 |              0 |              0 |              0 |              0 |              0 |              0 |              0 |              0 |              0 |              0 |              0 |              0 |              0 |              0 |              0 |              0 |   154043400000 |              0 |              0 |              0 |              0 |              0 |              0 |              0 |              0 |              0 |              0 |              0 |              0 |              0 |              0 |              0 |              0 |              0 |              0 |              0 |              0 |              0 |              0 |              0 |              0 |              0 |              0 |              0 |              0 |              0 |              0 |              0 |
|      CAS_CMD_WR      |  UMC6C1 |     1996251000 |              0 |              0 |              0 |              0 |              0 |              0 |              0 |              0 |              0 |              0 |              0 |              0 |              0 |              0 |              0 |              0 |              0 |              0 |              0 |              0 |              0 |              0 |              0 |              0 |              0 |              0 |              0 |              0 |              0 |              0 |              0 |              0 |              0 |              0 |              0 |              0 |              0 |              0 |              0 |              0 |              0 |              0 |              0 |              0 |              0 |              0 |              0 |              0 |              0 |              0 |              0 |              0 |              0 |              0 |              0 |              0 |              0 |              0 |              0 |              0 |              0 |              0 |              0 |              0 |              0 |              0 |              0 |              0 |              0 |              0 |              0 |              0 |              0 |              0 |              0 |              0 |              0 |              0 |              0 |              0 |              0 |              0 |              0 |              0 |              0 |              0 |              0 |              0 |              0 |              0 |              0 |              0 |              0 |              0 |              0 |      804602100 |              0 |              0 |              0 |              0 |              0 |              0 |              0 |              0 |              0 |              0 |              0 |              0 |              0 |              0 |              0 |              0 |              0 |              0 |              0 |              0 |              0 |              0 |              0 |              0 |              0 |              0 |              0 |              0 |              0 |              0 |              0 |
|      CAS_CMD_RD      |  UMC7C0 |  1303877000000 |              0 |              0 |              0 |              0 |              0 |              0 |              0 |              0 |              0 |              0 |              0 |              0 |              0 |              0 |              0 |              0 |              0 |              0 |              0 |              0 |              0 |              0 |              0 |              0 |              0 |              0 |              0 |              0 |              0 |              0 |              0 |              0 |              0 |              0 |              0 |              0 |              0 |              0 |              0 |              0 |              0 |              0 |              0 |              0 |              0 |              0 |              0 |              0 |              0 |              0 |              0 |              0 |              0 |              0 |              0 |              0 |              0 |              0 |              0 |              0 |              0 |              0 |              0 |              0 |              0 |              0 |              0 |              0 |              0 |              0 |              0 |              0 |              0 |              0 |              0 |              0 |              0 |              0 |              0 |              0 |              0 |              0 |              0 |              0 |              0 |              0 |              0 |              0 |              0 |              0 |              0 |              0 |              0 |              0 |              0 |   153982800000 |              0 |              0 |              0 |              0 |              0 |              0 |              0 |              0 |              0 |              0 |              0 |              0 |              0 |              0 |              0 |              0 |              0 |              0 |              0 |              0 |              0 |              0 |              0 |              0 |              0 |              0 |              0 |              0 |              0 |              0 |              0 |
|      CAS_CMD_WR      |  UMC7C1 |     2061799000 |              0 |              0 |              0 |              0 |              0 |              0 |              0 |              0 |              0 |              0 |              0 |              0 |              0 |              0 |              0 |              0 |              0 |              0 |              0 |              0 |              0 |              0 |              0 |              0 |              0 |              0 |              0 |              0 |              0 |              0 |              0 |              0 |              0 |              0 |              0 |              0 |              0 |              0 |              0 |              0 |              0 |              0 |              0 |              0 |              0 |              0 |              0 |              0 |              0 |              0 |              0 |              0 |              0 |              0 |              0 |              0 |              0 |              0 |              0 |              0 |              0 |              0 |              0 |              0 |              0 |              0 |              0 |              0 |              0 |              0 |              0 |              0 |              0 |              0 |              0 |              0 |              0 |              0 |              0 |              0 |              0 |              0 |              0 |              0 |              0 |              0 |              0 |              0 |              0 |              0 |              0 |              0 |              0 |              0 |              0 |      806728300 |              0 |              0 |              0 |              0 |              0 |              0 |              0 |              0 |              0 |              0 |              0 |              0 |              0 |              0 |              0 |              0 |              0 |              0 |              0 |              0 |              0 |              0 |              0 |              0 |              0 |              0 |              0 |              0 |              0 |              0 |              0 |
|      CAS_CMD_RD      |  UMC8C0 |  1302891000000 |              0 |              0 |              0 |              0 |              0 |              0 |              0 |              0 |              0 |              0 |              0 |              0 |              0 |              0 |              0 |              0 |              0 |              0 |              0 |              0 |              0 |              0 |              0 |              0 |              0 |              0 |              0 |              0 |              0 |              0 |              0 |              0 |              0 |              0 |              0 |              0 |              0 |              0 |              0 |              0 |              0 |              0 |              0 |              0 |              0 |              0 |              0 |              0 |              0 |              0 |              0 |              0 |              0 |              0 |              0 |              0 |              0 |              0 |              0 |              0 |              0 |              0 |              0 |              0 |              0 |              0 |              0 |              0 |              0 |              0 |              0 |              0 |              0 |              0 |              0 |              0 |              0 |              0 |              0 |              0 |              0 |              0 |              0 |              0 |              0 |              0 |              0 |              0 |              0 |              0 |              0 |              0 |              0 |              0 |              0 |   153714300000 |              0 |              0 |              0 |              0 |              0 |              0 |              0 |              0 |              0 |              0 |              0 |              0 |              0 |              0 |              0 |              0 |              0 |              0 |              0 |              0 |              0 |              0 |              0 |              0 |              0 |              0 |              0 |              0 |              0 |              0 |              0 |
|      CAS_CMD_WR      |  UMC8C1 |     1979694000 |              0 |              0 |              0 |              0 |              0 |              0 |              0 |              0 |              0 |              0 |              0 |              0 |              0 |              0 |              0 |              0 |              0 |              0 |              0 |              0 |              0 |              0 |              0 |              0 |              0 |              0 |              0 |              0 |              0 |              0 |              0 |              0 |              0 |              0 |              0 |              0 |              0 |              0 |              0 |              0 |              0 |              0 |              0 |              0 |              0 |              0 |              0 |              0 |              0 |              0 |              0 |              0 |              0 |              0 |              0 |              0 |              0 |              0 |              0 |              0 |              0 |              0 |              0 |              0 |              0 |              0 |              0 |              0 |              0 |              0 |              0 |              0 |              0 |              0 |              0 |              0 |              0 |              0 |              0 |              0 |              0 |              0 |              0 |              0 |              0 |              0 |              0 |              0 |              0 |              0 |              0 |              0 |              0 |              0 |              0 |      813789700 |              0 |              0 |              0 |              0 |              0 |              0 |              0 |              0 |              0 |              0 |              0 |              0 |              0 |              0 |              0 |              0 |              0 |              0 |              0 |              0 |              0 |              0 |              0 |              0 |              0 |              0 |              0 |              0 |              0 |              0 |              0 |
|      CAS_CMD_RD      |  UMC9C0 |  1304872000000 |              0 |              0 |              0 |              0 |              0 |              0 |              0 |              0 |              0 |              0 |              0 |              0 |              0 |              0 |              0 |              0 |              0 |              0 |              0 |              0 |              0 |              0 |              0 |              0 |              0 |              0 |              0 |              0 |              0 |              0 |              0 |              0 |              0 |              0 |              0 |              0 |              0 |              0 |              0 |              0 |              0 |              0 |              0 |              0 |              0 |              0 |              0 |              0 |              0 |              0 |              0 |              0 |              0 |              0 |              0 |              0 |              0 |              0 |              0 |              0 |              0 |              0 |              0 |              0 |              0 |              0 |              0 |              0 |              0 |              0 |              0 |              0 |              0 |              0 |              0 |              0 |              0 |              0 |              0 |              0 |              0 |              0 |              0 |              0 |              0 |              0 |              0 |              0 |              0 |              0 |              0 |              0 |              0 |              0 |              0 |   153321100000 |              0 |              0 |              0 |              0 |              0 |              0 |              0 |              0 |              0 |              0 |              0 |              0 |              0 |              0 |              0 |              0 |              0 |              0 |              0 |              0 |              0 |              0 |              0 |              0 |              0 |              0 |              0 |              0 |              0 |              0 |              0 |
|      CAS_CMD_WR      |  UMC9C1 |     1901871000 |              0 |              0 |              0 |              0 |              0 |              0 |              0 |              0 |              0 |              0 |              0 |              0 |              0 |              0 |              0 |              0 |              0 |              0 |              0 |              0 |              0 |              0 |              0 |              0 |              0 |              0 |              0 |              0 |              0 |              0 |              0 |              0 |              0 |              0 |              0 |              0 |              0 |              0 |              0 |              0 |              0 |              0 |              0 |              0 |              0 |              0 |              0 |              0 |              0 |              0 |              0 |              0 |              0 |              0 |              0 |              0 |              0 |              0 |              0 |              0 |              0 |              0 |              0 |              0 |              0 |              0 |              0 |              0 |              0 |              0 |              0 |              0 |              0 |              0 |              0 |              0 |              0 |              0 |              0 |              0 |              0 |              0 |              0 |              0 |              0 |              0 |              0 |              0 |              0 |              0 |              0 |              0 |              0 |              0 |              0 |      802041600 |              0 |              0 |              0 |              0 |              0 |              0 |              0 |              0 |              0 |              0 |              0 |              0 |              0 |              0 |              0 |              0 |              0 |              0 |              0 |              0 |              0 |              0 |              0 |              0 |              0 |              0 |              0 |              0 |              0 |              0 |              0 |
|      CAS_CMD_RD      | UMC10C0 |  1303905000000 |              0 |              0 |              0 |              0 |              0 |              0 |              0 |              0 |              0 |              0 |              0 |              0 |              0 |              0 |              0 |              0 |              0 |              0 |              0 |              0 |              0 |              0 |              0 |              0 |              0 |              0 |              0 |              0 |              0 |              0 |              0 |              0 |              0 |              0 |              0 |              0 |              0 |              0 |              0 |              0 |              0 |              0 |              0 |              0 |              0 |              0 |              0 |              0 |              0 |              0 |              0 |              0 |              0 |              0 |              0 |              0 |              0 |              0 |              0 |              0 |              0 |              0 |              0 |              0 |              0 |              0 |              0 |              0 |              0 |              0 |              0 |              0 |              0 |              0 |              0 |              0 |              0 |              0 |              0 |              0 |              0 |              0 |              0 |              0 |              0 |              0 |              0 |              0 |              0 |              0 |              0 |              0 |              0 |              0 |              0 |   153263800000 |              0 |              0 |              0 |              0 |              0 |              0 |              0 |              0 |              0 |              0 |              0 |              0 |              0 |              0 |              0 |              0 |              0 |              0 |              0 |              0 |              0 |              0 |              0 |              0 |              0 |              0 |              0 |              0 |              0 |              0 |              0 |
|      CAS_CMD_WR      | UMC10C1 |     1932417000 |              0 |              0 |              0 |              0 |              0 |              0 |              0 |              0 |              0 |              0 |              0 |              0 |              0 |              0 |              0 |              0 |              0 |              0 |              0 |              0 |              0 |              0 |              0 |              0 |              0 |              0 |              0 |              0 |              0 |              0 |              0 |              0 |              0 |              0 |              0 |              0 |              0 |              0 |              0 |              0 |              0 |              0 |              0 |              0 |              0 |              0 |              0 |              0 |              0 |              0 |              0 |              0 |              0 |              0 |              0 |              0 |              0 |              0 |              0 |              0 |              0 |              0 |              0 |              0 |              0 |              0 |              0 |              0 |              0 |              0 |              0 |              0 |              0 |              0 |              0 |              0 |              0 |              0 |              0 |              0 |              0 |              0 |              0 |              0 |              0 |              0 |              0 |              0 |              0 |              0 |              0 |              0 |              0 |              0 |              0 |      817851900 |              0 |              0 |              0 |              0 |              0 |              0 |              0 |              0 |              0 |              0 |              0 |              0 |              0 |              0 |              0 |              0 |              0 |              0 |              0 |              0 |              0 |              0 |              0 |              0 |              0 |              0 |              0 |              0 |              0 |              0 |              0 |
|      CAS_CMD_RD      | UMC11C0 |  1302248000000 |              0 |              0 |              0 |              0 |              0 |              0 |              0 |              0 |              0 |              0 |              0 |              0 |              0 |              0 |              0 |              0 |              0 |              0 |              0 |              0 |              0 |              0 |              0 |              0 |              0 |              0 |              0 |              0 |              0 |              0 |              0 |              0 |              0 |              0 |              0 |              0 |              0 |              0 |              0 |              0 |              0 |              0 |              0 |              0 |              0 |              0 |              0 |              0 |              0 |              0 |              0 |              0 |              0 |              0 |              0 |              0 |              0 |              0 |              0 |              0 |              0 |              0 |              0 |              0 |              0 |              0 |              0 |              0 |              0 |              0 |              0 |              0 |              0 |              0 |              0 |              0 |              0 |              0 |              0 |              0 |              0 |              0 |              0 |              0 |              0 |              0 |              0 |              0 |              0 |              0 |              0 |              0 |              0 |              0 |              0 |   153000400000 |              0 |              0 |              0 |              0 |              0 |              0 |              0 |              0 |              0 |              0 |              0 |              0 |              0 |              0 |              0 |              0 |              0 |              0 |              0 |              0 |              0 |              0 |              0 |              0 |              0 |              0 |              0 |              0 |              0 |              0 |              0 |
|      CAS_CMD_WR      | UMC11C1 |     1983334000 |              0 |              0 |              0 |              0 |              0 |              0 |              0 |              0 |              0 |              0 |              0 |              0 |              0 |              0 |              0 |              0 |              0 |              0 |              0 |              0 |              0 |              0 |              0 |              0 |              0 |              0 |              0 |              0 |              0 |              0 |              0 |              0 |              0 |              0 |              0 |              0 |              0 |              0 |              0 |              0 |              0 |              0 |              0 |              0 |              0 |              0 |              0 |              0 |              0 |              0 |              0 |              0 |              0 |              0 |              0 |              0 |              0 |              0 |              0 |              0 |              0 |              0 |              0 |              0 |              0 |              0 |              0 |              0 |              0 |              0 |              0 |              0 |              0 |              0 |              0 |              0 |              0 |              0 |              0 |              0 |              0 |              0 |              0 |              0 |              0 |              0 |              0 |              0 |              0 |              0 |              0 |              0 |              0 |              0 |              0 |      807110400 |              0 |              0 |              0 |              0 |              0 |              0 |              0 |              0 |              0 |              0 |              0 |              0 |              0 |              0 |              0 |              0 |              0 |              0 |              0 |              0 |              0 |              0 |              0 |              0 |              0 |              0 |              0 |              0 |              0 |              0 |              0 |
+----------------------+---------+----------------+----------------+----------------+----------------+----------------+----------------+----------------+----------------+----------------+----------------+----------------+----------------+----------------+----------------+----------------+----------------+----------------+----------------+----------------+----------------+----------------+----------------+----------------+----------------+----------------+----------------+----------------+----------------+----------------+----------------+----------------+----------------+----------------+----------------+----------------+----------------+----------------+----------------+----------------+----------------+----------------+----------------+----------------+----------------+----------------+----------------+----------------+----------------+----------------+----------------+----------------+----------------+----------------+----------------+----------------+----------------+----------------+----------------+----------------+----------------+----------------+----------------+----------------+----------------+----------------+----------------+----------------+----------------+----------------+----------------+----------------+----------------+----------------+----------------+----------------+----------------+----------------+----------------+----------------+----------------+----------------+----------------+----------------+----------------+----------------+----------------+----------------+----------------+----------------+----------------+----------------+----------------+----------------+----------------+----------------+----------------+----------------+----------------+----------------+----------------+----------------+----------------+----------------+----------------+----------------+----------------+----------------+----------------+----------------+----------------+----------------+----------------+----------------+----------------+----------------+----------------+----------------+----------------+----------------+----------------+----------------+----------------+----------------+----------------+----------------+----------------+----------------+----------------+

+---------------------------+---------+------------------+----------------+----------------+----------------+
|           Event           | Counter |        Sum       |       Min      |       Max      |       Avg      |
+---------------------------+---------+------------------+----------------+----------------+----------------+
|   ACTUAL_CPU_CLOCK STAT   |  FIXC1  | 1466539180000000 | 11448120000000 | 11480940000000 | 11457337343750 |
|     MAX_CPU_CLOCK STAT    |  FIXC2  | 1032883004000000 |  8066181000000 |  8073365000000 |  8069398468750 |
| RETIRED_INSTRUCTIONS STAT |   PMC0  |  972329965000000 |  5702842000000 |  8432522000000 |   7.596328e+12 |
|  CPU_CLOCKS_UNHALTED STAT |   PMC1  | 1458072380000000 | 11376430000000 | 11429830000000 | 11391190468750 |
|      CAS_CMD_RD STAT      |  UMC0C0 |    1458741500000 |              0 |  1305209000000 |   1.139642e+10 |
|      CAS_CMD_WR STAT      |  UMC0C1 |       2810006500 |              0 |     2005513000 |   2.195318e+07 |
|      CAS_CMD_RD STAT      |  UMC1C0 |    1457153800000 |              0 |  1303565000000 |   1.138401e+10 |
|      CAS_CMD_WR STAT      |  UMC1C1 |       2806673000 |              0 |     1999183000 |   2.192713e+07 |
|      CAS_CMD_RD STAT      |  UMC2C0 |    1457843500000 |              0 |  1304284000000 |   1.138940e+10 |
|      CAS_CMD_WR STAT      |  UMC2C1 |       2838584200 |              0 |     2020637000 |   2.217644e+07 |
|      CAS_CMD_RD STAT      |  UMC3C0 |    1458517300000 |              0 |  1305607000000 |   1.139467e+10 |
|      CAS_CMD_WR STAT      |  UMC3C1 |       2721407400 |              0 |     1917329000 |   2.126100e+07 |
|      CAS_CMD_RD STAT      |  UMC4C0 |    1456250300000 |              0 |  1303414000000 |   1.137696e+10 |
|      CAS_CMD_WR STAT      |  UMC4C1 |       2750231100 |              0 |     1951452000 |   2.148618e+07 |
|      CAS_CMD_RD STAT      |  UMC5C0 |    1457487000000 |              0 |  1304284000000 |   1.138662e+10 |
|      CAS_CMD_WR STAT      |  UMC5C1 |       2750983200 |              0 |     1942940000 |   2.149206e+07 |
|      CAS_CMD_RD STAT      |  UMC6C0 |    1458981400000 |              0 |  1304938000000 |   1.139829e+10 |
|      CAS_CMD_WR STAT      |  UMC6C1 |       2800853100 |              0 |     1996251000 |   2.188166e+07 |
|      CAS_CMD_RD STAT      |  UMC7C0 |    1457859800000 |              0 |  1303877000000 |   1.138953e+10 |
|      CAS_CMD_WR STAT      |  UMC7C1 |       2868527300 |              0 |     2061799000 |   2.241037e+07 |
|      CAS_CMD_RD STAT      |  UMC8C0 |    1456605300000 |              0 |  1302891000000 |   1.137973e+10 |
|      CAS_CMD_WR STAT      |  UMC8C1 |       2793483700 |              0 |     1979694000 |   2.182409e+07 |
|      CAS_CMD_RD STAT      |  UMC9C0 |    1458193100000 |              0 |  1304872000000 |   1.139213e+10 |
|      CAS_CMD_WR STAT      |  UMC9C1 |       2703912600 |              0 |     1901871000 |   2.112432e+07 |
|      CAS_CMD_RD STAT      | UMC10C0 |    1457168800000 |              0 |  1303905000000 |    11384131250 |
|      CAS_CMD_WR STAT      | UMC10C1 |       2750268900 |              0 |     1932417000 |   2.148648e+07 |
|      CAS_CMD_RD STAT      | UMC11C0 |    1455248400000 |              0 |  1302248000000 |    11369128125 |
|      CAS_CMD_WR STAT      | UMC11C1 |       2790444400 |              0 |     1983334000 |   2.180035e+07 |
+---------------------------+---------+------------------+----------------+----------------+----------------+

+-----------------------------------+--------------+------------+------------+------------+------------+------------+------------+------------+------------+------------+-------------+-------------+-------------+-------------+-------------+-------------+-------------+-------------+-------------+-------------+-------------+-------------+-------------+-------------+-------------+-------------+-------------+-------------+-------------+-------------+-------------+-------------+-------------+-------------+-------------+-------------+-------------+-------------+-------------+-------------+-------------+-------------+-------------+-------------+-------------+-------------+-------------+-------------+-------------+-------------+-------------+-------------+-------------+-------------+-------------+-------------+-------------+-------------+-------------+-------------+-------------+-------------+-------------+-------------+-------------+-------------+-------------+-------------+-------------+-------------+-------------+-------------+-------------+-------------+-------------+-------------+-------------+-------------+-------------+-------------+-------------+-------------+-------------+-------------+-------------+-------------+-------------+-------------+-------------+-------------+-------------+-------------+-------------+-------------+-------------+-------------+-------------+-------------+-------------+-------------+--------------+--------------+--------------+--------------+--------------+--------------+--------------+--------------+--------------+--------------+--------------+--------------+--------------+--------------+--------------+--------------+--------------+--------------+--------------+--------------+--------------+--------------+--------------+--------------+--------------+--------------+--------------+--------------+
|               Metric              |  HWThread 0  | HWThread 1 | HWThread 2 | HWThread 3 | HWThread 4 | HWThread 5 | HWThread 6 | HWThread 7 | HWThread 8 | HWThread 9 | HWThread 10 | HWThread 11 | HWThread 12 | HWThread 13 | HWThread 14 | HWThread 15 | HWThread 16 | HWThread 17 | HWThread 18 | HWThread 19 | HWThread 20 | HWThread 21 | HWThread 22 | HWThread 23 | HWThread 24 | HWThread 25 | HWThread 26 | HWThread 27 | HWThread 28 | HWThread 29 | HWThread 30 | HWThread 31 | HWThread 32 | HWThread 33 | HWThread 34 | HWThread 35 | HWThread 36 | HWThread 37 | HWThread 38 | HWThread 39 | HWThread 40 | HWThread 41 | HWThread 42 | HWThread 43 | HWThread 44 | HWThread 45 | HWThread 46 | HWThread 47 | HWThread 48 | HWThread 49 | HWThread 50 | HWThread 51 | HWThread 52 | HWThread 53 | HWThread 54 | HWThread 55 | HWThread 56 | HWThread 57 | HWThread 58 | HWThread 59 | HWThread 60 | HWThread 61 | HWThread 62 | HWThread 63 | HWThread 64 | HWThread 65 | HWThread 66 | HWThread 67 | HWThread 68 | HWThread 69 | HWThread 70 | HWThread 71 | HWThread 72 | HWThread 73 | HWThread 74 | HWThread 75 | HWThread 76 | HWThread 77 | HWThread 78 | HWThread 79 | HWThread 80 | HWThread 81 | HWThread 82 | HWThread 83 | HWThread 84 | HWThread 85 | HWThread 86 | HWThread 87 | HWThread 88 | HWThread 89 | HWThread 90 | HWThread 91 | HWThread 92 | HWThread 93 | HWThread 94 | HWThread 95 | HWThread 96 | HWThread 97 | HWThread 98 | HWThread 99 | HWThread 100 | HWThread 101 | HWThread 102 | HWThread 103 | HWThread 104 | HWThread 105 | HWThread 106 | HWThread 107 | HWThread 108 | HWThread 109 | HWThread 110 | HWThread 111 | HWThread 112 | HWThread 113 | HWThread 114 | HWThread 115 | HWThread 116 | HWThread 117 | HWThread 118 | HWThread 119 | HWThread 120 | HWThread 121 | HWThread 122 | HWThread 123 | HWThread 124 | HWThread 125 | HWThread 126 | HWThread 127 |
+-----------------------------------+--------------+------------+------------+------------+------------+------------+------------+------------+------------+------------+-------------+-------------+-------------+-------------+-------------+-------------+-------------+-------------+-------------+-------------+-------------+-------------+-------------+-------------+-------------+-------------+-------------+-------------+-------------+-------------+-------------+-------------+-------------+-------------+-------------+-------------+-------------+-------------+-------------+-------------+-------------+-------------+-------------+-------------+-------------+-------------+-------------+-------------+-------------+-------------+-------------+-------------+-------------+-------------+-------------+-------------+-------------+-------------+-------------+-------------+-------------+-------------+-------------+-------------+-------------+-------------+-------------+-------------+-------------+-------------+-------------+-------------+-------------+-------------+-------------+-------------+-------------+-------------+-------------+-------------+-------------+-------------+-------------+-------------+-------------+-------------+-------------+-------------+-------------+-------------+-------------+-------------+-------------+-------------+-------------+-------------+-------------+-------------+-------------+-------------+--------------+--------------+--------------+--------------+--------------+--------------+--------------+--------------+--------------+--------------+--------------+--------------+--------------+--------------+--------------+--------------+--------------+--------------+--------------+--------------+--------------+--------------+--------------+--------------+--------------+--------------+--------------+--------------+
|        Runtime (RDTSC) [s]        |    3148.4810 |  3119.5980 |  3114.6540 |  3131.5950 |  3109.4000 |  3106.9830 |  3123.6670 |  3114.6540 |  3111.5710 |  3111.5710 |   3110.3330 |   3137.3820 |   3116.9200 |   3127.7490 |   3137.3820 |   3128.8920 |   3132.6950 |   3137.0720 |   3139.5110 |   3136.4510 |   3139.5100 |   3108.4730 |   3111.2600 |   3117.6150 |   3140.9090 |   3127.4430 |   3107.3690 |   3134.0570 |   3109.0910 |   3116.1980 |   3126.1920 |   3117.9260 |   3145.5530 |   3130.0510 |   3108.7820 |   3113.5010 |   3134.6820 |   3130.9700 |   3109.7090 |   3108.0840 |   3125.1300 |   3111.8740 |   3128.0580 |   3125.1310 |   3124.9030 |   3127.1290 |   3129.7380 |   3121.0380 |   3141.2200 |   3110.0210 |   3128.3650 |   3128.0570 |   3119.9100 |   3118.9060 |   3115.5780 |   3140.5220 |   3130.3580 |   3144.8570 |   3138.3250 |   3142.8570 |   3143.2570 |   3119.2920 |   3110.6410 |   3115.8900 |   3145.2500 |   3124.3680 |   3143.8720 |   3130.6660 |   3110.9530 |   3124.3670 |   3124.3680 |   3112.8020 |   3115.2670 |   3113.1890 |   3126.8210 |   3131.2820 |   3134.9930 |   3147.8980 |   3120.6380 |   3125.8800 |   3135.3060 |   3132.3110 |   3133.6700 |   3134.3710 |   3128.8930 |   3129.2050 |   3121.7700 |   3136.1430 |   3117.3050 |   3126.5080 |   3135.6110 |   3136.7590 |   3135.6110 |   3146.7040 |   3106.3240 |   3124.0530 |   3122.1660 |   3133.0050 |   3140.1170 |   3131.9060 |    3116.5120 |    3106.5730 |    3139.1060 |    3133.0040 |    3107.6790 |    3141.9330 |    3112.3970 |    3137.9210 |    3114.2350 |    3141.5290 |    3141.9320 |    3147.4990 |    3147.0910 |    3141.5290 |    3138.7070 |    3142.8560 |    3123.2510 |    3117.9250 |    3146.2840 |    3118.2360 |    3143.8710 |    3122.1680 |    3120.2210 |    3145.8660 |    3121.3510 |    3144.1740 |    3122.5720 |    3113.8140 |
|        Runtime unhalted [s]       |    4405.7820 |  4403.8243 |  4403.7858 |  4404.0012 |  4404.3050 |  4404.1704 |  4403.8435 |  4404.1050 |  4404.0474 |  4404.0089 |   4404.3204 |   4403.7243 |   4404.0127 |   4403.7320 |   4403.8974 |   4404.0204 |   4404.0474 |   4404.1666 |   4403.9435 |   4404.0166 |   4403.1435 |   4403.8666 |   4403.9512 |   4403.7935 |   4403.8858 |   4403.6204 |   4403.6281 |   4403.9050 |   4403.5050 |   4404.0743 |   4403.5474 |   4403.8897 |   4403.9666 |   4403.9050 |   4403.7089 |   4403.4050 |   4404.2550 |   4403.4243 |   4403.3858 |   4404.0320 |   4404.2050 |   4403.9897 |   4403.9050 |   4404.2320 |   4404.3166 |   4404.2512 |   4404.0397 |   4403.7935 |   4404.2512 |   4403.8358 |   4404.1012 |   4403.4627 |   4403.8781 |   4404.2320 |   4403.9627 |   4403.8897 |   4404.4627 |   4403.8550 |   4404.2781 |   4404.5935 |   4403.8397 |   4404.0050 |   4404.1550 |   4404.1474 |   4404.1127 |   4404.2166 |   4404.0743 |   4403.7589 |   4404.0435 |   4403.9512 |   4403.9974 |   4404.5281 |   4403.6089 |   4404.1589 |   4403.6204 |   4403.7627 |   4404.1627 |   4404.0743 |   4404.2358 |   4404.2897 |   4404.0666 |   4403.8512 |   4403.8166 |   4404.0474 |   4404.2050 |   4403.8127 |   4403.9358 |   4403.7743 |   4403.7781 |   4403.7012 |   4403.5858 |   4403.7089 |   4403.6204 |   4403.6012 |   4403.7474 |   4403.6974 |   4415.3205 |   4414.6628 |   4415.2013 |   4415.7666 |    4415.4974 |    4415.3628 |    4414.7320 |    4415.5551 |    4415.1089 |    4414.5859 |    4415.0128 |    4414.5551 |    4414.5128 |    4414.8551 |    4414.7205 |    4414.2628 |    4415.1551 |    4415.1205 |    4415.4320 |    4414.7243 |    4414.8205 |    4414.9743 |    4414.9051 |    4415.0089 |    4414.8589 |    4414.4666 |    4413.8859 |    4414.4974 |    4414.4320 |    4415.2436 |    4414.0743 |    4414.9589 |
|            Clock [MHz]            |    3689.0206 |  3688.8719 |  3689.0550 |  3689.0511 |  3689.0748 |  3689.0887 |  3689.1403 |  3689.0892 |  3689.0898 |  3689.0983 |   3689.1828 |   3689.1241 |   3689.1157 |   3689.1205 |   3689.1296 |   3689.0618 |   3689.1904 |   3689.1591 |   3689.1244 |   3689.0261 |   3689.0774 |   3689.0682 |   3689.1094 |   3689.0975 |   3689.1099 |   3689.0988 |   3689.0339 |   3689.0501 |   3689.0424 |   3689.0868 |   3689.0637 |   3689.1200 |   3689.0788 |   3689.0959 |   3689.0669 |   3689.0756 |   3689.0681 |   3689.0780 |   3689.1405 |   3689.1460 |   3689.0596 |   3689.0909 |   3689.0620 |   3689.1169 |   3689.0763 |   3689.1042 |   3689.1012 |   3689.1103 |   3689.1097 |   3689.0429 |   3689.1546 |   3689.0179 |   3689.1030 |   3689.0630 |   3689.0688 |   3689.1671 |   3689.0743 |   3689.1655 |   3689.1382 |   3689.0810 |   3689.0946 |   3689.0704 |   3689.0694 |   3689.0515 |   3689.1748 |   3689.1246 |   3689.1416 |   3689.1078 |   3689.1510 |   3689.0742 |   3689.1622 |   3689.1492 |   3689.0983 |   3689.1252 |   3689.0750 |   3689.0832 |   3689.1225 |   3689.1549 |   3689.1384 |   3689.1323 |   3689.1219 |   3689.0969 |   3689.1872 |   3689.0948 |   3689.0413 |   3689.1447 |   3689.1079 |   3689.1422 |   3689.1134 |   3689.0627 |   3689.0547 |   3689.0600 |   3689.1468 |   3689.0649 |   3689.1247 |   3689.0581 |   3699.2227 |   3699.0573 |   3699.0082 |   3699.0450 |    3698.9551 |    3698.9519 |    3699.0171 |    3699.0236 |    3699.0652 |    3698.9676 |    3699.0983 |    3699.0546 |    3699.0068 |    3699.0304 |    3699.1574 |    3699.1141 |    3699.0819 |    3699.1134 |    3699.0892 |    3699.1804 |    3699.1619 |    3699.0780 |    3699.1007 |    3699.1621 |    3699.1400 |    3699.1098 |    3699.0977 |    3699.1213 |    3699.1225 |    3699.1601 |    3699.1226 |    3699.0514 |
|                CPI                |       1.4809 |     1.4826 |     1.4791 |     1.4866 |     1.4844 |     1.4869 |     1.4876 |     1.4865 |     1.3526 |     1.3575 |      1.3544 |      1.3623 |      1.3493 |      1.3655 |      1.3612 |      1.3604 |      1.4589 |      1.4592 |      1.4450 |      1.4660 |      1.4584 |      1.4627 |      1.4634 |      1.4673 |      1.4740 |      1.4754 |      1.4727 |      1.4754 |      1.4681 |      1.4832 |      1.4821 |      1.4846 |      1.3616 |      1.3559 |      1.3588 |      1.3652 |      1.3640 |      1.3707 |      1.3625 |      1.3670 |      1.4560 |      1.4573 |      1.4499 |      1.4548 |      1.4573 |      1.4580 |      1.4612 |      1.4584 |      1.4728 |      1.4850 |      1.4689 |      1.4811 |      1.4780 |      1.4833 |      1.4868 |      1.4802 |      1.3640 |      1.3603 |      1.3566 |      1.3651 |      1.3621 |      1.3645 |      1.3624 |      1.3677 |      1.4582 |      1.4538 |      1.4537 |      1.4628 |      1.4541 |      1.4628 |      1.4606 |      1.4619 |      1.4907 |      1.4891 |      1.4871 |      1.4918 |      1.4897 |      1.4963 |      1.4971 |      1.4938 |      1.3552 |      1.3555 |      1.3521 |      1.3587 |      1.3574 |      1.3600 |      1.3593 |      1.3600 |      1.4539 |      1.4524 |      1.4428 |      1.4598 |      1.4494 |      1.4574 |      1.4533 |      1.4626 |      1.9961 |      1.9940 |      1.9838 |      2.0041 |       1.9907 |       1.9940 |       2.0033 |       2.0015 |       1.5563 |       1.5549 |       1.5631 |       1.5617 |       1.5581 |       1.5589 |       1.5684 |       1.5630 |       1.9695 |       1.9695 |       1.9656 |       1.9645 |       1.9665 |       1.9627 |       1.9642 |       1.9658 |       1.5600 |       1.5592 |       1.5674 |       1.5685 |       1.5631 |       1.5742 |       1.5666 |       1.5715 |
|  Memory read bandwidth [MBytes/s] |  318103.2428 |          0 |          0 |          0 |          0 |          0 |          0 |          0 |          0 |          0 |           0 |           0 |           0 |           0 |           0 |           0 |           0 |           0 |           0 |           0 |           0 |           0 |           0 |           0 |           0 |           0 |           0 |           0 |           0 |           0 |           0 |           0 |           0 |           0 |           0 |           0 |           0 |           0 |           0 |           0 |           0 |           0 |           0 |           0 |           0 |           0 |           0 |           0 |           0 |           0 |           0 |           0 |           0 |           0 |           0 |           0 |           0 |           0 |           0 |           0 |           0 |           0 |           0 |           0 |           0 |           0 |           0 |           0 |           0 |           0 |           0 |           0 |           0 |           0 |           0 |           0 |           0 |           0 |           0 |           0 |           0 |           0 |           0 |           0 |           0 |           0 |           0 |           0 |           0 |           0 |           0 |           0 |           0 |           0 |           0 |           0 |  37737.0059 |           0 |           0 |           0 |            0 |            0 |            0 |            0 |            0 |            0 |            0 |            0 |            0 |            0 |            0 |            0 |            0 |            0 |            0 |            0 |            0 |            0 |            0 |            0 |            0 |            0 |            0 |            0 |            0 |            0 |            0 |            0 |
|  Memory read data volume [GBytes] | 1.001542e+06 |          0 |          0 |          0 |          0 |          0 |          0 |          0 |          0 |          0 |           0 |           0 |           0 |           0 |           0 |           0 |           0 |           0 |           0 |           0 |           0 |           0 |           0 |           0 |           0 |           0 |           0 |           0 |           0 |           0 |           0 |           0 |           0 |           0 |           0 |           0 |           0 |           0 |           0 |           0 |           0 |           0 |           0 |           0 |           0 |           0 |           0 |           0 |           0 |           0 |           0 |           0 |           0 |           0 |           0 |           0 |           0 |           0 |           0 |           0 |           0 |           0 |           0 |           0 |           0 |           0 |           0 |           0 |           0 |           0 |           0 |           0 |           0 |           0 |           0 |           0 |           0 |           0 |           0 |           0 |           0 |           0 |           0 |           0 |           0 |           0 |           0 |           0 |           0 |           0 |           0 |           0 |           0 |           0 |           0 |           0 | 117821.1968 |           0 |           0 |           0 |            0 |            0 |            0 |            0 |            0 |            0 |            0 |            0 |            0 |            0 |            0 |            0 |            0 |            0 |            0 |            0 |            0 |            0 |            0 |            0 |            0 |            0 |            0 |            0 |            0 |            0 |            0 |            0 |
| Memory write bandwidth [MBytes/s] |     481.6020 |          0 |          0 |          0 |          0 |          0 |          0 |          0 |          0 |          0 |           0 |           0 |           0 |           0 |           0 |           0 |           0 |           0 |           0 |           0 |           0 |           0 |           0 |           0 |           0 |           0 |           0 |           0 |           0 |           0 |           0 |           0 |           0 |           0 |           0 |           0 |           0 |           0 |           0 |           0 |           0 |           0 |           0 |           0 |           0 |           0 |           0 |           0 |           0 |           0 |           0 |           0 |           0 |           0 |           0 |           0 |           0 |           0 |           0 |           0 |           0 |           0 |           0 |           0 |           0 |           0 |           0 |           0 |           0 |           0 |           0 |           0 |           0 |           0 |           0 |           0 |           0 |           0 |           0 |           0 |           0 |           0 |           0 |           0 |           0 |           0 |           0 |           0 |           0 |           0 |           0 |           0 |           0 |           0 |           0 |           0 |    198.6919 |           0 |           0 |           0 |            0 |            0 |            0 |            0 |            0 |            0 |            0 |            0 |            0 |            0 |            0 |            0 |            0 |            0 |            0 |            0 |            0 |            0 |            0 |            0 |            0 |            0 |            0 |            0 |            0 |            0 |            0 |            0 |
| Memory write data volume [GBytes] |    1516.3149 |          0 |          0 |          0 |          0 |          0 |          0 |          0 |          0 |          0 |           0 |           0 |           0 |           0 |           0 |           0 |           0 |           0 |           0 |           0 |           0 |           0 |           0 |           0 |           0 |           0 |           0 |           0 |           0 |           0 |           0 |           0 |           0 |           0 |           0 |           0 |           0 |           0 |           0 |           0 |           0 |           0 |           0 |           0 |           0 |           0 |           0 |           0 |           0 |           0 |           0 |           0 |           0 |           0 |           0 |           0 |           0 |           0 |           0 |           0 |           0 |           0 |           0 |           0 |           0 |           0 |           0 |           0 |           0 |           0 |           0 |           0 |           0 |           0 |           0 |           0 |           0 |           0 |           0 |           0 |           0 |           0 |           0 |           0 |           0 |           0 |           0 |           0 |           0 |           0 |           0 |           0 |           0 |           0 |           0 |           0 |    620.3491 |           0 |           0 |           0 |            0 |            0 |            0 |            0 |            0 |            0 |            0 |            0 |            0 |            0 |            0 |            0 |            0 |            0 |            0 |            0 |            0 |            0 |            0 |            0 |            0 |            0 |            0 |            0 |            0 |            0 |            0 |            0 |
|    Memory bandwidth [MBytes/s]    |  318584.8448 |          0 |          0 |          0 |          0 |          0 |          0 |          0 |          0 |          0 |           0 |           0 |           0 |           0 |           0 |           0 |           0 |           0 |           0 |           0 |           0 |           0 |           0 |           0 |           0 |           0 |           0 |           0 |           0 |           0 |           0 |           0 |           0 |           0 |           0 |           0 |           0 |           0 |           0 |           0 |           0 |           0 |           0 |           0 |           0 |           0 |           0 |           0 |           0 |           0 |           0 |           0 |           0 |           0 |           0 |           0 |           0 |           0 |           0 |           0 |           0 |           0 |           0 |           0 |           0 |           0 |           0 |           0 |           0 |           0 |           0 |           0 |           0 |           0 |           0 |           0 |           0 |           0 |           0 |           0 |           0 |           0 |           0 |           0 |           0 |           0 |           0 |           0 |           0 |           0 |           0 |           0 |           0 |           0 |           0 |           0 |  37935.6978 |           0 |           0 |           0 |            0 |            0 |            0 |            0 |            0 |            0 |            0 |            0 |            0 |            0 |            0 |            0 |            0 |            0 |            0 |            0 |            0 |            0 |            0 |            0 |            0 |            0 |            0 |            0 |            0 |            0 |            0 |            0 |
|    Memory data volume [GBytes]    | 1.003058e+06 |          0 |          0 |          0 |          0 |          0 |          0 |          0 |          0 |          0 |           0 |           0 |           0 |           0 |           0 |           0 |           0 |           0 |           0 |           0 |           0 |           0 |           0 |           0 |           0 |           0 |           0 |           0 |           0 |           0 |           0 |           0 |           0 |           0 |           0 |           0 |           0 |           0 |           0 |           0 |           0 |           0 |           0 |           0 |           0 |           0 |           0 |           0 |           0 |           0 |           0 |           0 |           0 |           0 |           0 |           0 |           0 |           0 |           0 |           0 |           0 |           0 |           0 |           0 |           0 |           0 |           0 |           0 |           0 |           0 |           0 |           0 |           0 |           0 |           0 |           0 |           0 |           0 |           0 |           0 |           0 |           0 |           0 |           0 |           0 |           0 |           0 |           0 |           0 |           0 |           0 |           0 |           0 |           0 |           0 |           0 | 118441.5459 |           0 |           0 |           0 |            0 |            0 |            0 |            0 |            0 |            0 |            0 |            0 |            0 |            0 |            0 |            0 |            0 |            0 |            0 |            0 |            0 |            0 |            0 |            0 |            0 |            0 |            0 |            0 |            0 |            0 |            0 |            0 |
+-----------------------------------+--------------+------------+------------+------------+------------+------------+------------+------------+------------+------------+-------------+-------------+-------------+-------------+-------------+-------------+-------------+-------------+-------------+-------------+-------------+-------------+-------------+-------------+-------------+-------------+-------------+-------------+-------------+-------------+-------------+-------------+-------------+-------------+-------------+-------------+-------------+-------------+-------------+-------------+-------------+-------------+-------------+-------------+-------------+-------------+-------------+-------------+-------------+-------------+-------------+-------------+-------------+-------------+-------------+-------------+-------------+-------------+-------------+-------------+-------------+-------------+-------------+-------------+-------------+-------------+-------------+-------------+-------------+-------------+-------------+-------------+-------------+-------------+-------------+-------------+-------------+-------------+-------------+-------------+-------------+-------------+-------------+-------------+-------------+-------------+-------------+-------------+-------------+-------------+-------------+-------------+-------------+-------------+-------------+-------------+-------------+-------------+-------------+-------------+--------------+--------------+--------------+--------------+--------------+--------------+--------------+--------------+--------------+--------------+--------------+--------------+--------------+--------------+--------------+--------------+--------------+--------------+--------------+--------------+--------------+--------------+--------------+--------------+--------------+--------------+--------------+--------------+

+----------------------------------------+--------------+-----------+-------------+-----------+
|                 Metric                 |      Sum     |    Min    |     Max     |    Avg    |
+----------------------------------------+--------------+-----------+-------------+-----------+
|        Runtime (RDTSC) [s] STAT        |  400265.5810 | 3106.3240 |   3148.4810 | 3127.0749 |
|        Runtime unhalted [s] STAT       |  564056.1472 | 4403.1435 |   4415.7666 | 4406.6887 |
|            Clock [MHz] STAT            |  472524.0211 | 3688.8719 |   3699.2227 | 3691.5939 |
|                CPI STAT                |     194.3356 |    1.3493 |      2.0041 |    1.5182 |
|  Memory read bandwidth [MBytes/s] STAT |  355840.2487 |         0 | 318103.2428 | 2780.0019 |
|  Memory read data volume [GBytes] STAT | 1.119363e+06 |         0 |     1001542 | 8745.0250 |
| Memory write bandwidth [MBytes/s] STAT |     680.2939 |         0 |    481.6020 |    5.3148 |
| Memory write data volume [GBytes] STAT |    2136.6640 |         0 |   1516.3149 |   16.6927 |
|    Memory bandwidth [MBytes/s] STAT    |  356520.5426 |         0 | 318584.8448 | 2785.3167 |
|    Memory data volume [GBytes] STAT    | 1.121500e+06 |         0 |     1003058 | 8761.7152 |
+----------------------------------------+--------------+-----------+-------------+-----------+

