INFO: You are running LIKWID in a cpuset with 144 CPUs. Taking given IDs as logical ID in cpuset
--------------------------------------------------------------------------------
CPU name:	AMD EPYC 9A14 96-Core Processor                
CPU type:	AMD K19 (Zen4) architecture
CPU clock:	2.60 GHz
--------------------------------------------------------------------------------
Sys.CPU_THREADS       192
SLURM_CPUS_PER_TASK   144
OMP_NUM_THREADS       144
OMP_PROC_BIND         close
OMP_PLACES            cores
BLAS_NUM_THREADS      1
Threads.nthreads()    1

Successfully read data from: /public/home/halili/jld2file/6-31g/hcn-1.0-6-31g.jld2
  name: hcn
  ratio: 1.0
  basis: 6-31g
  nα: 7, nβ: 7, ne: 14, norb: 20, nq: 40

  ngs: 13755
  ncs: 72681

Warming up JIT and Hardware...
Warm-up completed.
  Step 001:  residual: 7.7049e-01,  e: -92.82763179936534
  Step 002:  residual: 3.7087e-01,  e: -93.01183870091387
  Step 003:  residual: 1.4548e-01,  e: -93.04687547021005
  Step 004:  residual: 5.7932e-02,  e: -93.05170251010381
  Step 005:  residual: 2.8328e-02,  e: -93.05243615719489
  Step 006:  residual: 1.3340e-02,  e: -93.05261925959162
  Step 007:  residual: 5.6500e-03,  e: -93.05265620776136
  Step 008:  residual: 2.2421e-03,  e: -93.05266215767698
  Step 009:  residual: 8.8227e-04,  e: -93.05266309075220
  Step 010:  residual: 3.8870e-04,  e: -93.05266324625488
  Step 011:  residual: 1.8353e-04,  e: -93.05266327684531
  Step 012:  residual: 8.8481e-05,  e: -93.05266328403766
  Step 013:  residual: 3.8778e-05,  e: -93.05266328559681
  Step 014:  residual: 1.6948e-05,  e: -93.05266328585498
  Step 015:  residual: 6.9143e-06,  e: -93.05266328590400

Convergence reached!
2887.231730 seconds (7.21 M allocations: 347.495 GiB, 0.02% gc time, 0.07% compilation time)
--------------------------------------------------------------------------------
Region hvec_direct_agg, Group 1: MEM
+-------------------+-------------+-------------+-------------+-------------+-------------+-------------+-------------+-------------+-------------+-------------+-------------+-------------+-------------+-------------+-------------+-------------+-------------+-------------+-------------+-------------+-------------+-------------+-------------+-------------+-------------+-------------+-------------+-------------+-------------+-------------+-------------+-------------+-------------+-------------+-------------+-------------+-------------+-------------+-------------+-------------+-------------+-------------+-------------+-------------+-------------+-------------+-------------+-------------+-------------+-------------+-------------+-------------+-------------+-------------+-------------+-------------+-------------+-------------+-------------+-------------+-------------+-------------+-------------+-------------+-------------+-------------+-------------+-------------+-------------+-------------+-------------+-------------+-------------+-------------+-------------+-------------+-------------+-------------+-------------+-------------+-------------+-------------+-------------+-------------+-------------+-------------+-------------+-------------+-------------+-------------+-------------+-------------+-------------+-------------+-------------+-------------+-------------+-------------+-------------+-------------+--------------+--------------+--------------+--------------+--------------+--------------+--------------+--------------+--------------+--------------+--------------+--------------+--------------+--------------+--------------+--------------+--------------+--------------+--------------+--------------+--------------+--------------+--------------+--------------+--------------+--------------+--------------+--------------+--------------+--------------+--------------+--------------+--------------+--------------+--------------+--------------+--------------+--------------+--------------+--------------+--------------+--------------+--------------+--------------+
|    Region Info    |  HWThread 0 |  HWThread 1 |  HWThread 2 |  HWThread 3 |  HWThread 4 |  HWThread 5 |  HWThread 6 |  HWThread 7 |  HWThread 8 |  HWThread 9 | HWThread 10 | HWThread 11 | HWThread 12 | HWThread 13 | HWThread 14 | HWThread 15 | HWThread 16 | HWThread 17 | HWThread 18 | HWThread 19 | HWThread 20 | HWThread 21 | HWThread 22 | HWThread 23 | HWThread 24 | HWThread 25 | HWThread 26 | HWThread 27 | HWThread 28 | HWThread 29 | HWThread 30 | HWThread 31 | HWThread 32 | HWThread 33 | HWThread 34 | HWThread 35 | HWThread 36 | HWThread 37 | HWThread 38 | HWThread 39 | HWThread 40 | HWThread 41 | HWThread 42 | HWThread 43 | HWThread 44 | HWThread 45 | HWThread 46 | HWThread 47 | HWThread 48 | HWThread 49 | HWThread 50 | HWThread 51 | HWThread 52 | HWThread 53 | HWThread 54 | HWThread 55 | HWThread 56 | HWThread 57 | HWThread 58 | HWThread 59 | HWThread 60 | HWThread 61 | HWThread 62 | HWThread 63 | HWThread 64 | HWThread 65 | HWThread 66 | HWThread 67 | HWThread 68 | HWThread 69 | HWThread 70 | HWThread 71 | HWThread 72 | HWThread 73 | HWThread 74 | HWThread 75 | HWThread 76 | HWThread 77 | HWThread 78 | HWThread 79 | HWThread 80 | HWThread 81 | HWThread 82 | HWThread 83 | HWThread 84 | HWThread 85 | HWThread 86 | HWThread 87 | HWThread 88 | HWThread 89 | HWThread 90 | HWThread 91 | HWThread 92 | HWThread 93 | HWThread 94 | HWThread 95 | HWThread 96 | HWThread 97 | HWThread 98 | HWThread 99 | HWThread 100 | HWThread 101 | HWThread 102 | HWThread 103 | HWThread 104 | HWThread 105 | HWThread 106 | HWThread 107 | HWThread 108 | HWThread 109 | HWThread 110 | HWThread 111 | HWThread 112 | HWThread 113 | HWThread 114 | HWThread 115 | HWThread 116 | HWThread 117 | HWThread 118 | HWThread 119 | HWThread 120 | HWThread 121 | HWThread 122 | HWThread 123 | HWThread 124 | HWThread 125 | HWThread 126 | HWThread 127 | HWThread 128 | HWThread 129 | HWThread 130 | HWThread 131 | HWThread 132 | HWThread 133 | HWThread 134 | HWThread 135 | HWThread 136 | HWThread 137 | HWThread 138 | HWThread 139 | HWThread 140 | HWThread 141 | HWThread 142 | HWThread 143 |
+-------------------+-------------+-------------+-------------+-------------+-------------+-------------+-------------+-------------+-------------+-------------+-------------+-------------+-------------+-------------+-------------+-------------+-------------+-------------+-------------+-------------+-------------+-------------+-------------+-------------+-------------+-------------+-------------+-------------+-------------+-------------+-------------+-------------+-------------+-------------+-------------+-------------+-------------+-------------+-------------+-------------+-------------+-------------+-------------+-------------+-------------+-------------+-------------+-------------+-------------+-------------+-------------+-------------+-------------+-------------+-------------+-------------+-------------+-------------+-------------+-------------+-------------+-------------+-------------+-------------+-------------+-------------+-------------+-------------+-------------+-------------+-------------+-------------+-------------+-------------+-------------+-------------+-------------+-------------+-------------+-------------+-------------+-------------+-------------+-------------+-------------+-------------+-------------+-------------+-------------+-------------+-------------+-------------+-------------+-------------+-------------+-------------+-------------+-------------+-------------+-------------+--------------+--------------+--------------+--------------+--------------+--------------+--------------+--------------+--------------+--------------+--------------+--------------+--------------+--------------+--------------+--------------+--------------+--------------+--------------+--------------+--------------+--------------+--------------+--------------+--------------+--------------+--------------+--------------+--------------+--------------+--------------+--------------+--------------+--------------+--------------+--------------+--------------+--------------+--------------+--------------+--------------+--------------+--------------+--------------+
| RDTSC Runtime [s] | 2814.097000 | 2807.593000 | 2800.297000 | 2786.532000 | 2803.694000 | 2788.091000 | 2818.857000 | 2783.834000 | 2781.671000 | 2806.063000 | 2818.020000 | 2803.968000 | 2803.967000 | 2801.102000 | 2806.063000 | 2799.500000 | 2814.994000 | 2799.766000 | 2803.150000 | 2799.233000 | 2814.401000 | 2800.835000 | 2805.791000 | 2798.691000 | 2806.514000 | 2789.859000 | 2796.199000 | 2805.242000 | 2789.017000 | 2781.466000 | 2797.331000 | 2785.183000 | 2804.424000 | 2797.606000 | 2808.718000 | 2817.273000 | 2816.718000 | 2808.133000 | 2797.606000 | 2817.273000 | 2790.476000 | 2784.105000 | 2819.685000 | 2809.029000 | 2789.282000 | 2819.136000 | 2788.707000 | 2816.405000 | 2802.088000 | 2784.912000 | 2785.993000 | 2812.562000 | 2809.764000 | 2781.944000 | 2813.479000 | 2805.514000 | 2806.780000 | 2782.911000 | 2815.265000 | 2804.969000 | 2807.861000 | 2784.371000 | 2801.368000 | 2800.565000 | 2807.323000 | 2801.636000 | 2798.966000 | 2802.350000 | 2801.637000 | 2800.029000 | 2818.300000 | 2783.526000 | 2797.059000 | 2796.508000 | 2815.817000 | 2817.741000 | 2804.694000 | 2787.287000 | 2814.712000 | 2816.991000 | 2798.381000 | 2803.150000 | 2784.639000 | 2807.053000 | 2802.612000 | 2818.577000 | 2785.722000 | 2796.785000 | 2802.886000 | 2785.454000 | 2786.263000 | 2810.507000 | 2809.301000 | 2819.412000 | 2809.301000 | 2815.541000 | 2786.525000 | 2809.764000 | 2810.021000 | 2787.286000 |  2795.901000 |  2787.600000 |  2794.940000 |  2786.801000 |  2792.748000 |  2790.167000 |  2792.452000 |  2792.748000 |  2813.791000 |  2789.550000 |  2788.399000 |  2791.862000 |  2792.445000 |  2810.814000 |  2793.397000 |  2790.474000 |  2794.347000 |  2811.124000 |  2791.389000 |  2791.092000 |  2798.067000 |  2810.813000 |  2812.872000 |  2782.210000 |  2808.406000 |  2812.264000 |  2782.210000 |  2782.211000 |  2811.595000 |  2795.237000 |  2816.088000 |  2795.236000 |  2794.940000 |  2811.595000 |  2794.644000 |  2811.592000 |  2783.220000 |  2792.157000 |  2793.687000 |  2793.398000 |  2813.184000 |  2793.965000 |  2791.093000 |  2814.100000 |
|     call count    |          15 |          15 |          15 |          15 |          15 |          15 |          15 |          15 |          15 |          15 |          15 |          15 |          15 |          15 |          15 |          15 |          15 |          15 |          15 |          15 |          15 |          15 |          15 |          15 |          15 |          15 |          15 |          15 |          15 |          15 |          15 |          15 |          15 |          15 |          15 |          15 |          15 |          15 |          15 |          15 |          15 |          15 |          15 |          15 |          15 |          15 |          15 |          15 |          15 |          15 |          15 |          15 |          15 |          15 |          15 |          15 |          15 |          15 |          15 |          15 |          15 |          15 |          15 |          15 |          15 |          15 |          15 |          15 |          15 |          15 |          15 |          15 |          15 |          15 |          15 |          15 |          15 |          15 |          15 |          15 |          15 |          15 |          15 |          15 |          15 |          15 |          15 |          15 |          15 |          15 |          15 |          15 |          15 |          15 |          15 |          15 |          15 |          15 |          15 |          15 |           15 |           15 |           15 |           15 |           15 |           15 |           15 |           15 |           15 |           15 |           15 |           15 |           15 |           15 |           15 |           15 |           15 |           15 |           15 |           15 |           15 |           15 |           15 |           15 |           15 |           15 |           15 |           15 |           15 |           15 |           15 |           15 |           15 |           15 |           15 |           15 |           15 |           15 |           15 |           15 |           15 |           15 |           15 |           15 |
+-------------------+-------------+-------------+-------------+-------------+-------------+-------------+-------------+-------------+-------------+-------------+-------------+-------------+-------------+-------------+-------------+-------------+-------------+-------------+-------------+-------------+-------------+-------------+-------------+-------------+-------------+-------------+-------------+-------------+-------------+-------------+-------------+-------------+-------------+-------------+-------------+-------------+-------------+-------------+-------------+-------------+-------------+-------------+-------------+-------------+-------------+-------------+-------------+-------------+-------------+-------------+-------------+-------------+-------------+-------------+-------------+-------------+-------------+-------------+-------------+-------------+-------------+-------------+-------------+-------------+-------------+-------------+-------------+-------------+-------------+-------------+-------------+-------------+-------------+-------------+-------------+-------------+-------------+-------------+-------------+-------------+-------------+-------------+-------------+-------------+-------------+-------------+-------------+-------------+-------------+-------------+-------------+-------------+-------------+-------------+-------------+-------------+-------------+-------------+-------------+-------------+--------------+--------------+--------------+--------------+--------------+--------------+--------------+--------------+--------------+--------------+--------------+--------------+--------------+--------------+--------------+--------------+--------------+--------------+--------------+--------------+--------------+--------------+--------------+--------------+--------------+--------------+--------------+--------------+--------------+--------------+--------------+--------------+--------------+--------------+--------------+--------------+--------------+--------------+--------------+--------------+--------------+--------------+--------------+--------------+

+----------------------+---------+----------------+----------------+----------------+----------------+----------------+----------------+----------------+----------------+----------------+----------------+----------------+----------------+----------------+----------------+----------------+----------------+----------------+----------------+----------------+----------------+----------------+----------------+----------------+----------------+----------------+----------------+----------------+----------------+----------------+----------------+----------------+----------------+----------------+----------------+----------------+----------------+----------------+----------------+----------------+----------------+----------------+----------------+----------------+----------------+----------------+----------------+----------------+----------------+----------------+----------------+----------------+----------------+----------------+----------------+----------------+----------------+----------------+----------------+----------------+----------------+----------------+----------------+----------------+----------------+----------------+----------------+----------------+----------------+----------------+----------------+----------------+----------------+----------------+----------------+----------------+----------------+----------------+----------------+----------------+----------------+----------------+----------------+----------------+----------------+----------------+----------------+----------------+----------------+----------------+----------------+----------------+----------------+----------------+----------------+----------------+----------------+----------------+----------------+----------------+----------------+----------------+----------------+----------------+----------------+----------------+----------------+----------------+----------------+----------------+----------------+----------------+----------------+----------------+----------------+----------------+----------------+----------------+----------------+----------------+----------------+----------------+----------------+----------------+----------------+----------------+----------------+----------------+----------------+----------------+----------------+----------------+----------------+----------------+----------------+----------------+----------------+----------------+----------------+----------------+----------------+----------------+----------------+----------------+----------------+
|         Event        | Counter |   HWThread 0   |   HWThread 1   |   HWThread 2   |   HWThread 3   |   HWThread 4   |   HWThread 5   |   HWThread 6   |   HWThread 7   |   HWThread 8   |   HWThread 9   |   HWThread 10  |   HWThread 11  |   HWThread 12  |   HWThread 13  |   HWThread 14  |   HWThread 15  |   HWThread 16  |   HWThread 17  |   HWThread 18  |   HWThread 19  |   HWThread 20  |   HWThread 21  |   HWThread 22  |   HWThread 23  |   HWThread 24  |   HWThread 25  |   HWThread 26  |   HWThread 27  |   HWThread 28  |   HWThread 29  |   HWThread 30  |   HWThread 31  |   HWThread 32  |   HWThread 33  |   HWThread 34  |   HWThread 35  |   HWThread 36  |   HWThread 37  |   HWThread 38  |   HWThread 39  |   HWThread 40  |   HWThread 41  |   HWThread 42  |   HWThread 43  |   HWThread 44  |   HWThread 45  |   HWThread 46  |   HWThread 47  |   HWThread 48  |   HWThread 49  |   HWThread 50  |   HWThread 51  |   HWThread 52  |   HWThread 53  |   HWThread 54  |   HWThread 55  |   HWThread 56  |   HWThread 57  |   HWThread 58  |   HWThread 59  |   HWThread 60  |   HWThread 61  |   HWThread 62  |   HWThread 63  |   HWThread 64  |   HWThread 65  |   HWThread 66  |   HWThread 67  |   HWThread 68  |   HWThread 69  |   HWThread 70  |   HWThread 71  |   HWThread 72  |   HWThread 73  |   HWThread 74  |   HWThread 75  |   HWThread 76  |   HWThread 77  |   HWThread 78  |   HWThread 79  |   HWThread 80  |   HWThread 81  |   HWThread 82  |   HWThread 83  |   HWThread 84  |   HWThread 85  |   HWThread 86  |   HWThread 87  |   HWThread 88  |   HWThread 89  |   HWThread 90  |   HWThread 91  |   HWThread 92  |   HWThread 93  |   HWThread 94  |   HWThread 95  |   HWThread 96  |   HWThread 97  |   HWThread 98  |   HWThread 99  |  HWThread 100  |  HWThread 101  |  HWThread 102  |  HWThread 103  |  HWThread 104  |  HWThread 105  |  HWThread 106  |  HWThread 107  |  HWThread 108  |  HWThread 109  |  HWThread 110  |  HWThread 111  |  HWThread 112  |  HWThread 113  |  HWThread 114  |  HWThread 115  |  HWThread 116  |  HWThread 117  |  HWThread 118  |  HWThread 119  |  HWThread 120  |  HWThread 121  |  HWThread 122  |  HWThread 123  |  HWThread 124  |  HWThread 125  |  HWThread 126  |  HWThread 127  |  HWThread 128  |  HWThread 129  |  HWThread 130  |  HWThread 131  |  HWThread 132  |  HWThread 133  |  HWThread 134  |  HWThread 135  |  HWThread 136  |  HWThread 137  |  HWThread 138  |  HWThread 139  |  HWThread 140  |  HWThread 141  |  HWThread 142  |  HWThread 143  |
+----------------------+---------+----------------+----------------+----------------+----------------+----------------+----------------+----------------+----------------+----------------+----------------+----------------+----------------+----------------+----------------+----------------+----------------+----------------+----------------+----------------+----------------+----------------+----------------+----------------+----------------+----------------+----------------+----------------+----------------+----------------+----------------+----------------+----------------+----------------+----------------+----------------+----------------+----------------+----------------+----------------+----------------+----------------+----------------+----------------+----------------+----------------+----------------+----------------+----------------+----------------+----------------+----------------+----------------+----------------+----------------+----------------+----------------+----------------+----------------+----------------+----------------+----------------+----------------+----------------+----------------+----------------+----------------+----------------+----------------+----------------+----------------+----------------+----------------+----------------+----------------+----------------+----------------+----------------+----------------+----------------+----------------+----------------+----------------+----------------+----------------+----------------+----------------+----------------+----------------+----------------+----------------+----------------+----------------+----------------+----------------+----------------+----------------+----------------+----------------+----------------+----------------+----------------+----------------+----------------+----------------+----------------+----------------+----------------+----------------+----------------+----------------+----------------+----------------+----------------+----------------+----------------+----------------+----------------+----------------+----------------+----------------+----------------+----------------+----------------+----------------+----------------+----------------+----------------+----------------+----------------+----------------+----------------+----------------+----------------+----------------+----------------+----------------+----------------+----------------+----------------+----------------+----------------+----------------+----------------+----------------+
|   ACTUAL_CPU_CLOCK   |  FIXC1  | 10260000000000 | 10254870000000 | 10255470000000 | 10255260000000 | 10256710000000 | 10255000000000 | 10256170000000 | 10256710000000 | 10253740000000 | 10254180000000 | 10254710000000 | 10254400000000 | 10255050000000 | 10253230000000 | 10255210000000 | 10255470000000 | 10255470000000 | 10255590000000 | 10256040000000 | 10256440000000 | 10256060000000 | 10256520000000 | 10256190000000 | 10256130000000 | 10255790000000 | 10256640000000 | 10255800000000 | 10255810000000 | 10254710000000 | 10255230000000 | 10256790000000 | 10255760000000 | 10253410000000 | 10254620000000 | 10255110000000 | 10253570000000 | 10254250000000 | 10254910000000 | 10253230000000 | 10253820000000 | 10254740000000 | 10255920000000 | 10257000000000 | 10257240000000 | 10256640000000 | 10257850000000 | 10256160000000 | 10257560000000 | 10257250000000 | 10256330000000 | 10255510000000 | 10257670000000 | 10256450000000 | 10257420000000 | 10255690000000 | 10256000000000 | 10255020000000 | 10254050000000 | 10254170000000 | 10256030000000 | 10254490000000 | 10255430000000 | 10254840000000 | 10253890000000 | 10257110000000 | 10253770000000 | 10256470000000 | 10257730000000 | 10257370000000 | 10255420000000 | 10256250000000 | 10255920000000 | 10255330000000 | 10254300000000 | 10256810000000 | 10256460000000 | 10256800000000 | 10256340000000 | 10255950000000 | 10254730000000 | 10255000000000 | 10254130000000 | 10252100000000 | 10254430000000 | 10255220000000 | 10254330000000 | 10253880000000 | 10253550000000 | 10254730000000 | 10255420000000 | 10255210000000 | 10255580000000 | 10254810000000 | 10256070000000 | 10254810000000 | 10255670000000 | 10280110000000 | 10278220000000 | 10278710000000 | 10278960000000 | 10278750000000 | 10278680000000 | 10279600000000 | 10280570000000 | 10280670000000 | 10280150000000 | 10278640000000 | 10278860000000 | 10280690000000 | 10279180000000 | 10280130000000 | 10279760000000 | 10280890000000 | 10281700000000 | 10280450000000 | 10281060000000 | 10280790000000 | 10281170000000 | 10281890000000 | 10280870000000 | 10281780000000 | 10281870000000 | 10280940000000 | 10281620000000 | 10282990000000 | 10281490000000 | 10281870000000 | 10281720000000 | 10280310000000 | 10279800000000 | 10277670000000 | 10280470000000 | 10279720000000 | 10280830000000 | 10279770000000 | 10279870000000 | 10282220000000 | 10282040000000 | 10282240000000 | 10281470000000 | 10281670000000 | 10280570000000 | 10283050000000 | 10281530000000 |
|     MAX_CPU_CLOCK    |  FIXC2  |  7229482000000 |  7226931000000 |  7227071000000 |  7226871000000 |  7227824000000 |  7226579000000 |  7227601000000 |  7227889000000 |  7225574000000 |  7226083000000 |  7226372000000 |  7226279000000 |  7226774000000 |  7225379000000 |  7226799000000 |  7226936000000 |  7227079000000 |  7226961000000 |  7227405000000 |  7227690000000 |  7227291000000 |  7227687000000 |  7227425000000 |  7227310000000 |  7227222000000 |  7227846000000 |  7227227000000 |  7227260000000 |  7226456000000 |  7226751000000 |  7228001000000 |  7227145000000 |  7225679000000 |  7226420000000 |  7226617000000 |  7225588000000 |  7226078000000 |  7226523000000 |  7225514000000 |  7225794000000 |  7226452000000 |  7227240000000 |  7228032000000 |  7228274000000 |  7227841000000 |  7228725000000 |  7227471000000 |  7228421000000 |  7228249000000 |  7227544000000 |  7227038000000 |  7228535000000 |  7227694000000 |  7228341000000 |  7227049000000 |  7227374000000 |  7226714000000 |  7225931000000 |  7226000000000 |  7227262000000 |  7226312000000 |  7227033000000 |  7226572000000 |  7225886000000 |  7228209000000 |  7225850000000 |  7227691000000 |  7228450000000 |  7228363000000 |  7227044000000 |  7227426000000 |  7227291000000 |  7226897000000 |  7226221000000 |  7227972000000 |  7227608000000 |  7227886000000 |  7227502000000 |  7227391000000 |  7226532000000 |  7226512000000 |  7225947000000 |  7224618000000 |  7226243000000 |  7226871000000 |  7226102000000 |  7225840000000 |  7225594000000 |  7226484000000 |  7226913000000 |  7226825000000 |  7227100000000 |  7226565000000 |  7227453000000 |  7226546000000 |  7227218000000 |  7225191000000 |  7223566000000 |  7223883000000 |  7223977000000 |  7224077000000 |  7223797000000 |  7224595000000 |  7225390000000 |  7225443000000 |  7224934000000 |  7223851000000 |  7224038000000 |  7225134000000 |  7224175000000 |  7224967000000 |  7224675000000 |  7225436000000 |  7225985000000 |  7225171000000 |  7225520000000 |  7225471000000 |  7225392000000 |  7225921000000 |  7225472000000 |  7226004000000 |  7225947000000 |  7225383000000 |  7225887000000 |  7226591000000 |  7225781000000 |  7226124000000 |  7226228000000 |  7224912000000 |  7224629000000 |  7223095000000 |  7225105000000 |  7224668000000 |  7225435000000 |  7224539000000 |  7224573000000 |  7226191000000 |  7226104000000 |  7226410000000 |  7225707000000 |  7226010000000 |  7224989000000 |  7226960000000 |  7225809000000 |
| RETIRED_INSTRUCTIONS |   PMC0  |  6667852000000 |  6641760000000 |  6652069000000 |  6628525000000 |  6688926000000 |  6632917000000 |  6664660000000 |  6619637000000 |  7846446000000 |  7828404000000 |  7815306000000 |  7778862000000 |  7833934000000 |  7769886000000 |  7793538000000 |  7784511000000 |  6796114000000 |  6761203000000 |  6826781000000 |  6785207000000 |  6812020000000 |  6742289000000 |  6782819000000 |  6780557000000 |  6658462000000 |  6678305000000 |  6660863000000 |  6650515000000 |  6678787000000 |  6639575000000 |  6660751000000 |  6615526000000 |  7795789000000 |  7768282000000 |  7763780000000 |  7768575000000 |  7790199000000 |  7745100000000 |  7774347000000 |  7732601000000 |  6786681000000 |  6768947000000 |  6757520000000 |  6743709000000 |  6771008000000 |  6697418000000 |  6758602000000 |  6709750000000 |  6723821000000 |  6702198000000 |  6738337000000 |  6690259000000 |  6740050000000 |  6685606000000 |  6687086000000 |  6652217000000 |  7818163000000 |  7831207000000 |  7840258000000 |  7796826000000 |  7825327000000 |  7793377000000 |  7792656000000 |  7724246000000 |  6813435000000 |  6820314000000 |  6812231000000 |  6765270000000 |  6787558000000 |  6765868000000 |  6774318000000 |  6770042000000 |  6663620000000 |  6638626000000 |  6678015000000 |  6621397000000 |  6662903000000 |  6612209000000 |  6596005000000 |  6608605000000 |  7814108000000 |  7767185000000 |  7794949000000 |  7775696000000 |  7787888000000 |  7740003000000 |  7809366000000 |  7738072000000 |  6819561000000 |  6831506000000 |  6849278000000 |  6793486000000 |  6818728000000 |  6779530000000 |  6797497000000 |  6753479000000 |  5544805000000 |  5548978000000 |  5555266000000 |  5540382000000 |  5536971000000 |  5538325000000 |  5557770000000 |  5527890000000 |  7202475000000 |  7166484000000 |  7199901000000 |  7172405000000 |  7189803000000 |  7185858000000 |  7139113000000 |  7149159000000 |  5655809000000 |  5639579000000 |  5698179000000 |  5629583000000 |  5683504000000 |  5627675000000 |  5650486000000 |  5597693000000 |  5572711000000 |  5507159000000 |  5548273000000 |  5500866000000 |  5564384000000 |  5507196000000 |  5521693000000 |  5493951000000 |  7215890000000 |  7188601000000 |  7232907000000 |  7162505000000 |  7201087000000 |  7155452000000 |  7170682000000 |  7134528000000 |  5541014000000 |  5556315000000 |  5560548000000 |  5545319000000 |  5538829000000 |  5540619000000 |  5531357000000 |  5490090000000 |
|  CPU_CLOCKS_UNHALTED |   PMC1  | 10158830000000 | 10203360000000 | 10205740000000 | 10202800000000 | 10206300000000 | 10204550000000 | 10205350000000 | 10204950000000 | 10201590000000 | 10202700000000 | 10202540000000 | 10204360000000 | 10203610000000 | 10202870000000 | 10204580000000 | 10205290000000 | 10205330000000 | 10204530000000 | 10206230000000 | 10206110000000 | 10206620000000 | 10206580000000 | 10204070000000 | 10206230000000 | 10205920000000 | 10206350000000 | 10205520000000 | 10207070000000 | 10204400000000 | 10204230000000 | 10207440000000 | 10206970000000 | 10201900000000 | 10201360000000 | 10202700000000 | 10202290000000 | 10201800000000 | 10204500000000 | 10201700000000 | 10201950000000 | 10204600000000 | 10205820000000 | 10207180000000 | 10206240000000 | 10207250000000 | 10208180000000 | 10206190000000 | 10207560000000 | 10205870000000 | 10205160000000 | 10206760000000 | 10205530000000 | 10207260000000 | 10207420000000 | 10204860000000 | 10205740000000 | 10204220000000 | 10203690000000 | 10202580000000 | 10205670000000 | 10204500000000 | 10205100000000 | 10204800000000 | 10203930000000 | 10206590000000 | 10203310000000 | 10205570000000 | 10207670000000 | 10206950000000 | 10205430000000 | 10206540000000 | 10205080000000 | 10204680000000 | 10204830000000 | 10207400000000 | 10206610000000 | 10207390000000 | 10206530000000 | 10204510000000 | 10204900000000 | 10204730000000 | 10203630000000 | 10201400000000 | 10204650000000 | 10205290000000 | 10203850000000 | 10203210000000 | 10203840000000 | 10205350000000 | 10205000000000 | 10205740000000 | 10205660000000 | 10205830000000 | 10208610000000 | 10206420000000 | 10206130000000 | 10231180000000 | 10229470000000 | 10230950000000 | 10230900000000 | 10231050000000 | 10230210000000 | 10231700000000 | 10232580000000 | 10230320000000 | 10228650000000 | 10228420000000 | 10228540000000 | 10230110000000 | 10228950000000 | 10229420000000 | 10229470000000 | 10233040000000 | 10233800000000 | 10233030000000 | 10232900000000 | 10234130000000 | 10233970000000 | 10234040000000 | 10232530000000 | 10233810000000 | 10233800000000 | 10232740000000 | 10234870000000 | 10235230000000 | 10234140000000 | 10233110000000 | 10234070000000 | 10227600000000 | 10228080000000 | 10226560000000 | 10229010000000 | 10228220000000 | 10230470000000 | 10229760000000 | 10228970000000 | 10233490000000 | 10233010000000 | 10234630000000 | 10233860000000 | 10233480000000 | 10234120000000 | 10234630000000 | 10234170000000 |
|      CAS_CMD_RD      |  UMC0C0 |  1070968000000 |              0 |              0 |              0 |              0 |              0 |              0 |              0 |              0 |              0 |              0 |              0 |              0 |              0 |              0 |              0 |              0 |              0 |              0 |              0 |              0 |              0 |              0 |              0 |              0 |              0 |              0 |              0 |              0 |              0 |              0 |              0 |              0 |              0 |              0 |              0 |              0 |              0 |              0 |              0 |              0 |              0 |              0 |              0 |              0 |              0 |              0 |              0 |              0 |              0 |              0 |              0 |              0 |              0 |              0 |              0 |              0 |              0 |              0 |              0 |              0 |              0 |              0 |              0 |              0 |              0 |              0 |              0 |              0 |              0 |              0 |              0 |              0 |              0 |              0 |              0 |              0 |              0 |              0 |              0 |              0 |              0 |              0 |              0 |              0 |              0 |              0 |              0 |              0 |              0 |              0 |              0 |              0 |              0 |              0 |              0 |   413875500000 |              0 |              0 |              0 |              0 |              0 |              0 |              0 |              0 |              0 |              0 |              0 |              0 |              0 |              0 |              0 |              0 |              0 |              0 |              0 |              0 |              0 |              0 |              0 |              0 |              0 |              0 |              0 |              0 |              0 |              0 |              0 |              0 |              0 |              0 |              0 |              0 |              0 |              0 |              0 |              0 |              0 |              0 |              0 |              0 |              0 |              0 |              0 |
|      CAS_CMD_WR      |  UMC0C1 |     1584893000 |              0 |              0 |              0 |              0 |              0 |              0 |              0 |              0 |              0 |              0 |              0 |              0 |              0 |              0 |              0 |              0 |              0 |              0 |              0 |              0 |              0 |              0 |              0 |              0 |              0 |              0 |              0 |              0 |              0 |              0 |              0 |              0 |              0 |              0 |              0 |              0 |              0 |              0 |              0 |              0 |              0 |              0 |              0 |              0 |              0 |              0 |              0 |              0 |              0 |              0 |              0 |              0 |              0 |              0 |              0 |              0 |              0 |              0 |              0 |              0 |              0 |              0 |              0 |              0 |              0 |              0 |              0 |              0 |              0 |              0 |              0 |              0 |              0 |              0 |              0 |              0 |              0 |              0 |              0 |              0 |              0 |              0 |              0 |              0 |              0 |              0 |              0 |              0 |              0 |              0 |              0 |              0 |              0 |              0 |              0 |     1131862000 |              0 |              0 |              0 |              0 |              0 |              0 |              0 |              0 |              0 |              0 |              0 |              0 |              0 |              0 |              0 |              0 |              0 |              0 |              0 |              0 |              0 |              0 |              0 |              0 |              0 |              0 |              0 |              0 |              0 |              0 |              0 |              0 |              0 |              0 |              0 |              0 |              0 |              0 |              0 |              0 |              0 |              0 |              0 |              0 |              0 |              0 |              0 |
|      CAS_CMD_RD      |  UMC1C0 |  1071204000000 |              0 |              0 |              0 |              0 |              0 |              0 |              0 |              0 |              0 |              0 |              0 |              0 |              0 |              0 |              0 |              0 |              0 |              0 |              0 |              0 |              0 |              0 |              0 |              0 |              0 |              0 |              0 |              0 |              0 |              0 |              0 |              0 |              0 |              0 |              0 |              0 |              0 |              0 |              0 |              0 |              0 |              0 |              0 |              0 |              0 |              0 |              0 |              0 |              0 |              0 |              0 |              0 |              0 |              0 |              0 |              0 |              0 |              0 |              0 |              0 |              0 |              0 |              0 |              0 |              0 |              0 |              0 |              0 |              0 |              0 |              0 |              0 |              0 |              0 |              0 |              0 |              0 |              0 |              0 |              0 |              0 |              0 |              0 |              0 |              0 |              0 |              0 |              0 |              0 |              0 |              0 |              0 |              0 |              0 |              0 |   413989100000 |              0 |              0 |              0 |              0 |              0 |              0 |              0 |              0 |              0 |              0 |              0 |              0 |              0 |              0 |              0 |              0 |              0 |              0 |              0 |              0 |              0 |              0 |              0 |              0 |              0 |              0 |              0 |              0 |              0 |              0 |              0 |              0 |              0 |              0 |              0 |              0 |              0 |              0 |              0 |              0 |              0 |              0 |              0 |              0 |              0 |              0 |              0 |
|      CAS_CMD_WR      |  UMC1C1 |     1563923000 |              0 |              0 |              0 |              0 |              0 |              0 |              0 |              0 |              0 |              0 |              0 |              0 |              0 |              0 |              0 |              0 |              0 |              0 |              0 |              0 |              0 |              0 |              0 |              0 |              0 |              0 |              0 |              0 |              0 |              0 |              0 |              0 |              0 |              0 |              0 |              0 |              0 |              0 |              0 |              0 |              0 |              0 |              0 |              0 |              0 |              0 |              0 |              0 |              0 |              0 |              0 |              0 |              0 |              0 |              0 |              0 |              0 |              0 |              0 |              0 |              0 |              0 |              0 |              0 |              0 |              0 |              0 |              0 |              0 |              0 |              0 |              0 |              0 |              0 |              0 |              0 |              0 |              0 |              0 |              0 |              0 |              0 |              0 |              0 |              0 |              0 |              0 |              0 |              0 |              0 |              0 |              0 |              0 |              0 |              0 |     1135315000 |              0 |              0 |              0 |              0 |              0 |              0 |              0 |              0 |              0 |              0 |              0 |              0 |              0 |              0 |              0 |              0 |              0 |              0 |              0 |              0 |              0 |              0 |              0 |              0 |              0 |              0 |              0 |              0 |              0 |              0 |              0 |              0 |              0 |              0 |              0 |              0 |              0 |              0 |              0 |              0 |              0 |              0 |              0 |              0 |              0 |              0 |              0 |
|      CAS_CMD_RD      |  UMC2C0 |  1071862000000 |              0 |              0 |              0 |              0 |              0 |              0 |              0 |              0 |              0 |              0 |              0 |              0 |              0 |              0 |              0 |              0 |              0 |              0 |              0 |              0 |              0 |              0 |              0 |              0 |              0 |              0 |              0 |              0 |              0 |              0 |              0 |              0 |              0 |              0 |              0 |              0 |              0 |              0 |              0 |              0 |              0 |              0 |              0 |              0 |              0 |              0 |              0 |              0 |              0 |              0 |              0 |              0 |              0 |              0 |              0 |              0 |              0 |              0 |              0 |              0 |              0 |              0 |              0 |              0 |              0 |              0 |              0 |              0 |              0 |              0 |              0 |              0 |              0 |              0 |              0 |              0 |              0 |              0 |              0 |              0 |              0 |              0 |              0 |              0 |              0 |              0 |              0 |              0 |              0 |              0 |              0 |              0 |              0 |              0 |              0 |   414233500000 |              0 |              0 |              0 |              0 |              0 |              0 |              0 |              0 |              0 |              0 |              0 |              0 |              0 |              0 |              0 |              0 |              0 |              0 |              0 |              0 |              0 |              0 |              0 |              0 |              0 |              0 |              0 |              0 |              0 |              0 |              0 |              0 |              0 |              0 |              0 |              0 |              0 |              0 |              0 |              0 |              0 |              0 |              0 |              0 |              0 |              0 |              0 |
|      CAS_CMD_WR      |  UMC2C1 |     1590768000 |              0 |              0 |              0 |              0 |              0 |              0 |              0 |              0 |              0 |              0 |              0 |              0 |              0 |              0 |              0 |              0 |              0 |              0 |              0 |              0 |              0 |              0 |              0 |              0 |              0 |              0 |              0 |              0 |              0 |              0 |              0 |              0 |              0 |              0 |              0 |              0 |              0 |              0 |              0 |              0 |              0 |              0 |              0 |              0 |              0 |              0 |              0 |              0 |              0 |              0 |              0 |              0 |              0 |              0 |              0 |              0 |              0 |              0 |              0 |              0 |              0 |              0 |              0 |              0 |              0 |              0 |              0 |              0 |              0 |              0 |              0 |              0 |              0 |              0 |              0 |              0 |              0 |              0 |              0 |              0 |              0 |              0 |              0 |              0 |              0 |              0 |              0 |              0 |              0 |              0 |              0 |              0 |              0 |              0 |              0 |     1128565000 |              0 |              0 |              0 |              0 |              0 |              0 |              0 |              0 |              0 |              0 |              0 |              0 |              0 |              0 |              0 |              0 |              0 |              0 |              0 |              0 |              0 |              0 |              0 |              0 |              0 |              0 |              0 |              0 |              0 |              0 |              0 |              0 |              0 |              0 |              0 |              0 |              0 |              0 |              0 |              0 |              0 |              0 |              0 |              0 |              0 |              0 |              0 |
|      CAS_CMD_RD      |  UMC3C0 |  1070590000000 |              0 |              0 |              0 |              0 |              0 |              0 |              0 |              0 |              0 |              0 |              0 |              0 |              0 |              0 |              0 |              0 |              0 |              0 |              0 |              0 |              0 |              0 |              0 |              0 |              0 |              0 |              0 |              0 |              0 |              0 |              0 |              0 |              0 |              0 |              0 |              0 |              0 |              0 |              0 |              0 |              0 |              0 |              0 |              0 |              0 |              0 |              0 |              0 |              0 |              0 |              0 |              0 |              0 |              0 |              0 |              0 |              0 |              0 |              0 |              0 |              0 |              0 |              0 |              0 |              0 |              0 |              0 |              0 |              0 |              0 |              0 |              0 |              0 |              0 |              0 |              0 |              0 |              0 |              0 |              0 |              0 |              0 |              0 |              0 |              0 |              0 |              0 |              0 |              0 |              0 |              0 |              0 |              0 |              0 |              0 |   412926100000 |              0 |              0 |              0 |              0 |              0 |              0 |              0 |              0 |              0 |              0 |              0 |              0 |              0 |              0 |              0 |              0 |              0 |              0 |              0 |              0 |              0 |              0 |              0 |              0 |              0 |              0 |              0 |              0 |              0 |              0 |              0 |              0 |              0 |              0 |              0 |              0 |              0 |              0 |              0 |              0 |              0 |              0 |              0 |              0 |              0 |              0 |              0 |
|      CAS_CMD_WR      |  UMC3C1 |     1554926000 |              0 |              0 |              0 |              0 |              0 |              0 |              0 |              0 |              0 |              0 |              0 |              0 |              0 |              0 |              0 |              0 |              0 |              0 |              0 |              0 |              0 |              0 |              0 |              0 |              0 |              0 |              0 |              0 |              0 |              0 |              0 |              0 |              0 |              0 |              0 |              0 |              0 |              0 |              0 |              0 |              0 |              0 |              0 |              0 |              0 |              0 |              0 |              0 |              0 |              0 |              0 |              0 |              0 |              0 |              0 |              0 |              0 |              0 |              0 |              0 |              0 |              0 |              0 |              0 |              0 |              0 |              0 |              0 |              0 |              0 |              0 |              0 |              0 |              0 |              0 |              0 |              0 |              0 |              0 |              0 |              0 |              0 |              0 |              0 |              0 |              0 |              0 |              0 |              0 |              0 |              0 |              0 |              0 |              0 |              0 |     1144342000 |              0 |              0 |              0 |              0 |              0 |              0 |              0 |              0 |              0 |              0 |              0 |              0 |              0 |              0 |              0 |              0 |              0 |              0 |              0 |              0 |              0 |              0 |              0 |              0 |              0 |              0 |              0 |              0 |              0 |              0 |              0 |              0 |              0 |              0 |              0 |              0 |              0 |              0 |              0 |              0 |              0 |              0 |              0 |              0 |              0 |              0 |              0 |
|      CAS_CMD_RD      |  UMC4C0 |  1071095000000 |              0 |              0 |              0 |              0 |              0 |              0 |              0 |              0 |              0 |              0 |              0 |              0 |              0 |              0 |              0 |              0 |              0 |              0 |              0 |              0 |              0 |              0 |              0 |              0 |              0 |              0 |              0 |              0 |              0 |              0 |              0 |              0 |              0 |              0 |              0 |              0 |              0 |              0 |              0 |              0 |              0 |              0 |              0 |              0 |              0 |              0 |              0 |              0 |              0 |              0 |              0 |              0 |              0 |              0 |              0 |              0 |              0 |              0 |              0 |              0 |              0 |              0 |              0 |              0 |              0 |              0 |              0 |              0 |              0 |              0 |              0 |              0 |              0 |              0 |              0 |              0 |              0 |              0 |              0 |              0 |              0 |              0 |              0 |              0 |              0 |              0 |              0 |              0 |              0 |              0 |              0 |              0 |              0 |              0 |              0 |   413456700000 |              0 |              0 |              0 |              0 |              0 |              0 |              0 |              0 |              0 |              0 |              0 |              0 |              0 |              0 |              0 |              0 |              0 |              0 |              0 |              0 |              0 |              0 |              0 |              0 |              0 |              0 |              0 |              0 |              0 |              0 |              0 |              0 |              0 |              0 |              0 |              0 |              0 |              0 |              0 |              0 |              0 |              0 |              0 |              0 |              0 |              0 |              0 |
|      CAS_CMD_WR      |  UMC4C1 |     1562540000 |              0 |              0 |              0 |              0 |              0 |              0 |              0 |              0 |              0 |              0 |              0 |              0 |              0 |              0 |              0 |              0 |              0 |              0 |              0 |              0 |              0 |              0 |              0 |              0 |              0 |              0 |              0 |              0 |              0 |              0 |              0 |              0 |              0 |              0 |              0 |              0 |              0 |              0 |              0 |              0 |              0 |              0 |              0 |              0 |              0 |              0 |              0 |              0 |              0 |              0 |              0 |              0 |              0 |              0 |              0 |              0 |              0 |              0 |              0 |              0 |              0 |              0 |              0 |              0 |              0 |              0 |              0 |              0 |              0 |              0 |              0 |              0 |              0 |              0 |              0 |              0 |              0 |              0 |              0 |              0 |              0 |              0 |              0 |              0 |              0 |              0 |              0 |              0 |              0 |              0 |              0 |              0 |              0 |              0 |              0 |     1120260000 |              0 |              0 |              0 |              0 |              0 |              0 |              0 |              0 |              0 |              0 |              0 |              0 |              0 |              0 |              0 |              0 |              0 |              0 |              0 |              0 |              0 |              0 |              0 |              0 |              0 |              0 |              0 |              0 |              0 |              0 |              0 |              0 |              0 |              0 |              0 |              0 |              0 |              0 |              0 |              0 |              0 |              0 |              0 |              0 |              0 |              0 |              0 |
|      CAS_CMD_RD      |  UMC5C0 |  1071213000000 |              0 |              0 |              0 |              0 |              0 |              0 |              0 |              0 |              0 |              0 |              0 |              0 |              0 |              0 |              0 |              0 |              0 |              0 |              0 |              0 |              0 |              0 |              0 |              0 |              0 |              0 |              0 |              0 |              0 |              0 |              0 |              0 |              0 |              0 |              0 |              0 |              0 |              0 |              0 |              0 |              0 |              0 |              0 |              0 |              0 |              0 |              0 |              0 |              0 |              0 |              0 |              0 |              0 |              0 |              0 |              0 |              0 |              0 |              0 |              0 |              0 |              0 |              0 |              0 |              0 |              0 |              0 |              0 |              0 |              0 |              0 |              0 |              0 |              0 |              0 |              0 |              0 |              0 |              0 |              0 |              0 |              0 |              0 |              0 |              0 |              0 |              0 |              0 |              0 |              0 |              0 |              0 |              0 |              0 |              0 |   413736700000 |              0 |              0 |              0 |              0 |              0 |              0 |              0 |              0 |              0 |              0 |              0 |              0 |              0 |              0 |              0 |              0 |              0 |              0 |              0 |              0 |              0 |              0 |              0 |              0 |              0 |              0 |              0 |              0 |              0 |              0 |              0 |              0 |              0 |              0 |              0 |              0 |              0 |              0 |              0 |              0 |              0 |              0 |              0 |              0 |              0 |              0 |              0 |
|      CAS_CMD_WR      |  UMC5C1 |     1554011000 |              0 |              0 |              0 |              0 |              0 |              0 |              0 |              0 |              0 |              0 |              0 |              0 |              0 |              0 |              0 |              0 |              0 |              0 |              0 |              0 |              0 |              0 |              0 |              0 |              0 |              0 |              0 |              0 |              0 |              0 |              0 |              0 |              0 |              0 |              0 |              0 |              0 |              0 |              0 |              0 |              0 |              0 |              0 |              0 |              0 |              0 |              0 |              0 |              0 |              0 |              0 |              0 |              0 |              0 |              0 |              0 |              0 |              0 |              0 |              0 |              0 |              0 |              0 |              0 |              0 |              0 |              0 |              0 |              0 |              0 |              0 |              0 |              0 |              0 |              0 |              0 |              0 |              0 |              0 |              0 |              0 |              0 |              0 |              0 |              0 |              0 |              0 |              0 |              0 |              0 |              0 |              0 |              0 |              0 |              0 |     1115477000 |              0 |              0 |              0 |              0 |              0 |              0 |              0 |              0 |              0 |              0 |              0 |              0 |              0 |              0 |              0 |              0 |              0 |              0 |              0 |              0 |              0 |              0 |              0 |              0 |              0 |              0 |              0 |              0 |              0 |              0 |              0 |              0 |              0 |              0 |              0 |              0 |              0 |              0 |              0 |              0 |              0 |              0 |              0 |              0 |              0 |              0 |              0 |
|      CAS_CMD_RD      |  UMC6C0 |  1071082000000 |              0 |              0 |              0 |              0 |              0 |              0 |              0 |              0 |              0 |              0 |              0 |              0 |              0 |              0 |              0 |              0 |              0 |              0 |              0 |              0 |              0 |              0 |              0 |              0 |              0 |              0 |              0 |              0 |              0 |              0 |              0 |              0 |              0 |              0 |              0 |              0 |              0 |              0 |              0 |              0 |              0 |              0 |              0 |              0 |              0 |              0 |              0 |              0 |              0 |              0 |              0 |              0 |              0 |              0 |              0 |              0 |              0 |              0 |              0 |              0 |              0 |              0 |              0 |              0 |              0 |              0 |              0 |              0 |              0 |              0 |              0 |              0 |              0 |              0 |              0 |              0 |              0 |              0 |              0 |              0 |              0 |              0 |              0 |              0 |              0 |              0 |              0 |              0 |              0 |              0 |              0 |              0 |              0 |              0 |              0 |   413915500000 |              0 |              0 |              0 |              0 |              0 |              0 |              0 |              0 |              0 |              0 |              0 |              0 |              0 |              0 |              0 |              0 |              0 |              0 |              0 |              0 |              0 |              0 |              0 |              0 |              0 |              0 |              0 |              0 |              0 |              0 |              0 |              0 |              0 |              0 |              0 |              0 |              0 |              0 |              0 |              0 |              0 |              0 |              0 |              0 |              0 |              0 |              0 |
|      CAS_CMD_WR      |  UMC6C1 |     1595844000 |              0 |              0 |              0 |              0 |              0 |              0 |              0 |              0 |              0 |              0 |              0 |              0 |              0 |              0 |              0 |              0 |              0 |              0 |              0 |              0 |              0 |              0 |              0 |              0 |              0 |              0 |              0 |              0 |              0 |              0 |              0 |              0 |              0 |              0 |              0 |              0 |              0 |              0 |              0 |              0 |              0 |              0 |              0 |              0 |              0 |              0 |              0 |              0 |              0 |              0 |              0 |              0 |              0 |              0 |              0 |              0 |              0 |              0 |              0 |              0 |              0 |              0 |              0 |              0 |              0 |              0 |              0 |              0 |              0 |              0 |              0 |              0 |              0 |              0 |              0 |              0 |              0 |              0 |              0 |              0 |              0 |              0 |              0 |              0 |              0 |              0 |              0 |              0 |              0 |              0 |              0 |              0 |              0 |              0 |              0 |     1147309000 |              0 |              0 |              0 |              0 |              0 |              0 |              0 |              0 |              0 |              0 |              0 |              0 |              0 |              0 |              0 |              0 |              0 |              0 |              0 |              0 |              0 |              0 |              0 |              0 |              0 |              0 |              0 |              0 |              0 |              0 |              0 |              0 |              0 |              0 |              0 |              0 |              0 |              0 |              0 |              0 |              0 |              0 |              0 |              0 |              0 |              0 |              0 |
|      CAS_CMD_RD      |  UMC7C0 |  1071461000000 |              0 |              0 |              0 |              0 |              0 |              0 |              0 |              0 |              0 |              0 |              0 |              0 |              0 |              0 |              0 |              0 |              0 |              0 |              0 |              0 |              0 |              0 |              0 |              0 |              0 |              0 |              0 |              0 |              0 |              0 |              0 |              0 |              0 |              0 |              0 |              0 |              0 |              0 |              0 |              0 |              0 |              0 |              0 |              0 |              0 |              0 |              0 |              0 |              0 |              0 |              0 |              0 |              0 |              0 |              0 |              0 |              0 |              0 |              0 |              0 |              0 |              0 |              0 |              0 |              0 |              0 |              0 |              0 |              0 |              0 |              0 |              0 |              0 |              0 |              0 |              0 |              0 |              0 |              0 |              0 |              0 |              0 |              0 |              0 |              0 |              0 |              0 |              0 |              0 |              0 |              0 |              0 |              0 |              0 |              0 |   413388600000 |              0 |              0 |              0 |              0 |              0 |              0 |              0 |              0 |              0 |              0 |              0 |              0 |              0 |              0 |              0 |              0 |              0 |              0 |              0 |              0 |              0 |              0 |              0 |              0 |              0 |              0 |              0 |              0 |              0 |              0 |              0 |              0 |              0 |              0 |              0 |              0 |              0 |              0 |              0 |              0 |              0 |              0 |              0 |              0 |              0 |              0 |              0 |
|      CAS_CMD_WR      |  UMC7C1 |     1555736000 |              0 |              0 |              0 |              0 |              0 |              0 |              0 |              0 |              0 |              0 |              0 |              0 |              0 |              0 |              0 |              0 |              0 |              0 |              0 |              0 |              0 |              0 |              0 |              0 |              0 |              0 |              0 |              0 |              0 |              0 |              0 |              0 |              0 |              0 |              0 |              0 |              0 |              0 |              0 |              0 |              0 |              0 |              0 |              0 |              0 |              0 |              0 |              0 |              0 |              0 |              0 |              0 |              0 |              0 |              0 |              0 |              0 |              0 |              0 |              0 |              0 |              0 |              0 |              0 |              0 |              0 |              0 |              0 |              0 |              0 |              0 |              0 |              0 |              0 |              0 |              0 |              0 |              0 |              0 |              0 |              0 |              0 |              0 |              0 |              0 |              0 |              0 |              0 |              0 |              0 |              0 |              0 |              0 |              0 |              0 |     1135685000 |              0 |              0 |              0 |              0 |              0 |              0 |              0 |              0 |              0 |              0 |              0 |              0 |              0 |              0 |              0 |              0 |              0 |              0 |              0 |              0 |              0 |              0 |              0 |              0 |              0 |              0 |              0 |              0 |              0 |              0 |              0 |              0 |              0 |              0 |              0 |              0 |              0 |              0 |              0 |              0 |              0 |              0 |              0 |              0 |              0 |              0 |              0 |
|      CAS_CMD_RD      |  UMC8C0 |  1070882000000 |              0 |              0 |              0 |              0 |              0 |              0 |              0 |              0 |              0 |              0 |              0 |              0 |              0 |              0 |              0 |              0 |              0 |              0 |              0 |              0 |              0 |              0 |              0 |              0 |              0 |              0 |              0 |              0 |              0 |              0 |              0 |              0 |              0 |              0 |              0 |              0 |              0 |              0 |              0 |              0 |              0 |              0 |              0 |              0 |              0 |              0 |              0 |              0 |              0 |              0 |              0 |              0 |              0 |              0 |              0 |              0 |              0 |              0 |              0 |              0 |              0 |              0 |              0 |              0 |              0 |              0 |              0 |              0 |              0 |              0 |              0 |              0 |              0 |              0 |              0 |              0 |              0 |              0 |              0 |              0 |              0 |              0 |              0 |              0 |              0 |              0 |              0 |              0 |              0 |              0 |              0 |              0 |              0 |              0 |              0 |   413275100000 |              0 |              0 |              0 |              0 |              0 |              0 |              0 |              0 |              0 |              0 |              0 |              0 |              0 |              0 |              0 |              0 |              0 |              0 |              0 |              0 |              0 |              0 |              0 |              0 |              0 |              0 |              0 |              0 |              0 |              0 |              0 |              0 |              0 |              0 |              0 |              0 |              0 |              0 |              0 |              0 |              0 |              0 |              0 |              0 |              0 |              0 |              0 |
|      CAS_CMD_WR      |  UMC8C1 |     1582396000 |              0 |              0 |              0 |              0 |              0 |              0 |              0 |              0 |              0 |              0 |              0 |              0 |              0 |              0 |              0 |              0 |              0 |              0 |              0 |              0 |              0 |              0 |              0 |              0 |              0 |              0 |              0 |              0 |              0 |              0 |              0 |              0 |              0 |              0 |              0 |              0 |              0 |              0 |              0 |              0 |              0 |              0 |              0 |              0 |              0 |              0 |              0 |              0 |              0 |              0 |              0 |              0 |              0 |              0 |              0 |              0 |              0 |              0 |              0 |              0 |              0 |              0 |              0 |              0 |              0 |              0 |              0 |              0 |              0 |              0 |              0 |              0 |              0 |              0 |              0 |              0 |              0 |              0 |              0 |              0 |              0 |              0 |              0 |              0 |              0 |              0 |              0 |              0 |              0 |              0 |              0 |              0 |              0 |              0 |              0 |     1156830000 |              0 |              0 |              0 |              0 |              0 |              0 |              0 |              0 |              0 |              0 |              0 |              0 |              0 |              0 |              0 |              0 |              0 |              0 |              0 |              0 |              0 |              0 |              0 |              0 |              0 |              0 |              0 |              0 |              0 |              0 |              0 |              0 |              0 |              0 |              0 |              0 |              0 |              0 |              0 |              0 |              0 |              0 |              0 |              0 |              0 |              0 |              0 |
|      CAS_CMD_RD      |  UMC9C0 |  1071119000000 |              0 |              0 |              0 |              0 |              0 |              0 |              0 |              0 |              0 |              0 |              0 |              0 |              0 |              0 |              0 |              0 |              0 |              0 |              0 |              0 |              0 |              0 |              0 |              0 |              0 |              0 |              0 |              0 |              0 |              0 |              0 |              0 |              0 |              0 |              0 |              0 |              0 |              0 |              0 |              0 |              0 |              0 |              0 |              0 |              0 |              0 |              0 |              0 |              0 |              0 |              0 |              0 |              0 |              0 |              0 |              0 |              0 |              0 |              0 |              0 |              0 |              0 |              0 |              0 |              0 |              0 |              0 |              0 |              0 |              0 |              0 |              0 |              0 |              0 |              0 |              0 |              0 |              0 |              0 |              0 |              0 |              0 |              0 |              0 |              0 |              0 |              0 |              0 |              0 |              0 |              0 |              0 |              0 |              0 |              0 |   413577100000 |              0 |              0 |              0 |              0 |              0 |              0 |              0 |              0 |              0 |              0 |              0 |              0 |              0 |              0 |              0 |              0 |              0 |              0 |              0 |              0 |              0 |              0 |              0 |              0 |              0 |              0 |              0 |              0 |              0 |              0 |              0 |              0 |              0 |              0 |              0 |              0 |              0 |              0 |              0 |              0 |              0 |              0 |              0 |              0 |              0 |              0 |              0 |
|      CAS_CMD_WR      |  UMC9C1 |     1575570000 |              0 |              0 |              0 |              0 |              0 |              0 |              0 |              0 |              0 |              0 |              0 |              0 |              0 |              0 |              0 |              0 |              0 |              0 |              0 |              0 |              0 |              0 |              0 |              0 |              0 |              0 |              0 |              0 |              0 |              0 |              0 |              0 |              0 |              0 |              0 |              0 |              0 |              0 |              0 |              0 |              0 |              0 |              0 |              0 |              0 |              0 |              0 |              0 |              0 |              0 |              0 |              0 |              0 |              0 |              0 |              0 |              0 |              0 |              0 |              0 |              0 |              0 |              0 |              0 |              0 |              0 |              0 |              0 |              0 |              0 |              0 |              0 |              0 |              0 |              0 |              0 |              0 |              0 |              0 |              0 |              0 |              0 |              0 |              0 |              0 |              0 |              0 |              0 |              0 |              0 |              0 |              0 |              0 |              0 |              0 |     1142411000 |              0 |              0 |              0 |              0 |              0 |              0 |              0 |              0 |              0 |              0 |              0 |              0 |              0 |              0 |              0 |              0 |              0 |              0 |              0 |              0 |              0 |              0 |              0 |              0 |              0 |              0 |              0 |              0 |              0 |              0 |              0 |              0 |              0 |              0 |              0 |              0 |              0 |              0 |              0 |              0 |              0 |              0 |              0 |              0 |              0 |              0 |              0 |
|      CAS_CMD_RD      | UMC10C0 |  1070918000000 |              0 |              0 |              0 |              0 |              0 |              0 |              0 |              0 |              0 |              0 |              0 |              0 |              0 |              0 |              0 |              0 |              0 |              0 |              0 |              0 |              0 |              0 |              0 |              0 |              0 |              0 |              0 |              0 |              0 |              0 |              0 |              0 |              0 |              0 |              0 |              0 |              0 |              0 |              0 |              0 |              0 |              0 |              0 |              0 |              0 |              0 |              0 |              0 |              0 |              0 |              0 |              0 |              0 |              0 |              0 |              0 |              0 |              0 |              0 |              0 |              0 |              0 |              0 |              0 |              0 |              0 |              0 |              0 |              0 |              0 |              0 |              0 |              0 |              0 |              0 |              0 |              0 |              0 |              0 |              0 |              0 |              0 |              0 |              0 |              0 |              0 |              0 |              0 |              0 |              0 |              0 |              0 |              0 |              0 |              0 |   413370400000 |              0 |              0 |              0 |              0 |              0 |              0 |              0 |              0 |              0 |              0 |              0 |              0 |              0 |              0 |              0 |              0 |              0 |              0 |              0 |              0 |              0 |              0 |              0 |              0 |              0 |              0 |              0 |              0 |              0 |              0 |              0 |              0 |              0 |              0 |              0 |              0 |              0 |              0 |              0 |              0 |              0 |              0 |              0 |              0 |              0 |              0 |              0 |
|      CAS_CMD_WR      | UMC10C1 |     1575948000 |              0 |              0 |              0 |              0 |              0 |              0 |              0 |              0 |              0 |              0 |              0 |              0 |              0 |              0 |              0 |              0 |              0 |              0 |              0 |              0 |              0 |              0 |              0 |              0 |              0 |              0 |              0 |              0 |              0 |              0 |              0 |              0 |              0 |              0 |              0 |              0 |              0 |              0 |              0 |              0 |              0 |              0 |              0 |              0 |              0 |              0 |              0 |              0 |              0 |              0 |              0 |              0 |              0 |              0 |              0 |              0 |              0 |              0 |              0 |              0 |              0 |              0 |              0 |              0 |              0 |              0 |              0 |              0 |              0 |              0 |              0 |              0 |              0 |              0 |              0 |              0 |              0 |              0 |              0 |              0 |              0 |              0 |              0 |              0 |              0 |              0 |              0 |              0 |              0 |              0 |              0 |              0 |              0 |              0 |              0 |     1142645000 |              0 |              0 |              0 |              0 |              0 |              0 |              0 |              0 |              0 |              0 |              0 |              0 |              0 |              0 |              0 |              0 |              0 |              0 |              0 |              0 |              0 |              0 |              0 |              0 |              0 |              0 |              0 |              0 |              0 |              0 |              0 |              0 |              0 |              0 |              0 |              0 |              0 |              0 |              0 |              0 |              0 |              0 |              0 |              0 |              0 |              0 |              0 |
|      CAS_CMD_RD      | UMC11C0 |  1070887000000 |              0 |              0 |              0 |              0 |              0 |              0 |              0 |              0 |              0 |              0 |              0 |              0 |              0 |              0 |              0 |              0 |              0 |              0 |              0 |              0 |              0 |              0 |              0 |              0 |              0 |              0 |              0 |              0 |              0 |              0 |              0 |              0 |              0 |              0 |              0 |              0 |              0 |              0 |              0 |              0 |              0 |              0 |              0 |              0 |              0 |              0 |              0 |              0 |              0 |              0 |              0 |              0 |              0 |              0 |              0 |              0 |              0 |              0 |              0 |              0 |              0 |              0 |              0 |              0 |              0 |              0 |              0 |              0 |              0 |              0 |              0 |              0 |              0 |              0 |              0 |              0 |              0 |              0 |              0 |              0 |              0 |              0 |              0 |              0 |              0 |              0 |              0 |              0 |              0 |              0 |              0 |              0 |              0 |              0 |              0 |   413767100000 |              0 |              0 |              0 |              0 |              0 |              0 |              0 |              0 |              0 |              0 |              0 |              0 |              0 |              0 |              0 |              0 |              0 |              0 |              0 |              0 |              0 |              0 |              0 |              0 |              0 |              0 |              0 |              0 |              0 |              0 |              0 |              0 |              0 |              0 |              0 |              0 |              0 |              0 |              0 |              0 |              0 |              0 |              0 |              0 |              0 |              0 |              0 |
|      CAS_CMD_WR      | UMC11C1 |     1626677000 |              0 |              0 |              0 |              0 |              0 |              0 |              0 |              0 |              0 |              0 |              0 |              0 |              0 |              0 |              0 |              0 |              0 |              0 |              0 |              0 |              0 |              0 |              0 |              0 |              0 |              0 |              0 |              0 |              0 |              0 |              0 |              0 |              0 |              0 |              0 |              0 |              0 |              0 |              0 |              0 |              0 |              0 |              0 |              0 |              0 |              0 |              0 |              0 |              0 |              0 |              0 |              0 |              0 |              0 |              0 |              0 |              0 |              0 |              0 |              0 |              0 |              0 |              0 |              0 |              0 |              0 |              0 |              0 |              0 |              0 |              0 |              0 |              0 |              0 |              0 |              0 |              0 |              0 |              0 |              0 |              0 |              0 |              0 |              0 |              0 |              0 |              0 |              0 |              0 |              0 |              0 |              0 |              0 |              0 |              0 |     1126328000 |              0 |              0 |              0 |              0 |              0 |              0 |              0 |              0 |              0 |              0 |              0 |              0 |              0 |              0 |              0 |              0 |              0 |              0 |              0 |              0 |              0 |              0 |              0 |              0 |              0 |              0 |              0 |              0 |              0 |              0 |              0 |              0 |              0 |              0 |              0 |              0 |              0 |              0 |              0 |              0 |              0 |              0 |              0 |              0 |              0 |              0 |              0 |
+----------------------+---------+----------------+----------------+----------------+----------------+----------------+----------------+----------------+----------------+----------------+----------------+----------------+----------------+----------------+----------------+----------------+----------------+----------------+----------------+----------------+----------------+----------------+----------------+----------------+----------------+----------------+----------------+----------------+----------------+----------------+----------------+----------------+----------------+----------------+----------------+----------------+----------------+----------------+----------------+----------------+----------------+----------------+----------------+----------------+----------------+----------------+----------------+----------------+----------------+----------------+----------------+----------------+----------------+----------------+----------------+----------------+----------------+----------------+----------------+----------------+----------------+----------------+----------------+----------------+----------------+----------------+----------------+----------------+----------------+----------------+----------------+----------------+----------------+----------------+----------------+----------------+----------------+----------------+----------------+----------------+----------------+----------------+----------------+----------------+----------------+----------------+----------------+----------------+----------------+----------------+----------------+----------------+----------------+----------------+----------------+----------------+----------------+----------------+----------------+----------------+----------------+----------------+----------------+----------------+----------------+----------------+----------------+----------------+----------------+----------------+----------------+----------------+----------------+----------------+----------------+----------------+----------------+----------------+----------------+----------------+----------------+----------------+----------------+----------------+----------------+----------------+----------------+----------------+----------------+----------------+----------------+----------------+----------------+----------------+----------------+----------------+----------------+----------------+----------------+----------------+----------------+----------------+----------------+----------------+----------------+

+---------------------------+---------+------------------+----------------+----------------+--------------+
|           Event           | Counter |        Sum       |       Min      |       Max      |      Avg     |
+---------------------------+---------+------------------+----------------+----------------+--------------+
|   ACTUAL_CPU_CLOCK STAT   |  FIXC1  | 1477997130000000 | 10252100000000 | 10283050000000 |      nil     |
|     MAX_CPU_CLOCK STAT    |  FIXC2  | 1040601709000000 |  7223095000000 |  7229482000000 | 7.226401e+12 |
| RETIRED_INSTRUCTIONS STAT |   PMC0  |  972331766000000 |  5490090000000 |  7846446000000 | 6.752304e+12 |
|  CPU_CLOCKS_UNHALTED STAT |   PMC1  | 1470761850000000 | 10158830000000 | 10235230000000 |      nil     |
|      CAS_CMD_RD STAT      |  UMC0C0 |    1484843500000 |              0 |  1070968000000 | 1.031141e+10 |
|      CAS_CMD_WR STAT      |  UMC0C1 |       2716755000 |              0 |     1584893000 | 1.886635e+07 |
|      CAS_CMD_RD STAT      |  UMC1C0 |    1485193100000 |              0 |  1071204000000 | 1.031384e+10 |
|      CAS_CMD_WR STAT      |  UMC1C1 |       2699238000 |              0 |     1563923000 | 1.874471e+07 |
|      CAS_CMD_RD STAT      |  UMC2C0 |    1486095500000 |              0 |  1071862000000 | 1.032011e+10 |
|      CAS_CMD_WR STAT      |  UMC2C1 |       2719333000 |              0 |     1590768000 | 1.888426e+07 |
|      CAS_CMD_RD STAT      |  UMC3C0 |    1483516100000 |              0 |  1070590000000 | 1.030220e+10 |
|      CAS_CMD_WR STAT      |  UMC3C1 |       2699268000 |              0 |     1554926000 | 1.874492e+07 |
|      CAS_CMD_RD STAT      |  UMC4C0 |    1484551700000 |              0 |  1071095000000 | 1.030939e+10 |
|      CAS_CMD_WR STAT      |  UMC4C1 |       2682800000 |              0 |     1562540000 | 1.863056e+07 |
|      CAS_CMD_RD STAT      |  UMC5C0 |    1484949700000 |              0 |  1071213000000 | 1.031215e+10 |
|      CAS_CMD_WR STAT      |  UMC5C1 |       2669488000 |              0 |     1554011000 | 1.853811e+07 |
|      CAS_CMD_RD STAT      |  UMC6C0 |    1484997500000 |              0 |  1071082000000 | 1.031248e+10 |
|      CAS_CMD_WR STAT      |  UMC6C1 |       2743153000 |              0 |     1595844000 | 1.904967e+07 |
|      CAS_CMD_RD STAT      |  UMC7C0 |    1484849600000 |              0 |  1071461000000 | 1.031146e+10 |
|      CAS_CMD_WR STAT      |  UMC7C1 |       2691421000 |              0 |     1555736000 | 1.869042e+07 |
|      CAS_CMD_RD STAT      |  UMC8C0 |    1484157100000 |              0 |  1070882000000 | 1.030665e+10 |
|      CAS_CMD_WR STAT      |  UMC8C1 |       2739226000 |              0 |     1582396000 | 1.902240e+07 |
|      CAS_CMD_RD STAT      |  UMC9C0 |    1484696100000 |              0 |  1071119000000 | 1.031039e+10 |
|      CAS_CMD_WR STAT      |  UMC9C1 |       2717981000 |              0 |     1575570000 | 1.887487e+07 |
|      CAS_CMD_RD STAT      | UMC10C0 |    1484288400000 |              0 |  1070918000000 | 1.030756e+10 |
|      CAS_CMD_WR STAT      | UMC10C1 |       2718593000 |              0 |     1575948000 | 1.887912e+07 |
|      CAS_CMD_RD STAT      | UMC11C0 |    1484654100000 |              0 |  1070887000000 | 1.031010e+10 |
|      CAS_CMD_WR STAT      | UMC11C1 |       2753005000 |              0 |     1626677000 | 1.911809e+07 |
+---------------------------+---------+------------------+----------------+----------------+--------------+

+-----------------------------------+-------------+------------+------------+------------+------------+------------+------------+------------+------------+------------+-------------+-------------+-------------+-------------+-------------+-------------+-------------+-------------+-------------+-------------+-------------+-------------+-------------+-------------+-------------+-------------+-------------+-------------+-------------+-------------+-------------+-------------+-------------+-------------+-------------+-------------+-------------+-------------+-------------+-------------+-------------+-------------+-------------+-------------+-------------+-------------+-------------+-------------+-------------+-------------+-------------+-------------+-------------+-------------+-------------+-------------+-------------+-------------+-------------+-------------+-------------+-------------+-------------+-------------+-------------+-------------+-------------+-------------+-------------+-------------+-------------+-------------+-------------+-------------+-------------+-------------+-------------+-------------+-------------+-------------+-------------+-------------+-------------+-------------+-------------+-------------+-------------+-------------+-------------+-------------+-------------+-------------+-------------+-------------+-------------+-------------+-------------+-------------+-------------+-------------+--------------+--------------+--------------+--------------+--------------+--------------+--------------+--------------+--------------+--------------+--------------+--------------+--------------+--------------+--------------+--------------+--------------+--------------+--------------+--------------+--------------+--------------+--------------+--------------+--------------+--------------+--------------+--------------+--------------+--------------+--------------+--------------+--------------+--------------+--------------+--------------+--------------+--------------+--------------+--------------+--------------+--------------+--------------+--------------+
|               Metric              |  HWThread 0 | HWThread 1 | HWThread 2 | HWThread 3 | HWThread 4 | HWThread 5 | HWThread 6 | HWThread 7 | HWThread 8 | HWThread 9 | HWThread 10 | HWThread 11 | HWThread 12 | HWThread 13 | HWThread 14 | HWThread 15 | HWThread 16 | HWThread 17 | HWThread 18 | HWThread 19 | HWThread 20 | HWThread 21 | HWThread 22 | HWThread 23 | HWThread 24 | HWThread 25 | HWThread 26 | HWThread 27 | HWThread 28 | HWThread 29 | HWThread 30 | HWThread 31 | HWThread 32 | HWThread 33 | HWThread 34 | HWThread 35 | HWThread 36 | HWThread 37 | HWThread 38 | HWThread 39 | HWThread 40 | HWThread 41 | HWThread 42 | HWThread 43 | HWThread 44 | HWThread 45 | HWThread 46 | HWThread 47 | HWThread 48 | HWThread 49 | HWThread 50 | HWThread 51 | HWThread 52 | HWThread 53 | HWThread 54 | HWThread 55 | HWThread 56 | HWThread 57 | HWThread 58 | HWThread 59 | HWThread 60 | HWThread 61 | HWThread 62 | HWThread 63 | HWThread 64 | HWThread 65 | HWThread 66 | HWThread 67 | HWThread 68 | HWThread 69 | HWThread 70 | HWThread 71 | HWThread 72 | HWThread 73 | HWThread 74 | HWThread 75 | HWThread 76 | HWThread 77 | HWThread 78 | HWThread 79 | HWThread 80 | HWThread 81 | HWThread 82 | HWThread 83 | HWThread 84 | HWThread 85 | HWThread 86 | HWThread 87 | HWThread 88 | HWThread 89 | HWThread 90 | HWThread 91 | HWThread 92 | HWThread 93 | HWThread 94 | HWThread 95 | HWThread 96 | HWThread 97 | HWThread 98 | HWThread 99 | HWThread 100 | HWThread 101 | HWThread 102 | HWThread 103 | HWThread 104 | HWThread 105 | HWThread 106 | HWThread 107 | HWThread 108 | HWThread 109 | HWThread 110 | HWThread 111 | HWThread 112 | HWThread 113 | HWThread 114 | HWThread 115 | HWThread 116 | HWThread 117 | HWThread 118 | HWThread 119 | HWThread 120 | HWThread 121 | HWThread 122 | HWThread 123 | HWThread 124 | HWThread 125 | HWThread 126 | HWThread 127 | HWThread 128 | HWThread 129 | HWThread 130 | HWThread 131 | HWThread 132 | HWThread 133 | HWThread 134 | HWThread 135 | HWThread 136 | HWThread 137 | HWThread 138 | HWThread 139 | HWThread 140 | HWThread 141 | HWThread 142 | HWThread 143 |
+-----------------------------------+-------------+------------+------------+------------+------------+------------+------------+------------+------------+------------+-------------+-------------+-------------+-------------+-------------+-------------+-------------+-------------+-------------+-------------+-------------+-------------+-------------+-------------+-------------+-------------+-------------+-------------+-------------+-------------+-------------+-------------+-------------+-------------+-------------+-------------+-------------+-------------+-------------+-------------+-------------+-------------+-------------+-------------+-------------+-------------+-------------+-------------+-------------+-------------+-------------+-------------+-------------+-------------+-------------+-------------+-------------+-------------+-------------+-------------+-------------+-------------+-------------+-------------+-------------+-------------+-------------+-------------+-------------+-------------+-------------+-------------+-------------+-------------+-------------+-------------+-------------+-------------+-------------+-------------+-------------+-------------+-------------+-------------+-------------+-------------+-------------+-------------+-------------+-------------+-------------+-------------+-------------+-------------+-------------+-------------+-------------+-------------+-------------+-------------+--------------+--------------+--------------+--------------+--------------+--------------+--------------+--------------+--------------+--------------+--------------+--------------+--------------+--------------+--------------+--------------+--------------+--------------+--------------+--------------+--------------+--------------+--------------+--------------+--------------+--------------+--------------+--------------+--------------+--------------+--------------+--------------+--------------+--------------+--------------+--------------+--------------+--------------+--------------+--------------+--------------+--------------+--------------+--------------+
|        Runtime (RDTSC) [s]        |   2814.0970 |  2807.5930 |  2800.2970 |  2786.5320 |  2803.6940 |  2788.0910 |  2818.8570 |  2783.8340 |  2781.6710 |  2806.0630 |   2818.0200 |   2803.9680 |   2803.9670 |   2801.1020 |   2806.0630 |   2799.5000 |   2814.9940 |   2799.7660 |   2803.1500 |   2799.2330 |   2814.4010 |   2800.8350 |   2805.7910 |   2798.6910 |   2806.5140 |   2789.8590 |   2796.1990 |   2805.2420 |   2789.0170 |   2781.4660 |   2797.3310 |   2785.1830 |   2804.4240 |   2797.6060 |   2808.7180 |   2817.2730 |   2816.7180 |   2808.1330 |   2797.6060 |   2817.2730 |   2790.4760 |   2784.1050 |   2819.6850 |   2809.0290 |   2789.2820 |   2819.1360 |   2788.7070 |   2816.4050 |   2802.0880 |   2784.9120 |   2785.9930 |   2812.5620 |   2809.7640 |   2781.9440 |   2813.4790 |   2805.5140 |   2806.7800 |   2782.9110 |   2815.2650 |   2804.9690 |   2807.8610 |   2784.3710 |   2801.3680 |   2800.5650 |   2807.3230 |   2801.6360 |   2798.9660 |   2802.3500 |   2801.6370 |   2800.0290 |   2818.3000 |   2783.5260 |   2797.0590 |   2796.5080 |   2815.8170 |   2817.7410 |   2804.6940 |   2787.2870 |   2814.7120 |   2816.9910 |   2798.3810 |   2803.1500 |   2784.6390 |   2807.0530 |   2802.6120 |   2818.5770 |   2785.7220 |   2796.7850 |   2802.8860 |   2785.4540 |   2786.2630 |   2810.5070 |   2809.3010 |   2819.4120 |   2809.3010 |   2815.5410 |   2786.5250 |   2809.7640 |   2810.0210 |   2787.2860 |    2795.9010 |    2787.6000 |    2794.9400 |    2786.8010 |    2792.7480 |    2790.1670 |    2792.4520 |    2792.7480 |    2813.7910 |    2789.5500 |    2788.3990 |    2791.8620 |    2792.4450 |    2810.8140 |    2793.3970 |    2790.4740 |    2794.3470 |    2811.1240 |    2791.3890 |    2791.0920 |    2798.0670 |    2810.8130 |    2812.8720 |    2782.2100 |    2808.4060 |    2812.2640 |    2782.2100 |    2782.2110 |    2811.5950 |    2795.2370 |    2816.0880 |    2795.2360 |    2794.9400 |    2811.5950 |    2794.6440 |    2811.5920 |    2783.2200 |    2792.1570 |    2793.6870 |    2793.3980 |    2813.1840 |    2793.9650 |    2791.0930 |    2814.1000 |
|        Runtime unhalted [s]       |   3946.1576 |  3944.1845 |  3944.4152 |  3944.3345 |  3944.8922 |  3944.2345 |  3944.6845 |  3944.8922 |  3943.7499 |  3943.9191 |   3944.1229 |   3944.0037 |   3944.2537 |   3943.5537 |   3944.3152 |   3944.4152 |   3944.4152 |   3944.4614 |   3944.6345 |   3944.7883 |   3944.6422 |   3944.8191 |   3944.6922 |   3944.6691 |   3944.5383 |   3944.8652 |   3944.5422 |   3944.5460 |   3944.1229 |   3944.3229 |   3944.9229 |   3944.5268 |   3943.6229 |   3944.0883 |   3944.2768 |   3943.6845 |   3943.9460 |   3944.1999 |   3943.5537 |   3943.7806 |   3944.1345 |   3944.5883 |   3945.0037 |   3945.0960 |   3944.8652 |   3945.3306 |   3944.6806 |   3945.2191 |   3945.0999 |   3944.7460 |   3944.4306 |   3945.2614 |   3944.7922 |   3945.1652 |   3944.4999 |   3944.6191 |   3944.2422 |   3943.8691 |   3943.9152 |   3944.6306 |   3944.0383 |   3944.3999 |   3944.1729 |   3943.8076 |   3945.0460 |   3943.7614 |   3944.7999 |   3945.2845 |   3945.1460 |   3944.3960 |   3944.7152 |   3944.5883 |   3944.3614 |   3943.9652 |   3944.9306 |   3944.7960 |   3944.9268 |   3944.7499 |   3944.5999 |   3944.1306 |   3944.2345 |   3943.8999 |   3943.1191 |   3944.0152 |   3944.3191 |   3943.9768 |   3943.8037 |   3943.6768 |   3944.1306 |   3944.3960 |   3944.3152 |   3944.4576 |   3944.1614 |   3944.6460 |   3944.1614 |   3944.4922 |   3953.8922 |   3953.1653 |   3953.3537 |   3953.4499 |    3953.3691 |    3953.3422 |    3953.6960 |    3954.0691 |    3954.1076 |    3953.9076 |    3953.3268 |    3953.4114 |    3954.1153 |    3953.5345 |    3953.8999 |    3953.7576 |    3954.1922 |    3954.5037 |    3954.0229 |    3954.2576 |    3954.1537 |    3954.2999 |    3954.5768 |    3954.1845 |    3954.5345 |    3954.5691 |    3954.2114 |    3954.4729 |    3954.9999 |    3954.4229 |    3954.5691 |    3954.5114 |    3953.9691 |    3953.7729 |    3952.9537 |    3954.0306 |    3953.7422 |    3954.1691 |    3953.7614 |    3953.7999 |    3954.7037 |    3954.6345 |    3954.7114 |    3954.4153 |    3954.4922 |    3954.0691 |    3955.0229 |    3954.4383 |
|            Clock [MHz]            |   3689.8875 |  3689.3443 |  3689.4887 |  3689.5153 |  3689.5504 |  3689.5708 |  3689.4700 |  3689.5172 |  3689.6306 |  3689.5290 |   3689.5722 |   3689.5081 |   3689.4892 |   3689.5467 |   3689.5340 |   3689.5576 |   3689.4846 |   3689.5880 |   3689.5233 |   3689.5217 |   3689.5887 |   3689.5520 |   3689.5670 |   3689.6041 |   3689.5268 |   3689.5140 |   3689.5278 |   3689.5146 |   3689.5293 |   3689.5657 |   3689.4888 |   3689.5553 |   3689.4582 |   3689.5153 |   3689.5910 |   3689.5623 |   3689.5568 |   3689.5670 |   3689.4777 |   3689.5471 |   3689.5421 |   3689.5643 |   3689.5485 |   3689.5113 |   3689.5165 |   3689.5006 |   3689.5327 |   3689.5514 |   3689.5277 |   3689.5566 |   3689.5200 |   3689.5328 |   3689.5232 |   3689.5419 |   3689.5791 |   3689.5247 |   3689.5091 |   3689.5599 |   3689.5678 |   3689.5927 |   3689.5236 |   3689.4937 |   3689.5168 |   3689.5253 |   3689.4978 |   3689.5005 |   3689.5320 |   3689.5978 |   3689.5127 |   3689.4845 |   3689.5881 |   3689.5383 |   3689.5272 |   3689.5017 |   3689.5108 |   3689.5707 |   3689.5511 |   3689.5817 |   3689.4980 |   3689.4977 |   3689.6050 |   3689.5805 |   3689.5286 |   3689.5373 |   3689.5009 |   3689.5733 |   3689.5452 |   3689.5520 |   3689.5222 |   3689.5514 |   3689.5208 |   3689.5135 |   3689.5096 |   3689.5096 |   3689.5193 |   3689.4856 |   3699.3155 |   3699.4674 |   3699.4814 |   3699.5233 |    3699.3965 |    3699.5147 |    3699.4371 |    3699.3791 |    3699.3880 |    3699.4615 |    3699.4726 |    3699.4560 |    3699.5534 |    3699.5010 |    3699.4374 |    3699.4537 |    3699.4707 |    3699.4811 |    3699.4481 |    3699.4889 |    3699.4168 |    3699.5940 |    3699.5822 |    3699.4451 |    3699.5001 |    3699.5617 |    3699.5158 |    3699.5025 |    3699.6350 |    3699.5100 |    3699.4711 |    3699.3639 |    3699.5303 |    3699.4917 |    3699.5107 |    3699.4891 |    3699.4429 |    3699.4496 |    3699.5270 |    3699.5455 |    3699.5627 |    3699.5425 |    3699.4578 |    3699.5407 |    3699.4575 |    3699.5844 |    3699.4677 |    3699.5100 |
|                CPI                |      1.5236 |     1.5362 |     1.5342 |     1.5392 |     1.5259 |     1.5385 |     1.5313 |     1.5416 |     1.3002 |     1.3033 |      1.3055 |      1.3118 |      1.3025 |      1.3131 |      1.3094 |      1.3110 |      1.5016 |      1.5093 |      1.4950 |      1.5042 |      1.4983 |      1.5138 |      1.5044 |      1.5052 |      1.5328 |      1.5283 |      1.5322 |      1.5348 |      1.5279 |      1.5369 |      1.5325 |      1.5429 |      1.3086 |      1.3132 |      1.3141 |      1.3133 |      1.3096 |      1.3175 |      1.3122 |      1.3193 |      1.5036 |      1.5077 |      1.5105 |      1.5134 |      1.5075 |      1.5242 |      1.5101 |      1.5213 |      1.5179 |      1.5227 |      1.5147 |      1.5254 |      1.5144 |      1.5268 |      1.5261 |      1.5342 |      1.3052 |      1.3030 |      1.3013 |      1.3090 |      1.3040 |      1.3095 |      1.3095 |      1.3210 |      1.4980 |      1.4960 |      1.4981 |      1.5088 |      1.5038 |      1.5084 |      1.5067 |      1.5074 |      1.5314 |      1.5372 |      1.5285 |      1.5415 |      1.5320 |      1.5436 |      1.5471 |      1.5442 |      1.3059 |      1.3137 |      1.3087 |      1.3124 |      1.3104 |      1.3183 |      1.3065 |      1.3187 |      1.4965 |      1.4938 |      1.4900 |      1.5023 |      1.4967 |      1.5058 |      1.5015 |      1.5112 |      1.8452 |      1.8435 |      1.8417 |      1.8466 |       1.8478 |       1.8472 |       1.8410 |       1.8511 |       1.4204 |       1.4273 |       1.4206 |       1.4261 |       1.4229 |       1.4235 |       1.4329 |       1.4309 |       1.8093 |       1.8146 |       1.7958 |       1.8177 |       1.8007 |       1.8185 |       1.8112 |       1.8280 |       1.8364 |       1.8583 |       1.8443 |       1.8606 |       1.8394 |       1.8583 |       1.8533 |       1.8628 |       1.4174 |       1.4228 |       1.4139 |       1.4281 |       1.4204 |       1.4297 |       1.4266 |       1.4337 |       1.8469 |       1.8417 |       1.8406 |       1.8455 |       1.8476 |       1.8471 |       1.8503 |       1.8641 |
|  Memory read bandwidth [MBytes/s] | 292317.5655 |          0 |          0 |          0 |          0 |          0 |          0 |          0 |          0 |          0 |           0 |           0 |           0 |           0 |           0 |           0 |           0 |           0 |           0 |           0 |           0 |           0 |           0 |           0 |           0 |           0 |           0 |           0 |           0 |           0 |           0 |           0 |           0 |           0 |           0 |           0 |           0 |           0 |           0 |           0 |           0 |           0 |           0 |           0 |           0 |           0 |           0 |           0 |           0 |           0 |           0 |           0 |           0 |           0 |           0 |           0 |           0 |           0 |           0 |           0 |           0 |           0 |           0 |           0 |           0 |           0 |           0 |           0 |           0 |           0 |           0 |           0 |           0 |           0 |           0 |           0 |           0 |           0 |           0 |           0 |           0 |           0 |           0 |           0 |           0 |           0 |           0 |           0 |           0 |           0 |           0 |           0 |           0 |           0 |           0 |           0 | 114000.3157 |           0 |           0 |           0 |            0 |            0 |            0 |            0 |            0 |            0 |            0 |            0 |            0 |            0 |            0 |            0 |            0 |            0 |            0 |            0 |            0 |            0 |            0 |            0 |            0 |            0 |            0 |            0 |            0 |            0 |            0 |            0 |            0 |            0 |            0 |            0 |            0 |            0 |            0 |            0 |            0 |            0 |            0 |            0 |            0 |            0 |            0 |            0 |
|  Memory read data volume [GBytes] | 822609.9840 |          0 |          0 |          0 |          0 |          0 |          0 |          0 |          0 |          0 |           0 |           0 |           0 |           0 |           0 |           0 |           0 |           0 |           0 |           0 |           0 |           0 |           0 |           0 |           0 |           0 |           0 |           0 |           0 |           0 |           0 |           0 |           0 |           0 |           0 |           0 |           0 |           0 |           0 |           0 |           0 |           0 |           0 |           0 |           0 |           0 |           0 |           0 |           0 |           0 |           0 |           0 |           0 |           0 |           0 |           0 |           0 |           0 |           0 |           0 |           0 |           0 |           0 |           0 |           0 |           0 |           0 |           0 |           0 |           0 |           0 |           0 |           0 |           0 |           0 |           0 |           0 |           0 |           0 |           0 |           0 |           0 |           0 |           0 |           0 |           0 |           0 |           0 |           0 |           0 |           0 |           0 |           0 |           0 |           0 |           0 | 317664.7296 |           0 |           0 |           0 |            0 |            0 |            0 |            0 |            0 |            0 |            0 |            0 |            0 |            0 |            0 |            0 |            0 |            0 |            0 |            0 |            0 |            0 |            0 |            0 |            0 |            0 |            0 |            0 |            0 |            0 |            0 |            0 |            0 |            0 |            0 |            0 |            0 |            0 |            0 |            0 |            0 |            0 |            0 |            0 |            0 |            0 |            0 |            0 |
| Memory write bandwidth [MBytes/s] |    430.3643 |          0 |          0 |          0 |          0 |          0 |          0 |          0 |          0 |          0 |           0 |           0 |           0 |           0 |           0 |           0 |           0 |           0 |           0 |           0 |           0 |           0 |           0 |           0 |           0 |           0 |           0 |           0 |           0 |           0 |           0 |           0 |           0 |           0 |           0 |           0 |           0 |           0 |           0 |           0 |           0 |           0 |           0 |           0 |           0 |           0 |           0 |           0 |           0 |           0 |           0 |           0 |           0 |           0 |           0 |           0 |           0 |           0 |           0 |           0 |           0 |           0 |           0 |           0 |           0 |           0 |           0 |           0 |           0 |           0 |           0 |           0 |           0 |           0 |           0 |           0 |           0 |           0 |           0 |           0 |           0 |           0 |           0 |           0 |           0 |           0 |           0 |           0 |           0 |           0 |           0 |           0 |           0 |           0 |           0 |           0 |    312.9812 |           0 |           0 |           0 |            0 |            0 |            0 |            0 |            0 |            0 |            0 |            0 |            0 |            0 |            0 |            0 |            0 |            0 |            0 |            0 |            0 |            0 |            0 |            0 |            0 |            0 |            0 |            0 |            0 |            0 |            0 |            0 |            0 |            0 |            0 |            0 |            0 |            0 |            0 |            0 |            0 |            0 |            0 |            0 |            0 |            0 |            0 |            0 |
| Memory write data volume [GBytes] |   1211.0868 |          0 |          0 |          0 |          0 |          0 |          0 |          0 |          0 |          0 |           0 |           0 |           0 |           0 |           0 |           0 |           0 |           0 |           0 |           0 |           0 |           0 |           0 |           0 |           0 |           0 |           0 |           0 |           0 |           0 |           0 |           0 |           0 |           0 |           0 |           0 |           0 |           0 |           0 |           0 |           0 |           0 |           0 |           0 |           0 |           0 |           0 |           0 |           0 |           0 |           0 |           0 |           0 |           0 |           0 |           0 |           0 |           0 |           0 |           0 |           0 |           0 |           0 |           0 |           0 |           0 |           0 |           0 |           0 |           0 |           0 |           0 |           0 |           0 |           0 |           0 |           0 |           0 |           0 |           0 |           0 |           0 |           0 |           0 |           0 |           0 |           0 |           0 |           0 |           0 |           0 |           0 |           0 |           0 |           0 |           0 |    872.1299 |           0 |           0 |           0 |            0 |            0 |            0 |            0 |            0 |            0 |            0 |            0 |            0 |            0 |            0 |            0 |            0 |            0 |            0 |            0 |            0 |            0 |            0 |            0 |            0 |            0 |            0 |            0 |            0 |            0 |            0 |            0 |            0 |            0 |            0 |            0 |            0 |            0 |            0 |            0 |            0 |            0 |            0 |            0 |            0 |            0 |            0 |            0 |
|    Memory bandwidth [MBytes/s]    | 292747.9297 |          0 |          0 |          0 |          0 |          0 |          0 |          0 |          0 |          0 |           0 |           0 |           0 |           0 |           0 |           0 |           0 |           0 |           0 |           0 |           0 |           0 |           0 |           0 |           0 |           0 |           0 |           0 |           0 |           0 |           0 |           0 |           0 |           0 |           0 |           0 |           0 |           0 |           0 |           0 |           0 |           0 |           0 |           0 |           0 |           0 |           0 |           0 |           0 |           0 |           0 |           0 |           0 |           0 |           0 |           0 |           0 |           0 |           0 |           0 |           0 |           0 |           0 |           0 |           0 |           0 |           0 |           0 |           0 |           0 |           0 |           0 |           0 |           0 |           0 |           0 |           0 |           0 |           0 |           0 |           0 |           0 |           0 |           0 |           0 |           0 |           0 |           0 |           0 |           0 |           0 |           0 |           0 |           0 |           0 |           0 | 114313.2968 |           0 |           0 |           0 |            0 |            0 |            0 |            0 |            0 |            0 |            0 |            0 |            0 |            0 |            0 |            0 |            0 |            0 |            0 |            0 |            0 |            0 |            0 |            0 |            0 |            0 |            0 |            0 |            0 |            0 |            0 |            0 |            0 |            0 |            0 |            0 |            0 |            0 |            0 |            0 |            0 |            0 |            0 |            0 |            0 |            0 |            0 |            0 |
|    Memory data volume [GBytes]    | 823821.0708 |          0 |          0 |          0 |          0 |          0 |          0 |          0 |          0 |          0 |           0 |           0 |           0 |           0 |           0 |           0 |           0 |           0 |           0 |           0 |           0 |           0 |           0 |           0 |           0 |           0 |           0 |           0 |           0 |           0 |           0 |           0 |           0 |           0 |           0 |           0 |           0 |           0 |           0 |           0 |           0 |           0 |           0 |           0 |           0 |           0 |           0 |           0 |           0 |           0 |           0 |           0 |           0 |           0 |           0 |           0 |           0 |           0 |           0 |           0 |           0 |           0 |           0 |           0 |           0 |           0 |           0 |           0 |           0 |           0 |           0 |           0 |           0 |           0 |           0 |           0 |           0 |           0 |           0 |           0 |           0 |           0 |           0 |           0 |           0 |           0 |           0 |           0 |           0 |           0 |           0 |           0 |           0 |           0 |           0 |           0 | 318536.8595 |           0 |           0 |           0 |            0 |            0 |            0 |            0 |            0 |            0 |            0 |            0 |            0 |            0 |            0 |            0 |            0 |            0 |            0 |            0 |            0 |            0 |            0 |            0 |            0 |            0 |            0 |            0 |            0 |            0 |            0 |            0 |            0 |            0 |            0 |            0 |            0 |            0 |            0 |            0 |            0 |            0 |            0 |            0 |            0 |            0 |            0 |            0 |
+-----------------------------------+-------------+------------+------------+------------+------------+------------+------------+------------+------------+------------+-------------+-------------+-------------+-------------+-------------+-------------+-------------+-------------+-------------+-------------+-------------+-------------+-------------+-------------+-------------+-------------+-------------+-------------+-------------+-------------+-------------+-------------+-------------+-------------+-------------+-------------+-------------+-------------+-------------+-------------+-------------+-------------+-------------+-------------+-------------+-------------+-------------+-------------+-------------+-------------+-------------+-------------+-------------+-------------+-------------+-------------+-------------+-------------+-------------+-------------+-------------+-------------+-------------+-------------+-------------+-------------+-------------+-------------+-------------+-------------+-------------+-------------+-------------+-------------+-------------+-------------+-------------+-------------+-------------+-------------+-------------+-------------+-------------+-------------+-------------+-------------+-------------+-------------+-------------+-------------+-------------+-------------+-------------+-------------+-------------+-------------+-------------+-------------+-------------+-------------+--------------+--------------+--------------+--------------+--------------+--------------+--------------+--------------+--------------+--------------+--------------+--------------+--------------+--------------+--------------+--------------+--------------+--------------+--------------+--------------+--------------+--------------+--------------+--------------+--------------+--------------+--------------+--------------+--------------+--------------+--------------+--------------+--------------+--------------+--------------+--------------+--------------+--------------+--------------+--------------+--------------+--------------+--------------+--------------+

+----------------------------------------+--------------+-----------+-------------+-----------+
|                 Metric                 |      Sum     |    Min    |     Max     |    Avg    |
+----------------------------------------+--------------+-----------+-------------+-----------+
|        Runtime (RDTSC) [s] STAT        |  403276.5240 | 2781.4660 |   2819.6850 | 2800.5314 |
|        Runtime unhalted [s] STAT       |  568460.9688 | 3943.1191 |   3955.0229 | 3947.6456 |
|            Clock [MHz] STAT            |  531770.8821 | 3689.3443 |   3699.6350 | 3692.8533 |
|                CPI STAT                |     220.7576 |    1.3002 |      1.8641 |    1.5330 |
|  Memory read bandwidth [MBytes/s] STAT |  406317.8812 |         0 | 292317.5655 | 2821.6520 |
|  Memory read data volume [GBytes] STAT | 1.140275e+06 |         0 | 822609.9840 | 7918.5744 |
| Memory write bandwidth [MBytes/s] STAT |     743.3455 |         0 |    430.3643 |    5.1621 |
| Memory write data volume [GBytes] STAT |    2083.2167 |         0 |   1211.0868 |   14.4668 |
|    Memory bandwidth [MBytes/s] STAT    |  407061.2265 |         0 | 292747.9297 | 2826.8141 |
|    Memory data volume [GBytes] STAT    | 1.142358e+06 |         0 | 823821.0708 | 7933.0412 |
+----------------------------------------+--------------+-----------+-------------+-----------+

