INFO: You are running LIKWID in a cpuset with 160 CPUs. Taking given IDs as logical ID in cpuset
--------------------------------------------------------------------------------
CPU name:	AMD EPYC 9A14 96-Core Processor                
CPU type:	AMD K19 (Zen4) architecture
CPU clock:	2.60 GHz
--------------------------------------------------------------------------------
Sys.CPU_THREADS       192
SLURM_CPUS_PER_TASK   160
OMP_NUM_THREADS       160
OMP_PROC_BIND         close
OMP_PLACES            cores
BLAS_NUM_THREADS      1
Threads.nthreads()    1

Successfully read data from: /public/home/halili/jld2file/6-31g/hcn-1.0-6-31g.jld2
  name: hcn
  ratio: 1.0
  basis: 6-31g
  nα: 7, nβ: 7, ne: 14, norb: 20, nq: 40

  ngs: 13755
  ncs: 72681

Warming up JIT and Hardware...
Warm-up completed.
  Step 001:  residual: 7.7049e-01,  e: -92.82763179936582
  Step 002:  residual: 3.7087e-01,  e: -93.01183870091435
  Step 003:  residual: 1.4548e-01,  e: -93.04687547021054
  Step 004:  residual: 5.7932e-02,  e: -93.05170251010426
  Step 005:  residual: 2.8328e-02,  e: -93.05243615719529
  Step 006:  residual: 1.3340e-02,  e: -93.05261925959205
  Step 007:  residual: 5.6500e-03,  e: -93.05265620776176
  Step 008:  residual: 2.2421e-03,  e: -93.05266215767737
  Step 009:  residual: 8.8227e-04,  e: -93.05266309075259
  Step 010:  residual: 3.8870e-04,  e: -93.05266324625531
  Step 011:  residual: 1.8353e-04,  e: -93.05266327684572
  Step 012:  residual: 8.8481e-05,  e: -93.05266328403812
  Step 013:  residual: 3.8778e-05,  e: -93.05266328559722
  Step 014:  residual: 1.6948e-05,  e: -93.05266328585537
  Step 015:  residual: 6.9143e-06,  e: -93.05266328590446

Convergence reached!
2897.152668 seconds (7.21 M allocations: 347.495 GiB, 0.02% gc time, 0.07% compilation time)
--------------------------------------------------------------------------------
Region hvec_direct_agg, Group 1: MEM
+-------------------+-------------+-------------+-------------+-------------+-------------+-------------+-------------+-------------+-------------+-------------+-------------+-------------+-------------+-------------+-------------+-------------+-------------+-------------+-------------+-------------+-------------+-------------+-------------+-------------+-------------+-------------+-------------+-------------+-------------+-------------+-------------+-------------+-------------+-------------+-------------+-------------+-------------+-------------+-------------+-------------+-------------+-------------+-------------+-------------+-------------+-------------+-------------+-------------+-------------+-------------+-------------+-------------+-------------+-------------+-------------+-------------+-------------+-------------+-------------+-------------+-------------+-------------+-------------+-------------+-------------+-------------+-------------+-------------+-------------+-------------+-------------+-------------+-------------+-------------+-------------+-------------+-------------+-------------+-------------+-------------+-------------+-------------+-------------+-------------+-------------+-------------+-------------+-------------+-------------+-------------+-------------+-------------+-------------+-------------+-------------+-------------+-------------+-------------+-------------+-------------+--------------+--------------+--------------+--------------+--------------+--------------+--------------+--------------+--------------+--------------+--------------+--------------+--------------+--------------+--------------+--------------+--------------+--------------+--------------+--------------+--------------+--------------+--------------+--------------+--------------+--------------+--------------+--------------+--------------+--------------+--------------+--------------+--------------+--------------+--------------+--------------+--------------+--------------+--------------+--------------+--------------+--------------+--------------+--------------+--------------+--------------+--------------+--------------+--------------+--------------+--------------+--------------+--------------+--------------+--------------+--------------+--------------+--------------+--------------+--------------+
|    Region Info    |  HWThread 0 |  HWThread 1 |  HWThread 2 |  HWThread 3 |  HWThread 4 |  HWThread 5 |  HWThread 6 |  HWThread 7 |  HWThread 8 |  HWThread 9 | HWThread 10 | HWThread 11 | HWThread 12 | HWThread 13 | HWThread 14 | HWThread 15 | HWThread 16 | HWThread 17 | HWThread 18 | HWThread 19 | HWThread 20 | HWThread 21 | HWThread 22 | HWThread 23 | HWThread 24 | HWThread 25 | HWThread 26 | HWThread 27 | HWThread 28 | HWThread 29 | HWThread 30 | HWThread 31 | HWThread 32 | HWThread 33 | HWThread 34 | HWThread 35 | HWThread 36 | HWThread 37 | HWThread 38 | HWThread 39 | HWThread 40 | HWThread 41 | HWThread 42 | HWThread 43 | HWThread 44 | HWThread 45 | HWThread 46 | HWThread 47 | HWThread 48 | HWThread 49 | HWThread 50 | HWThread 51 | HWThread 52 | HWThread 53 | HWThread 54 | HWThread 55 | HWThread 56 | HWThread 57 | HWThread 58 | HWThread 59 | HWThread 60 | HWThread 61 | HWThread 62 | HWThread 63 | HWThread 64 | HWThread 65 | HWThread 66 | HWThread 67 | HWThread 68 | HWThread 69 | HWThread 70 | HWThread 71 | HWThread 72 | HWThread 73 | HWThread 74 | HWThread 75 | HWThread 76 | HWThread 77 | HWThread 78 | HWThread 79 | HWThread 80 | HWThread 81 | HWThread 82 | HWThread 83 | HWThread 84 | HWThread 85 | HWThread 86 | HWThread 87 | HWThread 88 | HWThread 89 | HWThread 90 | HWThread 91 | HWThread 92 | HWThread 93 | HWThread 94 | HWThread 95 | HWThread 96 | HWThread 97 | HWThread 98 | HWThread 99 | HWThread 100 | HWThread 101 | HWThread 102 | HWThread 103 | HWThread 104 | HWThread 105 | HWThread 106 | HWThread 107 | HWThread 108 | HWThread 109 | HWThread 110 | HWThread 111 | HWThread 112 | HWThread 113 | HWThread 114 | HWThread 115 | HWThread 116 | HWThread 117 | HWThread 118 | HWThread 119 | HWThread 120 | HWThread 121 | HWThread 122 | HWThread 123 | HWThread 124 | HWThread 125 | HWThread 126 | HWThread 127 | HWThread 128 | HWThread 129 | HWThread 130 | HWThread 131 | HWThread 132 | HWThread 133 | HWThread 134 | HWThread 135 | HWThread 136 | HWThread 137 | HWThread 138 | HWThread 139 | HWThread 140 | HWThread 141 | HWThread 142 | HWThread 143 | HWThread 144 | HWThread 145 | HWThread 146 | HWThread 147 | HWThread 148 | HWThread 149 | HWThread 150 | HWThread 151 | HWThread 152 | HWThread 153 | HWThread 154 | HWThread 155 | HWThread 156 | HWThread 157 | HWThread 158 | HWThread 159 |
+-------------------+-------------+-------------+-------------+-------------+-------------+-------------+-------------+-------------+-------------+-------------+-------------+-------------+-------------+-------------+-------------+-------------+-------------+-------------+-------------+-------------+-------------+-------------+-------------+-------------+-------------+-------------+-------------+-------------+-------------+-------------+-------------+-------------+-------------+-------------+-------------+-------------+-------------+-------------+-------------+-------------+-------------+-------------+-------------+-------------+-------------+-------------+-------------+-------------+-------------+-------------+-------------+-------------+-------------+-------------+-------------+-------------+-------------+-------------+-------------+-------------+-------------+-------------+-------------+-------------+-------------+-------------+-------------+-------------+-------------+-------------+-------------+-------------+-------------+-------------+-------------+-------------+-------------+-------------+-------------+-------------+-------------+-------------+-------------+-------------+-------------+-------------+-------------+-------------+-------------+-------------+-------------+-------------+-------------+-------------+-------------+-------------+-------------+-------------+-------------+-------------+--------------+--------------+--------------+--------------+--------------+--------------+--------------+--------------+--------------+--------------+--------------+--------------+--------------+--------------+--------------+--------------+--------------+--------------+--------------+--------------+--------------+--------------+--------------+--------------+--------------+--------------+--------------+--------------+--------------+--------------+--------------+--------------+--------------+--------------+--------------+--------------+--------------+--------------+--------------+--------------+--------------+--------------+--------------+--------------+--------------+--------------+--------------+--------------+--------------+--------------+--------------+--------------+--------------+--------------+--------------+--------------+--------------+--------------+--------------+--------------+
| RDTSC Runtime [s] | 2835.947000 | 2789.824000 | 2830.254000 | 2786.347000 | 2833.136000 | 2823.822000 | 2787.048000 | 2803.308000 | 2833.447000 | 2784.630000 | 2784.630000 | 2812.420000 | 2827.143000 | 2812.419000 | 2814.755000 | 2814.757000 | 2834.156000 | 2815.624000 | 2832.815000 | 2810.923000 | 2831.532000 | 2817.186000 | 2799.478000 | 2801.269000 | 2805.665000 | 2807.080000 | 2785.241000 | 2807.079000 | 2808.487000 | 2807.079000 | 2805.034000 | 2818.608000 | 2834.853000 | 2799.096000 | 2832.493000 | 2824.617000 | 2813.657000 | 2818.999000 | 2813.028000 | 2818.998000 | 2834.532000 | 2816.478000 | 2786.733000 | 2809.750000 | 2806.697000 | 2809.115000 | 2831.210000 | 2808.168000 | 2814.375000 | 2815.306000 | 2807.851000 | 2810.607000 | 2813.338000 | 2830.889000 | 2827.931000 | 2835.951000 | 2835.573000 | 2822.775000 | 2805.979000 | 2798.387000 | 2808.797000 | 2809.434000 | 2832.173000 | 2811.633000 | 2803.627000 | 2805.352000 | 2825.007000 | 2802.685000 | 2800.958000 | 2800.102000 | 2783.975000 | 2824.616000 | 2798.079000 | 2829.087000 | 2802.996000 | 2799.789000 | 2829.088000 | 2799.790000 | 2801.584000 | 2803.942000 | 2825.962000 | 2829.629000 | 2830.572000 | 2797.695000 | 2802.304000 | 2828.708000 | 2831.853000 | 2800.649000 | 2815.939000 | 2829.938000 | 2810.068000 | 2815.938000 | 2804.256000 | 2804.257000 | 2810.068000 | 2804.256000 | 2827.527000 | 2811.237000 | 2798.699000 | 2828.309000 |  2813.975000 |  2836.260000 |  2793.574000 |  2812.015000 |  2821.623000 |  2822.389000 |  2794.343000 |  2792.934000 |  2794.602000 |  2792.934000 |  2787.362000 |  2788.408000 |  2787.762000 |  2816.789000 |  2785.959000 |  2835.168000 |  2817.184000 |  2817.562000 |  2833.756000 |  2787.762000 |  2790.873000 |  2790.210000 |  2790.210000 |  2801.901000 |  2790.209000 |  2820.588000 |  2784.227000 |  2785.558000 |  2822.004000 |  2819.943000 |  2792.032000 |  2792.032000 |  2820.325000 |  2791.770000 |  2821.236000 |  2819.943000 |  2796.790000 |  2791.395000 |  2806.294000 |  2796.790000 |  2796.789000 |  2826.347000 |  2819.536000 |  2791.130000 |  2795.886000 |  2795.886000 |  2788.788000 |  2822.773000 |  2823.153000 |  2793.574000 |  2795.886000 |  2793.955000 |  2825.557000 |  2824.210000 |  2795.243000 |  2789.181000 |  2826.746000 |  2794.987000 |  2818.212000 |  2789.181000 |
|     call count    |          15 |          15 |          15 |          15 |          15 |          15 |          15 |          15 |          15 |          15 |          15 |          15 |          15 |          15 |          15 |          15 |          15 |          15 |          15 |          15 |          15 |          15 |          15 |          15 |          15 |          15 |          15 |          15 |          15 |          15 |          15 |          15 |          15 |          15 |          15 |          15 |          15 |          15 |          15 |          15 |          15 |          15 |          15 |          15 |          15 |          15 |          15 |          15 |          15 |          15 |          15 |          15 |          15 |          15 |          15 |          15 |          15 |          15 |          15 |          15 |          15 |          15 |          15 |          15 |          15 |          15 |          15 |          15 |          15 |          15 |          15 |          15 |          15 |          15 |          15 |          15 |          15 |          15 |          15 |          15 |          15 |          15 |          15 |          15 |          15 |          15 |          15 |          15 |          15 |          15 |          15 |          15 |          15 |          15 |          15 |          15 |          15 |          15 |          15 |          15 |           15 |           15 |           15 |           15 |           15 |           15 |           15 |           15 |           15 |           15 |           15 |           15 |           15 |           15 |           15 |           15 |           15 |           15 |           15 |           15 |           15 |           15 |           15 |           15 |           15 |           15 |           15 |           15 |           15 |           15 |           15 |           15 |           15 |           15 |           15 |           15 |           15 |           15 |           15 |           15 |           15 |           15 |           15 |           15 |           15 |           15 |           15 |           15 |           15 |           15 |           15 |           15 |           15 |           15 |           15 |           15 |           15 |           15 |           15 |           15 |
+-------------------+-------------+-------------+-------------+-------------+-------------+-------------+-------------+-------------+-------------+-------------+-------------+-------------+-------------+-------------+-------------+-------------+-------------+-------------+-------------+-------------+-------------+-------------+-------------+-------------+-------------+-------------+-------------+-------------+-------------+-------------+-------------+-------------+-------------+-------------+-------------+-------------+-------------+-------------+-------------+-------------+-------------+-------------+-------------+-------------+-------------+-------------+-------------+-------------+-------------+-------------+-------------+-------------+-------------+-------------+-------------+-------------+-------------+-------------+-------------+-------------+-------------+-------------+-------------+-------------+-------------+-------------+-------------+-------------+-------------+-------------+-------------+-------------+-------------+-------------+-------------+-------------+-------------+-------------+-------------+-------------+-------------+-------------+-------------+-------------+-------------+-------------+-------------+-------------+-------------+-------------+-------------+-------------+-------------+-------------+-------------+-------------+-------------+-------------+-------------+-------------+--------------+--------------+--------------+--------------+--------------+--------------+--------------+--------------+--------------+--------------+--------------+--------------+--------------+--------------+--------------+--------------+--------------+--------------+--------------+--------------+--------------+--------------+--------------+--------------+--------------+--------------+--------------+--------------+--------------+--------------+--------------+--------------+--------------+--------------+--------------+--------------+--------------+--------------+--------------+--------------+--------------+--------------+--------------+--------------+--------------+--------------+--------------+--------------+--------------+--------------+--------------+--------------+--------------+--------------+--------------+--------------+--------------+--------------+--------------+--------------+

+----------------------+---------+----------------+----------------+----------------+----------------+----------------+----------------+----------------+----------------+----------------+----------------+----------------+----------------+----------------+----------------+----------------+----------------+----------------+----------------+----------------+----------------+----------------+----------------+----------------+----------------+----------------+----------------+----------------+----------------+----------------+----------------+----------------+----------------+----------------+----------------+----------------+----------------+----------------+----------------+----------------+----------------+----------------+----------------+----------------+----------------+----------------+----------------+----------------+----------------+----------------+----------------+----------------+----------------+----------------+----------------+----------------+----------------+----------------+----------------+----------------+----------------+----------------+----------------+----------------+----------------+----------------+----------------+----------------+----------------+----------------+----------------+----------------+----------------+----------------+----------------+----------------+----------------+----------------+----------------+----------------+----------------+----------------+----------------+----------------+----------------+----------------+----------------+----------------+----------------+----------------+----------------+----------------+----------------+----------------+----------------+----------------+----------------+----------------+----------------+----------------+----------------+----------------+----------------+----------------+----------------+----------------+----------------+----------------+----------------+----------------+----------------+----------------+----------------+----------------+----------------+----------------+----------------+----------------+----------------+----------------+----------------+----------------+----------------+----------------+----------------+----------------+----------------+----------------+----------------+----------------+----------------+----------------+----------------+----------------+----------------+----------------+----------------+----------------+----------------+----------------+----------------+----------------+----------------+----------------+----------------+----------------+----------------+----------------+----------------+----------------+----------------+----------------+----------------+----------------+----------------+----------------+----------------+----------------+----------------+----------------+----------------+
|         Event        | Counter |   HWThread 0   |   HWThread 1   |   HWThread 2   |   HWThread 3   |   HWThread 4   |   HWThread 5   |   HWThread 6   |   HWThread 7   |   HWThread 8   |   HWThread 9   |   HWThread 10  |   HWThread 11  |   HWThread 12  |   HWThread 13  |   HWThread 14  |   HWThread 15  |   HWThread 16  |   HWThread 17  |   HWThread 18  |   HWThread 19  |   HWThread 20  |   HWThread 21  |   HWThread 22  |   HWThread 23  |   HWThread 24  |   HWThread 25  |   HWThread 26  |   HWThread 27  |   HWThread 28  |   HWThread 29  |   HWThread 30  |   HWThread 31  |   HWThread 32  |   HWThread 33  |   HWThread 34  |   HWThread 35  |   HWThread 36  |   HWThread 37  |   HWThread 38  |   HWThread 39  |   HWThread 40  |   HWThread 41  |   HWThread 42  |   HWThread 43  |   HWThread 44  |   HWThread 45  |   HWThread 46  |   HWThread 47  |   HWThread 48  |   HWThread 49  |   HWThread 50  |   HWThread 51  |   HWThread 52  |   HWThread 53  |   HWThread 54  |   HWThread 55  |   HWThread 56  |   HWThread 57  |   HWThread 58  |   HWThread 59  |   HWThread 60  |   HWThread 61  |   HWThread 62  |   HWThread 63  |   HWThread 64  |   HWThread 65  |   HWThread 66  |   HWThread 67  |   HWThread 68  |   HWThread 69  |   HWThread 70  |   HWThread 71  |   HWThread 72  |   HWThread 73  |   HWThread 74  |   HWThread 75  |   HWThread 76  |   HWThread 77  |   HWThread 78  |   HWThread 79  |   HWThread 80  |   HWThread 81  |   HWThread 82  |   HWThread 83  |   HWThread 84  |   HWThread 85  |   HWThread 86  |   HWThread 87  |   HWThread 88  |   HWThread 89  |   HWThread 90  |   HWThread 91  |   HWThread 92  |   HWThread 93  |   HWThread 94  |   HWThread 95  |   HWThread 96  |   HWThread 97  |   HWThread 98  |   HWThread 99  |  HWThread 100  |  HWThread 101  |  HWThread 102  |  HWThread 103  |  HWThread 104  |  HWThread 105  |  HWThread 106  |  HWThread 107  |  HWThread 108  |  HWThread 109  |  HWThread 110  |  HWThread 111  |  HWThread 112  |  HWThread 113  |  HWThread 114  |  HWThread 115  |  HWThread 116  |  HWThread 117  |  HWThread 118  |  HWThread 119  |  HWThread 120  |  HWThread 121  |  HWThread 122  |  HWThread 123  |  HWThread 124  |  HWThread 125  |  HWThread 126  |  HWThread 127  |  HWThread 128  |  HWThread 129  |  HWThread 130  |  HWThread 131  |  HWThread 132  |  HWThread 133  |  HWThread 134  |  HWThread 135  |  HWThread 136  |  HWThread 137  |  HWThread 138  |  HWThread 139  |  HWThread 140  |  HWThread 141  |  HWThread 142  |  HWThread 143  |  HWThread 144  |  HWThread 145  |  HWThread 146  |  HWThread 147  |  HWThread 148  |  HWThread 149  |  HWThread 150  |  HWThread 151  |  HWThread 152  |  HWThread 153  |  HWThread 154  |  HWThread 155  |  HWThread 156  |  HWThread 157  |  HWThread 158  |  HWThread 159  |
+----------------------+---------+----------------+----------------+----------------+----------------+----------------+----------------+----------------+----------------+----------------+----------------+----------------+----------------+----------------+----------------+----------------+----------------+----------------+----------------+----------------+----------------+----------------+----------------+----------------+----------------+----------------+----------------+----------------+----------------+----------------+----------------+----------------+----------------+----------------+----------------+----------------+----------------+----------------+----------------+----------------+----------------+----------------+----------------+----------------+----------------+----------------+----------------+----------------+----------------+----------------+----------------+----------------+----------------+----------------+----------------+----------------+----------------+----------------+----------------+----------------+----------------+----------------+----------------+----------------+----------------+----------------+----------------+----------------+----------------+----------------+----------------+----------------+----------------+----------------+----------------+----------------+----------------+----------------+----------------+----------------+----------------+----------------+----------------+----------------+----------------+----------------+----------------+----------------+----------------+----------------+----------------+----------------+----------------+----------------+----------------+----------------+----------------+----------------+----------------+----------------+----------------+----------------+----------------+----------------+----------------+----------------+----------------+----------------+----------------+----------------+----------------+----------------+----------------+----------------+----------------+----------------+----------------+----------------+----------------+----------------+----------------+----------------+----------------+----------------+----------------+----------------+----------------+----------------+----------------+----------------+----------------+----------------+----------------+----------------+----------------+----------------+----------------+----------------+----------------+----------------+----------------+----------------+----------------+----------------+----------------+----------------+----------------+----------------+----------------+----------------+----------------+----------------+----------------+----------------+----------------+----------------+----------------+----------------+----------------+----------------+----------------+
|   ACTUAL_CPU_CLOCK   |  FIXC1  | 10268140000000 | 10261380000000 | 10264030000000 | 10262100000000 | 10261640000000 | 10263450000000 | 10262730000000 | 10262480000000 | 10263450000000 | 10261840000000 | 10262580000000 | 10262240000000 | 10263020000000 | 10261120000000 | 10261550000000 | 10261890000000 | 10262090000000 | 10263500000000 | 10261930000000 | 10260860000000 | 10263030000000 | 10262430000000 | 10261720000000 | 10260710000000 | 10260520000000 | 10262560000000 | 10261280000000 | 10261490000000 | 10261210000000 | 10262410000000 | 10262880000000 | 10261910000000 | 10261270000000 | 10262360000000 | 10260470000000 | 10261940000000 | 10260940000000 | 10262420000000 | 10262630000000 | 10262560000000 | 10262100000000 | 10261990000000 | 10263590000000 | 10261600000000 | 10261730000000 | 10262700000000 | 10261670000000 | 10262300000000 | 10261460000000 | 10262990000000 | 10260840000000 | 10262070000000 | 10261560000000 | 10261540000000 | 10262800000000 | 10263590000000 | 10262000000000 | 10261970000000 | 10261520000000 | 10261170000000 | 10262150000000 | 10261720000000 | 10263250000000 | 10260250000000 | 10263200000000 | 10262480000000 | 10262340000000 | 10263030000000 | 10262440000000 | 10260200000000 | 10263550000000 | 10261390000000 | 10261980000000 | 10262690000000 | 10263840000000 | 10263280000000 | 10263710000000 | 10262120000000 | 10262940000000 | 10262800000000 | 10262120000000 | 10261570000000 | 10261890000000 | 10263100000000 | 10261980000000 | 10263870000000 | 10261320000000 | 10262180000000 | 10262960000000 | 10263840000000 | 10262530000000 | 10263310000000 | 10263500000000 | 10262740000000 | 10263740000000 | 10263730000000 | 10291840000000 | 10289730000000 | 10290040000000 | 10290980000000 | 10289060000000 | 10291610000000 | 10290780000000 | 10290780000000 | 10288000000000 | 10287530000000 | 10287780000000 | 10287120000000 | 10287920000000 | 10288350000000 | 10287930000000 | 10288800000000 | 10290310000000 | 10289420000000 | 10291570000000 | 10288940000000 | 10291760000000 | 10291080000000 | 10289900000000 | 10290320000000 | 10288580000000 | 10289860000000 | 10290630000000 | 10291140000000 | 10288680000000 | 10290820000000 | 10290610000000 | 10290270000000 | 10288980000000 | 10288210000000 | 10288630000000 | 10286930000000 | 10287810000000 | 10288030000000 | 10288040000000 | 10288170000000 | 10289510000000 | 10290640000000 | 10289670000000 | 10292450000000 | 10290390000000 | 10292530000000 | 10288320000000 | 10291720000000 | 10286600000000 | 10287330000000 | 10289470000000 | 10285310000000 | 10287470000000 | 10286110000000 | 10288870000000 | 10285610000000 | 10289140000000 | 10288200000000 | 10288790000000 | 10289160000000 | 10288030000000 | 10288710000000 | 10288620000000 | 10288140000000 |
|     MAX_CPU_CLOCK    |  FIXC2  |  7235329000000 |  7230674000000 |  7232426000000 |  7230836000000 |  7230528000000 |  7232679000000 |  7231136000000 |  7231003000000 |  7231365000000 |  7230356000000 |  7230853000000 |  7230627000000 |  7231150000000 |  7229820000000 |  7230183000000 |  7230381000000 |  7230556000000 |  7231595000000 |  7230417000000 |  7229707000000 |  7231194000000 |  7230748000000 |  7230296000000 |  7229585000000 |  7229511000000 |  7230839000000 |  7229959000000 |  7230140000000 |  7230062000000 |  7230726000000 |  7231059000000 |  7230258000000 |  7229871000000 |  7230567000000 |  7229533000000 |  7230521000000 |  7229766000000 |  7230758000000 |  7231005000000 |  7230902000000 |  7230404000000 |  7230482000000 |  7231436000000 |  7230183000000 |  7230414000000 |  7230990000000 |  7230261000000 |  7230657000000 |  7230129000000 |  7231095000000 |  7229737000000 |  7230504000000 |  7230149000000 |  7230138000000 |  7230878000000 |  7231527000000 |  7230453000000 |  7230449000000 |  7230161000000 |  7229984000000 |  7230568000000 |  7230154000000 |  7231390000000 |  7229135000000 |  7231329000000 |  7230836000000 |  7230645000000 |  7231214000000 |  7230824000000 |  7229270000000 |  7231417000000 |  7230039000000 |  7230342000000 |  7230949000000 |  7231785000000 |  7231438000000 |  7231784000000 |  7230643000000 |  7231211000000 |  7230991000000 |  7230650000000 |  7230240000000 |  7230429000000 |  7231185000000 |  7230382000000 |  7231661000000 |  7229885000000 |  7230582000000 |  7231092000000 |  7231712000000 |  7230965000000 |  7231243000000 |  7231338000000 |  7231122000000 |  7231684000000 |  7231757000000 |  7233177000000 |  7231367000000 |  7231637000000 |  7232211000000 |  7230915000000 |  7232748000000 |  7231931000000 |  7231924000000 |  7230263000000 |  7229838000000 |  7230112000000 |  7229557000000 |  7230189000000 |  7230301000000 |  7230159000000 |  7230750000000 |  7232097000000 |  7231189000000 |  7232557000000 |  7230952000000 |  7232923000000 |  7232290000000 |  7231486000000 |  7231826000000 |  7230587000000 |  7231378000000 |  7232087000000 |  7232363000000 |  7230658000000 |  7232041000000 |  7232017000000 |  7231705000000 |  7230853000000 |  7230215000000 |  7230626000000 |  7229489000000 |  7230036000000 |  7230190000000 |  7230208000000 |  7230339000000 |  7231222000000 |  7231990000000 |  7231348000000 |  7233302000000 |  7231916000000 |  7233144000000 |  7230417000000 |  7232856000000 |  7229196000000 |  7229718000000 |  7230976000000 |  7228319000000 |  7229669000000 |  7228903000000 |  7230746000000 |  7228546000000 |  7230905000000 |  7230282000000 |  7230691000000 |  7230945000000 |  7230152000000 |  7230651000000 |  7230419000000 |  7230237000000 |
| RETIRED_INSTRUCTIONS |   PMC0  |  6309163000000 |  6351040000000 |  6388303000000 |  6323020000000 |  6391472000000 |  6324279000000 |  6346653000000 |  6326277000000 |  7278053000000 |  7281585000000 |  7264524000000 |  7250866000000 |  7276232000000 |  7223504000000 |  7251205000000 |  7215721000000 |  6495364000000 |  6489261000000 |  6503790000000 |  6494105000000 |  6500167000000 |  6453614000000 |  6489169000000 |  6459194000000 |  6329641000000 |  6360254000000 |  6347509000000 |  6331889000000 |  6340601000000 |  6343678000000 |  6320480000000 |  6347774000000 |  7221934000000 |  7204607000000 |  7194729000000 |  7198275000000 |  7217690000000 |  7179070000000 |  7201220000000 |  7224301000000 |  6473359000000 |  6435964000000 |  6428081000000 |  6465652000000 |  6473299000000 |  6410448000000 |  6432823000000 |  6423583000000 |  6372477000000 |  6369169000000 |  6380119000000 |  6380496000000 |  6395064000000 |  6341081000000 |  6364045000000 |  6353065000000 |  7248654000000 |  7234334000000 |  7241730000000 |  7247747000000 |  7238648000000 |  7202591000000 |  7219031000000 |  7177059000000 |  6495798000000 |  6503754000000 |  6522690000000 |  6492040000000 |  6479312000000 |  6473254000000 |  6485491000000 |  6460574000000 |  6359939000000 |  6362770000000 |  6364817000000 |  6332556000000 |  6355298000000 |  6332797000000 |  6338026000000 |  6339509000000 |  7256742000000 |  7241739000000 |  7248087000000 |  7222611000000 |  7257853000000 |  7201952000000 |  7209809000000 |  7186195000000 |  6506460000000 |  6480792000000 |  6521133000000 |  6448868000000 |  6508851000000 |  6435237000000 |  6461035000000 |  6450792000000 |  4389108000000 |  4403284000000 |  4374924000000 |  4375141000000 |  4375732000000 |  4374313000000 |  4372526000000 |  4400889000000 |  5937674000000 |  5924803000000 |  5931008000000 |  5896933000000 |  5951375000000 |  5914242000000 |  5921864000000 |  5912701000000 |  4423146000000 |  4423674000000 |  4422923000000 |  4448327000000 |  4460951000000 |  4440253000000 |  4457533000000 |  4419871000000 |  4352606000000 |  4343416000000 |  4361240000000 |  4341115000000 |  4352156000000 |  4352292000000 |  4332073000000 |  4332257000000 |  5885858000000 |  5871367000000 |  5879891000000 |  5859426000000 |  5902126000000 |  5845436000000 |  5866746000000 |  5860145000000 |  4407445000000 |  4383811000000 |  4388685000000 |  4389430000000 |  4399225000000 |  4362416000000 |  4362541000000 |  4387107000000 |  5983552000000 |  6017808000000 |  6027260000000 |  5977368000000 |  6017295000000 |  5973344000000 |  6005666000000 |  5996805000000 |  5992020000000 |  5962861000000 |  6007835000000 |  5982923000000 |  5996649000000 |  5975439000000 |  5985880000000 |  5965840000000 |
|  CPU_CLOCKS_UNHALTED |   PMC1  | 10164630000000 | 10207670000000 | 10211560000000 | 10209940000000 | 10209480000000 | 10209300000000 | 10211580000000 | 10211020000000 | 10209720000000 | 10208970000000 | 10209740000000 | 10209480000000 | 10209740000000 | 10209470000000 | 10209030000000 | 10209260000000 | 10209490000000 | 10211230000000 | 10210630000000 | 10208820000000 | 10211630000000 | 10211180000000 | 10209920000000 | 10208440000000 | 10209290000000 | 10209950000000 | 10210040000000 | 10206250000000 | 10208930000000 | 10211050000000 | 10211520000000 | 10208420000000 | 10208930000000 | 10207180000000 | 10207210000000 | 10209120000000 | 10207930000000 | 10208440000000 | 10208430000000 | 10209810000000 | 10210470000000 | 10209870000000 | 10210200000000 | 10209650000000 | 10211620000000 | 10211260000000 | 10211790000000 | 10210440000000 | 10211620000000 | 10213310000000 | 10210730000000 | 10211990000000 | 10210820000000 | 10210780000000 | 10213630000000 | 10214630000000 | 10208900000000 | 10209410000000 | 10208030000000 | 10209680000000 | 10209660000000 | 10208150000000 | 10211430000000 | 10207860000000 | 10210020000000 | 10209370000000 | 10210500000000 | 10210490000000 | 10209140000000 | 10207550000000 | 10211520000000 | 10207960000000 | 10210280000000 | 10209980000000 | 10213360000000 | 10211940000000 | 10212060000000 | 10210020000000 | 10211210000000 | 10210790000000 | 10210400000000 | 10208240000000 | 10210240000000 | 10211250000000 | 10210510000000 | 10212370000000 | 10207750000000 | 10210310000000 | 10210370000000 | 10211950000000 | 10210900000000 | 10209680000000 | 10211280000000 | 10211510000000 | 10212030000000 | 10210740000000 | 10239580000000 | 10237080000000 | 10238550000000 | 10237750000000 | 10236710000000 | 10239060000000 | 10237890000000 | 10237190000000 | 10237020000000 | 10237490000000 | 10239290000000 | 10236800000000 | 10238370000000 | 10238000000000 | 10236940000000 | 10238980000000 | 10237390000000 | 10236370000000 | 10238360000000 | 10236960000000 | 10238980000000 | 10238450000000 | 10237130000000 | 10237830000000 | 10235100000000 | 10236290000000 | 10238200000000 | 10239140000000 | 10237230000000 | 10238670000000 | 10238930000000 | 10237010000000 | 10236350000000 | 10238050000000 | 10238110000000 | 10236580000000 | 10235630000000 | 10235710000000 | 10237150000000 | 10237620000000 | 10238470000000 | 10239310000000 | 10237140000000 | 10240900000000 | 10237880000000 | 10240480000000 | 10236510000000 | 10239030000000 | 10235060000000 | 10237000000000 | 10238680000000 | 10235050000000 | 10238120000000 | 10233840000000 | 10237390000000 | 10234930000000 | 10238670000000 | 10238480000000 | 10240090000000 | 10239110000000 | 10238410000000 | 10239310000000 | 10238320000000 | 10238500000000 |
|      CAS_CMD_RD      |  UMC0C0 |  1173317000000 |              0 |              0 |              0 |              0 |              0 |              0 |              0 |              0 |              0 |              0 |              0 |              0 |              0 |              0 |              0 |              0 |              0 |              0 |              0 |              0 |              0 |              0 |              0 |              0 |              0 |              0 |              0 |              0 |              0 |              0 |              0 |              0 |              0 |              0 |              0 |              0 |              0 |              0 |              0 |              0 |              0 |              0 |              0 |              0 |              0 |              0 |              0 |              0 |              0 |              0 |              0 |              0 |              0 |              0 |              0 |              0 |              0 |              0 |              0 |              0 |              0 |              0 |              0 |              0 |              0 |              0 |              0 |              0 |              0 |              0 |              0 |              0 |              0 |              0 |              0 |              0 |              0 |              0 |              0 |              0 |              0 |              0 |              0 |              0 |              0 |              0 |              0 |              0 |              0 |              0 |              0 |              0 |              0 |              0 |              0 |   310668400000 |              0 |              0 |              0 |              0 |              0 |              0 |              0 |              0 |              0 |              0 |              0 |              0 |              0 |              0 |              0 |              0 |              0 |              0 |              0 |              0 |              0 |              0 |              0 |              0 |              0 |              0 |              0 |              0 |              0 |              0 |              0 |              0 |              0 |              0 |              0 |              0 |              0 |              0 |              0 |              0 |              0 |              0 |              0 |              0 |              0 |              0 |              0 |              0 |              0 |              0 |              0 |              0 |              0 |              0 |              0 |              0 |              0 |              0 |              0 |              0 |              0 |              0 |              0 |
|      CAS_CMD_WR      |  UMC0C1 |     1776975000 |              0 |              0 |              0 |              0 |              0 |              0 |              0 |              0 |              0 |              0 |              0 |              0 |              0 |              0 |              0 |              0 |              0 |              0 |              0 |              0 |              0 |              0 |              0 |              0 |              0 |              0 |              0 |              0 |              0 |              0 |              0 |              0 |              0 |              0 |              0 |              0 |              0 |              0 |              0 |              0 |              0 |              0 |              0 |              0 |              0 |              0 |              0 |              0 |              0 |              0 |              0 |              0 |              0 |              0 |              0 |              0 |              0 |              0 |              0 |              0 |              0 |              0 |              0 |              0 |              0 |              0 |              0 |              0 |              0 |              0 |              0 |              0 |              0 |              0 |              0 |              0 |              0 |              0 |              0 |              0 |              0 |              0 |              0 |              0 |              0 |              0 |              0 |              0 |              0 |              0 |              0 |              0 |              0 |              0 |              0 |     1180843000 |              0 |              0 |              0 |              0 |              0 |              0 |              0 |              0 |              0 |              0 |              0 |              0 |              0 |              0 |              0 |              0 |              0 |              0 |              0 |              0 |              0 |              0 |              0 |              0 |              0 |              0 |              0 |              0 |              0 |              0 |              0 |              0 |              0 |              0 |              0 |              0 |              0 |              0 |              0 |              0 |              0 |              0 |              0 |              0 |              0 |              0 |              0 |              0 |              0 |              0 |              0 |              0 |              0 |              0 |              0 |              0 |              0 |              0 |              0 |              0 |              0 |              0 |              0 |
|      CAS_CMD_RD      |  UMC1C0 |  1173563000000 |              0 |              0 |              0 |              0 |              0 |              0 |              0 |              0 |              0 |              0 |              0 |              0 |              0 |              0 |              0 |              0 |              0 |              0 |              0 |              0 |              0 |              0 |              0 |              0 |              0 |              0 |              0 |              0 |              0 |              0 |              0 |              0 |              0 |              0 |              0 |              0 |              0 |              0 |              0 |              0 |              0 |              0 |              0 |              0 |              0 |              0 |              0 |              0 |              0 |              0 |              0 |              0 |              0 |              0 |              0 |              0 |              0 |              0 |              0 |              0 |              0 |              0 |              0 |              0 |              0 |              0 |              0 |              0 |              0 |              0 |              0 |              0 |              0 |              0 |              0 |              0 |              0 |              0 |              0 |              0 |              0 |              0 |              0 |              0 |              0 |              0 |              0 |              0 |              0 |              0 |              0 |              0 |              0 |              0 |              0 |   310699500000 |              0 |              0 |              0 |              0 |              0 |              0 |              0 |              0 |              0 |              0 |              0 |              0 |              0 |              0 |              0 |              0 |              0 |              0 |              0 |              0 |              0 |              0 |              0 |              0 |              0 |              0 |              0 |              0 |              0 |              0 |              0 |              0 |              0 |              0 |              0 |              0 |              0 |              0 |              0 |              0 |              0 |              0 |              0 |              0 |              0 |              0 |              0 |              0 |              0 |              0 |              0 |              0 |              0 |              0 |              0 |              0 |              0 |              0 |              0 |              0 |              0 |              0 |              0 |
|      CAS_CMD_WR      |  UMC1C1 |     1761628000 |              0 |              0 |              0 |              0 |              0 |              0 |              0 |              0 |              0 |              0 |              0 |              0 |              0 |              0 |              0 |              0 |              0 |              0 |              0 |              0 |              0 |              0 |              0 |              0 |              0 |              0 |              0 |              0 |              0 |              0 |              0 |              0 |              0 |              0 |              0 |              0 |              0 |              0 |              0 |              0 |              0 |              0 |              0 |              0 |              0 |              0 |              0 |              0 |              0 |              0 |              0 |              0 |              0 |              0 |              0 |              0 |              0 |              0 |              0 |              0 |              0 |              0 |              0 |              0 |              0 |              0 |              0 |              0 |              0 |              0 |              0 |              0 |              0 |              0 |              0 |              0 |              0 |              0 |              0 |              0 |              0 |              0 |              0 |              0 |              0 |              0 |              0 |              0 |              0 |              0 |              0 |              0 |              0 |              0 |              0 |     1188298000 |              0 |              0 |              0 |              0 |              0 |              0 |              0 |              0 |              0 |              0 |              0 |              0 |              0 |              0 |              0 |              0 |              0 |              0 |              0 |              0 |              0 |              0 |              0 |              0 |              0 |              0 |              0 |              0 |              0 |              0 |              0 |              0 |              0 |              0 |              0 |              0 |              0 |              0 |              0 |              0 |              0 |              0 |              0 |              0 |              0 |              0 |              0 |              0 |              0 |              0 |              0 |              0 |              0 |              0 |              0 |              0 |              0 |              0 |              0 |              0 |              0 |              0 |              0 |
|      CAS_CMD_RD      |  UMC2C0 |  1173387000000 |              0 |              0 |              0 |              0 |              0 |              0 |              0 |              0 |              0 |              0 |              0 |              0 |              0 |              0 |              0 |              0 |              0 |              0 |              0 |              0 |              0 |              0 |              0 |              0 |              0 |              0 |              0 |              0 |              0 |              0 |              0 |              0 |              0 |              0 |              0 |              0 |              0 |              0 |              0 |              0 |              0 |              0 |              0 |              0 |              0 |              0 |              0 |              0 |              0 |              0 |              0 |              0 |              0 |              0 |              0 |              0 |              0 |              0 |              0 |              0 |              0 |              0 |              0 |              0 |              0 |              0 |              0 |              0 |              0 |              0 |              0 |              0 |              0 |              0 |              0 |              0 |              0 |              0 |              0 |              0 |              0 |              0 |              0 |              0 |              0 |              0 |              0 |              0 |              0 |              0 |              0 |              0 |              0 |              0 |              0 |   310448500000 |              0 |              0 |              0 |              0 |              0 |              0 |              0 |              0 |              0 |              0 |              0 |              0 |              0 |              0 |              0 |              0 |              0 |              0 |              0 |              0 |              0 |              0 |              0 |              0 |              0 |              0 |              0 |              0 |              0 |              0 |              0 |              0 |              0 |              0 |              0 |              0 |              0 |              0 |              0 |              0 |              0 |              0 |              0 |              0 |              0 |              0 |              0 |              0 |              0 |              0 |              0 |              0 |              0 |              0 |              0 |              0 |              0 |              0 |              0 |              0 |              0 |              0 |              0 |
|      CAS_CMD_WR      |  UMC2C1 |     1779327000 |              0 |              0 |              0 |              0 |              0 |              0 |              0 |              0 |              0 |              0 |              0 |              0 |              0 |              0 |              0 |              0 |              0 |              0 |              0 |              0 |              0 |              0 |              0 |              0 |              0 |              0 |              0 |              0 |              0 |              0 |              0 |              0 |              0 |              0 |              0 |              0 |              0 |              0 |              0 |              0 |              0 |              0 |              0 |              0 |              0 |              0 |              0 |              0 |              0 |              0 |              0 |              0 |              0 |              0 |              0 |              0 |              0 |              0 |              0 |              0 |              0 |              0 |              0 |              0 |              0 |              0 |              0 |              0 |              0 |              0 |              0 |              0 |              0 |              0 |              0 |              0 |              0 |              0 |              0 |              0 |              0 |              0 |              0 |              0 |              0 |              0 |              0 |              0 |              0 |              0 |              0 |              0 |              0 |              0 |              0 |     1180369000 |              0 |              0 |              0 |              0 |              0 |              0 |              0 |              0 |              0 |              0 |              0 |              0 |              0 |              0 |              0 |              0 |              0 |              0 |              0 |              0 |              0 |              0 |              0 |              0 |              0 |              0 |              0 |              0 |              0 |              0 |              0 |              0 |              0 |              0 |              0 |              0 |              0 |              0 |              0 |              0 |              0 |              0 |              0 |              0 |              0 |              0 |              0 |              0 |              0 |              0 |              0 |              0 |              0 |              0 |              0 |              0 |              0 |              0 |              0 |              0 |              0 |              0 |              0 |
|      CAS_CMD_RD      |  UMC3C0 |  1173573000000 |              0 |              0 |              0 |              0 |              0 |              0 |              0 |              0 |              0 |              0 |              0 |              0 |              0 |              0 |              0 |              0 |              0 |              0 |              0 |              0 |              0 |              0 |              0 |              0 |              0 |              0 |              0 |              0 |              0 |              0 |              0 |              0 |              0 |              0 |              0 |              0 |              0 |              0 |              0 |              0 |              0 |              0 |              0 |              0 |              0 |              0 |              0 |              0 |              0 |              0 |              0 |              0 |              0 |              0 |              0 |              0 |              0 |              0 |              0 |              0 |              0 |              0 |              0 |              0 |              0 |              0 |              0 |              0 |              0 |              0 |              0 |              0 |              0 |              0 |              0 |              0 |              0 |              0 |              0 |              0 |              0 |              0 |              0 |              0 |              0 |              0 |              0 |              0 |              0 |              0 |              0 |              0 |              0 |              0 |              0 |   311305400000 |              0 |              0 |              0 |              0 |              0 |              0 |              0 |              0 |              0 |              0 |              0 |              0 |              0 |              0 |              0 |              0 |              0 |              0 |              0 |              0 |              0 |              0 |              0 |              0 |              0 |              0 |              0 |              0 |              0 |              0 |              0 |              0 |              0 |              0 |              0 |              0 |              0 |              0 |              0 |              0 |              0 |              0 |              0 |              0 |              0 |              0 |              0 |              0 |              0 |              0 |              0 |              0 |              0 |              0 |              0 |              0 |              0 |              0 |              0 |              0 |              0 |              0 |              0 |
|      CAS_CMD_WR      |  UMC3C1 |     1790200000 |              0 |              0 |              0 |              0 |              0 |              0 |              0 |              0 |              0 |              0 |              0 |              0 |              0 |              0 |              0 |              0 |              0 |              0 |              0 |              0 |              0 |              0 |              0 |              0 |              0 |              0 |              0 |              0 |              0 |              0 |              0 |              0 |              0 |              0 |              0 |              0 |              0 |              0 |              0 |              0 |              0 |              0 |              0 |              0 |              0 |              0 |              0 |              0 |              0 |              0 |              0 |              0 |              0 |              0 |              0 |              0 |              0 |              0 |              0 |              0 |              0 |              0 |              0 |              0 |              0 |              0 |              0 |              0 |              0 |              0 |              0 |              0 |              0 |              0 |              0 |              0 |              0 |              0 |              0 |              0 |              0 |              0 |              0 |              0 |              0 |              0 |              0 |              0 |              0 |              0 |              0 |              0 |              0 |              0 |              0 |     1187819000 |              0 |              0 |              0 |              0 |              0 |              0 |              0 |              0 |              0 |              0 |              0 |              0 |              0 |              0 |              0 |              0 |              0 |              0 |              0 |              0 |              0 |              0 |              0 |              0 |              0 |              0 |              0 |              0 |              0 |              0 |              0 |              0 |              0 |              0 |              0 |              0 |              0 |              0 |              0 |              0 |              0 |              0 |              0 |              0 |              0 |              0 |              0 |              0 |              0 |              0 |              0 |              0 |              0 |              0 |              0 |              0 |              0 |              0 |              0 |              0 |              0 |              0 |              0 |
|      CAS_CMD_RD      |  UMC4C0 |  1173364000000 |              0 |              0 |              0 |              0 |              0 |              0 |              0 |              0 |              0 |              0 |              0 |              0 |              0 |              0 |              0 |              0 |              0 |              0 |              0 |              0 |              0 |              0 |              0 |              0 |              0 |              0 |              0 |              0 |              0 |              0 |              0 |              0 |              0 |              0 |              0 |              0 |              0 |              0 |              0 |              0 |              0 |              0 |              0 |              0 |              0 |              0 |              0 |              0 |              0 |              0 |              0 |              0 |              0 |              0 |              0 |              0 |              0 |              0 |              0 |              0 |              0 |              0 |              0 |              0 |              0 |              0 |              0 |              0 |              0 |              0 |              0 |              0 |              0 |              0 |              0 |              0 |              0 |              0 |              0 |              0 |              0 |              0 |              0 |              0 |              0 |              0 |              0 |              0 |              0 |              0 |              0 |              0 |              0 |              0 |              0 |   310912700000 |              0 |              0 |              0 |              0 |              0 |              0 |              0 |              0 |              0 |              0 |              0 |              0 |              0 |              0 |              0 |              0 |              0 |              0 |              0 |              0 |              0 |              0 |              0 |              0 |              0 |              0 |              0 |              0 |              0 |              0 |              0 |              0 |              0 |              0 |              0 |              0 |              0 |              0 |              0 |              0 |              0 |              0 |              0 |              0 |              0 |              0 |              0 |              0 |              0 |              0 |              0 |              0 |              0 |              0 |              0 |              0 |              0 |              0 |              0 |              0 |              0 |              0 |              0 |
|      CAS_CMD_WR      |  UMC4C1 |     1799510000 |              0 |              0 |              0 |              0 |              0 |              0 |              0 |              0 |              0 |              0 |              0 |              0 |              0 |              0 |              0 |              0 |              0 |              0 |              0 |              0 |              0 |              0 |              0 |              0 |              0 |              0 |              0 |              0 |              0 |              0 |              0 |              0 |              0 |              0 |              0 |              0 |              0 |              0 |              0 |              0 |              0 |              0 |              0 |              0 |              0 |              0 |              0 |              0 |              0 |              0 |              0 |              0 |              0 |              0 |              0 |              0 |              0 |              0 |              0 |              0 |              0 |              0 |              0 |              0 |              0 |              0 |              0 |              0 |              0 |              0 |              0 |              0 |              0 |              0 |              0 |              0 |              0 |              0 |              0 |              0 |              0 |              0 |              0 |              0 |              0 |              0 |              0 |              0 |              0 |              0 |              0 |              0 |              0 |              0 |              0 |     1193522000 |              0 |              0 |              0 |              0 |              0 |              0 |              0 |              0 |              0 |              0 |              0 |              0 |              0 |              0 |              0 |              0 |              0 |              0 |              0 |              0 |              0 |              0 |              0 |              0 |              0 |              0 |              0 |              0 |              0 |              0 |              0 |              0 |              0 |              0 |              0 |              0 |              0 |              0 |              0 |              0 |              0 |              0 |              0 |              0 |              0 |              0 |              0 |              0 |              0 |              0 |              0 |              0 |              0 |              0 |              0 |              0 |              0 |              0 |              0 |              0 |              0 |              0 |              0 |
|      CAS_CMD_RD      |  UMC5C0 |  1173543000000 |              0 |              0 |              0 |              0 |              0 |              0 |              0 |              0 |              0 |              0 |              0 |              0 |              0 |              0 |              0 |              0 |              0 |              0 |              0 |              0 |              0 |              0 |              0 |              0 |              0 |              0 |              0 |              0 |              0 |              0 |              0 |              0 |              0 |              0 |              0 |              0 |              0 |              0 |              0 |              0 |              0 |              0 |              0 |              0 |              0 |              0 |              0 |              0 |              0 |              0 |              0 |              0 |              0 |              0 |              0 |              0 |              0 |              0 |              0 |              0 |              0 |              0 |              0 |              0 |              0 |              0 |              0 |              0 |              0 |              0 |              0 |              0 |              0 |              0 |              0 |              0 |              0 |              0 |              0 |              0 |              0 |              0 |              0 |              0 |              0 |              0 |              0 |              0 |              0 |              0 |              0 |              0 |              0 |              0 |              0 |   310586100000 |              0 |              0 |              0 |              0 |              0 |              0 |              0 |              0 |              0 |              0 |              0 |              0 |              0 |              0 |              0 |              0 |              0 |              0 |              0 |              0 |              0 |              0 |              0 |              0 |              0 |              0 |              0 |              0 |              0 |              0 |              0 |              0 |              0 |              0 |              0 |              0 |              0 |              0 |              0 |              0 |              0 |              0 |              0 |              0 |              0 |              0 |              0 |              0 |              0 |              0 |              0 |              0 |              0 |              0 |              0 |              0 |              0 |              0 |              0 |              0 |              0 |              0 |              0 |
|      CAS_CMD_WR      |  UMC5C1 |     1818290000 |              0 |              0 |              0 |              0 |              0 |              0 |              0 |              0 |              0 |              0 |              0 |              0 |              0 |              0 |              0 |              0 |              0 |              0 |              0 |              0 |              0 |              0 |              0 |              0 |              0 |              0 |              0 |              0 |              0 |              0 |              0 |              0 |              0 |              0 |              0 |              0 |              0 |              0 |              0 |              0 |              0 |              0 |              0 |              0 |              0 |              0 |              0 |              0 |              0 |              0 |              0 |              0 |              0 |              0 |              0 |              0 |              0 |              0 |              0 |              0 |              0 |              0 |              0 |              0 |              0 |              0 |              0 |              0 |              0 |              0 |              0 |              0 |              0 |              0 |              0 |              0 |              0 |              0 |              0 |              0 |              0 |              0 |              0 |              0 |              0 |              0 |              0 |              0 |              0 |              0 |              0 |              0 |              0 |              0 |              0 |     1165993000 |              0 |              0 |              0 |              0 |              0 |              0 |              0 |              0 |              0 |              0 |              0 |              0 |              0 |              0 |              0 |              0 |              0 |              0 |              0 |              0 |              0 |              0 |              0 |              0 |              0 |              0 |              0 |              0 |              0 |              0 |              0 |              0 |              0 |              0 |              0 |              0 |              0 |              0 |              0 |              0 |              0 |              0 |              0 |              0 |              0 |              0 |              0 |              0 |              0 |              0 |              0 |              0 |              0 |              0 |              0 |              0 |              0 |              0 |              0 |              0 |              0 |              0 |              0 |
|      CAS_CMD_RD      |  UMC6C0 |  1173686000000 |              0 |              0 |              0 |              0 |              0 |              0 |              0 |              0 |              0 |              0 |              0 |              0 |              0 |              0 |              0 |              0 |              0 |              0 |              0 |              0 |              0 |              0 |              0 |              0 |              0 |              0 |              0 |              0 |              0 |              0 |              0 |              0 |              0 |              0 |              0 |              0 |              0 |              0 |              0 |              0 |              0 |              0 |              0 |              0 |              0 |              0 |              0 |              0 |              0 |              0 |              0 |              0 |              0 |              0 |              0 |              0 |              0 |              0 |              0 |              0 |              0 |              0 |              0 |              0 |              0 |              0 |              0 |              0 |              0 |              0 |              0 |              0 |              0 |              0 |              0 |              0 |              0 |              0 |              0 |              0 |              0 |              0 |              0 |              0 |              0 |              0 |              0 |              0 |              0 |              0 |              0 |              0 |              0 |              0 |              0 |   310740600000 |              0 |              0 |              0 |              0 |              0 |              0 |              0 |              0 |              0 |              0 |              0 |              0 |              0 |              0 |              0 |              0 |              0 |              0 |              0 |              0 |              0 |              0 |              0 |              0 |              0 |              0 |              0 |              0 |              0 |              0 |              0 |              0 |              0 |              0 |              0 |              0 |              0 |              0 |              0 |              0 |              0 |              0 |              0 |              0 |              0 |              0 |              0 |              0 |              0 |              0 |              0 |              0 |              0 |              0 |              0 |              0 |              0 |              0 |              0 |              0 |              0 |              0 |              0 |
|      CAS_CMD_WR      |  UMC6C1 |     1762587000 |              0 |              0 |              0 |              0 |              0 |              0 |              0 |              0 |              0 |              0 |              0 |              0 |              0 |              0 |              0 |              0 |              0 |              0 |              0 |              0 |              0 |              0 |              0 |              0 |              0 |              0 |              0 |              0 |              0 |              0 |              0 |              0 |              0 |              0 |              0 |              0 |              0 |              0 |              0 |              0 |              0 |              0 |              0 |              0 |              0 |              0 |              0 |              0 |              0 |              0 |              0 |              0 |              0 |              0 |              0 |              0 |              0 |              0 |              0 |              0 |              0 |              0 |              0 |              0 |              0 |              0 |              0 |              0 |              0 |              0 |              0 |              0 |              0 |              0 |              0 |              0 |              0 |              0 |              0 |              0 |              0 |              0 |              0 |              0 |              0 |              0 |              0 |              0 |              0 |              0 |              0 |              0 |              0 |              0 |              0 |     1196708000 |              0 |              0 |              0 |              0 |              0 |              0 |              0 |              0 |              0 |              0 |              0 |              0 |              0 |              0 |              0 |              0 |              0 |              0 |              0 |              0 |              0 |              0 |              0 |              0 |              0 |              0 |              0 |              0 |              0 |              0 |              0 |              0 |              0 |              0 |              0 |              0 |              0 |              0 |              0 |              0 |              0 |              0 |              0 |              0 |              0 |              0 |              0 |              0 |              0 |              0 |              0 |              0 |              0 |              0 |              0 |              0 |              0 |              0 |              0 |              0 |              0 |              0 |              0 |
|      CAS_CMD_RD      |  UMC7C0 |  1173721000000 |              0 |              0 |              0 |              0 |              0 |              0 |              0 |              0 |              0 |              0 |              0 |              0 |              0 |              0 |              0 |              0 |              0 |              0 |              0 |              0 |              0 |              0 |              0 |              0 |              0 |              0 |              0 |              0 |              0 |              0 |              0 |              0 |              0 |              0 |              0 |              0 |              0 |              0 |              0 |              0 |              0 |              0 |              0 |              0 |              0 |              0 |              0 |              0 |              0 |              0 |              0 |              0 |              0 |              0 |              0 |              0 |              0 |              0 |              0 |              0 |              0 |              0 |              0 |              0 |              0 |              0 |              0 |              0 |              0 |              0 |              0 |              0 |              0 |              0 |              0 |              0 |              0 |              0 |              0 |              0 |              0 |              0 |              0 |              0 |              0 |              0 |              0 |              0 |              0 |              0 |              0 |              0 |              0 |              0 |              0 |   311114100000 |              0 |              0 |              0 |              0 |              0 |              0 |              0 |              0 |              0 |              0 |              0 |              0 |              0 |              0 |              0 |              0 |              0 |              0 |              0 |              0 |              0 |              0 |              0 |              0 |              0 |              0 |              0 |              0 |              0 |              0 |              0 |              0 |              0 |              0 |              0 |              0 |              0 |              0 |              0 |              0 |              0 |              0 |              0 |              0 |              0 |              0 |              0 |              0 |              0 |              0 |              0 |              0 |              0 |              0 |              0 |              0 |              0 |              0 |              0 |              0 |              0 |              0 |              0 |
|      CAS_CMD_WR      |  UMC7C1 |     1746065000 |              0 |              0 |              0 |              0 |              0 |              0 |              0 |              0 |              0 |              0 |              0 |              0 |              0 |              0 |              0 |              0 |              0 |              0 |              0 |              0 |              0 |              0 |              0 |              0 |              0 |              0 |              0 |              0 |              0 |              0 |              0 |              0 |              0 |              0 |              0 |              0 |              0 |              0 |              0 |              0 |              0 |              0 |              0 |              0 |              0 |              0 |              0 |              0 |              0 |              0 |              0 |              0 |              0 |              0 |              0 |              0 |              0 |              0 |              0 |              0 |              0 |              0 |              0 |              0 |              0 |              0 |              0 |              0 |              0 |              0 |              0 |              0 |              0 |              0 |              0 |              0 |              0 |              0 |              0 |              0 |              0 |              0 |              0 |              0 |              0 |              0 |              0 |              0 |              0 |              0 |              0 |              0 |              0 |              0 |              0 |     1194858000 |              0 |              0 |              0 |              0 |              0 |              0 |              0 |              0 |              0 |              0 |              0 |              0 |              0 |              0 |              0 |              0 |              0 |              0 |              0 |              0 |              0 |              0 |              0 |              0 |              0 |              0 |              0 |              0 |              0 |              0 |              0 |              0 |              0 |              0 |              0 |              0 |              0 |              0 |              0 |              0 |              0 |              0 |              0 |              0 |              0 |              0 |              0 |              0 |              0 |              0 |              0 |              0 |              0 |              0 |              0 |              0 |              0 |              0 |              0 |              0 |              0 |              0 |              0 |
|      CAS_CMD_RD      |  UMC8C0 |  1174396000000 |              0 |              0 |              0 |              0 |              0 |              0 |              0 |              0 |              0 |              0 |              0 |              0 |              0 |              0 |              0 |              0 |              0 |              0 |              0 |              0 |              0 |              0 |              0 |              0 |              0 |              0 |              0 |              0 |              0 |              0 |              0 |              0 |              0 |              0 |              0 |              0 |              0 |              0 |              0 |              0 |              0 |              0 |              0 |              0 |              0 |              0 |              0 |              0 |              0 |              0 |              0 |              0 |              0 |              0 |              0 |              0 |              0 |              0 |              0 |              0 |              0 |              0 |              0 |              0 |              0 |              0 |              0 |              0 |              0 |              0 |              0 |              0 |              0 |              0 |              0 |              0 |              0 |              0 |              0 |              0 |              0 |              0 |              0 |              0 |              0 |              0 |              0 |              0 |              0 |              0 |              0 |              0 |              0 |              0 |              0 |   311088700000 |              0 |              0 |              0 |              0 |              0 |              0 |              0 |              0 |              0 |              0 |              0 |              0 |              0 |              0 |              0 |              0 |              0 |              0 |              0 |              0 |              0 |              0 |              0 |              0 |              0 |              0 |              0 |              0 |              0 |              0 |              0 |              0 |              0 |              0 |              0 |              0 |              0 |              0 |              0 |              0 |              0 |              0 |              0 |              0 |              0 |              0 |              0 |              0 |              0 |              0 |              0 |              0 |              0 |              0 |              0 |              0 |              0 |              0 |              0 |              0 |              0 |              0 |              0 |
|      CAS_CMD_WR      |  UMC8C1 |     1761446000 |              0 |              0 |              0 |              0 |              0 |              0 |              0 |              0 |              0 |              0 |              0 |              0 |              0 |              0 |              0 |              0 |              0 |              0 |              0 |              0 |              0 |              0 |              0 |              0 |              0 |              0 |              0 |              0 |              0 |              0 |              0 |              0 |              0 |              0 |              0 |              0 |              0 |              0 |              0 |              0 |              0 |              0 |              0 |              0 |              0 |              0 |              0 |              0 |              0 |              0 |              0 |              0 |              0 |              0 |              0 |              0 |              0 |              0 |              0 |              0 |              0 |              0 |              0 |              0 |              0 |              0 |              0 |              0 |              0 |              0 |              0 |              0 |              0 |              0 |              0 |              0 |              0 |              0 |              0 |              0 |              0 |              0 |              0 |              0 |              0 |              0 |              0 |              0 |              0 |              0 |              0 |              0 |              0 |              0 |              0 |     1207371000 |              0 |              0 |              0 |              0 |              0 |              0 |              0 |              0 |              0 |              0 |              0 |              0 |              0 |              0 |              0 |              0 |              0 |              0 |              0 |              0 |              0 |              0 |              0 |              0 |              0 |              0 |              0 |              0 |              0 |              0 |              0 |              0 |              0 |              0 |              0 |              0 |              0 |              0 |              0 |              0 |              0 |              0 |              0 |              0 |              0 |              0 |              0 |              0 |              0 |              0 |              0 |              0 |              0 |              0 |              0 |              0 |              0 |              0 |              0 |              0 |              0 |              0 |              0 |
|      CAS_CMD_RD      |  UMC9C0 |  1175129000000 |              0 |              0 |              0 |              0 |              0 |              0 |              0 |              0 |              0 |              0 |              0 |              0 |              0 |              0 |              0 |              0 |              0 |              0 |              0 |              0 |              0 |              0 |              0 |              0 |              0 |              0 |              0 |              0 |              0 |              0 |              0 |              0 |              0 |              0 |              0 |              0 |              0 |              0 |              0 |              0 |              0 |              0 |              0 |              0 |              0 |              0 |              0 |              0 |              0 |              0 |              0 |              0 |              0 |              0 |              0 |              0 |              0 |              0 |              0 |              0 |              0 |              0 |              0 |              0 |              0 |              0 |              0 |              0 |              0 |              0 |              0 |              0 |              0 |              0 |              0 |              0 |              0 |              0 |              0 |              0 |              0 |              0 |              0 |              0 |              0 |              0 |              0 |              0 |              0 |              0 |              0 |              0 |              0 |              0 |              0 |   311412000000 |              0 |              0 |              0 |              0 |              0 |              0 |              0 |              0 |              0 |              0 |              0 |              0 |              0 |              0 |              0 |              0 |              0 |              0 |              0 |              0 |              0 |              0 |              0 |              0 |              0 |              0 |              0 |              0 |              0 |              0 |              0 |              0 |              0 |              0 |              0 |              0 |              0 |              0 |              0 |              0 |              0 |              0 |              0 |              0 |              0 |              0 |              0 |              0 |              0 |              0 |              0 |              0 |              0 |              0 |              0 |              0 |              0 |              0 |              0 |              0 |              0 |              0 |              0 |
|      CAS_CMD_WR      |  UMC9C1 |     1827861000 |              0 |              0 |              0 |              0 |              0 |              0 |              0 |              0 |              0 |              0 |              0 |              0 |              0 |              0 |              0 |              0 |              0 |              0 |              0 |              0 |              0 |              0 |              0 |              0 |              0 |              0 |              0 |              0 |              0 |              0 |              0 |              0 |              0 |              0 |              0 |              0 |              0 |              0 |              0 |              0 |              0 |              0 |              0 |              0 |              0 |              0 |              0 |              0 |              0 |              0 |              0 |              0 |              0 |              0 |              0 |              0 |              0 |              0 |              0 |              0 |              0 |              0 |              0 |              0 |              0 |              0 |              0 |              0 |              0 |              0 |              0 |              0 |              0 |              0 |              0 |              0 |              0 |              0 |              0 |              0 |              0 |              0 |              0 |              0 |              0 |              0 |              0 |              0 |              0 |              0 |              0 |              0 |              0 |              0 |              0 |     1179682000 |              0 |              0 |              0 |              0 |              0 |              0 |              0 |              0 |              0 |              0 |              0 |              0 |              0 |              0 |              0 |              0 |              0 |              0 |              0 |              0 |              0 |              0 |              0 |              0 |              0 |              0 |              0 |              0 |              0 |              0 |              0 |              0 |              0 |              0 |              0 |              0 |              0 |              0 |              0 |              0 |              0 |              0 |              0 |              0 |              0 |              0 |              0 |              0 |              0 |              0 |              0 |              0 |              0 |              0 |              0 |              0 |              0 |              0 |              0 |              0 |              0 |              0 |              0 |
|      CAS_CMD_RD      | UMC10C0 |  1174672000000 |              0 |              0 |              0 |              0 |              0 |              0 |              0 |              0 |              0 |              0 |              0 |              0 |              0 |              0 |              0 |              0 |              0 |              0 |              0 |              0 |              0 |              0 |              0 |              0 |              0 |              0 |              0 |              0 |              0 |              0 |              0 |              0 |              0 |              0 |              0 |              0 |              0 |              0 |              0 |              0 |              0 |              0 |              0 |              0 |              0 |              0 |              0 |              0 |              0 |              0 |              0 |              0 |              0 |              0 |              0 |              0 |              0 |              0 |              0 |              0 |              0 |              0 |              0 |              0 |              0 |              0 |              0 |              0 |              0 |              0 |              0 |              0 |              0 |              0 |              0 |              0 |              0 |              0 |              0 |              0 |              0 |              0 |              0 |              0 |              0 |              0 |              0 |              0 |              0 |              0 |              0 |              0 |              0 |              0 |              0 |   310974700000 |              0 |              0 |              0 |              0 |              0 |              0 |              0 |              0 |              0 |              0 |              0 |              0 |              0 |              0 |              0 |              0 |              0 |              0 |              0 |              0 |              0 |              0 |              0 |              0 |              0 |              0 |              0 |              0 |              0 |              0 |              0 |              0 |              0 |              0 |              0 |              0 |              0 |              0 |              0 |              0 |              0 |              0 |              0 |              0 |              0 |              0 |              0 |              0 |              0 |              0 |              0 |              0 |              0 |              0 |              0 |              0 |              0 |              0 |              0 |              0 |              0 |              0 |              0 |
|      CAS_CMD_WR      | UMC10C1 |     1784864000 |              0 |              0 |              0 |              0 |              0 |              0 |              0 |              0 |              0 |              0 |              0 |              0 |              0 |              0 |              0 |              0 |              0 |              0 |              0 |              0 |              0 |              0 |              0 |              0 |              0 |              0 |              0 |              0 |              0 |              0 |              0 |              0 |              0 |              0 |              0 |              0 |              0 |              0 |              0 |              0 |              0 |              0 |              0 |              0 |              0 |              0 |              0 |              0 |              0 |              0 |              0 |              0 |              0 |              0 |              0 |              0 |              0 |              0 |              0 |              0 |              0 |              0 |              0 |              0 |              0 |              0 |              0 |              0 |              0 |              0 |              0 |              0 |              0 |              0 |              0 |              0 |              0 |              0 |              0 |              0 |              0 |              0 |              0 |              0 |              0 |              0 |              0 |              0 |              0 |              0 |              0 |              0 |              0 |              0 |              0 |     1177344000 |              0 |              0 |              0 |              0 |              0 |              0 |              0 |              0 |              0 |              0 |              0 |              0 |              0 |              0 |              0 |              0 |              0 |              0 |              0 |              0 |              0 |              0 |              0 |              0 |              0 |              0 |              0 |              0 |              0 |              0 |              0 |              0 |              0 |              0 |              0 |              0 |              0 |              0 |              0 |              0 |              0 |              0 |              0 |              0 |              0 |              0 |              0 |              0 |              0 |              0 |              0 |              0 |              0 |              0 |              0 |              0 |              0 |              0 |              0 |              0 |              0 |              0 |              0 |
|      CAS_CMD_RD      | UMC11C0 |  1174847000000 |              0 |              0 |              0 |              0 |              0 |              0 |              0 |              0 |              0 |              0 |              0 |              0 |              0 |              0 |              0 |              0 |              0 |              0 |              0 |              0 |              0 |              0 |              0 |              0 |              0 |              0 |              0 |              0 |              0 |              0 |              0 |              0 |              0 |              0 |              0 |              0 |              0 |              0 |              0 |              0 |              0 |              0 |              0 |              0 |              0 |              0 |              0 |              0 |              0 |              0 |              0 |              0 |              0 |              0 |              0 |              0 |              0 |              0 |              0 |              0 |              0 |              0 |              0 |              0 |              0 |              0 |              0 |              0 |              0 |              0 |              0 |              0 |              0 |              0 |              0 |              0 |              0 |              0 |              0 |              0 |              0 |              0 |              0 |              0 |              0 |              0 |              0 |              0 |              0 |              0 |              0 |              0 |              0 |              0 |              0 |   311400100000 |              0 |              0 |              0 |              0 |              0 |              0 |              0 |              0 |              0 |              0 |              0 |              0 |              0 |              0 |              0 |              0 |              0 |              0 |              0 |              0 |              0 |              0 |              0 |              0 |              0 |              0 |              0 |              0 |              0 |              0 |              0 |              0 |              0 |              0 |              0 |              0 |              0 |              0 |              0 |              0 |              0 |              0 |              0 |              0 |              0 |              0 |              0 |              0 |              0 |              0 |              0 |              0 |              0 |              0 |              0 |              0 |              0 |              0 |              0 |              0 |              0 |              0 |              0 |
|      CAS_CMD_WR      | UMC11C1 |     1865660000 |              0 |              0 |              0 |              0 |              0 |              0 |              0 |              0 |              0 |              0 |              0 |              0 |              0 |              0 |              0 |              0 |              0 |              0 |              0 |              0 |              0 |              0 |              0 |              0 |              0 |              0 |              0 |              0 |              0 |              0 |              0 |              0 |              0 |              0 |              0 |              0 |              0 |              0 |              0 |              0 |              0 |              0 |              0 |              0 |              0 |              0 |              0 |              0 |              0 |              0 |              0 |              0 |              0 |              0 |              0 |              0 |              0 |              0 |              0 |              0 |              0 |              0 |              0 |              0 |              0 |              0 |              0 |              0 |              0 |              0 |              0 |              0 |              0 |              0 |              0 |              0 |              0 |              0 |              0 |              0 |              0 |              0 |              0 |              0 |              0 |              0 |              0 |              0 |              0 |              0 |              0 |              0 |              0 |              0 |              0 |     1180024000 |              0 |              0 |              0 |              0 |              0 |              0 |              0 |              0 |              0 |              0 |              0 |              0 |              0 |              0 |              0 |              0 |              0 |              0 |              0 |              0 |              0 |              0 |              0 |              0 |              0 |              0 |              0 |              0 |              0 |              0 |              0 |              0 |              0 |              0 |              0 |              0 |              0 |              0 |              0 |              0 |              0 |              0 |              0 |              0 |              0 |              0 |              0 |              0 |              0 |              0 |              0 |              0 |              0 |              0 |              0 |              0 |              0 |              0 |              0 |              0 |              0 |              0 |              0 |
+----------------------+---------+----------------+----------------+----------------+----------------+----------------+----------------+----------------+----------------+----------------+----------------+----------------+----------------+----------------+----------------+----------------+----------------+----------------+----------------+----------------+----------------+----------------+----------------+----------------+----------------+----------------+----------------+----------------+----------------+----------------+----------------+----------------+----------------+----------------+----------------+----------------+----------------+----------------+----------------+----------------+----------------+----------------+----------------+----------------+----------------+----------------+----------------+----------------+----------------+----------------+----------------+----------------+----------------+----------------+----------------+----------------+----------------+----------------+----------------+----------------+----------------+----------------+----------------+----------------+----------------+----------------+----------------+----------------+----------------+----------------+----------------+----------------+----------------+----------------+----------------+----------------+----------------+----------------+----------------+----------------+----------------+----------------+----------------+----------------+----------------+----------------+----------------+----------------+----------------+----------------+----------------+----------------+----------------+----------------+----------------+----------------+----------------+----------------+----------------+----------------+----------------+----------------+----------------+----------------+----------------+----------------+----------------+----------------+----------------+----------------+----------------+----------------+----------------+----------------+----------------+----------------+----------------+----------------+----------------+----------------+----------------+----------------+----------------+----------------+----------------+----------------+----------------+----------------+----------------+----------------+----------------+----------------+----------------+----------------+----------------+----------------+----------------+----------------+----------------+----------------+----------------+----------------+----------------+----------------+----------------+----------------+----------------+----------------+----------------+----------------+----------------+----------------+----------------+----------------+----------------+----------------+----------------+----------------+----------------+----------------+----------------+

+---------------------------+---------+------------------+----------------+----------------+----------------+
|           Event           | Counter |        Sum       |       Min      |       Max      |       Avg      |
+---------------------------+---------+------------------+----------------+----------------+----------------+
|   ACTUAL_CPU_CLOCK STAT   |  FIXC1  | 1643691420000000 | 10260200000000 | 10292530000000 | 10273071375000 |
|     MAX_CPU_CLOCK STAT    |  FIXC2  | 1156934584000000 |  7228319000000 |  7235329000000 |  7230841150000 |
| RETIRED_INSTRUCTIONS STAT |   PMC0  |  972336063000000 |  4332073000000 |  7281585000000 |  6077100393750 |
|  CPU_CLOCKS_UNHALTED STAT |   PMC1  | 1635340700000000 | 10164630000000 | 10240900000000 | 10220879375000 |
|      CAS_CMD_RD STAT      |  UMC0C0 |    1483985400000 |              0 |  1173317000000 |     9274908750 |
|      CAS_CMD_WR STAT      |  UMC0C1 |       2957818000 |              0 |     1776975000 |   1.848636e+07 |
|      CAS_CMD_RD STAT      |  UMC1C0 |    1484262500000 |              0 |  1173563000000 |     9276640625 |
|      CAS_CMD_WR STAT      |  UMC1C1 |       2949926000 |              0 |     1761628000 |   1.843704e+07 |
|      CAS_CMD_RD STAT      |  UMC2C0 |    1483835500000 |              0 |  1173387000000 |     9273971875 |
|      CAS_CMD_WR STAT      |  UMC2C1 |       2959696000 |              0 |     1779327000 |       18498100 |
|      CAS_CMD_RD STAT      |  UMC3C0 |    1484878400000 |              0 |  1173573000000 |     9280490000 |
|      CAS_CMD_WR STAT      |  UMC3C1 |       2978019000 |              0 |     1790200000 |   1.861262e+07 |
|      CAS_CMD_RD STAT      |  UMC4C0 |    1484276700000 |              0 |  1173364000000 |     9276729375 |
|      CAS_CMD_WR STAT      |  UMC4C1 |       2993032000 |              0 |     1799510000 |       18706450 |
|      CAS_CMD_RD STAT      |  UMC5C0 |    1484129100000 |              0 |  1173543000000 |     9275806875 |
|      CAS_CMD_WR STAT      |  UMC5C1 |       2984283000 |              0 |     1818290000 |   1.865177e+07 |
|      CAS_CMD_RD STAT      |  UMC6C0 |    1484426600000 |              0 |  1173686000000 |     9277666250 |
|      CAS_CMD_WR STAT      |  UMC6C1 |       2959295000 |              0 |     1762587000 |   1.849559e+07 |
|      CAS_CMD_RD STAT      |  UMC7C0 |    1484835100000 |              0 |  1173721000000 |     9280219375 |
|      CAS_CMD_WR STAT      |  UMC7C1 |       2940923000 |              0 |     1746065000 |   1.838077e+07 |
|      CAS_CMD_RD STAT      |  UMC8C0 |    1485484700000 |              0 |  1174396000000 |     9284279375 |
|      CAS_CMD_WR STAT      |  UMC8C1 |       2968817000 |              0 |     1761446000 |   1.855511e+07 |
|      CAS_CMD_RD STAT      |  UMC9C0 |    1486541000000 |              0 |  1175129000000 |     9290881250 |
|      CAS_CMD_WR STAT      |  UMC9C1 |       3007543000 |              0 |     1827861000 |   1.879714e+07 |
|      CAS_CMD_RD STAT      | UMC10C0 |    1485646700000 |              0 |  1174672000000 |     9285291875 |
|      CAS_CMD_WR STAT      | UMC10C1 |       2962208000 |              0 |     1784864000 |       18513800 |
|      CAS_CMD_RD STAT      | UMC11C0 |    1486247100000 |              0 |  1174847000000 |     9289044375 |
|      CAS_CMD_WR STAT      | UMC11C1 |       3045684000 |              0 |     1865660000 |       19035525 |
+---------------------------+---------+------------------+----------------+----------------+----------------+

+-----------------------------------+-------------+------------+------------+------------+------------+------------+------------+------------+------------+------------+-------------+-------------+-------------+-------------+-------------+-------------+-------------+-------------+-------------+-------------+-------------+-------------+-------------+-------------+-------------+-------------+-------------+-------------+-------------+-------------+-------------+-------------+-------------+-------------+-------------+-------------+-------------+-------------+-------------+-------------+-------------+-------------+-------------+-------------+-------------+-------------+-------------+-------------+-------------+-------------+-------------+-------------+-------------+-------------+-------------+-------------+-------------+-------------+-------------+-------------+-------------+-------------+-------------+-------------+-------------+-------------+-------------+-------------+-------------+-------------+-------------+-------------+-------------+-------------+-------------+-------------+-------------+-------------+-------------+-------------+-------------+-------------+-------------+-------------+-------------+-------------+-------------+-------------+-------------+-------------+-------------+-------------+-------------+-------------+-------------+-------------+-------------+-------------+-------------+-------------+--------------+--------------+--------------+--------------+--------------+--------------+--------------+--------------+--------------+--------------+--------------+--------------+--------------+--------------+--------------+--------------+--------------+--------------+--------------+--------------+--------------+--------------+--------------+--------------+--------------+--------------+--------------+--------------+--------------+--------------+--------------+--------------+--------------+--------------+--------------+--------------+--------------+--------------+--------------+--------------+--------------+--------------+--------------+--------------+--------------+--------------+--------------+--------------+--------------+--------------+--------------+--------------+--------------+--------------+--------------+--------------+--------------+--------------+--------------+--------------+
|               Metric              |  HWThread 0 | HWThread 1 | HWThread 2 | HWThread 3 | HWThread 4 | HWThread 5 | HWThread 6 | HWThread 7 | HWThread 8 | HWThread 9 | HWThread 10 | HWThread 11 | HWThread 12 | HWThread 13 | HWThread 14 | HWThread 15 | HWThread 16 | HWThread 17 | HWThread 18 | HWThread 19 | HWThread 20 | HWThread 21 | HWThread 22 | HWThread 23 | HWThread 24 | HWThread 25 | HWThread 26 | HWThread 27 | HWThread 28 | HWThread 29 | HWThread 30 | HWThread 31 | HWThread 32 | HWThread 33 | HWThread 34 | HWThread 35 | HWThread 36 | HWThread 37 | HWThread 38 | HWThread 39 | HWThread 40 | HWThread 41 | HWThread 42 | HWThread 43 | HWThread 44 | HWThread 45 | HWThread 46 | HWThread 47 | HWThread 48 | HWThread 49 | HWThread 50 | HWThread 51 | HWThread 52 | HWThread 53 | HWThread 54 | HWThread 55 | HWThread 56 | HWThread 57 | HWThread 58 | HWThread 59 | HWThread 60 | HWThread 61 | HWThread 62 | HWThread 63 | HWThread 64 | HWThread 65 | HWThread 66 | HWThread 67 | HWThread 68 | HWThread 69 | HWThread 70 | HWThread 71 | HWThread 72 | HWThread 73 | HWThread 74 | HWThread 75 | HWThread 76 | HWThread 77 | HWThread 78 | HWThread 79 | HWThread 80 | HWThread 81 | HWThread 82 | HWThread 83 | HWThread 84 | HWThread 85 | HWThread 86 | HWThread 87 | HWThread 88 | HWThread 89 | HWThread 90 | HWThread 91 | HWThread 92 | HWThread 93 | HWThread 94 | HWThread 95 | HWThread 96 | HWThread 97 | HWThread 98 | HWThread 99 | HWThread 100 | HWThread 101 | HWThread 102 | HWThread 103 | HWThread 104 | HWThread 105 | HWThread 106 | HWThread 107 | HWThread 108 | HWThread 109 | HWThread 110 | HWThread 111 | HWThread 112 | HWThread 113 | HWThread 114 | HWThread 115 | HWThread 116 | HWThread 117 | HWThread 118 | HWThread 119 | HWThread 120 | HWThread 121 | HWThread 122 | HWThread 123 | HWThread 124 | HWThread 125 | HWThread 126 | HWThread 127 | HWThread 128 | HWThread 129 | HWThread 130 | HWThread 131 | HWThread 132 | HWThread 133 | HWThread 134 | HWThread 135 | HWThread 136 | HWThread 137 | HWThread 138 | HWThread 139 | HWThread 140 | HWThread 141 | HWThread 142 | HWThread 143 | HWThread 144 | HWThread 145 | HWThread 146 | HWThread 147 | HWThread 148 | HWThread 149 | HWThread 150 | HWThread 151 | HWThread 152 | HWThread 153 | HWThread 154 | HWThread 155 | HWThread 156 | HWThread 157 | HWThread 158 | HWThread 159 |
+-----------------------------------+-------------+------------+------------+------------+------------+------------+------------+------------+------------+------------+-------------+-------------+-------------+-------------+-------------+-------------+-------------+-------------+-------------+-------------+-------------+-------------+-------------+-------------+-------------+-------------+-------------+-------------+-------------+-------------+-------------+-------------+-------------+-------------+-------------+-------------+-------------+-------------+-------------+-------------+-------------+-------------+-------------+-------------+-------------+-------------+-------------+-------------+-------------+-------------+-------------+-------------+-------------+-------------+-------------+-------------+-------------+-------------+-------------+-------------+-------------+-------------+-------------+-------------+-------------+-------------+-------------+-------------+-------------+-------------+-------------+-------------+-------------+-------------+-------------+-------------+-------------+-------------+-------------+-------------+-------------+-------------+-------------+-------------+-------------+-------------+-------------+-------------+-------------+-------------+-------------+-------------+-------------+-------------+-------------+-------------+-------------+-------------+-------------+-------------+--------------+--------------+--------------+--------------+--------------+--------------+--------------+--------------+--------------+--------------+--------------+--------------+--------------+--------------+--------------+--------------+--------------+--------------+--------------+--------------+--------------+--------------+--------------+--------------+--------------+--------------+--------------+--------------+--------------+--------------+--------------+--------------+--------------+--------------+--------------+--------------+--------------+--------------+--------------+--------------+--------------+--------------+--------------+--------------+--------------+--------------+--------------+--------------+--------------+--------------+--------------+--------------+--------------+--------------+--------------+--------------+--------------+--------------+--------------+--------------+
|        Runtime (RDTSC) [s]        |   2835.9470 |  2789.8240 |  2830.2540 |  2786.3470 |  2833.1360 |  2823.8220 |  2787.0480 |  2803.3080 |  2833.4470 |  2784.6300 |   2784.6300 |   2812.4200 |   2827.1430 |   2812.4190 |   2814.7550 |   2814.7570 |   2834.1560 |   2815.6240 |   2832.8150 |   2810.9230 |   2831.5320 |   2817.1860 |   2799.4780 |   2801.2690 |   2805.6650 |   2807.0800 |   2785.2410 |   2807.0790 |   2808.4870 |   2807.0790 |   2805.0340 |   2818.6080 |   2834.8530 |   2799.0960 |   2832.4930 |   2824.6170 |   2813.6570 |   2818.9990 |   2813.0280 |   2818.9980 |   2834.5320 |   2816.4780 |   2786.7330 |   2809.7500 |   2806.6970 |   2809.1150 |   2831.2100 |   2808.1680 |   2814.3750 |   2815.3060 |   2807.8510 |   2810.6070 |   2813.3380 |   2830.8890 |   2827.9310 |   2835.9510 |   2835.5730 |   2822.7750 |   2805.9790 |   2798.3870 |   2808.7970 |   2809.4340 |   2832.1730 |   2811.6330 |   2803.6270 |   2805.3520 |   2825.0070 |   2802.6850 |   2800.9580 |   2800.1020 |   2783.9750 |   2824.6160 |   2798.0790 |   2829.0870 |   2802.9960 |   2799.7890 |   2829.0880 |   2799.7900 |   2801.5840 |   2803.9420 |   2825.9620 |   2829.6290 |   2830.5720 |   2797.6950 |   2802.3040 |   2828.7080 |   2831.8530 |   2800.6490 |   2815.9390 |   2829.9380 |   2810.0680 |   2815.9380 |   2804.2560 |   2804.2570 |   2810.0680 |   2804.2560 |   2827.5270 |   2811.2370 |   2798.6990 |   2828.3090 |    2813.9750 |    2836.2600 |    2793.5740 |    2812.0150 |    2821.6230 |    2822.3890 |    2794.3430 |    2792.9340 |    2794.6020 |    2792.9340 |    2787.3620 |    2788.4080 |    2787.7620 |    2816.7890 |    2785.9590 |    2835.1680 |    2817.1840 |    2817.5620 |    2833.7560 |    2787.7620 |    2790.8730 |    2790.2100 |    2790.2100 |    2801.9010 |    2790.2090 |    2820.5880 |    2784.2270 |    2785.5580 |    2822.0040 |    2819.9430 |    2792.0320 |    2792.0320 |    2820.3250 |    2791.7700 |    2821.2360 |    2819.9430 |    2796.7900 |    2791.3950 |    2806.2940 |    2796.7900 |    2796.7890 |    2826.3470 |    2819.5360 |    2791.1300 |    2795.8860 |    2795.8860 |    2788.7880 |    2822.7730 |    2823.1530 |    2793.5740 |    2795.8860 |    2793.9550 |    2825.5570 |    2824.2100 |    2795.2430 |    2789.1810 |    2826.7460 |    2794.9870 |    2818.2120 |    2789.1810 |
|        Runtime unhalted [s]       |   3949.3260 |  3946.7260 |  3947.7452 |  3947.0029 |  3946.8260 |  3947.5221 |  3947.2452 |  3947.1491 |  3947.5221 |  3946.9029 |   3947.1875 |   3947.0567 |   3947.3567 |   3946.6260 |   3946.7914 |   3946.9221 |   3946.9991 |   3947.5414 |   3946.9375 |   3946.5260 |   3947.3606 |   3947.1298 |   3946.8567 |   3946.4683 |   3946.3952 |   3947.1798 |   3946.6875 |   3946.7683 |   3946.6606 |   3947.1221 |   3947.3029 |   3946.9298 |   3946.6837 |   3947.1029 |   3946.3760 |   3946.9414 |   3946.5567 |   3947.1260 |   3947.2067 |   3947.1798 |   3947.0029 |   3946.9606 |   3947.5760 |   3946.8106 |   3946.8606 |   3947.2337 |   3946.8375 |   3947.0798 |   3946.7567 |   3947.3452 |   3946.5183 |   3946.9914 |   3946.7952 |   3946.7875 |   3947.2721 |   3947.5760 |   3946.9644 |   3946.9529 |   3946.7798 |   3946.6452 |   3947.0221 |   3946.8567 |   3947.4452 |   3946.2914 |   3947.4260 |   3947.1491 |   3947.0952 |   3947.3606 |   3947.1337 |   3946.2721 |   3947.5606 |   3946.7298 |   3946.9567 |   3947.2298 |   3947.6721 |   3947.4567 |   3947.6221 |   3947.0106 |   3947.3260 |   3947.2721 |   3947.0106 |   3946.7991 |   3946.9221 |   3947.3875 |   3946.9567 |   3947.6837 |   3946.7029 |   3947.0337 |   3947.3337 |   3947.6721 |   3947.1683 |   3947.4683 |   3947.5414 |   3947.2491 |   3947.6337 |   3947.6298 |   3958.4415 |   3957.6299 |   3957.7492 |   3958.1107 |    3957.3722 |    3958.3530 |    3958.0338 |    3958.0338 |    3956.9645 |    3956.7838 |    3956.8799 |    3956.6261 |    3956.9338 |    3957.0992 |    3956.9376 |    3957.2722 |    3957.8530 |    3957.5107 |    3958.3376 |    3957.3261 |    3958.4107 |    3958.1492 |    3957.6953 |    3957.8569 |    3957.1876 |    3957.6799 |    3957.9761 |    3958.1722 |    3957.2261 |    3958.0492 |    3957.9684 |    3957.8376 |    3957.3415 |    3957.0453 |    3957.2069 |    3956.5530 |    3956.8915 |    3956.9761 |    3956.9799 |    3957.0299 |    3957.5453 |    3957.9799 |    3957.6069 |    3958.6761 |    3957.8838 |    3958.7069 |    3957.0876 |    3958.3953 |    3956.4261 |    3956.7068 |    3957.5299 |    3955.9299 |    3956.7607 |    3956.2376 |    3957.2992 |    3956.0453 |    3957.4030 |    3957.0415 |    3957.2684 |    3957.4107 |    3956.9761 |    3957.2376 |    3957.2030 |    3957.0184 |
|            Clock [MHz]            |   3689.7955 |  3689.7402 |  3689.7990 |  3689.9164 |  3689.9082 |  3689.4615 |  3689.9898 |  3689.9678 |  3690.1319 |  3690.0679 |   3690.0803 |   3690.0734 |   3690.0870 |   3690.0825 |   3690.0519 |   3690.0731 |   3690.0557 |   3690.0325 |   3690.0691 |   3690.0467 |   3690.0681 |   3690.0800 |   3690.0553 |   3690.0550 |   3690.0245 |   3690.0803 |   3690.0691 |   3690.0523 |   3689.9914 |   3690.0840 |   3690.0831 |   3690.1431 |   3690.1104 |   3690.1472 |   3689.9953 |   3690.0196 |   3690.0454 |   3690.0713 |   3690.0207 |   3690.0481 |   3690.1369 |   3690.0575 |   3690.1460 |   3690.0699 |   3689.9987 |   3690.0536 |   3690.0552 |   3690.0797 |   3690.0471 |   3690.1042 |   3690.0242 |   3690.0751 |   3690.0728 |   3690.0713 |   3690.1467 |   3690.0995 |   3690.0759 |   3690.0672 |   3690.0523 |   3690.0168 |   3690.0712 |   3690.1278 |   3690.0472 |   3690.1193 |   3690.0603 |   3690.0530 |   3690.1002 |   3690.0579 |   3690.0448 |   3690.0324 |   3690.1413 |   3690.0678 |   3690.1254 |   3690.0709 |   3690.0578 |   3690.0335 |   3690.0115 |   3690.0221 |   3690.0271 |   3690.0890 |   3690.0185 |   3690.0300 |   3690.0486 |   3690.0979 |   3690.1050 |   3690.1318 |   3690.1213 |   3690.0748 |   3690.0950 |   3690.0950 |   3690.0052 |   3690.1438 |   3690.1636 |   3690.0006 |   3690.0733 |   3690.0325 |   3699.4122 |   3699.5796 |   3699.5529 |   3699.5972 |    3699.5699 |    3699.5490 |    3699.6685 |    3699.6721 |    3699.5224 |    3699.5708 |    3699.5205 |    3699.5672 |    3699.5315 |    3699.6288 |    3699.5504 |    3699.5609 |    3699.4147 |    3699.5592 |    3699.6323 |    3699.5078 |    3699.5134 |    3699.5927 |    3699.5798 |    3699.5569 |    3699.5652 |    3699.6207 |    3699.5348 |    3699.5770 |    3699.5648 |    3699.6267 |    3699.5634 |    3699.6008 |    3699.5729 |    3699.6224 |    3699.5632 |    3699.5336 |    3699.5702 |    3699.5705 |    3699.5649 |    3699.5446 |    3699.5747 |    3699.5880 |    3699.5677 |    3699.5676 |    3699.5360 |    3699.6772 |    3699.5586 |    3699.5333 |    3699.5649 |    3699.5603 |    3699.6861 |    3699.5498 |    3699.6357 |    3699.5386 |    3699.5881 |    3699.5415 |    3699.6038 |    3699.5846 |    3699.5875 |    3699.5905 |    3699.5900 |    3699.5792 |    3699.6655 |    3699.5860 |
|                CPI                |      1.6111 |     1.6072 |     1.5985 |     1.6147 |     1.5974 |     1.6143 |     1.6090 |     1.6141 |     1.4028 |     1.4020 |      1.4054 |      1.4080 |      1.4032 |      1.4134 |      1.4079 |      1.4149 |      1.5718 |      1.5736 |      1.5700 |      1.5720 |      1.5710 |      1.5822 |      1.5734 |      1.5805 |      1.6129 |      1.6053 |      1.6085 |      1.6119 |      1.6101 |      1.6096 |      1.6156 |      1.6082 |      1.4136 |      1.4168 |      1.4187 |      1.4183 |      1.4143 |      1.4220 |      1.4176 |      1.4133 |      1.5773 |      1.5864 |      1.5884 |      1.5791 |      1.5775 |      1.5929 |      1.5875 |      1.5895 |      1.6025 |      1.6036 |      1.6004 |      1.6005 |      1.5967 |      1.6103 |      1.6049 |      1.6078 |      1.4084 |      1.4112 |      1.4096 |      1.4087 |      1.4104 |      1.4173 |      1.4145 |      1.4223 |      1.5718 |      1.5698 |      1.5654 |      1.5728 |      1.5757 |      1.5769 |      1.5745 |      1.5800 |      1.6054 |      1.6046 |      1.6047 |      1.6126 |      1.6069 |      1.6122 |      1.6111 |      1.6107 |      1.4070 |      1.4096 |      1.4087 |      1.4138 |      1.4068 |      1.4180 |      1.4158 |      1.4208 |      1.5693 |      1.5757 |      1.5658 |      1.5832 |      1.5688 |      1.5868 |      1.5806 |      1.5829 |      2.3330 |      2.3249 |      2.3403 |      2.3400 |       2.3394 |       2.3407 |       2.3414 |       2.3262 |       1.7241 |       1.7279 |       1.7264 |       1.7360 |       1.7203 |       1.7311 |       1.7287 |       1.7317 |       2.3145 |       2.3140 |       2.3148 |       2.3013 |       2.2952 |       2.3058 |       2.2966 |       2.3163 |       2.3515 |       2.3567 |       2.3475 |       2.3586 |       2.3522 |       2.3525 |       2.3635 |       2.3630 |       1.7391 |       1.7437 |       1.7412 |       1.7470 |       1.7342 |       1.7511 |       1.7449 |       1.7470 |       2.3230 |       2.3357 |       2.3326 |       2.3331 |       2.3272 |       2.3474 |       2.3465 |       2.3339 |       1.7105 |       1.7011 |       1.6987 |       1.7123 |       1.7014 |       1.7133 |       1.7046 |       1.7067 |       1.7087 |       1.7170 |       1.7045 |       1.7114 |       1.7074 |       1.7136 |       1.7104 |       1.7162 |
|  Memory read bandwidth [MBytes/s] | 317911.6789 |          0 |          0 |          0 |          0 |          0 |          0 |          0 |          0 |          0 |           0 |           0 |           0 |           0 |           0 |           0 |           0 |           0 |           0 |           0 |           0 |           0 |           0 |           0 |           0 |           0 |           0 |           0 |           0 |           0 |           0 |           0 |           0 |           0 |           0 |           0 |           0 |           0 |           0 |           0 |           0 |           0 |           0 |           0 |           0 |           0 |           0 |           0 |           0 |           0 |           0 |           0 |           0 |           0 |           0 |           0 |           0 |           0 |           0 |           0 |           0 |           0 |           0 |           0 |           0 |           0 |           0 |           0 |           0 |           0 |           0 |           0 |           0 |           0 |           0 |           0 |           0 |           0 |           0 |           0 |           0 |           0 |           0 |           0 |           0 |           0 |           0 |           0 |           0 |           0 |           0 |           0 |           0 |           0 |           0 |           0 |  84457.7085 |           0 |           0 |           0 |            0 |            0 |            0 |            0 |            0 |            0 |            0 |            0 |            0 |            0 |            0 |            0 |            0 |            0 |            0 |            0 |            0 |            0 |            0 |            0 |            0 |            0 |            0 |            0 |            0 |            0 |            0 |            0 |            0 |            0 |            0 |            0 |            0 |            0 |            0 |            0 |            0 |            0 |            0 |            0 |            0 |            0 |            0 |            0 |            0 |            0 |            0 |            0 |            0 |            0 |            0 |            0 |            0 |            0 |            0 |            0 |            0 |            0 |            0 |            0 |
|  Memory read data volume [GBytes] | 901580.6720 |          0 |          0 |          0 |          0 |          0 |          0 |          0 |          0 |          0 |           0 |           0 |           0 |           0 |           0 |           0 |           0 |           0 |           0 |           0 |           0 |           0 |           0 |           0 |           0 |           0 |           0 |           0 |           0 |           0 |           0 |           0 |           0 |           0 |           0 |           0 |           0 |           0 |           0 |           0 |           0 |           0 |           0 |           0 |           0 |           0 |           0 |           0 |           0 |           0 |           0 |           0 |           0 |           0 |           0 |           0 |           0 |           0 |           0 |           0 |           0 |           0 |           0 |           0 |           0 |           0 |           0 |           0 |           0 |           0 |           0 |           0 |           0 |           0 |           0 |           0 |           0 |           0 |           0 |           0 |           0 |           0 |           0 |           0 |           0 |           0 |           0 |           0 |           0 |           0 |           0 |           0 |           0 |           0 |           0 |           0 | 238806.4512 |           0 |           0 |           0 |            0 |            0 |            0 |            0 |            0 |            0 |            0 |            0 |            0 |            0 |            0 |            0 |            0 |            0 |            0 |            0 |            0 |            0 |            0 |            0 |            0 |            0 |            0 |            0 |            0 |            0 |            0 |            0 |            0 |            0 |            0 |            0 |            0 |            0 |            0 |            0 |            0 |            0 |            0 |            0 |            0 |            0 |            0 |            0 |            0 |            0 |            0 |            0 |            0 |            0 |            0 |            0 |            0 |            0 |            0 |            0 |            0 |            0 |            0 |            0 |
| Memory write bandwidth [MBytes/s] |    484.6220 |          0 |          0 |          0 |          0 |          0 |          0 |          0 |          0 |          0 |           0 |           0 |           0 |           0 |           0 |           0 |           0 |           0 |           0 |           0 |           0 |           0 |           0 |           0 |           0 |           0 |           0 |           0 |           0 |           0 |           0 |           0 |           0 |           0 |           0 |           0 |           0 |           0 |           0 |           0 |           0 |           0 |           0 |           0 |           0 |           0 |           0 |           0 |           0 |           0 |           0 |           0 |           0 |           0 |           0 |           0 |           0 |           0 |           0 |           0 |           0 |           0 |           0 |           0 |           0 |           0 |           0 |           0 |           0 |           0 |           0 |           0 |           0 |           0 |           0 |           0 |           0 |           0 |           0 |           0 |           0 |           0 |           0 |           0 |           0 |           0 |           0 |           0 |           0 |           0 |           0 |           0 |           0 |           0 |           0 |           0 |    322.1547 |           0 |           0 |           0 |            0 |            0 |            0 |            0 |            0 |            0 |            0 |            0 |            0 |            0 |            0 |            0 |            0 |            0 |            0 |            0 |            0 |            0 |            0 |            0 |            0 |            0 |            0 |            0 |            0 |            0 |            0 |            0 |            0 |            0 |            0 |            0 |            0 |            0 |            0 |            0 |            0 |            0 |            0 |            0 |            0 |            0 |            0 |            0 |            0 |            0 |            0 |            0 |            0 |            0 |            0 |            0 |            0 |            0 |            0 |            0 |            0 |            0 |            0 |            0 |
| Memory write data volume [GBytes] |   1374.3624 |          0 |          0 |          0 |          0 |          0 |          0 |          0 |          0 |          0 |           0 |           0 |           0 |           0 |           0 |           0 |           0 |           0 |           0 |           0 |           0 |           0 |           0 |           0 |           0 |           0 |           0 |           0 |           0 |           0 |           0 |           0 |           0 |           0 |           0 |           0 |           0 |           0 |           0 |           0 |           0 |           0 |           0 |           0 |           0 |           0 |           0 |           0 |           0 |           0 |           0 |           0 |           0 |           0 |           0 |           0 |           0 |           0 |           0 |           0 |           0 |           0 |           0 |           0 |           0 |           0 |           0 |           0 |           0 |           0 |           0 |           0 |           0 |           0 |           0 |           0 |           0 |           0 |           0 |           0 |           0 |           0 |           0 |           0 |           0 |           0 |           0 |           0 |           0 |           0 |           0 |           0 |           0 |           0 |           0 |           0 |    910.9012 |           0 |           0 |           0 |            0 |            0 |            0 |            0 |            0 |            0 |            0 |            0 |            0 |            0 |            0 |            0 |            0 |            0 |            0 |            0 |            0 |            0 |            0 |            0 |            0 |            0 |            0 |            0 |            0 |            0 |            0 |            0 |            0 |            0 |            0 |            0 |            0 |            0 |            0 |            0 |            0 |            0 |            0 |            0 |            0 |            0 |            0 |            0 |            0 |            0 |            0 |            0 |            0 |            0 |            0 |            0 |            0 |            0 |            0 |            0 |            0 |            0 |            0 |            0 |
|    Memory bandwidth [MBytes/s]    | 318396.3009 |          0 |          0 |          0 |          0 |          0 |          0 |          0 |          0 |          0 |           0 |           0 |           0 |           0 |           0 |           0 |           0 |           0 |           0 |           0 |           0 |           0 |           0 |           0 |           0 |           0 |           0 |           0 |           0 |           0 |           0 |           0 |           0 |           0 |           0 |           0 |           0 |           0 |           0 |           0 |           0 |           0 |           0 |           0 |           0 |           0 |           0 |           0 |           0 |           0 |           0 |           0 |           0 |           0 |           0 |           0 |           0 |           0 |           0 |           0 |           0 |           0 |           0 |           0 |           0 |           0 |           0 |           0 |           0 |           0 |           0 |           0 |           0 |           0 |           0 |           0 |           0 |           0 |           0 |           0 |           0 |           0 |           0 |           0 |           0 |           0 |           0 |           0 |           0 |           0 |           0 |           0 |           0 |           0 |           0 |           0 |  84779.8632 |           0 |           0 |           0 |            0 |            0 |            0 |            0 |            0 |            0 |            0 |            0 |            0 |            0 |            0 |            0 |            0 |            0 |            0 |            0 |            0 |            0 |            0 |            0 |            0 |            0 |            0 |            0 |            0 |            0 |            0 |            0 |            0 |            0 |            0 |            0 |            0 |            0 |            0 |            0 |            0 |            0 |            0 |            0 |            0 |            0 |            0 |            0 |            0 |            0 |            0 |            0 |            0 |            0 |            0 |            0 |            0 |            0 |            0 |            0 |            0 |            0 |            0 |            0 |
|    Memory data volume [GBytes]    | 902955.0344 |          0 |          0 |          0 |          0 |          0 |          0 |          0 |          0 |          0 |           0 |           0 |           0 |           0 |           0 |           0 |           0 |           0 |           0 |           0 |           0 |           0 |           0 |           0 |           0 |           0 |           0 |           0 |           0 |           0 |           0 |           0 |           0 |           0 |           0 |           0 |           0 |           0 |           0 |           0 |           0 |           0 |           0 |           0 |           0 |           0 |           0 |           0 |           0 |           0 |           0 |           0 |           0 |           0 |           0 |           0 |           0 |           0 |           0 |           0 |           0 |           0 |           0 |           0 |           0 |           0 |           0 |           0 |           0 |           0 |           0 |           0 |           0 |           0 |           0 |           0 |           0 |           0 |           0 |           0 |           0 |           0 |           0 |           0 |           0 |           0 |           0 |           0 |           0 |           0 |           0 |           0 |           0 |           0 |           0 |           0 | 239717.3524 |           0 |           0 |           0 |            0 |            0 |            0 |            0 |            0 |            0 |            0 |            0 |            0 |            0 |            0 |            0 |            0 |            0 |            0 |            0 |            0 |            0 |            0 |            0 |            0 |            0 |            0 |            0 |            0 |            0 |            0 |            0 |            0 |            0 |            0 |            0 |            0 |            0 |            0 |            0 |            0 |            0 |            0 |            0 |            0 |            0 |            0 |            0 |            0 |            0 |            0 |            0 |            0 |            0 |            0 |            0 |            0 |            0 |            0 |            0 |            0 |            0 |            0 |            0 |
+-----------------------------------+-------------+------------+------------+------------+------------+------------+------------+------------+------------+------------+-------------+-------------+-------------+-------------+-------------+-------------+-------------+-------------+-------------+-------------+-------------+-------------+-------------+-------------+-------------+-------------+-------------+-------------+-------------+-------------+-------------+-------------+-------------+-------------+-------------+-------------+-------------+-------------+-------------+-------------+-------------+-------------+-------------+-------------+-------------+-------------+-------------+-------------+-------------+-------------+-------------+-------------+-------------+-------------+-------------+-------------+-------------+-------------+-------------+-------------+-------------+-------------+-------------+-------------+-------------+-------------+-------------+-------------+-------------+-------------+-------------+-------------+-------------+-------------+-------------+-------------+-------------+-------------+-------------+-------------+-------------+-------------+-------------+-------------+-------------+-------------+-------------+-------------+-------------+-------------+-------------+-------------+-------------+-------------+-------------+-------------+-------------+-------------+-------------+-------------+--------------+--------------+--------------+--------------+--------------+--------------+--------------+--------------+--------------+--------------+--------------+--------------+--------------+--------------+--------------+--------------+--------------+--------------+--------------+--------------+--------------+--------------+--------------+--------------+--------------+--------------+--------------+--------------+--------------+--------------+--------------+--------------+--------------+--------------+--------------+--------------+--------------+--------------+--------------+--------------+--------------+--------------+--------------+--------------+--------------+--------------+--------------+--------------+--------------+--------------+--------------+--------------+--------------+--------------+--------------+--------------+--------------+--------------+--------------+--------------+

+----------------------------------------+--------------+-----------+-------------+-----------+
|                 Metric                 |      Sum     |    Min    |     Max     |    Avg    |
+----------------------------------------+--------------+-----------+-------------+-----------+
|        Runtime (RDTSC) [s] STAT        |  449582.8180 | 2783.9750 |   2836.2600 | 2809.8926 |
|        Runtime unhalted [s] STAT       |  632195.6323 | 3946.2721 |   3958.7069 | 3951.2227 |
|            Clock [MHz] STAT            |  591017.3842 | 3689.4615 |   3699.6861 | 3693.8587 |
|                CPI STAT                |     276.8930 |    1.4020 |      2.3635 |    1.7306 |
|  Memory read bandwidth [MBytes/s] STAT |  402369.3874 |         0 | 317911.6789 | 2514.8087 |
|  Memory read data volume [GBytes] STAT | 1.140387e+06 |         0 | 901580.6720 | 7127.4195 |
| Memory write bandwidth [MBytes/s] STAT |     806.7767 |         0 |    484.6220 |    5.0424 |
| Memory write data volume [GBytes] STAT |    2285.2636 |         0 |   1374.3624 |   14.2829 |
|    Memory bandwidth [MBytes/s] STAT    |  403176.1641 |         0 | 318396.3009 | 2519.8510 |
|    Memory data volume [GBytes] STAT    | 1.142672e+06 |         0 | 902955.0344 | 7141.7024 |
+----------------------------------------+--------------+-----------+-------------+-----------+

