INFO: You are running LIKWID in a cpuset with 176 CPUs. Taking given IDs as logical ID in cpuset
--------------------------------------------------------------------------------
CPU name:	AMD EPYC 9A14 96-Core Processor                
CPU type:	AMD K19 (Zen4) architecture
CPU clock:	2.60 GHz
--------------------------------------------------------------------------------
Sys.CPU_THREADS       192
SLURM_CPUS_PER_TASK   176
OMP_NUM_THREADS       176
OMP_PROC_BIND         close
OMP_PLACES            cores
BLAS_NUM_THREADS      1
Threads.nthreads()    1

Successfully read data from: /public/home/halili/jld2file/6-31g/hcn-1.0-6-31g.jld2
  name: hcn
  ratio: 1.0
  basis: 6-31g
  nα: 7, nβ: 7, ne: 14, norb: 20, nq: 40

  ngs: 13755
  ncs: 72681

Warming up JIT and Hardware...
Warm-up completed.
  Step 001:  residual: 7.7049e-01,  e: -92.82763179936551
  Step 002:  residual: 3.7087e-01,  e: -93.01183870091404
  Step 003:  residual: 1.4548e-01,  e: -93.04687547021022
  Step 004:  residual: 5.7932e-02,  e: -93.05170251010389
  Step 005:  residual: 2.8328e-02,  e: -93.05243615719493
  Step 006:  residual: 1.3340e-02,  e: -93.05261925959169
  Step 007:  residual: 5.6500e-03,  e: -93.05265620776134
  Step 008:  residual: 2.2421e-03,  e: -93.05266215767701
  Step 009:  residual: 8.8227e-04,  e: -93.05266309075220
  Step 010:  residual: 3.8870e-04,  e: -93.05266324625494
  Step 011:  residual: 1.8353e-04,  e: -93.05266327684531
  Step 012:  residual: 8.8481e-05,  e: -93.05266328403771
  Step 013:  residual: 3.8778e-05,  e: -93.05266328559679
  Step 014:  residual: 1.6948e-05,  e: -93.05266328585499
  Step 015:  residual: 6.9143e-06,  e: -93.05266328590406

Convergence reached!
3092.062819 seconds (7.21 M allocations: 347.495 GiB, 0.02% gc time, 0.07% compilation time)
--------------------------------------------------------------------------------
Region hvec_direct_agg, Group 1: MEM
+-------------------+-------------+-------------+-------------+-------------+-------------+-------------+-------------+-------------+-------------+-------------+-------------+-------------+-------------+-------------+-------------+-------------+-------------+-------------+-------------+-------------+-------------+-------------+-------------+-------------+-------------+-------------+-------------+-------------+-------------+-------------+-------------+-------------+-------------+-------------+-------------+-------------+-------------+-------------+-------------+-------------+-------------+-------------+-------------+-------------+-------------+-------------+-------------+-------------+-------------+-------------+-------------+-------------+-------------+-------------+-------------+-------------+-------------+-------------+-------------+-------------+-------------+-------------+-------------+-------------+-------------+-------------+-------------+-------------+-------------+-------------+-------------+-------------+-------------+-------------+-------------+-------------+-------------+-------------+-------------+-------------+-------------+-------------+-------------+-------------+-------------+-------------+-------------+-------------+-------------+-------------+-------------+-------------+-------------+-------------+-------------+-------------+-------------+-------------+-------------+-------------+--------------+--------------+--------------+--------------+--------------+--------------+--------------+--------------+--------------+--------------+--------------+--------------+--------------+--------------+--------------+--------------+--------------+--------------+--------------+--------------+--------------+--------------+--------------+--------------+--------------+--------------+--------------+--------------+--------------+--------------+--------------+--------------+--------------+--------------+--------------+--------------+--------------+--------------+--------------+--------------+--------------+--------------+--------------+--------------+--------------+--------------+--------------+--------------+--------------+--------------+--------------+--------------+--------------+--------------+--------------+--------------+--------------+--------------+--------------+--------------+--------------+--------------+--------------+--------------+--------------+--------------+--------------+--------------+--------------+--------------+--------------+--------------+--------------+--------------+--------------+--------------+
|    Region Info    |  HWThread 0 |  HWThread 1 |  HWThread 2 |  HWThread 3 |  HWThread 4 |  HWThread 5 |  HWThread 6 |  HWThread 7 |  HWThread 8 |  HWThread 9 | HWThread 10 | HWThread 11 | HWThread 12 | HWThread 13 | HWThread 14 | HWThread 15 | HWThread 16 | HWThread 17 | HWThread 18 | HWThread 19 | HWThread 20 | HWThread 21 | HWThread 22 | HWThread 23 | HWThread 24 | HWThread 25 | HWThread 26 | HWThread 27 | HWThread 28 | HWThread 29 | HWThread 30 | HWThread 31 | HWThread 32 | HWThread 33 | HWThread 34 | HWThread 35 | HWThread 36 | HWThread 37 | HWThread 38 | HWThread 39 | HWThread 40 | HWThread 41 | HWThread 42 | HWThread 43 | HWThread 44 | HWThread 45 | HWThread 46 | HWThread 47 | HWThread 48 | HWThread 49 | HWThread 50 | HWThread 51 | HWThread 52 | HWThread 53 | HWThread 54 | HWThread 55 | HWThread 56 | HWThread 57 | HWThread 58 | HWThread 59 | HWThread 60 | HWThread 61 | HWThread 62 | HWThread 63 | HWThread 64 | HWThread 65 | HWThread 66 | HWThread 67 | HWThread 68 | HWThread 69 | HWThread 70 | HWThread 71 | HWThread 72 | HWThread 73 | HWThread 74 | HWThread 75 | HWThread 76 | HWThread 77 | HWThread 78 | HWThread 79 | HWThread 80 | HWThread 81 | HWThread 82 | HWThread 83 | HWThread 84 | HWThread 85 | HWThread 86 | HWThread 87 | HWThread 88 | HWThread 89 | HWThread 90 | HWThread 91 | HWThread 92 | HWThread 93 | HWThread 94 | HWThread 95 | HWThread 96 | HWThread 97 | HWThread 98 | HWThread 99 | HWThread 100 | HWThread 101 | HWThread 102 | HWThread 103 | HWThread 104 | HWThread 105 | HWThread 106 | HWThread 107 | HWThread 108 | HWThread 109 | HWThread 110 | HWThread 111 | HWThread 112 | HWThread 113 | HWThread 114 | HWThread 115 | HWThread 116 | HWThread 117 | HWThread 118 | HWThread 119 | HWThread 120 | HWThread 121 | HWThread 122 | HWThread 123 | HWThread 124 | HWThread 125 | HWThread 126 | HWThread 127 | HWThread 128 | HWThread 129 | HWThread 130 | HWThread 131 | HWThread 132 | HWThread 133 | HWThread 134 | HWThread 135 | HWThread 136 | HWThread 137 | HWThread 138 | HWThread 139 | HWThread 140 | HWThread 141 | HWThread 142 | HWThread 143 | HWThread 144 | HWThread 145 | HWThread 146 | HWThread 147 | HWThread 148 | HWThread 149 | HWThread 150 | HWThread 151 | HWThread 152 | HWThread 153 | HWThread 154 | HWThread 155 | HWThread 156 | HWThread 157 | HWThread 158 | HWThread 159 | HWThread 160 | HWThread 161 | HWThread 162 | HWThread 163 | HWThread 164 | HWThread 165 | HWThread 166 | HWThread 167 | HWThread 168 | HWThread 169 | HWThread 170 | HWThread 171 | HWThread 172 | HWThread 173 | HWThread 174 | HWThread 175 |
+-------------------+-------------+-------------+-------------+-------------+-------------+-------------+-------------+-------------+-------------+-------------+-------------+-------------+-------------+-------------+-------------+-------------+-------------+-------------+-------------+-------------+-------------+-------------+-------------+-------------+-------------+-------------+-------------+-------------+-------------+-------------+-------------+-------------+-------------+-------------+-------------+-------------+-------------+-------------+-------------+-------------+-------------+-------------+-------------+-------------+-------------+-------------+-------------+-------------+-------------+-------------+-------------+-------------+-------------+-------------+-------------+-------------+-------------+-------------+-------------+-------------+-------------+-------------+-------------+-------------+-------------+-------------+-------------+-------------+-------------+-------------+-------------+-------------+-------------+-------------+-------------+-------------+-------------+-------------+-------------+-------------+-------------+-------------+-------------+-------------+-------------+-------------+-------------+-------------+-------------+-------------+-------------+-------------+-------------+-------------+-------------+-------------+-------------+-------------+-------------+-------------+--------------+--------------+--------------+--------------+--------------+--------------+--------------+--------------+--------------+--------------+--------------+--------------+--------------+--------------+--------------+--------------+--------------+--------------+--------------+--------------+--------------+--------------+--------------+--------------+--------------+--------------+--------------+--------------+--------------+--------------+--------------+--------------+--------------+--------------+--------------+--------------+--------------+--------------+--------------+--------------+--------------+--------------+--------------+--------------+--------------+--------------+--------------+--------------+--------------+--------------+--------------+--------------+--------------+--------------+--------------+--------------+--------------+--------------+--------------+--------------+--------------+--------------+--------------+--------------+--------------+--------------+--------------+--------------+--------------+--------------+--------------+--------------+--------------+--------------+--------------+--------------+
| RDTSC Runtime [s] | 3026.394000 | 3019.883000 | 2996.451000 | 3003.822000 | 2994.193000 | 2976.174000 | 3008.738000 | 3003.822000 | 2992.473000 | 3016.533000 | 3016.532000 | 3015.387000 | 3011.461000 | 2991.228000 | 3018.429000 | 3013.812000 | 2981.724000 | 2969.518000 | 2966.731000 | 3012.541000 | 2979.725000 | 3014.172000 | 3002.141000 | 2982.964000 | 3007.918000 | 3021.550000 | 3009.376000 | 2964.339000 | 3022.347000 | 2990.393000 | 3002.936000 | 3014.967000 | 2981.311000 | 2983.811000 | 2975.440000 | 3004.926000 | 2999.689000 | 2984.228000 | 2975.440000 | 3004.926000 | 3017.275000 | 3025.298000 | 2980.191000 | 2986.969000 | 2990.813000 | 3017.275000 | 3010.186000 | 2980.191000 | 3008.332000 | 2964.763000 | 3007.448000 | 3008.330000 | 3001.668000 | 3004.514000 | 2967.570000 | 2968.719000 | 2977.067000 | 2988.735000 | 3024.888000 | 2998.814000 | 3003.407000 | 2977.917000 | 2974.193000 | 3012.953000 | 3024.468000 | 2963.873000 | 2972.510000 | 3000.539000 | 2997.259000 | 2988.255000 | 3000.175000 | 2989.561000 | 2960.160000 | 2960.863000 | 2998.056000 | 2961.353000 | 2992.891000 | 2991.646000 | 2998.057000 | 2957.517000 | 2968.041000 | 2968.043000 | 2985.541000 | 2980.891000 | 2983.386000 | 2982.137000 | 3019.441000 | 3013.371000 | 2962.002000 | 3023.998000 | 3021.074000 | 2989.144000 | 2989.981000 | 3022.821000 | 3022.823000 | 3025.716000 | 3005.339000 | 3006.602000 | 3006.602000 | 3006.028000 |  3005.344000 |  2993.724000 |  3002.138000 |  3006.027000 |  3011.041000 |  2982.136000 |  2978.762000 |  2985.063000 |  2978.762000 |  3011.460000 |  2978.762000 |  2969.981000 |  2957.845000 |  2991.645000 |  2995.468000 |  2957.845000 |  2995.467000 |  2957.845000 |  3023.529000 |  2995.467000 |  2999.688000 |  2999.224000 |  2997.257000 |  2994.656000 |  2958.895000 |  2958.312000 |  3000.990000 |  2958.896000 |  3020.614000 |  2973.307000 |  2965.560000 |  2972.509000 |  3015.385000 |  3017.953000 |  3018.427000 |  3019.439000 |  3015.828000 |  2971.598000 |  2964.761000 |  2975.016000 |  2970.774000 |  3017.953000 |  2963.442000 |  3011.040000 |  2962.879000 |  2974.190000 |  2977.915000 |  2973.768000 |  2962.417000 |  2994.656000 |  2966.309000 |  2962.418000 |  2992.890000 |  2986.247000 |  3021.549000 |  2985.888000 |  2985.063000 |  2984.228000 |  3013.370000 |  2987.442000 |  3010.183000 |  2971.195000 |  2968.717000 |  2971.597000 |  2965.560000 |  2971.195000 |  2966.730000 |  2969.981000 |  2996.449000 |  2960.864000 |  2977.066000 |  2959.222000 |  2959.817000 |  3009.373000 |  2987.441000 |  2976.589000 |
|     call count    |          15 |          15 |          15 |          15 |          15 |          15 |          15 |          15 |          15 |          15 |          15 |          15 |          15 |          15 |          15 |          15 |          15 |          15 |          15 |          15 |          15 |          15 |          15 |          15 |          15 |          15 |          15 |          15 |          15 |          15 |          15 |          15 |          15 |          15 |          15 |          15 |          15 |          15 |          15 |          15 |          15 |          15 |          15 |          15 |          15 |          15 |          15 |          15 |          15 |          15 |          15 |          15 |          15 |          15 |          15 |          15 |          15 |          15 |          15 |          15 |          15 |          15 |          15 |          15 |          15 |          15 |          15 |          15 |          15 |          15 |          15 |          15 |          15 |          15 |          15 |          15 |          15 |          15 |          15 |          15 |          15 |          15 |          15 |          15 |          15 |          15 |          15 |          15 |          15 |          15 |          15 |          15 |          15 |          15 |          15 |          15 |          15 |          15 |          15 |          15 |           15 |           15 |           15 |           15 |           15 |           15 |           15 |           15 |           15 |           15 |           15 |           15 |           15 |           15 |           15 |           15 |           15 |           15 |           15 |           15 |           15 |           15 |           15 |           15 |           15 |           15 |           15 |           15 |           15 |           15 |           15 |           15 |           15 |           15 |           15 |           15 |           15 |           15 |           15 |           15 |           15 |           15 |           15 |           15 |           15 |           15 |           15 |           15 |           15 |           15 |           15 |           15 |           15 |           15 |           15 |           15 |           15 |           15 |           15 |           15 |           15 |           15 |           15 |           15 |           15 |           15 |           15 |           15 |           15 |           15 |           15 |           15 |           15 |           15 |           15 |           15 |
+-------------------+-------------+-------------+-------------+-------------+-------------+-------------+-------------+-------------+-------------+-------------+-------------+-------------+-------------+-------------+-------------+-------------+-------------+-------------+-------------+-------------+-------------+-------------+-------------+-------------+-------------+-------------+-------------+-------------+-------------+-------------+-------------+-------------+-------------+-------------+-------------+-------------+-------------+-------------+-------------+-------------+-------------+-------------+-------------+-------------+-------------+-------------+-------------+-------------+-------------+-------------+-------------+-------------+-------------+-------------+-------------+-------------+-------------+-------------+-------------+-------------+-------------+-------------+-------------+-------------+-------------+-------------+-------------+-------------+-------------+-------------+-------------+-------------+-------------+-------------+-------------+-------------+-------------+-------------+-------------+-------------+-------------+-------------+-------------+-------------+-------------+-------------+-------------+-------------+-------------+-------------+-------------+-------------+-------------+-------------+-------------+-------------+-------------+-------------+-------------+-------------+--------------+--------------+--------------+--------------+--------------+--------------+--------------+--------------+--------------+--------------+--------------+--------------+--------------+--------------+--------------+--------------+--------------+--------------+--------------+--------------+--------------+--------------+--------------+--------------+--------------+--------------+--------------+--------------+--------------+--------------+--------------+--------------+--------------+--------------+--------------+--------------+--------------+--------------+--------------+--------------+--------------+--------------+--------------+--------------+--------------+--------------+--------------+--------------+--------------+--------------+--------------+--------------+--------------+--------------+--------------+--------------+--------------+--------------+--------------+--------------+--------------+--------------+--------------+--------------+--------------+--------------+--------------+--------------+--------------+--------------+--------------+--------------+--------------+--------------+--------------+--------------+

+----------------------+---------+----------------+----------------+----------------+----------------+----------------+----------------+----------------+----------------+----------------+----------------+----------------+----------------+----------------+----------------+----------------+----------------+----------------+----------------+----------------+----------------+----------------+----------------+----------------+----------------+----------------+----------------+----------------+----------------+----------------+----------------+----------------+----------------+----------------+----------------+----------------+----------------+----------------+----------------+----------------+----------------+----------------+----------------+----------------+----------------+----------------+----------------+----------------+----------------+----------------+----------------+----------------+----------------+----------------+----------------+----------------+----------------+----------------+----------------+----------------+----------------+----------------+----------------+----------------+----------------+----------------+----------------+----------------+----------------+----------------+----------------+----------------+----------------+----------------+----------------+----------------+----------------+----------------+----------------+----------------+----------------+----------------+----------------+----------------+----------------+----------------+----------------+----------------+----------------+----------------+----------------+----------------+----------------+----------------+----------------+----------------+----------------+----------------+----------------+----------------+----------------+----------------+----------------+----------------+----------------+----------------+----------------+----------------+----------------+----------------+----------------+----------------+----------------+----------------+----------------+----------------+----------------+----------------+----------------+----------------+----------------+----------------+----------------+----------------+----------------+----------------+----------------+----------------+----------------+----------------+----------------+----------------+----------------+----------------+----------------+----------------+----------------+----------------+----------------+----------------+----------------+----------------+----------------+----------------+----------------+----------------+----------------+----------------+----------------+----------------+----------------+----------------+----------------+----------------+----------------+----------------+----------------+----------------+----------------+----------------+----------------+----------------+----------------+----------------+----------------+----------------+----------------+----------------+----------------+----------------+----------------+----------------+----------------+----------------+----------------+----------------+----------------+
|         Event        | Counter |   HWThread 0   |   HWThread 1   |   HWThread 2   |   HWThread 3   |   HWThread 4   |   HWThread 5   |   HWThread 6   |   HWThread 7   |   HWThread 8   |   HWThread 9   |   HWThread 10  |   HWThread 11  |   HWThread 12  |   HWThread 13  |   HWThread 14  |   HWThread 15  |   HWThread 16  |   HWThread 17  |   HWThread 18  |   HWThread 19  |   HWThread 20  |   HWThread 21  |   HWThread 22  |   HWThread 23  |   HWThread 24  |   HWThread 25  |   HWThread 26  |   HWThread 27  |   HWThread 28  |   HWThread 29  |   HWThread 30  |   HWThread 31  |   HWThread 32  |   HWThread 33  |   HWThread 34  |   HWThread 35  |   HWThread 36  |   HWThread 37  |   HWThread 38  |   HWThread 39  |   HWThread 40  |   HWThread 41  |   HWThread 42  |   HWThread 43  |   HWThread 44  |   HWThread 45  |   HWThread 46  |   HWThread 47  |   HWThread 48  |   HWThread 49  |   HWThread 50  |   HWThread 51  |   HWThread 52  |   HWThread 53  |   HWThread 54  |   HWThread 55  |   HWThread 56  |   HWThread 57  |   HWThread 58  |   HWThread 59  |   HWThread 60  |   HWThread 61  |   HWThread 62  |   HWThread 63  |   HWThread 64  |   HWThread 65  |   HWThread 66  |   HWThread 67  |   HWThread 68  |   HWThread 69  |   HWThread 70  |   HWThread 71  |   HWThread 72  |   HWThread 73  |   HWThread 74  |   HWThread 75  |   HWThread 76  |   HWThread 77  |   HWThread 78  |   HWThread 79  |   HWThread 80  |   HWThread 81  |   HWThread 82  |   HWThread 83  |   HWThread 84  |   HWThread 85  |   HWThread 86  |   HWThread 87  |   HWThread 88  |   HWThread 89  |   HWThread 90  |   HWThread 91  |   HWThread 92  |   HWThread 93  |   HWThread 94  |   HWThread 95  |   HWThread 96  |   HWThread 97  |   HWThread 98  |   HWThread 99  |  HWThread 100  |  HWThread 101  |  HWThread 102  |  HWThread 103  |  HWThread 104  |  HWThread 105  |  HWThread 106  |  HWThread 107  |  HWThread 108  |  HWThread 109  |  HWThread 110  |  HWThread 111  |  HWThread 112  |  HWThread 113  |  HWThread 114  |  HWThread 115  |  HWThread 116  |  HWThread 117  |  HWThread 118  |  HWThread 119  |  HWThread 120  |  HWThread 121  |  HWThread 122  |  HWThread 123  |  HWThread 124  |  HWThread 125  |  HWThread 126  |  HWThread 127  |  HWThread 128  |  HWThread 129  |  HWThread 130  |  HWThread 131  |  HWThread 132  |  HWThread 133  |  HWThread 134  |  HWThread 135  |  HWThread 136  |  HWThread 137  |  HWThread 138  |  HWThread 139  |  HWThread 140  |  HWThread 141  |  HWThread 142  |  HWThread 143  |  HWThread 144  |  HWThread 145  |  HWThread 146  |  HWThread 147  |  HWThread 148  |  HWThread 149  |  HWThread 150  |  HWThread 151  |  HWThread 152  |  HWThread 153  |  HWThread 154  |  HWThread 155  |  HWThread 156  |  HWThread 157  |  HWThread 158  |  HWThread 159  |  HWThread 160  |  HWThread 161  |  HWThread 162  |  HWThread 163  |  HWThread 164  |  HWThread 165  |  HWThread 166  |  HWThread 167  |  HWThread 168  |  HWThread 169  |  HWThread 170  |  HWThread 171  |  HWThread 172  |  HWThread 173  |  HWThread 174  |  HWThread 175  |
+----------------------+---------+----------------+----------------+----------------+----------------+----------------+----------------+----------------+----------------+----------------+----------------+----------------+----------------+----------------+----------------+----------------+----------------+----------------+----------------+----------------+----------------+----------------+----------------+----------------+----------------+----------------+----------------+----------------+----------------+----------------+----------------+----------------+----------------+----------------+----------------+----------------+----------------+----------------+----------------+----------------+----------------+----------------+----------------+----------------+----------------+----------------+----------------+----------------+----------------+----------------+----------------+----------------+----------------+----------------+----------------+----------------+----------------+----------------+----------------+----------------+----------------+----------------+----------------+----------------+----------------+----------------+----------------+----------------+----------------+----------------+----------------+----------------+----------------+----------------+----------------+----------------+----------------+----------------+----------------+----------------+----------------+----------------+----------------+----------------+----------------+----------------+----------------+----------------+----------------+----------------+----------------+----------------+----------------+----------------+----------------+----------------+----------------+----------------+----------------+----------------+----------------+----------------+----------------+----------------+----------------+----------------+----------------+----------------+----------------+----------------+----------------+----------------+----------------+----------------+----------------+----------------+----------------+----------------+----------------+----------------+----------------+----------------+----------------+----------------+----------------+----------------+----------------+----------------+----------------+----------------+----------------+----------------+----------------+----------------+----------------+----------------+----------------+----------------+----------------+----------------+----------------+----------------+----------------+----------------+----------------+----------------+----------------+----------------+----------------+----------------+----------------+----------------+----------------+----------------+----------------+----------------+----------------+----------------+----------------+----------------+----------------+----------------+----------------+----------------+----------------+----------------+----------------+----------------+----------------+----------------+----------------+----------------+----------------+----------------+----------------+----------------+----------------+
|   ACTUAL_CPU_CLOCK   |  FIXC1  | 10922460000000 | 10915380000000 | 10915730000000 | 10915340000000 | 10915390000000 | 10915680000000 | 10915440000000 | 10914070000000 | 10911600000000 | 10909680000000 | 10911980000000 | 10912390000000 | 10911940000000 | 10911420000000 | 10912180000000 | 10913120000000 | 10913840000000 | 10914150000000 | 10916240000000 | 10913680000000 | 10915530000000 | 10913740000000 | 10917450000000 | 10916240000000 | 10915810000000 | 10914880000000 | 10914000000000 | 10916450000000 | 10915600000000 | 10912840000000 | 10915990000000 | 10914530000000 | 10910730000000 | 10911110000000 | 10910040000000 | 10913080000000 | 10910990000000 | 10910860000000 | 10910590000000 | 10913140000000 | 10913860000000 | 10916110000000 | 10915290000000 | 10915970000000 | 10914270000000 | 10917160000000 | 10914370000000 | 10914680000000 | 10915090000000 | 10914760000000 | 10913830000000 | 10914990000000 | 10916860000000 | 10915000000000 | 10915460000000 | 10914560000000 | 10912190000000 | 10911400000000 | 10911960000000 | 10913660000000 | 10911300000000 | 10911620000000 | 10914500000000 | 10910870000000 | 10916060000000 | 10916150000000 | 10916230000000 | 10916340000000 | 10914720000000 | 10916760000000 | 10916240000000 | 10915000000000 | 10912850000000 | 10915070000000 | 10915350000000 | 10913760000000 | 10916270000000 | 10916340000000 | 10914080000000 | 10914760000000 | 10911640000000 | 10912260000000 | 10912980000000 | 10913440000000 | 10911900000000 | 10913120000000 | 10912260000000 | 10911550000000 | 10915770000000 | 10916360000000 | 10915280000000 | 10914830000000 | 10915280000000 | 10917210000000 | 10916720000000 | 10916100000000 | 10924430000000 | 10926120000000 | 10925930000000 | 10925140000000 | 10926820000000 | 10926680000000 | 10925850000000 | 10925270000000 | 10926280000000 | 10925500000000 | 10922550000000 | 10923480000000 | 10925140000000 | 10924230000000 | 10924030000000 | 10922910000000 | 10924530000000 | 10925860000000 | 10924440000000 | 10925220000000 | 10925080000000 | 10925820000000 | 10925000000000 | 10925230000000 | 10924980000000 | 10924570000000 | 10924760000000 | 10924190000000 | 10926950000000 | 10923810000000 | 10925840000000 | 10923530000000 | 10924500000000 | 10924700000000 | 10925050000000 | 10924990000000 | 10924650000000 | 10924230000000 | 10924640000000 | 10923360000000 | 10926140000000 | 10923710000000 | 10925580000000 | 10925610000000 | 10925350000000 | 10925900000000 | 10924990000000 | 10924690000000 | 10924990000000 | 10924820000000 | 10923950000000 | 10923940000000 | 10922890000000 | 10923180000000 | 10923570000000 | 10925070000000 | 10921990000000 | 10924380000000 | 10923100000000 | 10923390000000 | 10923030000000 | 10923560000000 | 10923620000000 | 10922310000000 | 10923940000000 | 10923420000000 | 10924470000000 | 10924480000000 | 10924080000000 | 10923740000000 | 10924530000000 | 10924060000000 | 10924210000000 | 10924210000000 | 10923940000000 | 10927240000000 | 10926100000000 | 10925900000000 | 10925060000000 | 10925590000000 |
|     MAX_CPU_CLOCK    |  FIXC2  |  7689225000000 |  7684681000000 |  7684474000000 |  7684358000000 |  7684168000000 |  7684319000000 |  7684220000000 |  7683317000000 |  7681639000000 |  7680157000000 |  7681719000000 |  7682108000000 |  7681752000000 |  7681414000000 |  7681994000000 |  7682754000000 |  7682965000000 |  7683372000000 |  7684808000000 |  7683100000000 |  7684311000000 |  7682870000000 |  7685730000000 |  7684804000000 |  7684556000000 |  7683950000000 |  7683256000000 |  7685083000000 |  7684254000000 |  7682532000000 |  7684703000000 |  7683768000000 |  7681029000000 |  7681285000000 |  7680497000000 |  7682619000000 |  7681141000000 |  7681047000000 |  7680953000000 |  7682727000000 |  7683224000000 |  7684637000000 |  7684189000000 |  7684559000000 |  7683499000000 |  7685367000000 |  7683497000000 |  7683742000000 |  7684035000000 |  7683709000000 |  7683170000000 |  7683985000000 |  7685346000000 |  7683973000000 |  7684301000000 |  7683551000000 |  7682030000000 |  7681481000000 |  7681798000000 |  7682947000000 |  7681290000000 |  7681419000000 |  7683517000000 |  7680848000000 |  7684455000000 |  7684794000000 |  7684903000000 |  7684956000000 |  7683779000000 |  7685130000000 |  7684616000000 |  7683961000000 |  7682276000000 |  7683922000000 |  7684172000000 |  7683070000000 |  7684815000000 |  7684888000000 |  7683193000000 |  7683607000000 |  7681571000000 |  7681986000000 |  7682548000000 |  7682853000000 |  7681730000000 |  7682589000000 |  7681970000000 |  7681576000000 |  7684569000000 |  7684954000000 |  7684228000000 |  7683733000000 |  7684205000000 |  7685502000000 |  7685236000000 |  7684772000000 |  7679101000000 |  7679943000000 |  7679772000000 |  7679286000000 |  7680342000000 |  7680090000000 |  7679527000000 |  7679306000000 |  7679270000000 |  7679029000000 |  7677015000000 |  7677711000000 |  7678920000000 |  7678247000000 |  7678271000000 |  7677478000000 |  7678584000000 |  7679665000000 |  7678716000000 |  7679370000000 |  7679149000000 |  7679693000000 |  7679085000000 |  7679322000000 |  7679274000000 |  7678977000000 |  7678936000000 |  7678714000000 |  7680488000000 |  7678370000000 |  7679801000000 |  7678353000000 |  7678577000000 |  7678908000000 |  7679033000000 |  7678985000000 |  7679105000000 |  7678817000000 |  7679146000000 |  7677748000000 |  7680310000000 |  7678485000000 |  7679666000000 |  7679855000000 |  7679572000000 |  7679784000000 |  7679164000000 |  7679045000000 |  7679281000000 |  7679015000000 |  7678339000000 |  7678372000000 |  7677713000000 |  7677862000000 |  7678209000000 |  7679112000000 |  7676974000000 |  7678451000000 |  7677697000000 |  7677804000000 |  7677365000000 |  7678110000000 |  7677718000000 |  7677044000000 |  7678447000000 |  7677955000000 |  7678712000000 |  7678810000000 |  7678725000000 |  7678312000000 |  7678828000000 |  7678630000000 |  7677708000000 |  7677481000000 |  7677257000000 |  7679676000000 |  7678676000000 |  7678933000000 |  7678240000000 |  7678541000000 |
| RETIRED_INSTRUCTIONS |   PMC0  |  4533937000000 |  4527188000000 |  4539644000000 |  4529991000000 |  4529979000000 |  4521412000000 |  4511334000000 |  4503660000000 |  6108887000000 |  6072195000000 |  6099247000000 |  6059385000000 |  6089966000000 |  6046270000000 |  6080607000000 |  6083364000000 |  4616143000000 |  4576561000000 |  4592525000000 |  4581653000000 |  4598585000000 |  4587747000000 |  4581627000000 |  4596612000000 |  4543398000000 |  4562114000000 |  4516333000000 |  4545949000000 |  4562807000000 |  4521783000000 |  4527791000000 |  4518618000000 |  6038096000000 |  6045286000000 |  6078643000000 |  6022971000000 |  6087815000000 |  6017772000000 |  6024229000000 |  6010835000000 |  4573683000000 |  4587244000000 |  4574029000000 |  4592984000000 |  4607552000000 |  4577608000000 |  4602206000000 |  4583110000000 |  4588302000000 |  4565469000000 |  4604297000000 |  4567682000000 |  4578673000000 |  4567766000000 |  4582899000000 |  4548346000000 |  6096436000000 |  6110183000000 |  6117286000000 |  6076843000000 |  6120567000000 |  6049683000000 |  6101438000000 |  6083808000000 |  4622971000000 |  4626485000000 |  4601694000000 |  4612221000000 |  4615605000000 |  4612535000000 |  4595104000000 |  4609206000000 |  4539834000000 |  4526816000000 |  4552877000000 |  4521058000000 |  4532965000000 |  4517693000000 |  4514512000000 |  4524041000000 |  6113692000000 |  6092111000000 |  6136619000000 |  6094906000000 |  6108250000000 |  6066274000000 |  6072520000000 |  6077435000000 |  4629055000000 |  4605485000000 |  4621293000000 |  4569705000000 |  4605592000000 |  4579709000000 |  4580145000000 |  4608169000000 |  5356114000000 |  5370395000000 |  5351355000000 |  5341051000000 |  5360635000000 |  5369114000000 |  5350876000000 |  5326397000000 |  7025514000000 |  7006967000000 |  7005579000000 |  6973170000000 |  7009013000000 |  6989007000000 |  7019226000000 |  6975237000000 |  5473140000000 |  5453748000000 |  5441609000000 |  5420823000000 |  5465947000000 |  5426037000000 |  5403395000000 |  5417711000000 |  5384498000000 |  5308931000000 |  5342652000000 |  5319818000000 |  5344071000000 |  5314731000000 |  5330677000000 |  5331081000000 |  7004712000000 |  6997489000000 |  7012319000000 |  6985411000000 |  6985328000000 |  6946431000000 |  6967457000000 |  6987323000000 |  5419566000000 |  5397248000000 |  5388821000000 |  5364388000000 |  5430212000000 |  5378499000000 |  5408111000000 |  5364204000000 |  5392187000000 |  5390046000000 |  5390253000000 |  5394403000000 |  5409185000000 |  5378240000000 |  5377537000000 |  5354812000000 |  7130357000000 |  7133571000000 |  7154325000000 |  7113893000000 |  7130819000000 |  7105836000000 |  7115636000000 |  7097942000000 |  5520461000000 |  5501699000000 |  5534995000000 |  5517853000000 |  5544729000000 |  5482212000000 |  5474376000000 |  5464026000000 |  7178337000000 |  7150526000000 |  7156362000000 |  7153481000000 |  7154079000000 |  7143151000000 |  7160099000000 |  7145522000000 |
|  CPU_CLOCKS_UNHALTED |   PMC1  | 10852500000000 | 10849490000000 | 10853650000000 | 10852290000000 | 10852700000000 | 10853520000000 | 10852530000000 | 10853270000000 | 10843730000000 | 10842350000000 | 10844940000000 | 10845600000000 | 10844540000000 | 10845170000000 | 10846530000000 | 10845500000000 | 10851990000000 | 10853100000000 | 10854970000000 | 10854130000000 | 10854100000000 | 10853540000000 | 10856280000000 | 10853600000000 | 10852250000000 | 10853610000000 | 10852970000000 | 10855260000000 | 10852610000000 | 10850750000000 | 10854990000000 | 10851990000000 | 10844010000000 | 10844040000000 | 10844470000000 | 10844950000000 | 10843440000000 | 10846700000000 | 10844850000000 | 10848080000000 | 10852150000000 | 10851970000000 | 10851370000000 | 10853920000000 | 10849890000000 | 10855540000000 | 10851980000000 | 10852470000000 | 10851250000000 | 10851650000000 | 10851920000000 | 10852650000000 | 10856670000000 | 10853450000000 | 10853000000000 | 10852110000000 | 10846660000000 | 10846410000000 | 10850400000000 | 10848690000000 | 10846690000000 | 10848260000000 | 10849150000000 | 10846590000000 | 10851640000000 | 10852460000000 | 10854210000000 | 10852380000000 | 10851190000000 | 10854770000000 | 10853670000000 | 10850810000000 | 10851080000000 | 10853610000000 | 10851870000000 | 10851730000000 | 10853740000000 | 10854550000000 | 10851700000000 | 10851560000000 | 10847020000000 | 10846930000000 | 10849020000000 | 10850010000000 | 10848380000000 | 10849460000000 | 10849830000000 | 10846500000000 | 10854030000000 | 10855390000000 | 10853860000000 | 10851180000000 | 10852550000000 | 10855920000000 | 10853910000000 | 10854350000000 | 10867510000000 | 10867070000000 | 10866710000000 | 10868350000000 | 10868790000000 | 10867940000000 | 10870670000000 | 10867280000000 | 10858620000000 | 10858270000000 | 10854670000000 | 10859000000000 | 10860350000000 | 10857880000000 | 10858690000000 | 10856060000000 | 10863220000000 | 10868400000000 | 10866140000000 | 10866180000000 | 10866920000000 | 10865660000000 | 10867830000000 | 10866890000000 | 10868970000000 | 10866260000000 | 10865930000000 | 10865000000000 | 10869580000000 | 10865700000000 | 10867420000000 | 10866400000000 | 10855370000000 | 10859000000000 | 10855700000000 | 10859500000000 | 10857320000000 | 10857650000000 | 10857540000000 | 10855270000000 | 10866490000000 | 10864900000000 | 10869590000000 | 10868460000000 | 10869810000000 | 10867000000000 | 10865340000000 | 10865000000000 | 10865930000000 | 10865740000000 | 10865930000000 | 10866620000000 | 10866180000000 | 10866190000000 | 10862900000000 | 10867140000000 | 10850510000000 | 10855660000000 | 10854450000000 | 10858360000000 | 10852260000000 | 10853550000000 | 10852890000000 | 10852170000000 | 10864430000000 | 10864200000000 | 10864560000000 | 10866770000000 | 10864960000000 | 10865650000000 | 10864950000000 | 10865120000000 | 10853300000000 | 10854700000000 | 10856040000000 | 10858900000000 | 10855890000000 | 10857420000000 | 10856890000000 | 10857700000000 |
|      CAS_CMD_RD      |  UMC0C0 |   658545100000 |              0 |              0 |              0 |              0 |              0 |              0 |              0 |              0 |              0 |              0 |              0 |              0 |              0 |              0 |              0 |              0 |              0 |              0 |              0 |              0 |              0 |              0 |              0 |              0 |              0 |              0 |              0 |              0 |              0 |              0 |              0 |              0 |              0 |              0 |              0 |              0 |              0 |              0 |              0 |              0 |              0 |              0 |              0 |              0 |              0 |              0 |              0 |              0 |              0 |              0 |              0 |              0 |              0 |              0 |              0 |              0 |              0 |              0 |              0 |              0 |              0 |              0 |              0 |              0 |              0 |              0 |              0 |              0 |              0 |              0 |              0 |              0 |              0 |              0 |              0 |              0 |              0 |              0 |              0 |              0 |              0 |              0 |              0 |              0 |              0 |              0 |              0 |              0 |              0 |              0 |              0 |              0 |              0 |              0 |              0 |   828527900000 |              0 |              0 |              0 |              0 |              0 |              0 |              0 |              0 |              0 |              0 |              0 |              0 |              0 |              0 |              0 |              0 |              0 |              0 |              0 |              0 |              0 |              0 |              0 |              0 |              0 |              0 |              0 |              0 |              0 |              0 |              0 |              0 |              0 |              0 |              0 |              0 |              0 |              0 |              0 |              0 |              0 |              0 |              0 |              0 |              0 |              0 |              0 |              0 |              0 |              0 |              0 |              0 |              0 |              0 |              0 |              0 |              0 |              0 |              0 |              0 |              0 |              0 |              0 |              0 |              0 |              0 |              0 |              0 |              0 |              0 |              0 |              0 |              0 |              0 |              0 |              0 |              0 |              0 |              0 |
|      CAS_CMD_WR      |  UMC0C1 |     1820724000 |              0 |              0 |              0 |              0 |              0 |              0 |              0 |              0 |              0 |              0 |              0 |              0 |              0 |              0 |              0 |              0 |              0 |              0 |              0 |              0 |              0 |              0 |              0 |              0 |              0 |              0 |              0 |              0 |              0 |              0 |              0 |              0 |              0 |              0 |              0 |              0 |              0 |              0 |              0 |              0 |              0 |              0 |              0 |              0 |              0 |              0 |              0 |              0 |              0 |              0 |              0 |              0 |              0 |              0 |              0 |              0 |              0 |              0 |              0 |              0 |              0 |              0 |              0 |              0 |              0 |              0 |              0 |              0 |              0 |              0 |              0 |              0 |              0 |              0 |              0 |              0 |              0 |              0 |              0 |              0 |              0 |              0 |              0 |              0 |              0 |              0 |              0 |              0 |              0 |              0 |              0 |              0 |              0 |              0 |              0 |     1394538000 |              0 |              0 |              0 |              0 |              0 |              0 |              0 |              0 |              0 |              0 |              0 |              0 |              0 |              0 |              0 |              0 |              0 |              0 |              0 |              0 |              0 |              0 |              0 |              0 |              0 |              0 |              0 |              0 |              0 |              0 |              0 |              0 |              0 |              0 |              0 |              0 |              0 |              0 |              0 |              0 |              0 |              0 |              0 |              0 |              0 |              0 |              0 |              0 |              0 |              0 |              0 |              0 |              0 |              0 |              0 |              0 |              0 |              0 |              0 |              0 |              0 |              0 |              0 |              0 |              0 |              0 |              0 |              0 |              0 |              0 |              0 |              0 |              0 |              0 |              0 |              0 |              0 |              0 |              0 |
|      CAS_CMD_RD      |  UMC1C0 |   657823100000 |              0 |              0 |              0 |              0 |              0 |              0 |              0 |              0 |              0 |              0 |              0 |              0 |              0 |              0 |              0 |              0 |              0 |              0 |              0 |              0 |              0 |              0 |              0 |              0 |              0 |              0 |              0 |              0 |              0 |              0 |              0 |              0 |              0 |              0 |              0 |              0 |              0 |              0 |              0 |              0 |              0 |              0 |              0 |              0 |              0 |              0 |              0 |              0 |              0 |              0 |              0 |              0 |              0 |              0 |              0 |              0 |              0 |              0 |              0 |              0 |              0 |              0 |              0 |              0 |              0 |              0 |              0 |              0 |              0 |              0 |              0 |              0 |              0 |              0 |              0 |              0 |              0 |              0 |              0 |              0 |              0 |              0 |              0 |              0 |              0 |              0 |              0 |              0 |              0 |              0 |              0 |              0 |              0 |              0 |              0 |   828638400000 |              0 |              0 |              0 |              0 |              0 |              0 |              0 |              0 |              0 |              0 |              0 |              0 |              0 |              0 |              0 |              0 |              0 |              0 |              0 |              0 |              0 |              0 |              0 |              0 |              0 |              0 |              0 |              0 |              0 |              0 |              0 |              0 |              0 |              0 |              0 |              0 |              0 |              0 |              0 |              0 |              0 |              0 |              0 |              0 |              0 |              0 |              0 |              0 |              0 |              0 |              0 |              0 |              0 |              0 |              0 |              0 |              0 |              0 |              0 |              0 |              0 |              0 |              0 |              0 |              0 |              0 |              0 |              0 |              0 |              0 |              0 |              0 |              0 |              0 |              0 |              0 |              0 |              0 |              0 |
|      CAS_CMD_WR      |  UMC1C1 |     1815011000 |              0 |              0 |              0 |              0 |              0 |              0 |              0 |              0 |              0 |              0 |              0 |              0 |              0 |              0 |              0 |              0 |              0 |              0 |              0 |              0 |              0 |              0 |              0 |              0 |              0 |              0 |              0 |              0 |              0 |              0 |              0 |              0 |              0 |              0 |              0 |              0 |              0 |              0 |              0 |              0 |              0 |              0 |              0 |              0 |              0 |              0 |              0 |              0 |              0 |              0 |              0 |              0 |              0 |              0 |              0 |              0 |              0 |              0 |              0 |              0 |              0 |              0 |              0 |              0 |              0 |              0 |              0 |              0 |              0 |              0 |              0 |              0 |              0 |              0 |              0 |              0 |              0 |              0 |              0 |              0 |              0 |              0 |              0 |              0 |              0 |              0 |              0 |              0 |              0 |              0 |              0 |              0 |              0 |              0 |              0 |     1411232000 |              0 |              0 |              0 |              0 |              0 |              0 |              0 |              0 |              0 |              0 |              0 |              0 |              0 |              0 |              0 |              0 |              0 |              0 |              0 |              0 |              0 |              0 |              0 |              0 |              0 |              0 |              0 |              0 |              0 |              0 |              0 |              0 |              0 |              0 |              0 |              0 |              0 |              0 |              0 |              0 |              0 |              0 |              0 |              0 |              0 |              0 |              0 |              0 |              0 |              0 |              0 |              0 |              0 |              0 |              0 |              0 |              0 |              0 |              0 |              0 |              0 |              0 |              0 |              0 |              0 |              0 |              0 |              0 |              0 |              0 |              0 |              0 |              0 |              0 |              0 |              0 |              0 |              0 |              0 |
|      CAS_CMD_RD      |  UMC2C0 |   658592100000 |              0 |              0 |              0 |              0 |              0 |              0 |              0 |              0 |              0 |              0 |              0 |              0 |              0 |              0 |              0 |              0 |              0 |              0 |              0 |              0 |              0 |              0 |              0 |              0 |              0 |              0 |              0 |              0 |              0 |              0 |              0 |              0 |              0 |              0 |              0 |              0 |              0 |              0 |              0 |              0 |              0 |              0 |              0 |              0 |              0 |              0 |              0 |              0 |              0 |              0 |              0 |              0 |              0 |              0 |              0 |              0 |              0 |              0 |              0 |              0 |              0 |              0 |              0 |              0 |              0 |              0 |              0 |              0 |              0 |              0 |              0 |              0 |              0 |              0 |              0 |              0 |              0 |              0 |              0 |              0 |              0 |              0 |              0 |              0 |              0 |              0 |              0 |              0 |              0 |              0 |              0 |              0 |              0 |              0 |              0 |   829215200000 |              0 |              0 |              0 |              0 |              0 |              0 |              0 |              0 |              0 |              0 |              0 |              0 |              0 |              0 |              0 |              0 |              0 |              0 |              0 |              0 |              0 |              0 |              0 |              0 |              0 |              0 |              0 |              0 |              0 |              0 |              0 |              0 |              0 |              0 |              0 |              0 |              0 |              0 |              0 |              0 |              0 |              0 |              0 |              0 |              0 |              0 |              0 |              0 |              0 |              0 |              0 |              0 |              0 |              0 |              0 |              0 |              0 |              0 |              0 |              0 |              0 |              0 |              0 |              0 |              0 |              0 |              0 |              0 |              0 |              0 |              0 |              0 |              0 |              0 |              0 |              0 |              0 |              0 |              0 |
|      CAS_CMD_WR      |  UMC2C1 |     1818362000 |              0 |              0 |              0 |              0 |              0 |              0 |              0 |              0 |              0 |              0 |              0 |              0 |              0 |              0 |              0 |              0 |              0 |              0 |              0 |              0 |              0 |              0 |              0 |              0 |              0 |              0 |              0 |              0 |              0 |              0 |              0 |              0 |              0 |              0 |              0 |              0 |              0 |              0 |              0 |              0 |              0 |              0 |              0 |              0 |              0 |              0 |              0 |              0 |              0 |              0 |              0 |              0 |              0 |              0 |              0 |              0 |              0 |              0 |              0 |              0 |              0 |              0 |              0 |              0 |              0 |              0 |              0 |              0 |              0 |              0 |              0 |              0 |              0 |              0 |              0 |              0 |              0 |              0 |              0 |              0 |              0 |              0 |              0 |              0 |              0 |              0 |              0 |              0 |              0 |              0 |              0 |              0 |              0 |              0 |              0 |     1400195000 |              0 |              0 |              0 |              0 |              0 |              0 |              0 |              0 |              0 |              0 |              0 |              0 |              0 |              0 |              0 |              0 |              0 |              0 |              0 |              0 |              0 |              0 |              0 |              0 |              0 |              0 |              0 |              0 |              0 |              0 |              0 |              0 |              0 |              0 |              0 |              0 |              0 |              0 |              0 |              0 |              0 |              0 |              0 |              0 |              0 |              0 |              0 |              0 |              0 |              0 |              0 |              0 |              0 |              0 |              0 |              0 |              0 |              0 |              0 |              0 |              0 |              0 |              0 |              0 |              0 |              0 |              0 |              0 |              0 |              0 |              0 |              0 |              0 |              0 |              0 |              0 |              0 |              0 |              0 |
|      CAS_CMD_RD      |  UMC3C0 |   658673000000 |              0 |              0 |              0 |              0 |              0 |              0 |              0 |              0 |              0 |              0 |              0 |              0 |              0 |              0 |              0 |              0 |              0 |              0 |              0 |              0 |              0 |              0 |              0 |              0 |              0 |              0 |              0 |              0 |              0 |              0 |              0 |              0 |              0 |              0 |              0 |              0 |              0 |              0 |              0 |              0 |              0 |              0 |              0 |              0 |              0 |              0 |              0 |              0 |              0 |              0 |              0 |              0 |              0 |              0 |              0 |              0 |              0 |              0 |              0 |              0 |              0 |              0 |              0 |              0 |              0 |              0 |              0 |              0 |              0 |              0 |              0 |              0 |              0 |              0 |              0 |              0 |              0 |              0 |              0 |              0 |              0 |              0 |              0 |              0 |              0 |              0 |              0 |              0 |              0 |              0 |              0 |              0 |              0 |              0 |              0 |   828242100000 |              0 |              0 |              0 |              0 |              0 |              0 |              0 |              0 |              0 |              0 |              0 |              0 |              0 |              0 |              0 |              0 |              0 |              0 |              0 |              0 |              0 |              0 |              0 |              0 |              0 |              0 |              0 |              0 |              0 |              0 |              0 |              0 |              0 |              0 |              0 |              0 |              0 |              0 |              0 |              0 |              0 |              0 |              0 |              0 |              0 |              0 |              0 |              0 |              0 |              0 |              0 |              0 |              0 |              0 |              0 |              0 |              0 |              0 |              0 |              0 |              0 |              0 |              0 |              0 |              0 |              0 |              0 |              0 |              0 |              0 |              0 |              0 |              0 |              0 |              0 |              0 |              0 |              0 |              0 |
|      CAS_CMD_WR      |  UMC3C1 |     1808455000 |              0 |              0 |              0 |              0 |              0 |              0 |              0 |              0 |              0 |              0 |              0 |              0 |              0 |              0 |              0 |              0 |              0 |              0 |              0 |              0 |              0 |              0 |              0 |              0 |              0 |              0 |              0 |              0 |              0 |              0 |              0 |              0 |              0 |              0 |              0 |              0 |              0 |              0 |              0 |              0 |              0 |              0 |              0 |              0 |              0 |              0 |              0 |              0 |              0 |              0 |              0 |              0 |              0 |              0 |              0 |              0 |              0 |              0 |              0 |              0 |              0 |              0 |              0 |              0 |              0 |              0 |              0 |              0 |              0 |              0 |              0 |              0 |              0 |              0 |              0 |              0 |              0 |              0 |              0 |              0 |              0 |              0 |              0 |              0 |              0 |              0 |              0 |              0 |              0 |              0 |              0 |              0 |              0 |              0 |              0 |     1394515000 |              0 |              0 |              0 |              0 |              0 |              0 |              0 |              0 |              0 |              0 |              0 |              0 |              0 |              0 |              0 |              0 |              0 |              0 |              0 |              0 |              0 |              0 |              0 |              0 |              0 |              0 |              0 |              0 |              0 |              0 |              0 |              0 |              0 |              0 |              0 |              0 |              0 |              0 |              0 |              0 |              0 |              0 |              0 |              0 |              0 |              0 |              0 |              0 |              0 |              0 |              0 |              0 |              0 |              0 |              0 |              0 |              0 |              0 |              0 |              0 |              0 |              0 |              0 |              0 |              0 |              0 |              0 |              0 |              0 |              0 |              0 |              0 |              0 |              0 |              0 |              0 |              0 |              0 |              0 |
|      CAS_CMD_RD      |  UMC4C0 |   657948900000 |              0 |              0 |              0 |              0 |              0 |              0 |              0 |              0 |              0 |              0 |              0 |              0 |              0 |              0 |              0 |              0 |              0 |              0 |              0 |              0 |              0 |              0 |              0 |              0 |              0 |              0 |              0 |              0 |              0 |              0 |              0 |              0 |              0 |              0 |              0 |              0 |              0 |              0 |              0 |              0 |              0 |              0 |              0 |              0 |              0 |              0 |              0 |              0 |              0 |              0 |              0 |              0 |              0 |              0 |              0 |              0 |              0 |              0 |              0 |              0 |              0 |              0 |              0 |              0 |              0 |              0 |              0 |              0 |              0 |              0 |              0 |              0 |              0 |              0 |              0 |              0 |              0 |              0 |              0 |              0 |              0 |              0 |              0 |              0 |              0 |              0 |              0 |              0 |              0 |              0 |              0 |              0 |              0 |              0 |              0 |   827629400000 |              0 |              0 |              0 |              0 |              0 |              0 |              0 |              0 |              0 |              0 |              0 |              0 |              0 |              0 |              0 |              0 |              0 |              0 |              0 |              0 |              0 |              0 |              0 |              0 |              0 |              0 |              0 |              0 |              0 |              0 |              0 |              0 |              0 |              0 |              0 |              0 |              0 |              0 |              0 |              0 |              0 |              0 |              0 |              0 |              0 |              0 |              0 |              0 |              0 |              0 |              0 |              0 |              0 |              0 |              0 |              0 |              0 |              0 |              0 |              0 |              0 |              0 |              0 |              0 |              0 |              0 |              0 |              0 |              0 |              0 |              0 |              0 |              0 |              0 |              0 |              0 |              0 |              0 |              0 |
|      CAS_CMD_WR      |  UMC4C1 |     1823804000 |              0 |              0 |              0 |              0 |              0 |              0 |              0 |              0 |              0 |              0 |              0 |              0 |              0 |              0 |              0 |              0 |              0 |              0 |              0 |              0 |              0 |              0 |              0 |              0 |              0 |              0 |              0 |              0 |              0 |              0 |              0 |              0 |              0 |              0 |              0 |              0 |              0 |              0 |              0 |              0 |              0 |              0 |              0 |              0 |              0 |              0 |              0 |              0 |              0 |              0 |              0 |              0 |              0 |              0 |              0 |              0 |              0 |              0 |              0 |              0 |              0 |              0 |              0 |              0 |              0 |              0 |              0 |              0 |              0 |              0 |              0 |              0 |              0 |              0 |              0 |              0 |              0 |              0 |              0 |              0 |              0 |              0 |              0 |              0 |              0 |              0 |              0 |              0 |              0 |              0 |              0 |              0 |              0 |              0 |              0 |     1403935000 |              0 |              0 |              0 |              0 |              0 |              0 |              0 |              0 |              0 |              0 |              0 |              0 |              0 |              0 |              0 |              0 |              0 |              0 |              0 |              0 |              0 |              0 |              0 |              0 |              0 |              0 |              0 |              0 |              0 |              0 |              0 |              0 |              0 |              0 |              0 |              0 |              0 |              0 |              0 |              0 |              0 |              0 |              0 |              0 |              0 |              0 |              0 |              0 |              0 |              0 |              0 |              0 |              0 |              0 |              0 |              0 |              0 |              0 |              0 |              0 |              0 |              0 |              0 |              0 |              0 |              0 |              0 |              0 |              0 |              0 |              0 |              0 |              0 |              0 |              0 |              0 |              0 |              0 |              0 |
|      CAS_CMD_RD      |  UMC5C0 |   657319100000 |              0 |              0 |              0 |              0 |              0 |              0 |              0 |              0 |              0 |              0 |              0 |              0 |              0 |              0 |              0 |              0 |              0 |              0 |              0 |              0 |              0 |              0 |              0 |              0 |              0 |              0 |              0 |              0 |              0 |              0 |              0 |              0 |              0 |              0 |              0 |              0 |              0 |              0 |              0 |              0 |              0 |              0 |              0 |              0 |              0 |              0 |              0 |              0 |              0 |              0 |              0 |              0 |              0 |              0 |              0 |              0 |              0 |              0 |              0 |              0 |              0 |              0 |              0 |              0 |              0 |              0 |              0 |              0 |              0 |              0 |              0 |              0 |              0 |              0 |              0 |              0 |              0 |              0 |              0 |              0 |              0 |              0 |              0 |              0 |              0 |              0 |              0 |              0 |              0 |              0 |              0 |              0 |              0 |              0 |              0 |   829615300000 |              0 |              0 |              0 |              0 |              0 |              0 |              0 |              0 |              0 |              0 |              0 |              0 |              0 |              0 |              0 |              0 |              0 |              0 |              0 |              0 |              0 |              0 |              0 |              0 |              0 |              0 |              0 |              0 |              0 |              0 |              0 |              0 |              0 |              0 |              0 |              0 |              0 |              0 |              0 |              0 |              0 |              0 |              0 |              0 |              0 |              0 |              0 |              0 |              0 |              0 |              0 |              0 |              0 |              0 |              0 |              0 |              0 |              0 |              0 |              0 |              0 |              0 |              0 |              0 |              0 |              0 |              0 |              0 |              0 |              0 |              0 |              0 |              0 |              0 |              0 |              0 |              0 |              0 |              0 |
|      CAS_CMD_WR      |  UMC5C1 |     1774411000 |              0 |              0 |              0 |              0 |              0 |              0 |              0 |              0 |              0 |              0 |              0 |              0 |              0 |              0 |              0 |              0 |              0 |              0 |              0 |              0 |              0 |              0 |              0 |              0 |              0 |              0 |              0 |              0 |              0 |              0 |              0 |              0 |              0 |              0 |              0 |              0 |              0 |              0 |              0 |              0 |              0 |              0 |              0 |              0 |              0 |              0 |              0 |              0 |              0 |              0 |              0 |              0 |              0 |              0 |              0 |              0 |              0 |              0 |              0 |              0 |              0 |              0 |              0 |              0 |              0 |              0 |              0 |              0 |              0 |              0 |              0 |              0 |              0 |              0 |              0 |              0 |              0 |              0 |              0 |              0 |              0 |              0 |              0 |              0 |              0 |              0 |              0 |              0 |              0 |              0 |              0 |              0 |              0 |              0 |              0 |     1392152000 |              0 |              0 |              0 |              0 |              0 |              0 |              0 |              0 |              0 |              0 |              0 |              0 |              0 |              0 |              0 |              0 |              0 |              0 |              0 |              0 |              0 |              0 |              0 |              0 |              0 |              0 |              0 |              0 |              0 |              0 |              0 |              0 |              0 |              0 |              0 |              0 |              0 |              0 |              0 |              0 |              0 |              0 |              0 |              0 |              0 |              0 |              0 |              0 |              0 |              0 |              0 |              0 |              0 |              0 |              0 |              0 |              0 |              0 |              0 |              0 |              0 |              0 |              0 |              0 |              0 |              0 |              0 |              0 |              0 |              0 |              0 |              0 |              0 |              0 |              0 |              0 |              0 |              0 |              0 |
|      CAS_CMD_RD      |  UMC6C0 |   657721500000 |              0 |              0 |              0 |              0 |              0 |              0 |              0 |              0 |              0 |              0 |              0 |              0 |              0 |              0 |              0 |              0 |              0 |              0 |              0 |              0 |              0 |              0 |              0 |              0 |              0 |              0 |              0 |              0 |              0 |              0 |              0 |              0 |              0 |              0 |              0 |              0 |              0 |              0 |              0 |              0 |              0 |              0 |              0 |              0 |              0 |              0 |              0 |              0 |              0 |              0 |              0 |              0 |              0 |              0 |              0 |              0 |              0 |              0 |              0 |              0 |              0 |              0 |              0 |              0 |              0 |              0 |              0 |              0 |              0 |              0 |              0 |              0 |              0 |              0 |              0 |              0 |              0 |              0 |              0 |              0 |              0 |              0 |              0 |              0 |              0 |              0 |              0 |              0 |              0 |              0 |              0 |              0 |              0 |              0 |              0 |   829877400000 |              0 |              0 |              0 |              0 |              0 |              0 |              0 |              0 |              0 |              0 |              0 |              0 |              0 |              0 |              0 |              0 |              0 |              0 |              0 |              0 |              0 |              0 |              0 |              0 |              0 |              0 |              0 |              0 |              0 |              0 |              0 |              0 |              0 |              0 |              0 |              0 |              0 |              0 |              0 |              0 |              0 |              0 |              0 |              0 |              0 |              0 |              0 |              0 |              0 |              0 |              0 |              0 |              0 |              0 |              0 |              0 |              0 |              0 |              0 |              0 |              0 |              0 |              0 |              0 |              0 |              0 |              0 |              0 |              0 |              0 |              0 |              0 |              0 |              0 |              0 |              0 |              0 |              0 |              0 |
|      CAS_CMD_WR      |  UMC6C1 |     1824681000 |              0 |              0 |              0 |              0 |              0 |              0 |              0 |              0 |              0 |              0 |              0 |              0 |              0 |              0 |              0 |              0 |              0 |              0 |              0 |              0 |              0 |              0 |              0 |              0 |              0 |              0 |              0 |              0 |              0 |              0 |              0 |              0 |              0 |              0 |              0 |              0 |              0 |              0 |              0 |              0 |              0 |              0 |              0 |              0 |              0 |              0 |              0 |              0 |              0 |              0 |              0 |              0 |              0 |              0 |              0 |              0 |              0 |              0 |              0 |              0 |              0 |              0 |              0 |              0 |              0 |              0 |              0 |              0 |              0 |              0 |              0 |              0 |              0 |              0 |              0 |              0 |              0 |              0 |              0 |              0 |              0 |              0 |              0 |              0 |              0 |              0 |              0 |              0 |              0 |              0 |              0 |              0 |              0 |              0 |              0 |     1399974000 |              0 |              0 |              0 |              0 |              0 |              0 |              0 |              0 |              0 |              0 |              0 |              0 |              0 |              0 |              0 |              0 |              0 |              0 |              0 |              0 |              0 |              0 |              0 |              0 |              0 |              0 |              0 |              0 |              0 |              0 |              0 |              0 |              0 |              0 |              0 |              0 |              0 |              0 |              0 |              0 |              0 |              0 |              0 |              0 |              0 |              0 |              0 |              0 |              0 |              0 |              0 |              0 |              0 |              0 |              0 |              0 |              0 |              0 |              0 |              0 |              0 |              0 |              0 |              0 |              0 |              0 |              0 |              0 |              0 |              0 |              0 |              0 |              0 |              0 |              0 |              0 |              0 |              0 |              0 |
|      CAS_CMD_RD      |  UMC7C0 |   658390000000 |              0 |              0 |              0 |              0 |              0 |              0 |              0 |              0 |              0 |              0 |              0 |              0 |              0 |              0 |              0 |              0 |              0 |              0 |              0 |              0 |              0 |              0 |              0 |              0 |              0 |              0 |              0 |              0 |              0 |              0 |              0 |              0 |              0 |              0 |              0 |              0 |              0 |              0 |              0 |              0 |              0 |              0 |              0 |              0 |              0 |              0 |              0 |              0 |              0 |              0 |              0 |              0 |              0 |              0 |              0 |              0 |              0 |              0 |              0 |              0 |              0 |              0 |              0 |              0 |              0 |              0 |              0 |              0 |              0 |              0 |              0 |              0 |              0 |              0 |              0 |              0 |              0 |              0 |              0 |              0 |              0 |              0 |              0 |              0 |              0 |              0 |              0 |              0 |              0 |              0 |              0 |              0 |              0 |              0 |              0 |   829114900000 |              0 |              0 |              0 |              0 |              0 |              0 |              0 |              0 |              0 |              0 |              0 |              0 |              0 |              0 |              0 |              0 |              0 |              0 |              0 |              0 |              0 |              0 |              0 |              0 |              0 |              0 |              0 |              0 |              0 |              0 |              0 |              0 |              0 |              0 |              0 |              0 |              0 |              0 |              0 |              0 |              0 |              0 |              0 |              0 |              0 |              0 |              0 |              0 |              0 |              0 |              0 |              0 |              0 |              0 |              0 |              0 |              0 |              0 |              0 |              0 |              0 |              0 |              0 |              0 |              0 |              0 |              0 |              0 |              0 |              0 |              0 |              0 |              0 |              0 |              0 |              0 |              0 |              0 |              0 |
|      CAS_CMD_WR      |  UMC7C1 |     1855835000 |              0 |              0 |              0 |              0 |              0 |              0 |              0 |              0 |              0 |              0 |              0 |              0 |              0 |              0 |              0 |              0 |              0 |              0 |              0 |              0 |              0 |              0 |              0 |              0 |              0 |              0 |              0 |              0 |              0 |              0 |              0 |              0 |              0 |              0 |              0 |              0 |              0 |              0 |              0 |              0 |              0 |              0 |              0 |              0 |              0 |              0 |              0 |              0 |              0 |              0 |              0 |              0 |              0 |              0 |              0 |              0 |              0 |              0 |              0 |              0 |              0 |              0 |              0 |              0 |              0 |              0 |              0 |              0 |              0 |              0 |              0 |              0 |              0 |              0 |              0 |              0 |              0 |              0 |              0 |              0 |              0 |              0 |              0 |              0 |              0 |              0 |              0 |              0 |              0 |              0 |              0 |              0 |              0 |              0 |              0 |     1410145000 |              0 |              0 |              0 |              0 |              0 |              0 |              0 |              0 |              0 |              0 |              0 |              0 |              0 |              0 |              0 |              0 |              0 |              0 |              0 |              0 |              0 |              0 |              0 |              0 |              0 |              0 |              0 |              0 |              0 |              0 |              0 |              0 |              0 |              0 |              0 |              0 |              0 |              0 |              0 |              0 |              0 |              0 |              0 |              0 |              0 |              0 |              0 |              0 |              0 |              0 |              0 |              0 |              0 |              0 |              0 |              0 |              0 |              0 |              0 |              0 |              0 |              0 |              0 |              0 |              0 |              0 |              0 |              0 |              0 |              0 |              0 |              0 |              0 |              0 |              0 |              0 |              0 |              0 |              0 |
|      CAS_CMD_RD      |  UMC8C0 |   658581200000 |              0 |              0 |              0 |              0 |              0 |              0 |              0 |              0 |              0 |              0 |              0 |              0 |              0 |              0 |              0 |              0 |              0 |              0 |              0 |              0 |              0 |              0 |              0 |              0 |              0 |              0 |              0 |              0 |              0 |              0 |              0 |              0 |              0 |              0 |              0 |              0 |              0 |              0 |              0 |              0 |              0 |              0 |              0 |              0 |              0 |              0 |              0 |              0 |              0 |              0 |              0 |              0 |              0 |              0 |              0 |              0 |              0 |              0 |              0 |              0 |              0 |              0 |              0 |              0 |              0 |              0 |              0 |              0 |              0 |              0 |              0 |              0 |              0 |              0 |              0 |              0 |              0 |              0 |              0 |              0 |              0 |              0 |              0 |              0 |              0 |              0 |              0 |              0 |              0 |              0 |              0 |              0 |              0 |              0 |              0 |   828524600000 |              0 |              0 |              0 |              0 |              0 |              0 |              0 |              0 |              0 |              0 |              0 |              0 |              0 |              0 |              0 |              0 |              0 |              0 |              0 |              0 |              0 |              0 |              0 |              0 |              0 |              0 |              0 |              0 |              0 |              0 |              0 |              0 |              0 |              0 |              0 |              0 |              0 |              0 |              0 |              0 |              0 |              0 |              0 |              0 |              0 |              0 |              0 |              0 |              0 |              0 |              0 |              0 |              0 |              0 |              0 |              0 |              0 |              0 |              0 |              0 |              0 |              0 |              0 |              0 |              0 |              0 |              0 |              0 |              0 |              0 |              0 |              0 |              0 |              0 |              0 |              0 |              0 |              0 |              0 |
|      CAS_CMD_WR      |  UMC8C1 |     1847258000 |              0 |              0 |              0 |              0 |              0 |              0 |              0 |              0 |              0 |              0 |              0 |              0 |              0 |              0 |              0 |              0 |              0 |              0 |              0 |              0 |              0 |              0 |              0 |              0 |              0 |              0 |              0 |              0 |              0 |              0 |              0 |              0 |              0 |              0 |              0 |              0 |              0 |              0 |              0 |              0 |              0 |              0 |              0 |              0 |              0 |              0 |              0 |              0 |              0 |              0 |              0 |              0 |              0 |              0 |              0 |              0 |              0 |              0 |              0 |              0 |              0 |              0 |              0 |              0 |              0 |              0 |              0 |              0 |              0 |              0 |              0 |              0 |              0 |              0 |              0 |              0 |              0 |              0 |              0 |              0 |              0 |              0 |              0 |              0 |              0 |              0 |              0 |              0 |              0 |              0 |              0 |              0 |              0 |              0 |              0 |     1417467000 |              0 |              0 |              0 |              0 |              0 |              0 |              0 |              0 |              0 |              0 |              0 |              0 |              0 |              0 |              0 |              0 |              0 |              0 |              0 |              0 |              0 |              0 |              0 |              0 |              0 |              0 |              0 |              0 |              0 |              0 |              0 |              0 |              0 |              0 |              0 |              0 |              0 |              0 |              0 |              0 |              0 |              0 |              0 |              0 |              0 |              0 |              0 |              0 |              0 |              0 |              0 |              0 |              0 |              0 |              0 |              0 |              0 |              0 |              0 |              0 |              0 |              0 |              0 |              0 |              0 |              0 |              0 |              0 |              0 |              0 |              0 |              0 |              0 |              0 |              0 |              0 |              0 |              0 |              0 |
|      CAS_CMD_RD      |  UMC9C0 |   657492700000 |              0 |              0 |              0 |              0 |              0 |              0 |              0 |              0 |              0 |              0 |              0 |              0 |              0 |              0 |              0 |              0 |              0 |              0 |              0 |              0 |              0 |              0 |              0 |              0 |              0 |              0 |              0 |              0 |              0 |              0 |              0 |              0 |              0 |              0 |              0 |              0 |              0 |              0 |              0 |              0 |              0 |              0 |              0 |              0 |              0 |              0 |              0 |              0 |              0 |              0 |              0 |              0 |              0 |              0 |              0 |              0 |              0 |              0 |              0 |              0 |              0 |              0 |              0 |              0 |              0 |              0 |              0 |              0 |              0 |              0 |              0 |              0 |              0 |              0 |              0 |              0 |              0 |              0 |              0 |              0 |              0 |              0 |              0 |              0 |              0 |              0 |              0 |              0 |              0 |              0 |              0 |              0 |              0 |              0 |              0 |   827532500000 |              0 |              0 |              0 |              0 |              0 |              0 |              0 |              0 |              0 |              0 |              0 |              0 |              0 |              0 |              0 |              0 |              0 |              0 |              0 |              0 |              0 |              0 |              0 |              0 |              0 |              0 |              0 |              0 |              0 |              0 |              0 |              0 |              0 |              0 |              0 |              0 |              0 |              0 |              0 |              0 |              0 |              0 |              0 |              0 |              0 |              0 |              0 |              0 |              0 |              0 |              0 |              0 |              0 |              0 |              0 |              0 |              0 |              0 |              0 |              0 |              0 |              0 |              0 |              0 |              0 |              0 |              0 |              0 |              0 |              0 |              0 |              0 |              0 |              0 |              0 |              0 |              0 |              0 |              0 |
|      CAS_CMD_WR      |  UMC9C1 |     1796582000 |              0 |              0 |              0 |              0 |              0 |              0 |              0 |              0 |              0 |              0 |              0 |              0 |              0 |              0 |              0 |              0 |              0 |              0 |              0 |              0 |              0 |              0 |              0 |              0 |              0 |              0 |              0 |              0 |              0 |              0 |              0 |              0 |              0 |              0 |              0 |              0 |              0 |              0 |              0 |              0 |              0 |              0 |              0 |              0 |              0 |              0 |              0 |              0 |              0 |              0 |              0 |              0 |              0 |              0 |              0 |              0 |              0 |              0 |              0 |              0 |              0 |              0 |              0 |              0 |              0 |              0 |              0 |              0 |              0 |              0 |              0 |              0 |              0 |              0 |              0 |              0 |              0 |              0 |              0 |              0 |              0 |              0 |              0 |              0 |              0 |              0 |              0 |              0 |              0 |              0 |              0 |              0 |              0 |              0 |              0 |     1386216000 |              0 |              0 |              0 |              0 |              0 |              0 |              0 |              0 |              0 |              0 |              0 |              0 |              0 |              0 |              0 |              0 |              0 |              0 |              0 |              0 |              0 |              0 |              0 |              0 |              0 |              0 |              0 |              0 |              0 |              0 |              0 |              0 |              0 |              0 |              0 |              0 |              0 |              0 |              0 |              0 |              0 |              0 |              0 |              0 |              0 |              0 |              0 |              0 |              0 |              0 |              0 |              0 |              0 |              0 |              0 |              0 |              0 |              0 |              0 |              0 |              0 |              0 |              0 |              0 |              0 |              0 |              0 |              0 |              0 |              0 |              0 |              0 |              0 |              0 |              0 |              0 |              0 |              0 |              0 |
|      CAS_CMD_RD      | UMC10C0 |   659538600000 |              0 |              0 |              0 |              0 |              0 |              0 |              0 |              0 |              0 |              0 |              0 |              0 |              0 |              0 |              0 |              0 |              0 |              0 |              0 |              0 |              0 |              0 |              0 |              0 |              0 |              0 |              0 |              0 |              0 |              0 |              0 |              0 |              0 |              0 |              0 |              0 |              0 |              0 |              0 |              0 |              0 |              0 |              0 |              0 |              0 |              0 |              0 |              0 |              0 |              0 |              0 |              0 |              0 |              0 |              0 |              0 |              0 |              0 |              0 |              0 |              0 |              0 |              0 |              0 |              0 |              0 |              0 |              0 |              0 |              0 |              0 |              0 |              0 |              0 |              0 |              0 |              0 |              0 |              0 |              0 |              0 |              0 |              0 |              0 |              0 |              0 |              0 |              0 |              0 |              0 |              0 |              0 |              0 |              0 |              0 |   828295900000 |              0 |              0 |              0 |              0 |              0 |              0 |              0 |              0 |              0 |              0 |              0 |              0 |              0 |              0 |              0 |              0 |              0 |              0 |              0 |              0 |              0 |              0 |              0 |              0 |              0 |              0 |              0 |              0 |              0 |              0 |              0 |              0 |              0 |              0 |              0 |              0 |              0 |              0 |              0 |              0 |              0 |              0 |              0 |              0 |              0 |              0 |              0 |              0 |              0 |              0 |              0 |              0 |              0 |              0 |              0 |              0 |              0 |              0 |              0 |              0 |              0 |              0 |              0 |              0 |              0 |              0 |              0 |              0 |              0 |              0 |              0 |              0 |              0 |              0 |              0 |              0 |              0 |              0 |              0 |
|      CAS_CMD_WR      | UMC10C1 |     1845582000 |              0 |              0 |              0 |              0 |              0 |              0 |              0 |              0 |              0 |              0 |              0 |              0 |              0 |              0 |              0 |              0 |              0 |              0 |              0 |              0 |              0 |              0 |              0 |              0 |              0 |              0 |              0 |              0 |              0 |              0 |              0 |              0 |              0 |              0 |              0 |              0 |              0 |              0 |              0 |              0 |              0 |              0 |              0 |              0 |              0 |              0 |              0 |              0 |              0 |              0 |              0 |              0 |              0 |              0 |              0 |              0 |              0 |              0 |              0 |              0 |              0 |              0 |              0 |              0 |              0 |              0 |              0 |              0 |              0 |              0 |              0 |              0 |              0 |              0 |              0 |              0 |              0 |              0 |              0 |              0 |              0 |              0 |              0 |              0 |              0 |              0 |              0 |              0 |              0 |              0 |              0 |              0 |              0 |              0 |              0 |     1390723000 |              0 |              0 |              0 |              0 |              0 |              0 |              0 |              0 |              0 |              0 |              0 |              0 |              0 |              0 |              0 |              0 |              0 |              0 |              0 |              0 |              0 |              0 |              0 |              0 |              0 |              0 |              0 |              0 |              0 |              0 |              0 |              0 |              0 |              0 |              0 |              0 |              0 |              0 |              0 |              0 |              0 |              0 |              0 |              0 |              0 |              0 |              0 |              0 |              0 |              0 |              0 |              0 |              0 |              0 |              0 |              0 |              0 |              0 |              0 |              0 |              0 |              0 |              0 |              0 |              0 |              0 |              0 |              0 |              0 |              0 |              0 |              0 |              0 |              0 |              0 |              0 |              0 |              0 |              0 |
|      CAS_CMD_RD      | UMC11C0 |   658571600000 |              0 |              0 |              0 |              0 |              0 |              0 |              0 |              0 |              0 |              0 |              0 |              0 |              0 |              0 |              0 |              0 |              0 |              0 |              0 |              0 |              0 |              0 |              0 |              0 |              0 |              0 |              0 |              0 |              0 |              0 |              0 |              0 |              0 |              0 |              0 |              0 |              0 |              0 |              0 |              0 |              0 |              0 |              0 |              0 |              0 |              0 |              0 |              0 |              0 |              0 |              0 |              0 |              0 |              0 |              0 |              0 |              0 |              0 |              0 |              0 |              0 |              0 |              0 |              0 |              0 |              0 |              0 |              0 |              0 |              0 |              0 |              0 |              0 |              0 |              0 |              0 |              0 |              0 |              0 |              0 |              0 |              0 |              0 |              0 |              0 |              0 |              0 |              0 |              0 |              0 |              0 |              0 |              0 |              0 |              0 |   828043200000 |              0 |              0 |              0 |              0 |              0 |              0 |              0 |              0 |              0 |              0 |              0 |              0 |              0 |              0 |              0 |              0 |              0 |              0 |              0 |              0 |              0 |              0 |              0 |              0 |              0 |              0 |              0 |              0 |              0 |              0 |              0 |              0 |              0 |              0 |              0 |              0 |              0 |              0 |              0 |              0 |              0 |              0 |              0 |              0 |              0 |              0 |              0 |              0 |              0 |              0 |              0 |              0 |              0 |              0 |              0 |              0 |              0 |              0 |              0 |              0 |              0 |              0 |              0 |              0 |              0 |              0 |              0 |              0 |              0 |              0 |              0 |              0 |              0 |              0 |              0 |              0 |              0 |              0 |              0 |
|      CAS_CMD_WR      | UMC11C1 |     1827080000 |              0 |              0 |              0 |              0 |              0 |              0 |              0 |              0 |              0 |              0 |              0 |              0 |              0 |              0 |              0 |              0 |              0 |              0 |              0 |              0 |              0 |              0 |              0 |              0 |              0 |              0 |              0 |              0 |              0 |              0 |              0 |              0 |              0 |              0 |              0 |              0 |              0 |              0 |              0 |              0 |              0 |              0 |              0 |              0 |              0 |              0 |              0 |              0 |              0 |              0 |              0 |              0 |              0 |              0 |              0 |              0 |              0 |              0 |              0 |              0 |              0 |              0 |              0 |              0 |              0 |              0 |              0 |              0 |              0 |              0 |              0 |              0 |              0 |              0 |              0 |              0 |              0 |              0 |              0 |              0 |              0 |              0 |              0 |              0 |              0 |              0 |              0 |              0 |              0 |              0 |              0 |              0 |              0 |              0 |              0 |     1409625000 |              0 |              0 |              0 |              0 |              0 |              0 |              0 |              0 |              0 |              0 |              0 |              0 |              0 |              0 |              0 |              0 |              0 |              0 |              0 |              0 |              0 |              0 |              0 |              0 |              0 |              0 |              0 |              0 |              0 |              0 |              0 |              0 |              0 |              0 |              0 |              0 |              0 |              0 |              0 |              0 |              0 |              0 |              0 |              0 |              0 |              0 |              0 |              0 |              0 |              0 |              0 |              0 |              0 |              0 |              0 |              0 |              0 |              0 |              0 |              0 |              0 |              0 |              0 |              0 |              0 |              0 |              0 |              0 |              0 |              0 |              0 |              0 |              0 |              0 |              0 |              0 |              0 |              0 |              0 |
+----------------------+---------+----------------+----------------+----------------+----------------+----------------+----------------+----------------+----------------+----------------+----------------+----------------+----------------+----------------+----------------+----------------+----------------+----------------+----------------+----------------+----------------+----------------+----------------+----------------+----------------+----------------+----------------+----------------+----------------+----------------+----------------+----------------+----------------+----------------+----------------+----------------+----------------+----------------+----------------+----------------+----------------+----------------+----------------+----------------+----------------+----------------+----------------+----------------+----------------+----------------+----------------+----------------+----------------+----------------+----------------+----------------+----------------+----------------+----------------+----------------+----------------+----------------+----------------+----------------+----------------+----------------+----------------+----------------+----------------+----------------+----------------+----------------+----------------+----------------+----------------+----------------+----------------+----------------+----------------+----------------+----------------+----------------+----------------+----------------+----------------+----------------+----------------+----------------+----------------+----------------+----------------+----------------+----------------+----------------+----------------+----------------+----------------+----------------+----------------+----------------+----------------+----------------+----------------+----------------+----------------+----------------+----------------+----------------+----------------+----------------+----------------+----------------+----------------+----------------+----------------+----------------+----------------+----------------+----------------+----------------+----------------+----------------+----------------+----------------+----------------+----------------+----------------+----------------+----------------+----------------+----------------+----------------+----------------+----------------+----------------+----------------+----------------+----------------+----------------+----------------+----------------+----------------+----------------+----------------+----------------+----------------+----------------+----------------+----------------+----------------+----------------+----------------+----------------+----------------+----------------+----------------+----------------+----------------+----------------+----------------+----------------+----------------+----------------+----------------+----------------+----------------+----------------+----------------+----------------+----------------+----------------+----------------+----------------+----------------+----------------+----------------+----------------+

+---------------------------+---------+------------------+----------------+----------------+--------------+
|           Event           | Counter |        Sum       |       Min      |       Max      |      Avg     |
+---------------------------+---------+------------------+----------------+----------------+--------------+
|   ACTUAL_CPU_CLOCK STAT   |  FIXC1  | 1921738770000000 | 10909680000000 | 10927240000000 |      nil     |
|     MAX_CPU_CLOCK STAT    |  FIXC2  | 1351908334000000 |  7676974000000 |  7689225000000 | 7.681297e+12 |
| RETIRED_INSTRUCTIONS STAT |   PMC0  |  972334618000000 |  4503660000000 |  7178337000000 | 5.524629e+12 |
|  CPU_CLOCKS_UNHALTED STAT |   PMC1  | 1910675400000000 | 10842350000000 | 10870670000000 |      nil     |
|      CAS_CMD_RD STAT      |  UMC0C0 |    1487073000000 |              0 |   828527900000 | 8.449278e+09 |
|      CAS_CMD_WR STAT      |  UMC0C1 |       3215262000 |              0 |     1820724000 | 1.826853e+07 |
|      CAS_CMD_RD STAT      |  UMC1C0 |    1486461500000 |              0 |   828638400000 | 8.445804e+09 |
|      CAS_CMD_WR STAT      |  UMC1C1 |       3226243000 |              0 |     1815011000 | 1.833093e+07 |
|      CAS_CMD_RD STAT      |  UMC2C0 |    1487807300000 |              0 |   829215200000 | 8.453451e+09 |
|      CAS_CMD_WR STAT      |  UMC2C1 |       3218557000 |              0 |     1818362000 | 1.828726e+07 |
|      CAS_CMD_RD STAT      |  UMC3C0 |    1486915100000 |              0 |   828242100000 |   8448381250 |
|      CAS_CMD_WR STAT      |  UMC3C1 |       3202970000 |              0 |     1808455000 | 1.819869e+07 |
|      CAS_CMD_RD STAT      |  UMC4C0 |    1485578300000 |              0 |   827629400000 | 8.440786e+09 |
|      CAS_CMD_WR STAT      |  UMC4C1 |       3227739000 |              0 |     1823804000 | 1.833943e+07 |
|      CAS_CMD_RD STAT      |  UMC5C0 |    1486934400000 |              0 |   829615300000 | 8.448491e+09 |
|      CAS_CMD_WR STAT      |  UMC5C1 |       3166563000 |              0 |     1774411000 | 1.799184e+07 |
|      CAS_CMD_RD STAT      |  UMC6C0 |    1487598900000 |              0 |   829877400000 | 8.452266e+09 |
|      CAS_CMD_WR STAT      |  UMC6C1 |       3224655000 |              0 |     1824681000 | 1.832190e+07 |
|      CAS_CMD_RD STAT      |  UMC7C0 |    1487504900000 |              0 |   829114900000 | 8.451732e+09 |
|      CAS_CMD_WR STAT      |  UMC7C1 |       3265980000 |              0 |     1855835000 | 1.855670e+07 |
|      CAS_CMD_RD STAT      |  UMC8C0 |    1487105800000 |              0 |   828524600000 | 8.449465e+09 |
|      CAS_CMD_WR STAT      |  UMC8C1 |       3264725000 |              0 |     1847258000 | 1.854957e+07 |
|      CAS_CMD_RD STAT      |  UMC9C0 |    1485025200000 |              0 |   827532500000 | 8.437643e+09 |
|      CAS_CMD_WR STAT      |  UMC9C1 |       3182798000 |              0 |     1796582000 | 1.808408e+07 |
|      CAS_CMD_RD STAT      | UMC10C0 |    1487834500000 |              0 |   828295900000 | 8.453605e+09 |
|      CAS_CMD_WR STAT      | UMC10C1 |       3236305000 |              0 |     1845582000 | 1.838810e+07 |
|      CAS_CMD_RD STAT      | UMC11C0 |    1486614800000 |              0 |   828043200000 |   8446675000 |
|      CAS_CMD_WR STAT      | UMC11C1 |       3236705000 |              0 |     1827080000 | 1.839037e+07 |
+---------------------------+---------+------------------+----------------+----------------+--------------+

+-----------------------------------+-------------+------------+------------+------------+------------+------------+------------+------------+------------+------------+-------------+-------------+-------------+-------------+-------------+-------------+-------------+-------------+-------------+-------------+-------------+-------------+-------------+-------------+-------------+-------------+-------------+-------------+-------------+-------------+-------------+-------------+-------------+-------------+-------------+-------------+-------------+-------------+-------------+-------------+-------------+-------------+-------------+-------------+-------------+-------------+-------------+-------------+-------------+-------------+-------------+-------------+-------------+-------------+-------------+-------------+-------------+-------------+-------------+-------------+-------------+-------------+-------------+-------------+-------------+-------------+-------------+-------------+-------------+-------------+-------------+-------------+-------------+-------------+-------------+-------------+-------------+-------------+-------------+-------------+-------------+-------------+-------------+-------------+-------------+-------------+-------------+-------------+-------------+-------------+-------------+-------------+-------------+-------------+-------------+-------------+-------------+-------------+-------------+-------------+--------------+--------------+--------------+--------------+--------------+--------------+--------------+--------------+--------------+--------------+--------------+--------------+--------------+--------------+--------------+--------------+--------------+--------------+--------------+--------------+--------------+--------------+--------------+--------------+--------------+--------------+--------------+--------------+--------------+--------------+--------------+--------------+--------------+--------------+--------------+--------------+--------------+--------------+--------------+--------------+--------------+--------------+--------------+--------------+--------------+--------------+--------------+--------------+--------------+--------------+--------------+--------------+--------------+--------------+--------------+--------------+--------------+--------------+--------------+--------------+--------------+--------------+--------------+--------------+--------------+--------------+--------------+--------------+--------------+--------------+--------------+--------------+--------------+--------------+--------------+--------------+
|               Metric              |  HWThread 0 | HWThread 1 | HWThread 2 | HWThread 3 | HWThread 4 | HWThread 5 | HWThread 6 | HWThread 7 | HWThread 8 | HWThread 9 | HWThread 10 | HWThread 11 | HWThread 12 | HWThread 13 | HWThread 14 | HWThread 15 | HWThread 16 | HWThread 17 | HWThread 18 | HWThread 19 | HWThread 20 | HWThread 21 | HWThread 22 | HWThread 23 | HWThread 24 | HWThread 25 | HWThread 26 | HWThread 27 | HWThread 28 | HWThread 29 | HWThread 30 | HWThread 31 | HWThread 32 | HWThread 33 | HWThread 34 | HWThread 35 | HWThread 36 | HWThread 37 | HWThread 38 | HWThread 39 | HWThread 40 | HWThread 41 | HWThread 42 | HWThread 43 | HWThread 44 | HWThread 45 | HWThread 46 | HWThread 47 | HWThread 48 | HWThread 49 | HWThread 50 | HWThread 51 | HWThread 52 | HWThread 53 | HWThread 54 | HWThread 55 | HWThread 56 | HWThread 57 | HWThread 58 | HWThread 59 | HWThread 60 | HWThread 61 | HWThread 62 | HWThread 63 | HWThread 64 | HWThread 65 | HWThread 66 | HWThread 67 | HWThread 68 | HWThread 69 | HWThread 70 | HWThread 71 | HWThread 72 | HWThread 73 | HWThread 74 | HWThread 75 | HWThread 76 | HWThread 77 | HWThread 78 | HWThread 79 | HWThread 80 | HWThread 81 | HWThread 82 | HWThread 83 | HWThread 84 | HWThread 85 | HWThread 86 | HWThread 87 | HWThread 88 | HWThread 89 | HWThread 90 | HWThread 91 | HWThread 92 | HWThread 93 | HWThread 94 | HWThread 95 | HWThread 96 | HWThread 97 | HWThread 98 | HWThread 99 | HWThread 100 | HWThread 101 | HWThread 102 | HWThread 103 | HWThread 104 | HWThread 105 | HWThread 106 | HWThread 107 | HWThread 108 | HWThread 109 | HWThread 110 | HWThread 111 | HWThread 112 | HWThread 113 | HWThread 114 | HWThread 115 | HWThread 116 | HWThread 117 | HWThread 118 | HWThread 119 | HWThread 120 | HWThread 121 | HWThread 122 | HWThread 123 | HWThread 124 | HWThread 125 | HWThread 126 | HWThread 127 | HWThread 128 | HWThread 129 | HWThread 130 | HWThread 131 | HWThread 132 | HWThread 133 | HWThread 134 | HWThread 135 | HWThread 136 | HWThread 137 | HWThread 138 | HWThread 139 | HWThread 140 | HWThread 141 | HWThread 142 | HWThread 143 | HWThread 144 | HWThread 145 | HWThread 146 | HWThread 147 | HWThread 148 | HWThread 149 | HWThread 150 | HWThread 151 | HWThread 152 | HWThread 153 | HWThread 154 | HWThread 155 | HWThread 156 | HWThread 157 | HWThread 158 | HWThread 159 | HWThread 160 | HWThread 161 | HWThread 162 | HWThread 163 | HWThread 164 | HWThread 165 | HWThread 166 | HWThread 167 | HWThread 168 | HWThread 169 | HWThread 170 | HWThread 171 | HWThread 172 | HWThread 173 | HWThread 174 | HWThread 175 |
+-----------------------------------+-------------+------------+------------+------------+------------+------------+------------+------------+------------+------------+-------------+-------------+-------------+-------------+-------------+-------------+-------------+-------------+-------------+-------------+-------------+-------------+-------------+-------------+-------------+-------------+-------------+-------------+-------------+-------------+-------------+-------------+-------------+-------------+-------------+-------------+-------------+-------------+-------------+-------------+-------------+-------------+-------------+-------------+-------------+-------------+-------------+-------------+-------------+-------------+-------------+-------------+-------------+-------------+-------------+-------------+-------------+-------------+-------------+-------------+-------------+-------------+-------------+-------------+-------------+-------------+-------------+-------------+-------------+-------------+-------------+-------------+-------------+-------------+-------------+-------------+-------------+-------------+-------------+-------------+-------------+-------------+-------------+-------------+-------------+-------------+-------------+-------------+-------------+-------------+-------------+-------------+-------------+-------------+-------------+-------------+-------------+-------------+-------------+-------------+--------------+--------------+--------------+--------------+--------------+--------------+--------------+--------------+--------------+--------------+--------------+--------------+--------------+--------------+--------------+--------------+--------------+--------------+--------------+--------------+--------------+--------------+--------------+--------------+--------------+--------------+--------------+--------------+--------------+--------------+--------------+--------------+--------------+--------------+--------------+--------------+--------------+--------------+--------------+--------------+--------------+--------------+--------------+--------------+--------------+--------------+--------------+--------------+--------------+--------------+--------------+--------------+--------------+--------------+--------------+--------------+--------------+--------------+--------------+--------------+--------------+--------------+--------------+--------------+--------------+--------------+--------------+--------------+--------------+--------------+--------------+--------------+--------------+--------------+--------------+--------------+
|        Runtime (RDTSC) [s]        |   3026.3940 |  3019.8830 |  2996.4510 |  3003.8220 |  2994.1930 |  2976.1740 |  3008.7380 |  3003.8220 |  2992.4730 |  3016.5330 |   3016.5320 |   3015.3870 |   3011.4610 |   2991.2280 |   3018.4290 |   3013.8120 |   2981.7240 |   2969.5180 |   2966.7310 |   3012.5410 |   2979.7250 |   3014.1720 |   3002.1410 |   2982.9640 |   3007.9180 |   3021.5500 |   3009.3760 |   2964.3390 |   3022.3470 |   2990.3930 |   3002.9360 |   3014.9670 |   2981.3110 |   2983.8110 |   2975.4400 |   3004.9260 |   2999.6890 |   2984.2280 |   2975.4400 |   3004.9260 |   3017.2750 |   3025.2980 |   2980.1910 |   2986.9690 |   2990.8130 |   3017.2750 |   3010.1860 |   2980.1910 |   3008.3320 |   2964.7630 |   3007.4480 |   3008.3300 |   3001.6680 |   3004.5140 |   2967.5700 |   2968.7190 |   2977.0670 |   2988.7350 |   3024.8880 |   2998.8140 |   3003.4070 |   2977.9170 |   2974.1930 |   3012.9530 |   3024.4680 |   2963.8730 |   2972.5100 |   3000.5390 |   2997.2590 |   2988.2550 |   3000.1750 |   2989.5610 |   2960.1600 |   2960.8630 |   2998.0560 |   2961.3530 |   2992.8910 |   2991.6460 |   2998.0570 |   2957.5170 |   2968.0410 |   2968.0430 |   2985.5410 |   2980.8910 |   2983.3860 |   2982.1370 |   3019.4410 |   3013.3710 |   2962.0020 |   3023.9980 |   3021.0740 |   2989.1440 |   2989.9810 |   3022.8210 |   3022.8230 |   3025.7160 |   3005.3390 |   3006.6020 |   3006.6020 |   3006.0280 |    3005.3440 |    2993.7240 |    3002.1380 |    3006.0270 |    3011.0410 |    2982.1360 |    2978.7620 |    2985.0630 |    2978.7620 |    3011.4600 |    2978.7620 |    2969.9810 |    2957.8450 |    2991.6450 |    2995.4680 |    2957.8450 |    2995.4670 |    2957.8450 |    3023.5290 |    2995.4670 |    2999.6880 |    2999.2240 |    2997.2570 |    2994.6560 |    2958.8950 |    2958.3120 |    3000.9900 |    2958.8960 |    3020.6140 |    2973.3070 |    2965.5600 |    2972.5090 |    3015.3850 |    3017.9530 |    3018.4270 |    3019.4390 |    3015.8280 |    2971.5980 |    2964.7610 |    2975.0160 |    2970.7740 |    3017.9530 |    2963.4420 |    3011.0400 |    2962.8790 |    2974.1900 |    2977.9150 |    2973.7680 |    2962.4170 |    2994.6560 |    2966.3090 |    2962.4180 |    2992.8900 |    2986.2470 |    3021.5490 |    2985.8880 |    2985.0630 |    2984.2280 |    3013.3700 |    2987.4420 |    3010.1830 |    2971.1950 |    2968.7170 |    2971.5970 |    2965.5600 |    2971.1950 |    2966.7300 |    2969.9810 |    2996.4490 |    2960.8640 |    2977.0660 |    2959.2220 |    2959.8170 |    3009.3730 |    2987.4410 |    2976.5890 |
|        Runtime unhalted [s]       |   4200.9814 |  4198.2583 |  4198.3930 |  4198.2430 |  4198.2622 |  4198.3737 |  4198.2814 |  4197.7545 |  4196.8045 |  4196.0660 |   4196.9506 |   4197.1083 |   4196.9352 |   4196.7352 |   4197.0276 |   4197.3891 |   4197.6660 |   4197.7853 |   4198.5891 |   4197.6045 |   4198.3160 |   4197.6276 |   4199.0545 |   4198.5891 |   4198.4237 |   4198.0660 |   4197.7276 |   4198.6699 |   4198.3430 |   4197.2814 |   4198.4930 |   4197.9314 |   4196.4699 |   4196.6160 |   4196.2045 |   4197.3737 |   4196.5699 |   4196.5199 |   4196.4160 |   4197.3968 |   4197.6737 |   4198.5391 |   4198.2237 |   4198.4853 |   4197.8314 |   4198.9430 |   4197.8699 |   4197.9891 |   4198.1468 |   4198.0199 |   4197.6622 |   4198.1083 |   4198.8276 |   4198.1122 |   4198.2891 |   4197.9430 |   4197.0314 |   4196.7276 |   4196.9429 |   4197.5968 |   4196.6891 |   4196.8122 |   4197.9199 |   4196.5237 |   4198.5199 |   4198.5545 |   4198.5853 |   4198.6276 |   4198.0045 |   4198.7891 |   4198.5891 |   4198.1122 |   4197.2853 |   4198.1391 |   4198.2468 |   4197.6353 |   4198.6006 |   4198.6276 |   4197.7583 |   4198.0199 |   4196.8199 |   4197.0583 |   4197.3353 |   4197.5122 |   4196.9199 |   4197.3891 |   4197.0583 |   4196.7852 |   4198.4083 |   4198.6353 |   4198.2199 |   4198.0468 |   4198.2199 |   4198.9622 |   4198.7737 |   4198.5353 |   4201.7391 |   4202.3891 |   4202.3161 |   4202.0122 |    4202.6584 |    4202.6045 |    4202.2853 |    4202.0622 |    4202.4507 |    4202.1507 |    4201.0161 |    4201.3737 |    4202.0122 |    4201.6622 |    4201.5853 |    4201.1545 |    4201.7776 |    4202.2891 |    4201.7430 |    4202.0430 |    4201.9891 |    4202.2738 |    4201.9584 |    4202.0468 |    4201.9507 |    4201.7930 |    4201.8661 |    4201.6468 |    4202.7084 |    4201.5007 |    4202.2814 |    4201.3930 |    4201.7661 |    4201.8430 |    4201.9776 |    4201.9545 |    4201.8238 |    4201.6622 |    4201.8199 |    4201.3276 |    4202.3968 |    4201.4622 |    4202.1814 |    4202.1930 |    4202.0930 |    4202.3045 |    4201.9545 |    4201.8391 |    4201.9545 |    4201.8891 |    4201.5545 |    4201.5507 |    4201.1468 |    4201.2584 |    4201.4084 |    4201.9853 |    4200.8007 |    4201.7199 |    4201.2276 |    4201.3391 |    4201.2007 |    4201.4045 |    4201.4276 |    4200.9237 |    4201.5507 |    4201.3507 |    4201.7545 |    4201.7584 |    4201.6045 |    4201.4737 |    4201.7776 |    4201.5968 |    4201.6545 |    4201.6545 |    4201.5507 |    4202.8199 |    4202.3814 |    4202.3045 |    4201.9814 |    4202.1853 |
|            Clock [MHz]            |   3693.2405 |  3693.0290 |  3693.2469 |  3693.1707 |  3693.2789 |  3693.3045 |  3693.2708 |  3693.2413 |  3693.2121 |  3693.2747 |   3693.3022 |   3693.2539 |   3693.2728 |   3693.2593 |   3693.2377 |   3693.1904 |   3693.3327 |   3693.2419 |   3693.2589 |   3693.2136 |   3693.2576 |   3693.3445 |   3693.2252 |   3693.2608 |   3693.2345 |   3693.2111 |   3693.2469 |   3693.1978 |   3693.3086 |   3693.2024 |   3693.2248 |   3693.1802 |   3693.2109 |   3693.2164 |   3693.2331 |   3693.2418 |   3693.2450 |   3693.2462 |   3693.2000 |   3693.2102 |   3693.2149 |   3693.2971 |   3693.2350 |   3693.2872 |   3693.2215 |   3693.3015 |   3693.2563 |   3693.2434 |   3693.2413 |   3693.2864 |   3693.2307 |   3693.2315 |   3693.2101 |   3693.2407 |   3693.2387 |   3693.2946 |   3693.2238 |   3693.2203 |   3693.2575 |   3693.2804 |   3693.2783 |   3693.3246 |   3693.2907 |   3693.3453 |   3693.3677 |   3693.2352 |   3693.2099 |   3693.2216 |   3693.2392 |   3693.2801 |   3693.3512 |   3693.2464 |   3693.3289 |   3693.2889 |   3693.2635 |   3693.2551 |   3693.2657 |   3693.2543 |   3693.3043 |   3693.3354 |   3693.2583 |   3693.2686 |   3693.2421 |   3693.2512 |   3693.2698 |   3693.2698 |   3693.2763 |   3693.2254 |   3693.2148 |   3693.2293 |   3693.2129 |   3693.2985 |   3693.2239 |   3693.2536 |   3693.2156 |   3693.2288 |   3698.7766 |   3698.9433 |   3698.9613 |   3698.9279 |    3698.9881 |    3699.0620 |    3699.0522 |    3698.9623 |    3699.3216 |    3699.1736 |    3699.1450 |    3699.1246 |    3699.1042 |    3699.1203 |    3699.0410 |    3699.0438 |    3699.0595 |    3698.9891 |    3698.9655 |    3698.9145 |    3698.9736 |    3698.9621 |    3698.9773 |    3698.9411 |    3698.8795 |    3698.8838 |    3698.9679 |    3698.8818 |    3698.9618 |    3698.9188 |    3698.9169 |    3698.8322 |    3699.0528 |    3698.9610 |    3699.0193 |    3699.0221 |    3698.8492 |    3698.8457 |    3698.8261 |    3699.0661 |    3698.7733 |    3698.8296 |    3698.8939 |    3698.8130 |    3698.8613 |    3698.9454 |    3698.9359 |    3698.8917 |    3698.8795 |    3698.9501 |    3698.9812 |    3698.9619 |    3698.9238 |    3698.9502 |    3698.9151 |    3698.9880 |    3698.9751 |    3699.0728 |    3699.0026 |    3699.0493 |    3699.1389 |    3698.9594 |    3699.1686 |    3699.0497 |    3698.9258 |    3698.9867 |    3698.9776 |    3698.9337 |    3698.8393 |    3698.9231 |    3698.9420 |    3698.8782 |    3699.3732 |    3699.4826 |    3699.4991 |    3699.4510 |    3699.5468 |    3699.3553 |    3699.4047 |    3699.4392 |
|                CPI                |      2.3936 |     2.3965 |     2.3909 |     2.3957 |     2.3958 |     2.4005 |     2.4056 |     2.4099 |     1.7751 |     1.7856 |      1.7781 |      1.7899 |      1.7807 |      1.7937 |      1.7838 |      1.7828 |      2.3509 |      2.3715 |      2.3636 |      2.3690 |      2.3603 |      2.3658 |      2.3695 |      2.3612 |      2.3886 |      2.3791 |      2.4030 |      2.3879 |      2.3785 |      2.3997 |      2.3974 |      2.4016 |      1.7959 |      1.7938 |      1.7840 |      1.8006 |      1.7812 |      1.8024 |      1.8002 |      1.8048 |      2.3727 |      2.3657 |      2.3724 |      2.3632 |      2.3548 |      2.3714 |      2.3580 |      2.3679 |      2.3650 |      2.3769 |      2.3569 |      2.3760 |      2.3711 |      2.3761 |      2.3682 |      2.3859 |      1.7792 |      1.7751 |      1.7737 |      1.7853 |      1.7722 |      1.7932 |      1.7781 |      1.7829 |      2.3473 |      2.3457 |      2.3587 |      2.3530 |      2.3510 |      2.3533 |      2.3620 |      2.3542 |      2.3902 |      2.3976 |      2.3835 |      2.4003 |      2.3944 |      2.4027 |      2.4037 |      2.3986 |      1.7742 |      1.7805 |      1.7679 |      1.7802 |      1.7760 |      1.7885 |      1.7867 |      1.7847 |      2.3448 |      2.3571 |      2.3487 |      2.3746 |      2.3564 |      2.3704 |      2.3698 |      2.3555 |      2.0290 |      2.0235 |      2.0306 |      2.0349 |       2.0275 |       2.0242 |       2.0316 |       2.0403 |       1.5456 |       1.5496 |       1.5494 |       1.5573 |       1.5495 |       1.5536 |       1.5470 |       1.5564 |       1.9848 |       1.9928 |       1.9969 |       2.0045 |       1.9881 |       2.0025 |       2.0113 |       2.0058 |       2.0186 |       2.0468 |       2.0338 |       2.0424 |       2.0340 |       2.0444 |       2.0387 |       2.0383 |       1.5497 |       1.5518 |       1.5481 |       1.5546 |       1.5543 |       1.5631 |       1.5583 |       1.5536 |       2.0050 |       2.0130 |       2.0171 |       2.0260 |       2.0017 |       2.0205 |       2.0091 |       2.0255 |       2.0151 |       2.0159 |       2.0158 |       2.0144 |       2.0088 |       2.0204 |       2.0201 |       2.0294 |       1.5217 |       1.5218 |       1.5172 |       1.5264 |       1.5219 |       1.5274 |       1.5252 |       1.5289 |       1.9680 |       1.9747 |       1.9629 |       1.9694 |       1.9595 |       1.9820 |       1.9847 |       1.9885 |       1.5120 |       1.5180 |       1.5170 |       1.5180 |       1.5174 |       1.5200 |       1.5163 |       1.5195 |
|  Memory read bandwidth [MBytes/s] | 167046.5252 |          0 |          0 |          0 |          0 |          0 |          0 |          0 |          0 |          0 |           0 |           0 |           0 |           0 |           0 |           0 |           0 |           0 |           0 |           0 |           0 |           0 |           0 |           0 |           0 |           0 |           0 |           0 |           0 |           0 |           0 |           0 |           0 |           0 |           0 |           0 |           0 |           0 |           0 |           0 |           0 |           0 |           0 |           0 |           0 |           0 |           0 |           0 |           0 |           0 |           0 |           0 |           0 |           0 |           0 |           0 |           0 |           0 |           0 |           0 |           0 |           0 |           0 |           0 |           0 |           0 |           0 |           0 |           0 |           0 |           0 |           0 |           0 |           0 |           0 |           0 |           0 |           0 |           0 |           0 |           0 |           0 |           0 |           0 |           0 |           0 |           0 |           0 |           0 |           0 |           0 |           0 |           0 |           0 |           0 |           0 | 211745.9745 |           0 |           0 |           0 |            0 |            0 |            0 |            0 |            0 |            0 |            0 |            0 |            0 |            0 |            0 |            0 |            0 |            0 |            0 |            0 |            0 |            0 |            0 |            0 |            0 |            0 |            0 |            0 |            0 |            0 |            0 |            0 |            0 |            0 |            0 |            0 |            0 |            0 |            0 |            0 |            0 |            0 |            0 |            0 |            0 |            0 |            0 |            0 |            0 |            0 |            0 |            0 |            0 |            0 |            0 |            0 |            0 |            0 |            0 |            0 |            0 |            0 |            0 |            0 |            0 |            0 |            0 |            0 |            0 |            0 |            0 |            0 |            0 |            0 |            0 |            0 |            0 |            0 |            0 |            0 |
|  Memory read data volume [GBytes] | 505548.6016 |          0 |          0 |          0 |          0 |          0 |          0 |          0 |          0 |          0 |           0 |           0 |           0 |           0 |           0 |           0 |           0 |           0 |           0 |           0 |           0 |           0 |           0 |           0 |           0 |           0 |           0 |           0 |           0 |           0 |           0 |           0 |           0 |           0 |           0 |           0 |           0 |           0 |           0 |           0 |           0 |           0 |           0 |           0 |           0 |           0 |           0 |           0 |           0 |           0 |           0 |           0 |           0 |           0 |           0 |           0 |           0 |           0 |           0 |           0 |           0 |           0 |           0 |           0 |           0 |           0 |           0 |           0 |           0 |           0 |           0 |           0 |           0 |           0 |           0 |           0 |           0 |           0 |           0 |           0 |           0 |           0 |           0 |           0 |           0 |           0 |           0 |           0 |           0 |           0 |           0 |           0 |           0 |           0 |           0 |           0 | 636368.4352 |           0 |           0 |           0 |            0 |            0 |            0 |            0 |            0 |            0 |            0 |            0 |            0 |            0 |            0 |            0 |            0 |            0 |            0 |            0 |            0 |            0 |            0 |            0 |            0 |            0 |            0 |            0 |            0 |            0 |            0 |            0 |            0 |            0 |            0 |            0 |            0 |            0 |            0 |            0 |            0 |            0 |            0 |            0 |            0 |            0 |            0 |            0 |            0 |            0 |            0 |            0 |            0 |            0 |            0 |            0 |            0 |            0 |            0 |            0 |            0 |            0 |            0 |            0 |            0 |            0 |            0 |            0 |            0 |            0 |            0 |            0 |            0 |            0 |            0 |            0 |            0 |            0 |            0 |            0 |
| Memory write bandwidth [MBytes/s] |    462.2327 |          0 |          0 |          0 |          0 |          0 |          0 |          0 |          0 |          0 |           0 |           0 |           0 |           0 |           0 |           0 |           0 |           0 |           0 |           0 |           0 |           0 |           0 |           0 |           0 |           0 |           0 |           0 |           0 |           0 |           0 |           0 |           0 |           0 |           0 |           0 |           0 |           0 |           0 |           0 |           0 |           0 |           0 |           0 |           0 |           0 |           0 |           0 |           0 |           0 |           0 |           0 |           0 |           0 |           0 |           0 |           0 |           0 |           0 |           0 |           0 |           0 |           0 |           0 |           0 |           0 |           0 |           0 |           0 |           0 |           0 |           0 |           0 |           0 |           0 |           0 |           0 |           0 |           0 |           0 |           0 |           0 |           0 |           0 |           0 |           0 |           0 |           0 |           0 |           0 |           0 |           0 |           0 |           0 |           0 |           0 |    357.9915 |           0 |           0 |           0 |            0 |            0 |            0 |            0 |            0 |            0 |            0 |            0 |            0 |            0 |            0 |            0 |            0 |            0 |            0 |            0 |            0 |            0 |            0 |            0 |            0 |            0 |            0 |            0 |            0 |            0 |            0 |            0 |            0 |            0 |            0 |            0 |            0 |            0 |            0 |            0 |            0 |            0 |            0 |            0 |            0 |            0 |            0 |            0 |            0 |            0 |            0 |            0 |            0 |            0 |            0 |            0 |            0 |            0 |            0 |            0 |            0 |            0 |            0 |            0 |            0 |            0 |            0 |            0 |            0 |            0 |            0 |            0 |            0 |            0 |            0 |            0 |            0 |            0 |            0 |            0 |
| Memory write data volume [GBytes] |   1398.8982 |          0 |          0 |          0 |          0 |          0 |          0 |          0 |          0 |          0 |           0 |           0 |           0 |           0 |           0 |           0 |           0 |           0 |           0 |           0 |           0 |           0 |           0 |           0 |           0 |           0 |           0 |           0 |           0 |           0 |           0 |           0 |           0 |           0 |           0 |           0 |           0 |           0 |           0 |           0 |           0 |           0 |           0 |           0 |           0 |           0 |           0 |           0 |           0 |           0 |           0 |           0 |           0 |           0 |           0 |           0 |           0 |           0 |           0 |           0 |           0 |           0 |           0 |           0 |           0 |           0 |           0 |           0 |           0 |           0 |           0 |           0 |           0 |           0 |           0 |           0 |           0 |           0 |           0 |           0 |           0 |           0 |           0 |           0 |           0 |           0 |           0 |           0 |           0 |           0 |           0 |           0 |           0 |           0 |           0 |           0 |   1075.8859 |           0 |           0 |           0 |            0 |            0 |            0 |            0 |            0 |            0 |            0 |            0 |            0 |            0 |            0 |            0 |            0 |            0 |            0 |            0 |            0 |            0 |            0 |            0 |            0 |            0 |            0 |            0 |            0 |            0 |            0 |            0 |            0 |            0 |            0 |            0 |            0 |            0 |            0 |            0 |            0 |            0 |            0 |            0 |            0 |            0 |            0 |            0 |            0 |            0 |            0 |            0 |            0 |            0 |            0 |            0 |            0 |            0 |            0 |            0 |            0 |            0 |            0 |            0 |            0 |            0 |            0 |            0 |            0 |            0 |            0 |            0 |            0 |            0 |            0 |            0 |            0 |            0 |            0 |            0 |
|    Memory bandwidth [MBytes/s]    | 167508.7579 |          0 |          0 |          0 |          0 |          0 |          0 |          0 |          0 |          0 |           0 |           0 |           0 |           0 |           0 |           0 |           0 |           0 |           0 |           0 |           0 |           0 |           0 |           0 |           0 |           0 |           0 |           0 |           0 |           0 |           0 |           0 |           0 |           0 |           0 |           0 |           0 |           0 |           0 |           0 |           0 |           0 |           0 |           0 |           0 |           0 |           0 |           0 |           0 |           0 |           0 |           0 |           0 |           0 |           0 |           0 |           0 |           0 |           0 |           0 |           0 |           0 |           0 |           0 |           0 |           0 |           0 |           0 |           0 |           0 |           0 |           0 |           0 |           0 |           0 |           0 |           0 |           0 |           0 |           0 |           0 |           0 |           0 |           0 |           0 |           0 |           0 |           0 |           0 |           0 |           0 |           0 |           0 |           0 |           0 |           0 | 212103.9660 |           0 |           0 |           0 |            0 |            0 |            0 |            0 |            0 |            0 |            0 |            0 |            0 |            0 |            0 |            0 |            0 |            0 |            0 |            0 |            0 |            0 |            0 |            0 |            0 |            0 |            0 |            0 |            0 |            0 |            0 |            0 |            0 |            0 |            0 |            0 |            0 |            0 |            0 |            0 |            0 |            0 |            0 |            0 |            0 |            0 |            0 |            0 |            0 |            0 |            0 |            0 |            0 |            0 |            0 |            0 |            0 |            0 |            0 |            0 |            0 |            0 |            0 |            0 |            0 |            0 |            0 |            0 |            0 |            0 |            0 |            0 |            0 |            0 |            0 |            0 |            0 |            0 |            0 |            0 |
|    Memory data volume [GBytes]    | 506947.4998 |          0 |          0 |          0 |          0 |          0 |          0 |          0 |          0 |          0 |           0 |           0 |           0 |           0 |           0 |           0 |           0 |           0 |           0 |           0 |           0 |           0 |           0 |           0 |           0 |           0 |           0 |           0 |           0 |           0 |           0 |           0 |           0 |           0 |           0 |           0 |           0 |           0 |           0 |           0 |           0 |           0 |           0 |           0 |           0 |           0 |           0 |           0 |           0 |           0 |           0 |           0 |           0 |           0 |           0 |           0 |           0 |           0 |           0 |           0 |           0 |           0 |           0 |           0 |           0 |           0 |           0 |           0 |           0 |           0 |           0 |           0 |           0 |           0 |           0 |           0 |           0 |           0 |           0 |           0 |           0 |           0 |           0 |           0 |           0 |           0 |           0 |           0 |           0 |           0 |           0 |           0 |           0 |           0 |           0 |           0 | 637444.3211 |           0 |           0 |           0 |            0 |            0 |            0 |            0 |            0 |            0 |            0 |            0 |            0 |            0 |            0 |            0 |            0 |            0 |            0 |            0 |            0 |            0 |            0 |            0 |            0 |            0 |            0 |            0 |            0 |            0 |            0 |            0 |            0 |            0 |            0 |            0 |            0 |            0 |            0 |            0 |            0 |            0 |            0 |            0 |            0 |            0 |            0 |            0 |            0 |            0 |            0 |            0 |            0 |            0 |            0 |            0 |            0 |            0 |            0 |            0 |            0 |            0 |            0 |            0 |            0 |            0 |            0 |            0 |            0 |            0 |            0 |            0 |            0 |            0 |            0 |            0 |            0 |            0 |            0 |            0 |
+-----------------------------------+-------------+------------+------------+------------+------------+------------+------------+------------+------------+------------+-------------+-------------+-------------+-------------+-------------+-------------+-------------+-------------+-------------+-------------+-------------+-------------+-------------+-------------+-------------+-------------+-------------+-------------+-------------+-------------+-------------+-------------+-------------+-------------+-------------+-------------+-------------+-------------+-------------+-------------+-------------+-------------+-------------+-------------+-------------+-------------+-------------+-------------+-------------+-------------+-------------+-------------+-------------+-------------+-------------+-------------+-------------+-------------+-------------+-------------+-------------+-------------+-------------+-------------+-------------+-------------+-------------+-------------+-------------+-------------+-------------+-------------+-------------+-------------+-------------+-------------+-------------+-------------+-------------+-------------+-------------+-------------+-------------+-------------+-------------+-------------+-------------+-------------+-------------+-------------+-------------+-------------+-------------+-------------+-------------+-------------+-------------+-------------+-------------+-------------+--------------+--------------+--------------+--------------+--------------+--------------+--------------+--------------+--------------+--------------+--------------+--------------+--------------+--------------+--------------+--------------+--------------+--------------+--------------+--------------+--------------+--------------+--------------+--------------+--------------+--------------+--------------+--------------+--------------+--------------+--------------+--------------+--------------+--------------+--------------+--------------+--------------+--------------+--------------+--------------+--------------+--------------+--------------+--------------+--------------+--------------+--------------+--------------+--------------+--------------+--------------+--------------+--------------+--------------+--------------+--------------+--------------+--------------+--------------+--------------+--------------+--------------+--------------+--------------+--------------+--------------+--------------+--------------+--------------+--------------+--------------+--------------+--------------+--------------+--------------+--------------+

+----------------------------------------+--------------+-----------+-------------+-----------+
|                 Metric                 |      Sum     |    Min    |     Max     |    Avg    |
+----------------------------------------+--------------+-----------+-------------+-----------+
|        Runtime (RDTSC) [s] STAT        |  526489.1680 | 2957.5170 |   3026.3940 | 2991.4157 |
|        Runtime unhalted [s] STAT       |  739136.5044 | 4196.0660 |   4202.8199 | 4199.6392 |
|            Clock [MHz] STAT            |  650473.4530 | 3693.0290 |   3699.5468 | 3695.8719 |
|                CPI STAT                |     354.8662 |    1.5120 |      2.4099 |    2.0163 |
|  Memory read bandwidth [MBytes/s] STAT |  378792.4997 |         0 | 211745.9745 | 2152.2301 |
|  Memory read data volume [GBytes] STAT | 1.141917e+06 |         0 | 636368.4352 | 6488.1650 |
| Memory write bandwidth [MBytes/s] STAT |     820.2242 |         0 |    462.2327 |    4.6604 |
| Memory write data volume [GBytes] STAT |    2474.7841 |         0 |   1398.8982 |   14.0613 |
|    Memory bandwidth [MBytes/s] STAT    |  379612.7239 |         0 | 212103.9660 | 2156.8905 |
|    Memory data volume [GBytes] STAT    | 1.144392e+06 |         0 | 637444.3211 | 6502.2263 |
+----------------------------------------+--------------+-----------+-------------+-----------+

