--------------------------------------------------------------------------------
CPU name:	AMD EPYC 9A14 96-Core Processor                
CPU type:	AMD K19 (Zen4) architecture
CPU clock:	2.60 GHz
--------------------------------------------------------------------------------
Sys.CPU_THREADS       192
SLURM_CPUS_PER_TASK   192
OMP_NUM_THREADS       192
OMP_PROC_BIND         close
OMP_PLACES            cores
BLAS_NUM_THREADS      1
Threads.nthreads()    1

Successfully read data from: /public/home/halili/jld2file/6-31g/hcn-1.0-6-31g.jld2
  name: hcn
  ratio: 1.0
  basis: 6-31g
  nα: 7, nβ: 7, ne: 14, norb: 20, nq: 40

  ngs: 13755
  ncs: 72681

Warming up JIT and Hardware...
Warm-up completed.
  Step 001:  residual: 7.7049e-01,  e: -92.82763179936519
  Step 002:  residual: 3.7087e-01,  e: -93.01183870091373
  Step 003:  residual: 1.4548e-01,  e: -93.04687547020988
  Step 004:  residual: 5.7932e-02,  e: -93.05170251010360
  Step 005:  residual: 2.8328e-02,  e: -93.05243615719462
  Step 006:  residual: 1.3340e-02,  e: -93.05261925959134
  Step 007:  residual: 5.6500e-03,  e: -93.05265620776102
  Step 008:  residual: 2.2421e-03,  e: -93.05266215767665
  Step 009:  residual: 8.8227e-04,  e: -93.05266309075189
  Step 010:  residual: 3.8870e-04,  e: -93.05266324625455
  Step 011:  residual: 1.8353e-04,  e: -93.05266327684507
  Step 012:  residual: 8.8481e-05,  e: -93.05266328403742
  Step 013:  residual: 3.8778e-05,  e: -93.05266328559649
  Step 014:  residual: 1.6948e-05,  e: -93.05266328585465
  Step 015:  residual: 6.9143e-06,  e: -93.05266328590371

Convergence reached!
2966.293017 seconds (7.21 M allocations: 347.495 GiB, 0.02% gc time, 0.07% compilation time)
--------------------------------------------------------------------------------
Region hvec_direct_agg, Group 1: MEM
+-------------------+-------------+-------------+-------------+-------------+-------------+-------------+-------------+-------------+-------------+-------------+-------------+-------------+-------------+-------------+-------------+-------------+-------------+-------------+-------------+-------------+-------------+-------------+-------------+-------------+-------------+-------------+-------------+-------------+-------------+-------------+-------------+-------------+-------------+-------------+-------------+-------------+-------------+-------------+-------------+-------------+-------------+-------------+-------------+-------------+-------------+-------------+-------------+-------------+-------------+-------------+-------------+-------------+-------------+-------------+-------------+-------------+-------------+-------------+-------------+-------------+-------------+-------------+-------------+-------------+-------------+-------------+-------------+-------------+-------------+-------------+-------------+-------------+-------------+-------------+-------------+-------------+-------------+-------------+-------------+-------------+-------------+-------------+-------------+-------------+-------------+-------------+-------------+-------------+-------------+-------------+-------------+-------------+-------------+-------------+-------------+-------------+-------------+-------------+-------------+-------------+--------------+--------------+--------------+--------------+--------------+--------------+--------------+--------------+--------------+--------------+--------------+--------------+--------------+--------------+--------------+--------------+--------------+--------------+--------------+--------------+--------------+--------------+--------------+--------------+--------------+--------------+--------------+--------------+--------------+--------------+--------------+--------------+--------------+--------------+--------------+--------------+--------------+--------------+--------------+--------------+--------------+--------------+--------------+--------------+--------------+--------------+--------------+--------------+--------------+--------------+--------------+--------------+--------------+--------------+--------------+--------------+--------------+--------------+--------------+--------------+--------------+--------------+--------------+--------------+--------------+--------------+--------------+--------------+--------------+--------------+--------------+--------------+--------------+--------------+--------------+--------------+--------------+--------------+--------------+--------------+--------------+--------------+--------------+--------------+--------------+--------------+--------------+--------------+--------------+--------------+--------------+--------------+
|    Region Info    |  HWThread 0 |  HWThread 1 |  HWThread 2 |  HWThread 3 |  HWThread 4 |  HWThread 5 |  HWThread 6 |  HWThread 7 |  HWThread 8 |  HWThread 9 | HWThread 10 | HWThread 11 | HWThread 12 | HWThread 13 | HWThread 14 | HWThread 15 | HWThread 16 | HWThread 17 | HWThread 18 | HWThread 19 | HWThread 20 | HWThread 21 | HWThread 22 | HWThread 23 | HWThread 24 | HWThread 25 | HWThread 26 | HWThread 27 | HWThread 28 | HWThread 29 | HWThread 30 | HWThread 31 | HWThread 32 | HWThread 33 | HWThread 34 | HWThread 35 | HWThread 36 | HWThread 37 | HWThread 38 | HWThread 39 | HWThread 40 | HWThread 41 | HWThread 42 | HWThread 43 | HWThread 44 | HWThread 45 | HWThread 46 | HWThread 47 | HWThread 48 | HWThread 49 | HWThread 50 | HWThread 51 | HWThread 52 | HWThread 53 | HWThread 54 | HWThread 55 | HWThread 56 | HWThread 57 | HWThread 58 | HWThread 59 | HWThread 60 | HWThread 61 | HWThread 62 | HWThread 63 | HWThread 64 | HWThread 65 | HWThread 66 | HWThread 67 | HWThread 68 | HWThread 69 | HWThread 70 | HWThread 71 | HWThread 72 | HWThread 73 | HWThread 74 | HWThread 75 | HWThread 76 | HWThread 77 | HWThread 78 | HWThread 79 | HWThread 80 | HWThread 81 | HWThread 82 | HWThread 83 | HWThread 84 | HWThread 85 | HWThread 86 | HWThread 87 | HWThread 88 | HWThread 89 | HWThread 90 | HWThread 91 | HWThread 92 | HWThread 93 | HWThread 94 | HWThread 95 | HWThread 96 | HWThread 97 | HWThread 98 | HWThread 99 | HWThread 100 | HWThread 101 | HWThread 102 | HWThread 103 | HWThread 104 | HWThread 105 | HWThread 106 | HWThread 107 | HWThread 108 | HWThread 109 | HWThread 110 | HWThread 111 | HWThread 112 | HWThread 113 | HWThread 114 | HWThread 115 | HWThread 116 | HWThread 117 | HWThread 118 | HWThread 119 | HWThread 120 | HWThread 121 | HWThread 122 | HWThread 123 | HWThread 124 | HWThread 125 | HWThread 126 | HWThread 127 | HWThread 128 | HWThread 129 | HWThread 130 | HWThread 131 | HWThread 132 | HWThread 133 | HWThread 134 | HWThread 135 | HWThread 136 | HWThread 137 | HWThread 138 | HWThread 139 | HWThread 140 | HWThread 141 | HWThread 142 | HWThread 143 | HWThread 144 | HWThread 145 | HWThread 146 | HWThread 147 | HWThread 148 | HWThread 149 | HWThread 150 | HWThread 151 | HWThread 152 | HWThread 153 | HWThread 154 | HWThread 155 | HWThread 156 | HWThread 157 | HWThread 158 | HWThread 159 | HWThread 160 | HWThread 161 | HWThread 162 | HWThread 163 | HWThread 164 | HWThread 165 | HWThread 166 | HWThread 167 | HWThread 168 | HWThread 169 | HWThread 170 | HWThread 171 | HWThread 172 | HWThread 173 | HWThread 174 | HWThread 175 | HWThread 176 | HWThread 177 | HWThread 178 | HWThread 179 | HWThread 180 | HWThread 181 | HWThread 182 | HWThread 183 | HWThread 184 | HWThread 185 | HWThread 186 | HWThread 187 | HWThread 188 | HWThread 189 | HWThread 190 | HWThread 191 |
+-------------------+-------------+-------------+-------------+-------------+-------------+-------------+-------------+-------------+-------------+-------------+-------------+-------------+-------------+-------------+-------------+-------------+-------------+-------------+-------------+-------------+-------------+-------------+-------------+-------------+-------------+-------------+-------------+-------------+-------------+-------------+-------------+-------------+-------------+-------------+-------------+-------------+-------------+-------------+-------------+-------------+-------------+-------------+-------------+-------------+-------------+-------------+-------------+-------------+-------------+-------------+-------------+-------------+-------------+-------------+-------------+-------------+-------------+-------------+-------------+-------------+-------------+-------------+-------------+-------------+-------------+-------------+-------------+-------------+-------------+-------------+-------------+-------------+-------------+-------------+-------------+-------------+-------------+-------------+-------------+-------------+-------------+-------------+-------------+-------------+-------------+-------------+-------------+-------------+-------------+-------------+-------------+-------------+-------------+-------------+-------------+-------------+-------------+-------------+-------------+-------------+--------------+--------------+--------------+--------------+--------------+--------------+--------------+--------------+--------------+--------------+--------------+--------------+--------------+--------------+--------------+--------------+--------------+--------------+--------------+--------------+--------------+--------------+--------------+--------------+--------------+--------------+--------------+--------------+--------------+--------------+--------------+--------------+--------------+--------------+--------------+--------------+--------------+--------------+--------------+--------------+--------------+--------------+--------------+--------------+--------------+--------------+--------------+--------------+--------------+--------------+--------------+--------------+--------------+--------------+--------------+--------------+--------------+--------------+--------------+--------------+--------------+--------------+--------------+--------------+--------------+--------------+--------------+--------------+--------------+--------------+--------------+--------------+--------------+--------------+--------------+--------------+--------------+--------------+--------------+--------------+--------------+--------------+--------------+--------------+--------------+--------------+--------------+--------------+--------------+--------------+--------------+--------------+
| RDTSC Runtime [s] | 2894.488000 | 2876.228000 | 2873.042000 | 2876.229000 | 2879.696000 | 2897.995000 | 2869.968000 | 2890.902000 | 2897.265000 | 2869.627000 | 2871.301000 | 2886.123000 | 2849.553000 | 2853.368000 | 2886.123000 | 2860.192000 | 2885.745000 | 2880.743000 | 2875.199000 | 2880.744000 | 2899.430000 | 2896.297000 | 2896.296000 | 2866.714000 | 2901.568000 | 2894.492000 | 2874.473000 | 2895.945000 | 2898.701000 | 2868.940000 | 2864.869000 | 2892.694000 | 2837.946000 | 2862.441000 | 2839.895000 | 2890.552000 | 2877.416000 | 2881.696000 | 2881.695000 | 2878.127000 | 2856.983000 | 2856.984000 | 2870.919000 | 2892.343000 | 2865.957000 | 2868.557000 | 2894.842000 | 2875.881000 | 2856.604000 | 2887.318000 | 2837.672000 | 2867.805000 | 2846.823000 | 2869.281000 | 2847.563000 | 2840.617000 | 2867.093000 | 2882.999000 | 2893.389000 | 2888.310000 | 2874.857000 | 2854.832000 | 2875.540000 | 2883.001000 | 2894.112000 | 2844.273000 | 2871.640000 | 2842.235000 | 2891.961000 | 2890.166000 | 2880.039000 | 2873.420000 | 2851.698000 | 2895.566000 | 2878.506000 | 2840.272000 | 2859.196000 | 2851.697000 | 2884.991000 | 2901.186000 | 2857.575000 | 2878.850000 | 2898.349000 | 2878.850000 | 2897.642000 | 2860.577000 | 2878.849000 | 2871.982000 | 2851.320000 | 2889.066000 | 2881.353000 | 2876.818000 | 2893.042000 | 2876.817000 | 2884.242000 | 2900.182000 | 2888.690000 | 2841.330000 | 2845.835000 | 2841.329000 |  2883.632000 |  2863.197000 |  2849.935000 |  2883.632000 |  2838.287000 |  2850.308000 |  2840.963000 |  2855.584000 |  2862.825000 |  2845.500000 |  2856.264000 |  2846.165000 |  2880.383000 |  2848.883000 |  2839.321000 |  2847.200000 |  2877.761000 |  2839.321000 |  2884.625000 |  2846.494000 |  2853.750000 |  2845.018000 |  2854.122000 |  2853.749000 |  2844.650000 |  2847.940000 |  2854.363000 |  2844.650000 |  2859.579000 |  2889.449000 |  2838.654000 |  2860.925000 |  2899.054000 |  2863.531000 |  2859.580000 |  2872.325000 |  2842.611000 |  2887.694000 |  2858.855000 |  2842.612000 |  2857.916000 |  2866.341000 |  2887.695000 |  2842.611000 |  2849.214000 |  2891.622000 |  2899.810000 |  2850.644000 |  2882.290000 |  2862.102000 |  2855.213000 |  2865.249000 |  2870.305000 |  2838.989000 |  2865.621000 |  2868.185000 |  2858.287000 |  2841.899000 |  2858.287000 |  2870.305000 |  2882.663000 |  2852.290000 |  2852.652000 |  2891.249000 |  2874.133000 |  2872.698000 |  2852.653000 |  2852.290000 |  2843.461000 |  2848.311000 |  2848.312000 |  2873.762000 |  2895.188000 |  2896.896000 |  2843.788000 |  2843.460000 |  2885.372000 |  2861.297000 |  2861.297000 |  2867.435000 |  2861.298000 |  2893.736000 |  2889.821000 |  2864.208000 |  2850.983000 |  2886.712000 |  2900.568000 |  2886.713000 |  2863.869000 |  2864.539000 |  2855.924000 |  2900.567000 |
|     call count    |          15 |          15 |          15 |          15 |          15 |          15 |          15 |          15 |          15 |          15 |          15 |          15 |          15 |          15 |          15 |          15 |          15 |          15 |          15 |          15 |          15 |          15 |          15 |          15 |          15 |          15 |          15 |          15 |          15 |          15 |          15 |          15 |          15 |          15 |          15 |          15 |          15 |          15 |          15 |          15 |          15 |          15 |          15 |          15 |          15 |          15 |          15 |          15 |          15 |          15 |          15 |          15 |          15 |          15 |          15 |          15 |          15 |          15 |          15 |          15 |          15 |          15 |          15 |          15 |          15 |          15 |          15 |          15 |          15 |          15 |          15 |          15 |          15 |          15 |          15 |          15 |          15 |          15 |          15 |          15 |          15 |          15 |          15 |          15 |          15 |          15 |          15 |          15 |          15 |          15 |          15 |          15 |          15 |          15 |          15 |          15 |          15 |          15 |          15 |          15 |           15 |           15 |           15 |           15 |           15 |           15 |           15 |           15 |           15 |           15 |           15 |           15 |           15 |           15 |           15 |           15 |           15 |           15 |           15 |           15 |           15 |           15 |           15 |           15 |           15 |           15 |           15 |           15 |           15 |           15 |           15 |           15 |           15 |           15 |           15 |           15 |           15 |           15 |           15 |           15 |           15 |           15 |           15 |           15 |           15 |           15 |           15 |           15 |           15 |           15 |           15 |           15 |           15 |           15 |           15 |           15 |           15 |           15 |           15 |           15 |           15 |           15 |           15 |           15 |           15 |           15 |           15 |           15 |           15 |           15 |           15 |           15 |           15 |           15 |           15 |           15 |           15 |           15 |           15 |           15 |           15 |           15 |           15 |           15 |           15 |           15 |           15 |           15 |           15 |           15 |           15 |           15 |
+-------------------+-------------+-------------+-------------+-------------+-------------+-------------+-------------+-------------+-------------+-------------+-------------+-------------+-------------+-------------+-------------+-------------+-------------+-------------+-------------+-------------+-------------+-------------+-------------+-------------+-------------+-------------+-------------+-------------+-------------+-------------+-------------+-------------+-------------+-------------+-------------+-------------+-------------+-------------+-------------+-------------+-------------+-------------+-------------+-------------+-------------+-------------+-------------+-------------+-------------+-------------+-------------+-------------+-------------+-------------+-------------+-------------+-------------+-------------+-------------+-------------+-------------+-------------+-------------+-------------+-------------+-------------+-------------+-------------+-------------+-------------+-------------+-------------+-------------+-------------+-------------+-------------+-------------+-------------+-------------+-------------+-------------+-------------+-------------+-------------+-------------+-------------+-------------+-------------+-------------+-------------+-------------+-------------+-------------+-------------+-------------+-------------+-------------+-------------+-------------+-------------+--------------+--------------+--------------+--------------+--------------+--------------+--------------+--------------+--------------+--------------+--------------+--------------+--------------+--------------+--------------+--------------+--------------+--------------+--------------+--------------+--------------+--------------+--------------+--------------+--------------+--------------+--------------+--------------+--------------+--------------+--------------+--------------+--------------+--------------+--------------+--------------+--------------+--------------+--------------+--------------+--------------+--------------+--------------+--------------+--------------+--------------+--------------+--------------+--------------+--------------+--------------+--------------+--------------+--------------+--------------+--------------+--------------+--------------+--------------+--------------+--------------+--------------+--------------+--------------+--------------+--------------+--------------+--------------+--------------+--------------+--------------+--------------+--------------+--------------+--------------+--------------+--------------+--------------+--------------+--------------+--------------+--------------+--------------+--------------+--------------+--------------+--------------+--------------+--------------+--------------+--------------+--------------+

+----------------------+---------+----------------+----------------+----------------+----------------+----------------+----------------+----------------+----------------+----------------+----------------+----------------+----------------+----------------+----------------+----------------+----------------+----------------+----------------+----------------+----------------+----------------+----------------+----------------+----------------+----------------+----------------+----------------+----------------+----------------+----------------+----------------+----------------+----------------+----------------+----------------+----------------+----------------+----------------+----------------+----------------+----------------+----------------+----------------+----------------+----------------+----------------+----------------+----------------+----------------+----------------+----------------+----------------+----------------+----------------+----------------+----------------+----------------+----------------+----------------+----------------+----------------+----------------+----------------+----------------+----------------+----------------+----------------+----------------+----------------+----------------+----------------+----------------+----------------+----------------+----------------+----------------+----------------+----------------+----------------+----------------+----------------+----------------+----------------+----------------+----------------+----------------+----------------+----------------+----------------+----------------+----------------+----------------+----------------+----------------+----------------+----------------+----------------+----------------+----------------+----------------+----------------+----------------+----------------+----------------+----------------+----------------+----------------+----------------+----------------+----------------+----------------+----------------+----------------+----------------+----------------+----------------+----------------+----------------+----------------+----------------+----------------+----------------+----------------+----------------+----------------+----------------+----------------+----------------+----------------+----------------+----------------+----------------+----------------+----------------+----------------+----------------+----------------+----------------+----------------+----------------+----------------+----------------+----------------+----------------+----------------+----------------+----------------+----------------+----------------+----------------+----------------+----------------+----------------+----------------+----------------+----------------+----------------+----------------+----------------+----------------+----------------+----------------+----------------+----------------+----------------+----------------+----------------+----------------+----------------+----------------+----------------+----------------+----------------+----------------+----------------+----------------+----------------+----------------+----------------+----------------+----------------+----------------+----------------+----------------+----------------+----------------+----------------+----------------+----------------+----------------+----------------+----------------+
|         Event        | Counter |   HWThread 0   |   HWThread 1   |   HWThread 2   |   HWThread 3   |   HWThread 4   |   HWThread 5   |   HWThread 6   |   HWThread 7   |   HWThread 8   |   HWThread 9   |   HWThread 10  |   HWThread 11  |   HWThread 12  |   HWThread 13  |   HWThread 14  |   HWThread 15  |   HWThread 16  |   HWThread 17  |   HWThread 18  |   HWThread 19  |   HWThread 20  |   HWThread 21  |   HWThread 22  |   HWThread 23  |   HWThread 24  |   HWThread 25  |   HWThread 26  |   HWThread 27  |   HWThread 28  |   HWThread 29  |   HWThread 30  |   HWThread 31  |   HWThread 32  |   HWThread 33  |   HWThread 34  |   HWThread 35  |   HWThread 36  |   HWThread 37  |   HWThread 38  |   HWThread 39  |   HWThread 40  |   HWThread 41  |   HWThread 42  |   HWThread 43  |   HWThread 44  |   HWThread 45  |   HWThread 46  |   HWThread 47  |   HWThread 48  |   HWThread 49  |   HWThread 50  |   HWThread 51  |   HWThread 52  |   HWThread 53  |   HWThread 54  |   HWThread 55  |   HWThread 56  |   HWThread 57  |   HWThread 58  |   HWThread 59  |   HWThread 60  |   HWThread 61  |   HWThread 62  |   HWThread 63  |   HWThread 64  |   HWThread 65  |   HWThread 66  |   HWThread 67  |   HWThread 68  |   HWThread 69  |   HWThread 70  |   HWThread 71  |   HWThread 72  |   HWThread 73  |   HWThread 74  |   HWThread 75  |   HWThread 76  |   HWThread 77  |   HWThread 78  |   HWThread 79  |   HWThread 80  |   HWThread 81  |   HWThread 82  |   HWThread 83  |   HWThread 84  |   HWThread 85  |   HWThread 86  |   HWThread 87  |   HWThread 88  |   HWThread 89  |   HWThread 90  |   HWThread 91  |   HWThread 92  |   HWThread 93  |   HWThread 94  |   HWThread 95  |   HWThread 96  |   HWThread 97  |   HWThread 98  |   HWThread 99  |  HWThread 100  |  HWThread 101  |  HWThread 102  |  HWThread 103  |  HWThread 104  |  HWThread 105  |  HWThread 106  |  HWThread 107  |  HWThread 108  |  HWThread 109  |  HWThread 110  |  HWThread 111  |  HWThread 112  |  HWThread 113  |  HWThread 114  |  HWThread 115  |  HWThread 116  |  HWThread 117  |  HWThread 118  |  HWThread 119  |  HWThread 120  |  HWThread 121  |  HWThread 122  |  HWThread 123  |  HWThread 124  |  HWThread 125  |  HWThread 126  |  HWThread 127  |  HWThread 128  |  HWThread 129  |  HWThread 130  |  HWThread 131  |  HWThread 132  |  HWThread 133  |  HWThread 134  |  HWThread 135  |  HWThread 136  |  HWThread 137  |  HWThread 138  |  HWThread 139  |  HWThread 140  |  HWThread 141  |  HWThread 142  |  HWThread 143  |  HWThread 144  |  HWThread 145  |  HWThread 146  |  HWThread 147  |  HWThread 148  |  HWThread 149  |  HWThread 150  |  HWThread 151  |  HWThread 152  |  HWThread 153  |  HWThread 154  |  HWThread 155  |  HWThread 156  |  HWThread 157  |  HWThread 158  |  HWThread 159  |  HWThread 160  |  HWThread 161  |  HWThread 162  |  HWThread 163  |  HWThread 164  |  HWThread 165  |  HWThread 166  |  HWThread 167  |  HWThread 168  |  HWThread 169  |  HWThread 170  |  HWThread 171  |  HWThread 172  |  HWThread 173  |  HWThread 174  |  HWThread 175  |  HWThread 176  |  HWThread 177  |  HWThread 178  |  HWThread 179  |  HWThread 180  |  HWThread 181  |  HWThread 182  |  HWThread 183  |  HWThread 184  |  HWThread 185  |  HWThread 186  |  HWThread 187  |  HWThread 188  |  HWThread 189  |  HWThread 190  |  HWThread 191  |
+----------------------+---------+----------------+----------------+----------------+----------------+----------------+----------------+----------------+----------------+----------------+----------------+----------------+----------------+----------------+----------------+----------------+----------------+----------------+----------------+----------------+----------------+----------------+----------------+----------------+----------------+----------------+----------------+----------------+----------------+----------------+----------------+----------------+----------------+----------------+----------------+----------------+----------------+----------------+----------------+----------------+----------------+----------------+----------------+----------------+----------------+----------------+----------------+----------------+----------------+----------------+----------------+----------------+----------------+----------------+----------------+----------------+----------------+----------------+----------------+----------------+----------------+----------------+----------------+----------------+----------------+----------------+----------------+----------------+----------------+----------------+----------------+----------------+----------------+----------------+----------------+----------------+----------------+----------------+----------------+----------------+----------------+----------------+----------------+----------------+----------------+----------------+----------------+----------------+----------------+----------------+----------------+----------------+----------------+----------------+----------------+----------------+----------------+----------------+----------------+----------------+----------------+----------------+----------------+----------------+----------------+----------------+----------------+----------------+----------------+----------------+----------------+----------------+----------------+----------------+----------------+----------------+----------------+----------------+----------------+----------------+----------------+----------------+----------------+----------------+----------------+----------------+----------------+----------------+----------------+----------------+----------------+----------------+----------------+----------------+----------------+----------------+----------------+----------------+----------------+----------------+----------------+----------------+----------------+----------------+----------------+----------------+----------------+----------------+----------------+----------------+----------------+----------------+----------------+----------------+----------------+----------------+----------------+----------------+----------------+----------------+----------------+----------------+----------------+----------------+----------------+----------------+----------------+----------------+----------------+----------------+----------------+----------------+----------------+----------------+----------------+----------------+----------------+----------------+----------------+----------------+----------------+----------------+----------------+----------------+----------------+----------------+----------------+----------------+----------------+----------------+----------------+----------------+----------------+
|   ACTUAL_CPU_CLOCK   |  FIXC1  | 10481380000000 | 10476770000000 | 10475600000000 | 10478140000000 | 10475230000000 | 10475210000000 | 10477040000000 | 10475810000000 | 10471090000000 | 10473570000000 | 10473550000000 | 10473410000000 | 10475140000000 | 10473250000000 | 10472860000000 | 10475030000000 | 10474530000000 | 10477620000000 | 10477830000000 | 10474480000000 | 10474180000000 | 10475590000000 | 10477490000000 | 10472960000000 | 10478230000000 | 10475980000000 | 10477110000000 | 10475730000000 | 10477160000000 | 10477380000000 | 10477170000000 | 10477360000000 | 10471830000000 | 10474250000000 | 10472190000000 | 10472140000000 | 10471990000000 | 10473110000000 | 10474560000000 | 10473210000000 | 10475390000000 | 10475520000000 | 10474990000000 | 10475110000000 | 10475900000000 | 10475710000000 | 10472880000000 | 10476350000000 | 10475380000000 | 10477380000000 | 10478070000000 | 10477000000000 | 10472870000000 | 10475850000000 | 10474660000000 | 10475400000000 | 10472370000000 | 10473190000000 | 10474170000000 | 10471540000000 | 10473690000000 | 10474140000000 | 10472270000000 | 10473060000000 | 10473870000000 | 10473740000000 | 10474410000000 | 10475780000000 | 10477950000000 | 10472440000000 | 10475120000000 | 10474260000000 | 10476050000000 | 10476460000000 | 10475840000000 | 10478090000000 | 10475180000000 | 10476480000000 | 10477230000000 | 10476570000000 | 10471650000000 | 10473120000000 | 10471800000000 | 10472820000000 | 10476320000000 | 10472320000000 | 10473950000000 | 10473880000000 | 10475140000000 | 10475040000000 | 10475590000000 | 10474190000000 | 10473790000000 | 10475580000000 | 10474310000000 | 10475630000000 | 10472350000000 | 10473360000000 | 10475450000000 | 10474560000000 | 10474630000000 | 10473020000000 | 10473440000000 | 10476120000000 | 10472050000000 | 10473180000000 | 10470250000000 | 10471260000000 | 10473730000000 | 10473050000000 | 10472440000000 | 10472860000000 | 10472270000000 | 10472910000000 | 10473580000000 | 10473780000000 | 10475240000000 | 10472780000000 | 10473820000000 | 10476210000000 | 10473680000000 | 10473540000000 | 10471760000000 | 10472190000000 | 10471640000000 | 10473240000000 | 10473410000000 | 10472510000000 | 10471660000000 | 10470930000000 | 10472060000000 | 10472740000000 | 10473470000000 | 10472870000000 | 10473300000000 | 10472680000000 | 10472180000000 | 10472740000000 | 10473620000000 | 10472600000000 | 10470960000000 | 10474340000000 | 10474210000000 | 10472150000000 | 10472840000000 | 10475570000000 | 10471810000000 | 10474180000000 | 10474450000000 | 10474020000000 | 10473870000000 | 10474740000000 | 10471570000000 | 10471900000000 | 10472750000000 | 10472870000000 | 10472590000000 | 10473610000000 | 10472550000000 | 10472750000000 | 10474050000000 | 10474280000000 | 10473660000000 | 10473840000000 | 10474950000000 | 10474940000000 | 10474820000000 | 10475110000000 | 10473000000000 | 10473150000000 | 10472660000000 | 10473260000000 | 10473700000000 | 10475320000000 | 10473320000000 | 10472050000000 | 10473750000000 | 10473300000000 | 10472750000000 | 10474170000000 | 10473920000000 | 10471450000000 | 10473000000000 | 10472760000000 | 10473930000000 | 10473020000000 | 10473730000000 | 10473690000000 | 10473920000000 | 10471170000000 | 10472290000000 | 10472930000000 |
|     MAX_CPU_CLOCK    |  FIXC2  |  7376806000000 |  7374003000000 |  7372935000000 |  7374609000000 |  7372599000000 |  7372526000000 |  7373801000000 |  7372835000000 |  7369674000000 |  7371435000000 |  7371236000000 |  7371174000000 |  7372306000000 |  7371243000000 |  7370999000000 |  7372376000000 |  7372051000000 |  7374063000000 |  7374393000000 |  7372007000000 |  7371581000000 |  7372780000000 |  7373989000000 |  7371016000000 |  7374388000000 |  7372955000000 |  7373856000000 |  7372887000000 |  7373902000000 |  7373939000000 |  7373849000000 |  7374012000000 |  7370019000000 |  7371765000000 |  7370448000000 |  7370274000000 |  7370134000000 |  7370963000000 |  7371942000000 |  7371007000000 |  7372651000000 |  7372644000000 |  7372381000000 |  7372453000000 |  7373055000000 |  7372855000000 |  7370740000000 |  7373148000000 |  7372636000000 |  7373875000000 |  7374399000000 |  7373820000000 |  7370814000000 |  7373038000000 |  7372120000000 |  7372641000000 |  7370463000000 |  7371114000000 |  7371660000000 |  7370002000000 |  7371455000000 |  7371827000000 |  7370503000000 |  7371058000000 |  7371428000000 |  7371329000000 |  7371939000000 |  7372859000000 |  7374341000000 |  7370385000000 |  7372376000000 |  7371879000000 |  7373112000000 |  7373147000000 |  7372839000000 |  7374557000000 |  7372532000000 |  7373430000000 |  7373951000000 |  7373462000000 |  7369857000000 |  7370982000000 |  7369935000000 |  7370905000000 |  7373231000000 |  7370537000000 |  7371411000000 |  7371628000000 |  7372278000000 |  7372488000000 |  7372868000000 |  7371764000000 |  7371342000000 |  7372722000000 |  7371865000000 |  7372697000000 |  7368686000000 |  7369432000000 |  7370752000000 |  7370233000000 |  7370141000000 |  7369134000000 |  7369385000000 |  7371178000000 |  7368554000000 |  7369276000000 |  7367232000000 |  7367943000000 |  7369574000000 |  7369222000000 |  7368732000000 |  7368995000000 |  7369260000000 |  7369087000000 |  7369533000000 |  7369854000000 |  7370903000000 |  7369021000000 |  7370020000000 |  7371509000000 |  7369584000000 |  7369476000000 |  7368172000000 |  7368603000000 |  7368092000000 |  7369341000000 |  7369356000000 |  7368762000000 |  7368360000000 |  7367810000000 |  7368390000000 |  7368788000000 |  7369358000000 |  7369045000000 |  7369272000000 |  7368875000000 |  7368547000000 |  7368991000000 |  7369466000000 |  7368861000000 |  7367665000000 |  7370039000000 |  7370059000000 |  7368458000000 |  7368973000000 |  7370813000000 |  7368422000000 |  7370025000000 |  7370132000000 |  7369905000000 |  7369629000000 |  7370324000000 |  7368180000000 |  7368199000000 |  7368919000000 |  7369115000000 |  7368912000000 |  7369542000000 |  7368716000000 |  7369008000000 |  7369811000000 |  7369997000000 |  7369443000000 |  7369769000000 |  7370329000000 |  7370521000000 |  7370448000000 |  7370659000000 |  7369007000000 |  7369300000000 |  7368894000000 |  7369368000000 |  7369500000000 |  7370632000000 |  7369164000000 |  7368445000000 |  7369736000000 |  7369402000000 |  7368911000000 |  7369851000000 |  7369676000000 |  7367955000000 |  7369174000000 |  7369067000000 |  7369854000000 |  7369241000000 |  7369789000000 |  7369635000000 |  7369638000000 |  7367847000000 |  7368620000000 |  7369025000000 |
| RETIRED_INSTRUCTIONS |   PMC0  |  4208513000000 |  4234683000000 |  4218280000000 |  4218970000000 |  4238450000000 |  4224627000000 |  4245064000000 |  4204648000000 |  5635779000000 |  5618375000000 |  5641015000000 |  5618779000000 |  5671999000000 |  5634896000000 |  5659915000000 |  5612776000000 |  4322518000000 |  4304869000000 |  4323601000000 |  4313898000000 |  4313315000000 |  4317652000000 |  4298980000000 |  4308393000000 |  4241396000000 |  4224500000000 |  4257976000000 |  4246985000000 |  4266235000000 |  4251570000000 |  4265631000000 |  4251602000000 |  5609465000000 |  5621326000000 |  5670591000000 |  5598816000000 |  5647006000000 |  5592734000000 |  5618763000000 |  5586369000000 |  4231828000000 |  4253057000000 |  4256854000000 |  4252737000000 |  4261481000000 |  4218880000000 |  4256408000000 |  4278703000000 |  4293535000000 |  4284178000000 |  4307878000000 |  4280210000000 |  4306721000000 |  4251170000000 |  4271148000000 |  4272257000000 |  5670485000000 |  5659977000000 |  5669109000000 |  5650077000000 |  5658514000000 |  5627175000000 |  5657347000000 |  5639880000000 |  4307016000000 |  4285771000000 |  4306501000000 |  4304804000000 |  4313329000000 |  4282660000000 |  4296345000000 |  4293619000000 |  4219699000000 |  4253238000000 |  4234791000000 |  4206722000000 |  4242409000000 |  4210963000000 |  4210708000000 |  4223897000000 |  5634008000000 |  5612093000000 |  5647919000000 |  5615907000000 |  5633577000000 |  5598775000000 |  5631405000000 |  5582461000000 |  4247810000000 |  4250777000000 |  4265381000000 |  4276548000000 |  4284145000000 |  4261543000000 |  4259254000000 |  4278051000000 |  4937168000000 |  4930997000000 |  4953466000000 |  4957072000000 |  4937898000000 |  4941736000000 |  4924613000000 |  4945067000000 |  6330130000000 |  6363956000000 |  6377732000000 |  6319999000000 |  6346779000000 |  6325306000000 |  6315951000000 |  6326513000000 |  5044240000000 |  5028887000000 |  5030463000000 |  4990972000000 |  5009754000000 |  5022536000000 |  5029957000000 |  5007653000000 |  4934496000000 |  4941891000000 |  4949623000000 |  4910513000000 |  4969592000000 |  4931192000000 |  4937185000000 |  4947005000000 |  6336414000000 |  6324605000000 |  6297742000000 |  6321014000000 |  6335304000000 |  6302720000000 |  6322992000000 |  6295150000000 |  4970071000000 |  4961242000000 |  4991759000000 |  4988803000000 |  4985633000000 |  4956212000000 |  4987300000000 |  4975680000000 |  4943708000000 |  4931914000000 |  4936032000000 |  4915181000000 |  4951680000000 |  4923080000000 |  4928567000000 |  4927867000000 |  6344708000000 |  6313922000000 |  6333684000000 |  6313942000000 |  6374352000000 |  6317944000000 |  6316612000000 |  6315138000000 |  4980773000000 |  4995933000000 |  4987159000000 |  4975524000000 |  5008782000000 |  4968871000000 |  4961302000000 |  4994782000000 |  4906483000000 |  4901787000000 |  4899396000000 |  4906966000000 |  4924272000000 |  4899947000000 |  4925508000000 |  4879054000000 |  6315510000000 |  6285622000000 |  6314007000000 |  6281124000000 |  6292314000000 |  6293302000000 |  6304090000000 |  6300839000000 |  4964730000000 |  4952618000000 |  4986665000000 |  4961712000000 |  4970012000000 |  4943565000000 |  4948395000000 |  4937725000000 |
|  CPU_CLOCKS_UNHALTED |   PMC1  | 10385030000000 | 10409390000000 | 10413130000000 | 10408420000000 | 10417450000000 | 10417990000000 | 10420040000000 | 10419810000000 | 10407630000000 | 10415610000000 | 10418240000000 | 10416930000000 | 10419180000000 | 10419160000000 | 10418470000000 | 10420460000000 | 10402890000000 | 10409140000000 | 10414430000000 | 10413780000000 | 10415440000000 | 10416790000000 | 10415400000000 | 10414410000000 | 10410730000000 | 10410160000000 | 10414210000000 | 10415610000000 | 10415480000000 | 10418480000000 | 10419120000000 | 10419130000000 | 10407710000000 | 10407230000000 | 10412970000000 | 10414190000000 | 10413010000000 | 10416600000000 | 10421120000000 | 10420000000000 | 10403650000000 | 10409120000000 | 10409400000000 | 10413490000000 | 10413020000000 | 10415840000000 | 10412990000000 | 10418210000000 | 10408160000000 | 10413090000000 | 10418650000000 | 10416870000000 | 10416260000000 | 10416130000000 | 10416330000000 | 10418080000000 | 10408480000000 | 10410480000000 | 10415960000000 | 10415040000000 | 10416820000000 | 10420140000000 | 10415820000000 | 10419030000000 | 10405440000000 | 10409320000000 | 10411360000000 | 10412480000000 | 10418450000000 | 10411740000000 | 10413860000000 | 10415980000000 | 10402520000000 | 10414190000000 | 10412090000000 | 10418080000000 | 10415640000000 | 10418180000000 | 10418370000000 | 10418870000000 | 10410240000000 | 10412090000000 | 10412720000000 | 10415750000000 | 10420890000000 | 10414410000000 | 10417230000000 | 10419610000000 | 10409140000000 | 10408380000000 | 10414130000000 | 10415700000000 | 10416140000000 | 10419970000000 | 10414970000000 | 10419370000000 | 10405030000000 | 10403120000000 | 10410000000000 | 10410590000000 | 10412180000000 | 10412410000000 | 10412310000000 | 10414310000000 | 10393590000000 | 10401860000000 | 10398550000000 | 10404920000000 | 10405310000000 | 10402910000000 | 10402980000000 | 10403210000000 | 10400290000000 | 10405250000000 | 10411350000000 | 10408510000000 | 10412810000000 | 10412100000000 | 10413210000000 | 10414400000000 | 10407270000000 | 10406580000000 | 10408760000000 | 10409370000000 | 10409240000000 | 10409020000000 | 10414710000000 | 10410980000000 | 10396260000000 | 10398000000000 | 10399060000000 | 10404520000000 | 10405460000000 | 10405340000000 | 10406010000000 | 10403980000000 | 10402310000000 | 10409280000000 | 10406660000000 | 10409930000000 | 10412470000000 | 10414160000000 | 10409490000000 | 10411150000000 | 10404520000000 | 10404130000000 | 10403650000000 | 10410250000000 | 10415470000000 | 10413180000000 | 10411900000000 | 10414250000000 | 10398130000000 | 10399400000000 | 10402070000000 | 10401470000000 | 10404240000000 | 10404520000000 | 10405700000000 | 10403600000000 | 10403260000000 | 10409550000000 | 10407610000000 | 10409440000000 | 10415780000000 | 10415870000000 | 10410890000000 | 10414430000000 | 10407080000000 | 10408610000000 | 10408720000000 | 10413800000000 | 10416280000000 | 10414940000000 | 10411120000000 | 10414500000000 | 10399290000000 | 10401150000000 | 10404830000000 | 10405490000000 | 10405880000000 | 10403180000000 | 10406120000000 | 10406480000000 | 10406140000000 | 10408880000000 | 10411220000000 | 10413980000000 | 10414220000000 | 10407280000000 | 10408750000000 | 10407880000000 |
|      CAS_CMD_RD      |  UMC0C0 |   641527400000 |              0 |              0 |              0 |              0 |              0 |              0 |              0 |              0 |              0 |              0 |              0 |              0 |              0 |              0 |              0 |              0 |              0 |              0 |              0 |              0 |              0 |              0 |              0 |              0 |              0 |              0 |              0 |              0 |              0 |              0 |              0 |              0 |              0 |              0 |              0 |              0 |              0 |              0 |              0 |              0 |              0 |              0 |              0 |              0 |              0 |              0 |              0 |              0 |              0 |              0 |              0 |              0 |              0 |              0 |              0 |              0 |              0 |              0 |              0 |              0 |              0 |              0 |              0 |              0 |              0 |              0 |              0 |              0 |              0 |              0 |              0 |              0 |              0 |              0 |              0 |              0 |              0 |              0 |              0 |              0 |              0 |              0 |              0 |              0 |              0 |              0 |              0 |              0 |              0 |              0 |              0 |              0 |              0 |              0 |              0 |   854380400000 |              0 |              0 |              0 |              0 |              0 |              0 |              0 |              0 |              0 |              0 |              0 |              0 |              0 |              0 |              0 |              0 |              0 |              0 |              0 |              0 |              0 |              0 |              0 |              0 |              0 |              0 |              0 |              0 |              0 |              0 |              0 |              0 |              0 |              0 |              0 |              0 |              0 |              0 |              0 |              0 |              0 |              0 |              0 |              0 |              0 |              0 |              0 |              0 |              0 |              0 |              0 |              0 |              0 |              0 |              0 |              0 |              0 |              0 |              0 |              0 |              0 |              0 |              0 |              0 |              0 |              0 |              0 |              0 |              0 |              0 |              0 |              0 |              0 |              0 |              0 |              0 |              0 |              0 |              0 |              0 |              0 |              0 |              0 |              0 |              0 |              0 |              0 |              0 |              0 |              0 |              0 |              0 |              0 |              0 |              0 |
|      CAS_CMD_WR      |  UMC0C1 |     1666732000 |              0 |              0 |              0 |              0 |              0 |              0 |              0 |              0 |              0 |              0 |              0 |              0 |              0 |              0 |              0 |              0 |              0 |              0 |              0 |              0 |              0 |              0 |              0 |              0 |              0 |              0 |              0 |              0 |              0 |              0 |              0 |              0 |              0 |              0 |              0 |              0 |              0 |              0 |              0 |              0 |              0 |              0 |              0 |              0 |              0 |              0 |              0 |              0 |              0 |              0 |              0 |              0 |              0 |              0 |              0 |              0 |              0 |              0 |              0 |              0 |              0 |              0 |              0 |              0 |              0 |              0 |              0 |              0 |              0 |              0 |              0 |              0 |              0 |              0 |              0 |              0 |              0 |              0 |              0 |              0 |              0 |              0 |              0 |              0 |              0 |              0 |              0 |              0 |              0 |              0 |              0 |              0 |              0 |              0 |              0 |     1549842000 |              0 |              0 |              0 |              0 |              0 |              0 |              0 |              0 |              0 |              0 |              0 |              0 |              0 |              0 |              0 |              0 |              0 |              0 |              0 |              0 |              0 |              0 |              0 |              0 |              0 |              0 |              0 |              0 |              0 |              0 |              0 |              0 |              0 |              0 |              0 |              0 |              0 |              0 |              0 |              0 |              0 |              0 |              0 |              0 |              0 |              0 |              0 |              0 |              0 |              0 |              0 |              0 |              0 |              0 |              0 |              0 |              0 |              0 |              0 |              0 |              0 |              0 |              0 |              0 |              0 |              0 |              0 |              0 |              0 |              0 |              0 |              0 |              0 |              0 |              0 |              0 |              0 |              0 |              0 |              0 |              0 |              0 |              0 |              0 |              0 |              0 |              0 |              0 |              0 |              0 |              0 |              0 |              0 |              0 |              0 |
|      CAS_CMD_RD      |  UMC1C0 |   641878700000 |              0 |              0 |              0 |              0 |              0 |              0 |              0 |              0 |              0 |              0 |              0 |              0 |              0 |              0 |              0 |              0 |              0 |              0 |              0 |              0 |              0 |              0 |              0 |              0 |              0 |              0 |              0 |              0 |              0 |              0 |              0 |              0 |              0 |              0 |              0 |              0 |              0 |              0 |              0 |              0 |              0 |              0 |              0 |              0 |              0 |              0 |              0 |              0 |              0 |              0 |              0 |              0 |              0 |              0 |              0 |              0 |              0 |              0 |              0 |              0 |              0 |              0 |              0 |              0 |              0 |              0 |              0 |              0 |              0 |              0 |              0 |              0 |              0 |              0 |              0 |              0 |              0 |              0 |              0 |              0 |              0 |              0 |              0 |              0 |              0 |              0 |              0 |              0 |              0 |              0 |              0 |              0 |              0 |              0 |              0 |   855073000000 |              0 |              0 |              0 |              0 |              0 |              0 |              0 |              0 |              0 |              0 |              0 |              0 |              0 |              0 |              0 |              0 |              0 |              0 |              0 |              0 |              0 |              0 |              0 |              0 |              0 |              0 |              0 |              0 |              0 |              0 |              0 |              0 |              0 |              0 |              0 |              0 |              0 |              0 |              0 |              0 |              0 |              0 |              0 |              0 |              0 |              0 |              0 |              0 |              0 |              0 |              0 |              0 |              0 |              0 |              0 |              0 |              0 |              0 |              0 |              0 |              0 |              0 |              0 |              0 |              0 |              0 |              0 |              0 |              0 |              0 |              0 |              0 |              0 |              0 |              0 |              0 |              0 |              0 |              0 |              0 |              0 |              0 |              0 |              0 |              0 |              0 |              0 |              0 |              0 |              0 |              0 |              0 |              0 |              0 |              0 |
|      CAS_CMD_WR      |  UMC1C1 |     1696583000 |              0 |              0 |              0 |              0 |              0 |              0 |              0 |              0 |              0 |              0 |              0 |              0 |              0 |              0 |              0 |              0 |              0 |              0 |              0 |              0 |              0 |              0 |              0 |              0 |              0 |              0 |              0 |              0 |              0 |              0 |              0 |              0 |              0 |              0 |              0 |              0 |              0 |              0 |              0 |              0 |              0 |              0 |              0 |              0 |              0 |              0 |              0 |              0 |              0 |              0 |              0 |              0 |              0 |              0 |              0 |              0 |              0 |              0 |              0 |              0 |              0 |              0 |              0 |              0 |              0 |              0 |              0 |              0 |              0 |              0 |              0 |              0 |              0 |              0 |              0 |              0 |              0 |              0 |              0 |              0 |              0 |              0 |              0 |              0 |              0 |              0 |              0 |              0 |              0 |              0 |              0 |              0 |              0 |              0 |              0 |     1546161000 |              0 |              0 |              0 |              0 |              0 |              0 |              0 |              0 |              0 |              0 |              0 |              0 |              0 |              0 |              0 |              0 |              0 |              0 |              0 |              0 |              0 |              0 |              0 |              0 |              0 |              0 |              0 |              0 |              0 |              0 |              0 |              0 |              0 |              0 |              0 |              0 |              0 |              0 |              0 |              0 |              0 |              0 |              0 |              0 |              0 |              0 |              0 |              0 |              0 |              0 |              0 |              0 |              0 |              0 |              0 |              0 |              0 |              0 |              0 |              0 |              0 |              0 |              0 |              0 |              0 |              0 |              0 |              0 |              0 |              0 |              0 |              0 |              0 |              0 |              0 |              0 |              0 |              0 |              0 |              0 |              0 |              0 |              0 |              0 |              0 |              0 |              0 |              0 |              0 |              0 |              0 |              0 |              0 |              0 |              0 |
|      CAS_CMD_RD      |  UMC2C0 |   641106900000 |              0 |              0 |              0 |              0 |              0 |              0 |              0 |              0 |              0 |              0 |              0 |              0 |              0 |              0 |              0 |              0 |              0 |              0 |              0 |              0 |              0 |              0 |              0 |              0 |              0 |              0 |              0 |              0 |              0 |              0 |              0 |              0 |              0 |              0 |              0 |              0 |              0 |              0 |              0 |              0 |              0 |              0 |              0 |              0 |              0 |              0 |              0 |              0 |              0 |              0 |              0 |              0 |              0 |              0 |              0 |              0 |              0 |              0 |              0 |              0 |              0 |              0 |              0 |              0 |              0 |              0 |              0 |              0 |              0 |              0 |              0 |              0 |              0 |              0 |              0 |              0 |              0 |              0 |              0 |              0 |              0 |              0 |              0 |              0 |              0 |              0 |              0 |              0 |              0 |              0 |              0 |              0 |              0 |              0 |              0 |   854817700000 |              0 |              0 |              0 |              0 |              0 |              0 |              0 |              0 |              0 |              0 |              0 |              0 |              0 |              0 |              0 |              0 |              0 |              0 |              0 |              0 |              0 |              0 |              0 |              0 |              0 |              0 |              0 |              0 |              0 |              0 |              0 |              0 |              0 |              0 |              0 |              0 |              0 |              0 |              0 |              0 |              0 |              0 |              0 |              0 |              0 |              0 |              0 |              0 |              0 |              0 |              0 |              0 |              0 |              0 |              0 |              0 |              0 |              0 |              0 |              0 |              0 |              0 |              0 |              0 |              0 |              0 |              0 |              0 |              0 |              0 |              0 |              0 |              0 |              0 |              0 |              0 |              0 |              0 |              0 |              0 |              0 |              0 |              0 |              0 |              0 |              0 |              0 |              0 |              0 |              0 |              0 |              0 |              0 |              0 |              0 |
|      CAS_CMD_WR      |  UMC2C1 |     1635340000 |              0 |              0 |              0 |              0 |              0 |              0 |              0 |              0 |              0 |              0 |              0 |              0 |              0 |              0 |              0 |              0 |              0 |              0 |              0 |              0 |              0 |              0 |              0 |              0 |              0 |              0 |              0 |              0 |              0 |              0 |              0 |              0 |              0 |              0 |              0 |              0 |              0 |              0 |              0 |              0 |              0 |              0 |              0 |              0 |              0 |              0 |              0 |              0 |              0 |              0 |              0 |              0 |              0 |              0 |              0 |              0 |              0 |              0 |              0 |              0 |              0 |              0 |              0 |              0 |              0 |              0 |              0 |              0 |              0 |              0 |              0 |              0 |              0 |              0 |              0 |              0 |              0 |              0 |              0 |              0 |              0 |              0 |              0 |              0 |              0 |              0 |              0 |              0 |              0 |              0 |              0 |              0 |              0 |              0 |              0 |     1539250000 |              0 |              0 |              0 |              0 |              0 |              0 |              0 |              0 |              0 |              0 |              0 |              0 |              0 |              0 |              0 |              0 |              0 |              0 |              0 |              0 |              0 |              0 |              0 |              0 |              0 |              0 |              0 |              0 |              0 |              0 |              0 |              0 |              0 |              0 |              0 |              0 |              0 |              0 |              0 |              0 |              0 |              0 |              0 |              0 |              0 |              0 |              0 |              0 |              0 |              0 |              0 |              0 |              0 |              0 |              0 |              0 |              0 |              0 |              0 |              0 |              0 |              0 |              0 |              0 |              0 |              0 |              0 |              0 |              0 |              0 |              0 |              0 |              0 |              0 |              0 |              0 |              0 |              0 |              0 |              0 |              0 |              0 |              0 |              0 |              0 |              0 |              0 |              0 |              0 |              0 |              0 |              0 |              0 |              0 |              0 |
|      CAS_CMD_RD      |  UMC3C0 |   641488300000 |              0 |              0 |              0 |              0 |              0 |              0 |              0 |              0 |              0 |              0 |              0 |              0 |              0 |              0 |              0 |              0 |              0 |              0 |              0 |              0 |              0 |              0 |              0 |              0 |              0 |              0 |              0 |              0 |              0 |              0 |              0 |              0 |              0 |              0 |              0 |              0 |              0 |              0 |              0 |              0 |              0 |              0 |              0 |              0 |              0 |              0 |              0 |              0 |              0 |              0 |              0 |              0 |              0 |              0 |              0 |              0 |              0 |              0 |              0 |              0 |              0 |              0 |              0 |              0 |              0 |              0 |              0 |              0 |              0 |              0 |              0 |              0 |              0 |              0 |              0 |              0 |              0 |              0 |              0 |              0 |              0 |              0 |              0 |              0 |              0 |              0 |              0 |              0 |              0 |              0 |              0 |              0 |              0 |              0 |              0 |   854959700000 |              0 |              0 |              0 |              0 |              0 |              0 |              0 |              0 |              0 |              0 |              0 |              0 |              0 |              0 |              0 |              0 |              0 |              0 |              0 |              0 |              0 |              0 |              0 |              0 |              0 |              0 |              0 |              0 |              0 |              0 |              0 |              0 |              0 |              0 |              0 |              0 |              0 |              0 |              0 |              0 |              0 |              0 |              0 |              0 |              0 |              0 |              0 |              0 |              0 |              0 |              0 |              0 |              0 |              0 |              0 |              0 |              0 |              0 |              0 |              0 |              0 |              0 |              0 |              0 |              0 |              0 |              0 |              0 |              0 |              0 |              0 |              0 |              0 |              0 |              0 |              0 |              0 |              0 |              0 |              0 |              0 |              0 |              0 |              0 |              0 |              0 |              0 |              0 |              0 |              0 |              0 |              0 |              0 |              0 |              0 |
|      CAS_CMD_WR      |  UMC3C1 |     1686553000 |              0 |              0 |              0 |              0 |              0 |              0 |              0 |              0 |              0 |              0 |              0 |              0 |              0 |              0 |              0 |              0 |              0 |              0 |              0 |              0 |              0 |              0 |              0 |              0 |              0 |              0 |              0 |              0 |              0 |              0 |              0 |              0 |              0 |              0 |              0 |              0 |              0 |              0 |              0 |              0 |              0 |              0 |              0 |              0 |              0 |              0 |              0 |              0 |              0 |              0 |              0 |              0 |              0 |              0 |              0 |              0 |              0 |              0 |              0 |              0 |              0 |              0 |              0 |              0 |              0 |              0 |              0 |              0 |              0 |              0 |              0 |              0 |              0 |              0 |              0 |              0 |              0 |              0 |              0 |              0 |              0 |              0 |              0 |              0 |              0 |              0 |              0 |              0 |              0 |              0 |              0 |              0 |              0 |              0 |              0 |     1567304000 |              0 |              0 |              0 |              0 |              0 |              0 |              0 |              0 |              0 |              0 |              0 |              0 |              0 |              0 |              0 |              0 |              0 |              0 |              0 |              0 |              0 |              0 |              0 |              0 |              0 |              0 |              0 |              0 |              0 |              0 |              0 |              0 |              0 |              0 |              0 |              0 |              0 |              0 |              0 |              0 |              0 |              0 |              0 |              0 |              0 |              0 |              0 |              0 |              0 |              0 |              0 |              0 |              0 |              0 |              0 |              0 |              0 |              0 |              0 |              0 |              0 |              0 |              0 |              0 |              0 |              0 |              0 |              0 |              0 |              0 |              0 |              0 |              0 |              0 |              0 |              0 |              0 |              0 |              0 |              0 |              0 |              0 |              0 |              0 |              0 |              0 |              0 |              0 |              0 |              0 |              0 |              0 |              0 |              0 |              0 |
|      CAS_CMD_RD      |  UMC4C0 |   641122300000 |              0 |              0 |              0 |              0 |              0 |              0 |              0 |              0 |              0 |              0 |              0 |              0 |              0 |              0 |              0 |              0 |              0 |              0 |              0 |              0 |              0 |              0 |              0 |              0 |              0 |              0 |              0 |              0 |              0 |              0 |              0 |              0 |              0 |              0 |              0 |              0 |              0 |              0 |              0 |              0 |              0 |              0 |              0 |              0 |              0 |              0 |              0 |              0 |              0 |              0 |              0 |              0 |              0 |              0 |              0 |              0 |              0 |              0 |              0 |              0 |              0 |              0 |              0 |              0 |              0 |              0 |              0 |              0 |              0 |              0 |              0 |              0 |              0 |              0 |              0 |              0 |              0 |              0 |              0 |              0 |              0 |              0 |              0 |              0 |              0 |              0 |              0 |              0 |              0 |              0 |              0 |              0 |              0 |              0 |              0 |   856151700000 |              0 |              0 |              0 |              0 |              0 |              0 |              0 |              0 |              0 |              0 |              0 |              0 |              0 |              0 |              0 |              0 |              0 |              0 |              0 |              0 |              0 |              0 |              0 |              0 |              0 |              0 |              0 |              0 |              0 |              0 |              0 |              0 |              0 |              0 |              0 |              0 |              0 |              0 |              0 |              0 |              0 |              0 |              0 |              0 |              0 |              0 |              0 |              0 |              0 |              0 |              0 |              0 |              0 |              0 |              0 |              0 |              0 |              0 |              0 |              0 |              0 |              0 |              0 |              0 |              0 |              0 |              0 |              0 |              0 |              0 |              0 |              0 |              0 |              0 |              0 |              0 |              0 |              0 |              0 |              0 |              0 |              0 |              0 |              0 |              0 |              0 |              0 |              0 |              0 |              0 |              0 |              0 |              0 |              0 |              0 |
|      CAS_CMD_WR      |  UMC4C1 |     1674589000 |              0 |              0 |              0 |              0 |              0 |              0 |              0 |              0 |              0 |              0 |              0 |              0 |              0 |              0 |              0 |              0 |              0 |              0 |              0 |              0 |              0 |              0 |              0 |              0 |              0 |              0 |              0 |              0 |              0 |              0 |              0 |              0 |              0 |              0 |              0 |              0 |              0 |              0 |              0 |              0 |              0 |              0 |              0 |              0 |              0 |              0 |              0 |              0 |              0 |              0 |              0 |              0 |              0 |              0 |              0 |              0 |              0 |              0 |              0 |              0 |              0 |              0 |              0 |              0 |              0 |              0 |              0 |              0 |              0 |              0 |              0 |              0 |              0 |              0 |              0 |              0 |              0 |              0 |              0 |              0 |              0 |              0 |              0 |              0 |              0 |              0 |              0 |              0 |              0 |              0 |              0 |              0 |              0 |              0 |              0 |     1534996000 |              0 |              0 |              0 |              0 |              0 |              0 |              0 |              0 |              0 |              0 |              0 |              0 |              0 |              0 |              0 |              0 |              0 |              0 |              0 |              0 |              0 |              0 |              0 |              0 |              0 |              0 |              0 |              0 |              0 |              0 |              0 |              0 |              0 |              0 |              0 |              0 |              0 |              0 |              0 |              0 |              0 |              0 |              0 |              0 |              0 |              0 |              0 |              0 |              0 |              0 |              0 |              0 |              0 |              0 |              0 |              0 |              0 |              0 |              0 |              0 |              0 |              0 |              0 |              0 |              0 |              0 |              0 |              0 |              0 |              0 |              0 |              0 |              0 |              0 |              0 |              0 |              0 |              0 |              0 |              0 |              0 |              0 |              0 |              0 |              0 |              0 |              0 |              0 |              0 |              0 |              0 |              0 |              0 |              0 |              0 |
|      CAS_CMD_RD      |  UMC5C0 |   640810000000 |              0 |              0 |              0 |              0 |              0 |              0 |              0 |              0 |              0 |              0 |              0 |              0 |              0 |              0 |              0 |              0 |              0 |              0 |              0 |              0 |              0 |              0 |              0 |              0 |              0 |              0 |              0 |              0 |              0 |              0 |              0 |              0 |              0 |              0 |              0 |              0 |              0 |              0 |              0 |              0 |              0 |              0 |              0 |              0 |              0 |              0 |              0 |              0 |              0 |              0 |              0 |              0 |              0 |              0 |              0 |              0 |              0 |              0 |              0 |              0 |              0 |              0 |              0 |              0 |              0 |              0 |              0 |              0 |              0 |              0 |              0 |              0 |              0 |              0 |              0 |              0 |              0 |              0 |              0 |              0 |              0 |              0 |              0 |              0 |              0 |              0 |              0 |              0 |              0 |              0 |              0 |              0 |              0 |              0 |              0 |   855525200000 |              0 |              0 |              0 |              0 |              0 |              0 |              0 |              0 |              0 |              0 |              0 |              0 |              0 |              0 |              0 |              0 |              0 |              0 |              0 |              0 |              0 |              0 |              0 |              0 |              0 |              0 |              0 |              0 |              0 |              0 |              0 |              0 |              0 |              0 |              0 |              0 |              0 |              0 |              0 |              0 |              0 |              0 |              0 |              0 |              0 |              0 |              0 |              0 |              0 |              0 |              0 |              0 |              0 |              0 |              0 |              0 |              0 |              0 |              0 |              0 |              0 |              0 |              0 |              0 |              0 |              0 |              0 |              0 |              0 |              0 |              0 |              0 |              0 |              0 |              0 |              0 |              0 |              0 |              0 |              0 |              0 |              0 |              0 |              0 |              0 |              0 |              0 |              0 |              0 |              0 |              0 |              0 |              0 |              0 |              0 |
|      CAS_CMD_WR      |  UMC5C1 |     1649908000 |              0 |              0 |              0 |              0 |              0 |              0 |              0 |              0 |              0 |              0 |              0 |              0 |              0 |              0 |              0 |              0 |              0 |              0 |              0 |              0 |              0 |              0 |              0 |              0 |              0 |              0 |              0 |              0 |              0 |              0 |              0 |              0 |              0 |              0 |              0 |              0 |              0 |              0 |              0 |              0 |              0 |              0 |              0 |              0 |              0 |              0 |              0 |              0 |              0 |              0 |              0 |              0 |              0 |              0 |              0 |              0 |              0 |              0 |              0 |              0 |              0 |              0 |              0 |              0 |              0 |              0 |              0 |              0 |              0 |              0 |              0 |              0 |              0 |              0 |              0 |              0 |              0 |              0 |              0 |              0 |              0 |              0 |              0 |              0 |              0 |              0 |              0 |              0 |              0 |              0 |              0 |              0 |              0 |              0 |              0 |     1549805000 |              0 |              0 |              0 |              0 |              0 |              0 |              0 |              0 |              0 |              0 |              0 |              0 |              0 |              0 |              0 |              0 |              0 |              0 |              0 |              0 |              0 |              0 |              0 |              0 |              0 |              0 |              0 |              0 |              0 |              0 |              0 |              0 |              0 |              0 |              0 |              0 |              0 |              0 |              0 |              0 |              0 |              0 |              0 |              0 |              0 |              0 |              0 |              0 |              0 |              0 |              0 |              0 |              0 |              0 |              0 |              0 |              0 |              0 |              0 |              0 |              0 |              0 |              0 |              0 |              0 |              0 |              0 |              0 |              0 |              0 |              0 |              0 |              0 |              0 |              0 |              0 |              0 |              0 |              0 |              0 |              0 |              0 |              0 |              0 |              0 |              0 |              0 |              0 |              0 |              0 |              0 |              0 |              0 |              0 |              0 |
|      CAS_CMD_RD      |  UMC6C0 |   641891200000 |              0 |              0 |              0 |              0 |              0 |              0 |              0 |              0 |              0 |              0 |              0 |              0 |              0 |              0 |              0 |              0 |              0 |              0 |              0 |              0 |              0 |              0 |              0 |              0 |              0 |              0 |              0 |              0 |              0 |              0 |              0 |              0 |              0 |              0 |              0 |              0 |              0 |              0 |              0 |              0 |              0 |              0 |              0 |              0 |              0 |              0 |              0 |              0 |              0 |              0 |              0 |              0 |              0 |              0 |              0 |              0 |              0 |              0 |              0 |              0 |              0 |              0 |              0 |              0 |              0 |              0 |              0 |              0 |              0 |              0 |              0 |              0 |              0 |              0 |              0 |              0 |              0 |              0 |              0 |              0 |              0 |              0 |              0 |              0 |              0 |              0 |              0 |              0 |              0 |              0 |              0 |              0 |              0 |              0 |              0 |   854007300000 |              0 |              0 |              0 |              0 |              0 |              0 |              0 |              0 |              0 |              0 |              0 |              0 |              0 |              0 |              0 |              0 |              0 |              0 |              0 |              0 |              0 |              0 |              0 |              0 |              0 |              0 |              0 |              0 |              0 |              0 |              0 |              0 |              0 |              0 |              0 |              0 |              0 |              0 |              0 |              0 |              0 |              0 |              0 |              0 |              0 |              0 |              0 |              0 |              0 |              0 |              0 |              0 |              0 |              0 |              0 |              0 |              0 |              0 |              0 |              0 |              0 |              0 |              0 |              0 |              0 |              0 |              0 |              0 |              0 |              0 |              0 |              0 |              0 |              0 |              0 |              0 |              0 |              0 |              0 |              0 |              0 |              0 |              0 |              0 |              0 |              0 |              0 |              0 |              0 |              0 |              0 |              0 |              0 |              0 |              0 |
|      CAS_CMD_WR      |  UMC6C1 |     1694982000 |              0 |              0 |              0 |              0 |              0 |              0 |              0 |              0 |              0 |              0 |              0 |              0 |              0 |              0 |              0 |              0 |              0 |              0 |              0 |              0 |              0 |              0 |              0 |              0 |              0 |              0 |              0 |              0 |              0 |              0 |              0 |              0 |              0 |              0 |              0 |              0 |              0 |              0 |              0 |              0 |              0 |              0 |              0 |              0 |              0 |              0 |              0 |              0 |              0 |              0 |              0 |              0 |              0 |              0 |              0 |              0 |              0 |              0 |              0 |              0 |              0 |              0 |              0 |              0 |              0 |              0 |              0 |              0 |              0 |              0 |              0 |              0 |              0 |              0 |              0 |              0 |              0 |              0 |              0 |              0 |              0 |              0 |              0 |              0 |              0 |              0 |              0 |              0 |              0 |              0 |              0 |              0 |              0 |              0 |              0 |     1566110000 |              0 |              0 |              0 |              0 |              0 |              0 |              0 |              0 |              0 |              0 |              0 |              0 |              0 |              0 |              0 |              0 |              0 |              0 |              0 |              0 |              0 |              0 |              0 |              0 |              0 |              0 |              0 |              0 |              0 |              0 |              0 |              0 |              0 |              0 |              0 |              0 |              0 |              0 |              0 |              0 |              0 |              0 |              0 |              0 |              0 |              0 |              0 |              0 |              0 |              0 |              0 |              0 |              0 |              0 |              0 |              0 |              0 |              0 |              0 |              0 |              0 |              0 |              0 |              0 |              0 |              0 |              0 |              0 |              0 |              0 |              0 |              0 |              0 |              0 |              0 |              0 |              0 |              0 |              0 |              0 |              0 |              0 |              0 |              0 |              0 |              0 |              0 |              0 |              0 |              0 |              0 |              0 |              0 |              0 |              0 |
|      CAS_CMD_RD      |  UMC7C0 |   641700700000 |              0 |              0 |              0 |              0 |              0 |              0 |              0 |              0 |              0 |              0 |              0 |              0 |              0 |              0 |              0 |              0 |              0 |              0 |              0 |              0 |              0 |              0 |              0 |              0 |              0 |              0 |              0 |              0 |              0 |              0 |              0 |              0 |              0 |              0 |              0 |              0 |              0 |              0 |              0 |              0 |              0 |              0 |              0 |              0 |              0 |              0 |              0 |              0 |              0 |              0 |              0 |              0 |              0 |              0 |              0 |              0 |              0 |              0 |              0 |              0 |              0 |              0 |              0 |              0 |              0 |              0 |              0 |              0 |              0 |              0 |              0 |              0 |              0 |              0 |              0 |              0 |              0 |              0 |              0 |              0 |              0 |              0 |              0 |              0 |              0 |              0 |              0 |              0 |              0 |              0 |              0 |              0 |              0 |              0 |              0 |   854352900000 |              0 |              0 |              0 |              0 |              0 |              0 |              0 |              0 |              0 |              0 |              0 |              0 |              0 |              0 |              0 |              0 |              0 |              0 |              0 |              0 |              0 |              0 |              0 |              0 |              0 |              0 |              0 |              0 |              0 |              0 |              0 |              0 |              0 |              0 |              0 |              0 |              0 |              0 |              0 |              0 |              0 |              0 |              0 |              0 |              0 |              0 |              0 |              0 |              0 |              0 |              0 |              0 |              0 |              0 |              0 |              0 |              0 |              0 |              0 |              0 |              0 |              0 |              0 |              0 |              0 |              0 |              0 |              0 |              0 |              0 |              0 |              0 |              0 |              0 |              0 |              0 |              0 |              0 |              0 |              0 |              0 |              0 |              0 |              0 |              0 |              0 |              0 |              0 |              0 |              0 |              0 |              0 |              0 |              0 |              0 |
|      CAS_CMD_WR      |  UMC7C1 |     1702962000 |              0 |              0 |              0 |              0 |              0 |              0 |              0 |              0 |              0 |              0 |              0 |              0 |              0 |              0 |              0 |              0 |              0 |              0 |              0 |              0 |              0 |              0 |              0 |              0 |              0 |              0 |              0 |              0 |              0 |              0 |              0 |              0 |              0 |              0 |              0 |              0 |              0 |              0 |              0 |              0 |              0 |              0 |              0 |              0 |              0 |              0 |              0 |              0 |              0 |              0 |              0 |              0 |              0 |              0 |              0 |              0 |              0 |              0 |              0 |              0 |              0 |              0 |              0 |              0 |              0 |              0 |              0 |              0 |              0 |              0 |              0 |              0 |              0 |              0 |              0 |              0 |              0 |              0 |              0 |              0 |              0 |              0 |              0 |              0 |              0 |              0 |              0 |              0 |              0 |              0 |              0 |              0 |              0 |              0 |              0 |     1527426000 |              0 |              0 |              0 |              0 |              0 |              0 |              0 |              0 |              0 |              0 |              0 |              0 |              0 |              0 |              0 |              0 |              0 |              0 |              0 |              0 |              0 |              0 |              0 |              0 |              0 |              0 |              0 |              0 |              0 |              0 |              0 |              0 |              0 |              0 |              0 |              0 |              0 |              0 |              0 |              0 |              0 |              0 |              0 |              0 |              0 |              0 |              0 |              0 |              0 |              0 |              0 |              0 |              0 |              0 |              0 |              0 |              0 |              0 |              0 |              0 |              0 |              0 |              0 |              0 |              0 |              0 |              0 |              0 |              0 |              0 |              0 |              0 |              0 |              0 |              0 |              0 |              0 |              0 |              0 |              0 |              0 |              0 |              0 |              0 |              0 |              0 |              0 |              0 |              0 |              0 |              0 |              0 |              0 |              0 |              0 |
|      CAS_CMD_RD      |  UMC8C0 |   641019200000 |              0 |              0 |              0 |              0 |              0 |              0 |              0 |              0 |              0 |              0 |              0 |              0 |              0 |              0 |              0 |              0 |              0 |              0 |              0 |              0 |              0 |              0 |              0 |              0 |              0 |              0 |              0 |              0 |              0 |              0 |              0 |              0 |              0 |              0 |              0 |              0 |              0 |              0 |              0 |              0 |              0 |              0 |              0 |              0 |              0 |              0 |              0 |              0 |              0 |              0 |              0 |              0 |              0 |              0 |              0 |              0 |              0 |              0 |              0 |              0 |              0 |              0 |              0 |              0 |              0 |              0 |              0 |              0 |              0 |              0 |              0 |              0 |              0 |              0 |              0 |              0 |              0 |              0 |              0 |              0 |              0 |              0 |              0 |              0 |              0 |              0 |              0 |              0 |              0 |              0 |              0 |              0 |              0 |              0 |              0 |   854322400000 |              0 |              0 |              0 |              0 |              0 |              0 |              0 |              0 |              0 |              0 |              0 |              0 |              0 |              0 |              0 |              0 |              0 |              0 |              0 |              0 |              0 |              0 |              0 |              0 |              0 |              0 |              0 |              0 |              0 |              0 |              0 |              0 |              0 |              0 |              0 |              0 |              0 |              0 |              0 |              0 |              0 |              0 |              0 |              0 |              0 |              0 |              0 |              0 |              0 |              0 |              0 |              0 |              0 |              0 |              0 |              0 |              0 |              0 |              0 |              0 |              0 |              0 |              0 |              0 |              0 |              0 |              0 |              0 |              0 |              0 |              0 |              0 |              0 |              0 |              0 |              0 |              0 |              0 |              0 |              0 |              0 |              0 |              0 |              0 |              0 |              0 |              0 |              0 |              0 |              0 |              0 |              0 |              0 |              0 |              0 |
|      CAS_CMD_WR      |  UMC8C1 |     1663154000 |              0 |              0 |              0 |              0 |              0 |              0 |              0 |              0 |              0 |              0 |              0 |              0 |              0 |              0 |              0 |              0 |              0 |              0 |              0 |              0 |              0 |              0 |              0 |              0 |              0 |              0 |              0 |              0 |              0 |              0 |              0 |              0 |              0 |              0 |              0 |              0 |              0 |              0 |              0 |              0 |              0 |              0 |              0 |              0 |              0 |              0 |              0 |              0 |              0 |              0 |              0 |              0 |              0 |              0 |              0 |              0 |              0 |              0 |              0 |              0 |              0 |              0 |              0 |              0 |              0 |              0 |              0 |              0 |              0 |              0 |              0 |              0 |              0 |              0 |              0 |              0 |              0 |              0 |              0 |              0 |              0 |              0 |              0 |              0 |              0 |              0 |              0 |              0 |              0 |              0 |              0 |              0 |              0 |              0 |              0 |     1563105000 |              0 |              0 |              0 |              0 |              0 |              0 |              0 |              0 |              0 |              0 |              0 |              0 |              0 |              0 |              0 |              0 |              0 |              0 |              0 |              0 |              0 |              0 |              0 |              0 |              0 |              0 |              0 |              0 |              0 |              0 |              0 |              0 |              0 |              0 |              0 |              0 |              0 |              0 |              0 |              0 |              0 |              0 |              0 |              0 |              0 |              0 |              0 |              0 |              0 |              0 |              0 |              0 |              0 |              0 |              0 |              0 |              0 |              0 |              0 |              0 |              0 |              0 |              0 |              0 |              0 |              0 |              0 |              0 |              0 |              0 |              0 |              0 |              0 |              0 |              0 |              0 |              0 |              0 |              0 |              0 |              0 |              0 |              0 |              0 |              0 |              0 |              0 |              0 |              0 |              0 |              0 |              0 |              0 |              0 |              0 |
|      CAS_CMD_RD      |  UMC9C0 |   641008600000 |              0 |              0 |              0 |              0 |              0 |              0 |              0 |              0 |              0 |              0 |              0 |              0 |              0 |              0 |              0 |              0 |              0 |              0 |              0 |              0 |              0 |              0 |              0 |              0 |              0 |              0 |              0 |              0 |              0 |              0 |              0 |              0 |              0 |              0 |              0 |              0 |              0 |              0 |              0 |              0 |              0 |              0 |              0 |              0 |              0 |              0 |              0 |              0 |              0 |              0 |              0 |              0 |              0 |              0 |              0 |              0 |              0 |              0 |              0 |              0 |              0 |              0 |              0 |              0 |              0 |              0 |              0 |              0 |              0 |              0 |              0 |              0 |              0 |              0 |              0 |              0 |              0 |              0 |              0 |              0 |              0 |              0 |              0 |              0 |              0 |              0 |              0 |              0 |              0 |              0 |              0 |              0 |              0 |              0 |              0 |   853919200000 |              0 |              0 |              0 |              0 |              0 |              0 |              0 |              0 |              0 |              0 |              0 |              0 |              0 |              0 |              0 |              0 |              0 |              0 |              0 |              0 |              0 |              0 |              0 |              0 |              0 |              0 |              0 |              0 |              0 |              0 |              0 |              0 |              0 |              0 |              0 |              0 |              0 |              0 |              0 |              0 |              0 |              0 |              0 |              0 |              0 |              0 |              0 |              0 |              0 |              0 |              0 |              0 |              0 |              0 |              0 |              0 |              0 |              0 |              0 |              0 |              0 |              0 |              0 |              0 |              0 |              0 |              0 |              0 |              0 |              0 |              0 |              0 |              0 |              0 |              0 |              0 |              0 |              0 |              0 |              0 |              0 |              0 |              0 |              0 |              0 |              0 |              0 |              0 |              0 |              0 |              0 |              0 |              0 |              0 |              0 |
|      CAS_CMD_WR      |  UMC9C1 |     1722089000 |              0 |              0 |              0 |              0 |              0 |              0 |              0 |              0 |              0 |              0 |              0 |              0 |              0 |              0 |              0 |              0 |              0 |              0 |              0 |              0 |              0 |              0 |              0 |              0 |              0 |              0 |              0 |              0 |              0 |              0 |              0 |              0 |              0 |              0 |              0 |              0 |              0 |              0 |              0 |              0 |              0 |              0 |              0 |              0 |              0 |              0 |              0 |              0 |              0 |              0 |              0 |              0 |              0 |              0 |              0 |              0 |              0 |              0 |              0 |              0 |              0 |              0 |              0 |              0 |              0 |              0 |              0 |              0 |              0 |              0 |              0 |              0 |              0 |              0 |              0 |              0 |              0 |              0 |              0 |              0 |              0 |              0 |              0 |              0 |              0 |              0 |              0 |              0 |              0 |              0 |              0 |              0 |              0 |              0 |              0 |     1552015000 |              0 |              0 |              0 |              0 |              0 |              0 |              0 |              0 |              0 |              0 |              0 |              0 |              0 |              0 |              0 |              0 |              0 |              0 |              0 |              0 |              0 |              0 |              0 |              0 |              0 |              0 |              0 |              0 |              0 |              0 |              0 |              0 |              0 |              0 |              0 |              0 |              0 |              0 |              0 |              0 |              0 |              0 |              0 |              0 |              0 |              0 |              0 |              0 |              0 |              0 |              0 |              0 |              0 |              0 |              0 |              0 |              0 |              0 |              0 |              0 |              0 |              0 |              0 |              0 |              0 |              0 |              0 |              0 |              0 |              0 |              0 |              0 |              0 |              0 |              0 |              0 |              0 |              0 |              0 |              0 |              0 |              0 |              0 |              0 |              0 |              0 |              0 |              0 |              0 |              0 |              0 |              0 |              0 |              0 |              0 |
|      CAS_CMD_RD      | UMC10C0 |   641036900000 |              0 |              0 |              0 |              0 |              0 |              0 |              0 |              0 |              0 |              0 |              0 |              0 |              0 |              0 |              0 |              0 |              0 |              0 |              0 |              0 |              0 |              0 |              0 |              0 |              0 |              0 |              0 |              0 |              0 |              0 |              0 |              0 |              0 |              0 |              0 |              0 |              0 |              0 |              0 |              0 |              0 |              0 |              0 |              0 |              0 |              0 |              0 |              0 |              0 |              0 |              0 |              0 |              0 |              0 |              0 |              0 |              0 |              0 |              0 |              0 |              0 |              0 |              0 |              0 |              0 |              0 |              0 |              0 |              0 |              0 |              0 |              0 |              0 |              0 |              0 |              0 |              0 |              0 |              0 |              0 |              0 |              0 |              0 |              0 |              0 |              0 |              0 |              0 |              0 |              0 |              0 |              0 |              0 |              0 |              0 |   854548400000 |              0 |              0 |              0 |              0 |              0 |              0 |              0 |              0 |              0 |              0 |              0 |              0 |              0 |              0 |              0 |              0 |              0 |              0 |              0 |              0 |              0 |              0 |              0 |              0 |              0 |              0 |              0 |              0 |              0 |              0 |              0 |              0 |              0 |              0 |              0 |              0 |              0 |              0 |              0 |              0 |              0 |              0 |              0 |              0 |              0 |              0 |              0 |              0 |              0 |              0 |              0 |              0 |              0 |              0 |              0 |              0 |              0 |              0 |              0 |              0 |              0 |              0 |              0 |              0 |              0 |              0 |              0 |              0 |              0 |              0 |              0 |              0 |              0 |              0 |              0 |              0 |              0 |              0 |              0 |              0 |              0 |              0 |              0 |              0 |              0 |              0 |              0 |              0 |              0 |              0 |              0 |              0 |              0 |              0 |              0 |
|      CAS_CMD_WR      | UMC10C1 |     1743970000 |              0 |              0 |              0 |              0 |              0 |              0 |              0 |              0 |              0 |              0 |              0 |              0 |              0 |              0 |              0 |              0 |              0 |              0 |              0 |              0 |              0 |              0 |              0 |              0 |              0 |              0 |              0 |              0 |              0 |              0 |              0 |              0 |              0 |              0 |              0 |              0 |              0 |              0 |              0 |              0 |              0 |              0 |              0 |              0 |              0 |              0 |              0 |              0 |              0 |              0 |              0 |              0 |              0 |              0 |              0 |              0 |              0 |              0 |              0 |              0 |              0 |              0 |              0 |              0 |              0 |              0 |              0 |              0 |              0 |              0 |              0 |              0 |              0 |              0 |              0 |              0 |              0 |              0 |              0 |              0 |              0 |              0 |              0 |              0 |              0 |              0 |              0 |              0 |              0 |              0 |              0 |              0 |              0 |              0 |              0 |     1539517000 |              0 |              0 |              0 |              0 |              0 |              0 |              0 |              0 |              0 |              0 |              0 |              0 |              0 |              0 |              0 |              0 |              0 |              0 |              0 |              0 |              0 |              0 |              0 |              0 |              0 |              0 |              0 |              0 |              0 |              0 |              0 |              0 |              0 |              0 |              0 |              0 |              0 |              0 |              0 |              0 |              0 |              0 |              0 |              0 |              0 |              0 |              0 |              0 |              0 |              0 |              0 |              0 |              0 |              0 |              0 |              0 |              0 |              0 |              0 |              0 |              0 |              0 |              0 |              0 |              0 |              0 |              0 |              0 |              0 |              0 |              0 |              0 |              0 |              0 |              0 |              0 |              0 |              0 |              0 |              0 |              0 |              0 |              0 |              0 |              0 |              0 |              0 |              0 |              0 |              0 |              0 |              0 |              0 |              0 |              0 |
|      CAS_CMD_RD      | UMC11C0 |   640624100000 |              0 |              0 |              0 |              0 |              0 |              0 |              0 |              0 |              0 |              0 |              0 |              0 |              0 |              0 |              0 |              0 |              0 |              0 |              0 |              0 |              0 |              0 |              0 |              0 |              0 |              0 |              0 |              0 |              0 |              0 |              0 |              0 |              0 |              0 |              0 |              0 |              0 |              0 |              0 |              0 |              0 |              0 |              0 |              0 |              0 |              0 |              0 |              0 |              0 |              0 |              0 |              0 |              0 |              0 |              0 |              0 |              0 |              0 |              0 |              0 |              0 |              0 |              0 |              0 |              0 |              0 |              0 |              0 |              0 |              0 |              0 |              0 |              0 |              0 |              0 |              0 |              0 |              0 |              0 |              0 |              0 |              0 |              0 |              0 |              0 |              0 |              0 |              0 |              0 |              0 |              0 |              0 |              0 |              0 |              0 |   854354500000 |              0 |              0 |              0 |              0 |              0 |              0 |              0 |              0 |              0 |              0 |              0 |              0 |              0 |              0 |              0 |              0 |              0 |              0 |              0 |              0 |              0 |              0 |              0 |              0 |              0 |              0 |              0 |              0 |              0 |              0 |              0 |              0 |              0 |              0 |              0 |              0 |              0 |              0 |              0 |              0 |              0 |              0 |              0 |              0 |              0 |              0 |              0 |              0 |              0 |              0 |              0 |              0 |              0 |              0 |              0 |              0 |              0 |              0 |              0 |              0 |              0 |              0 |              0 |              0 |              0 |              0 |              0 |              0 |              0 |              0 |              0 |              0 |              0 |              0 |              0 |              0 |              0 |              0 |              0 |              0 |              0 |              0 |              0 |              0 |              0 |              0 |              0 |              0 |              0 |              0 |              0 |              0 |              0 |              0 |              0 |
|      CAS_CMD_WR      | UMC11C1 |     1716551000 |              0 |              0 |              0 |              0 |              0 |              0 |              0 |              0 |              0 |              0 |              0 |              0 |              0 |              0 |              0 |              0 |              0 |              0 |              0 |              0 |              0 |              0 |              0 |              0 |              0 |              0 |              0 |              0 |              0 |              0 |              0 |              0 |              0 |              0 |              0 |              0 |              0 |              0 |              0 |              0 |              0 |              0 |              0 |              0 |              0 |              0 |              0 |              0 |              0 |              0 |              0 |              0 |              0 |              0 |              0 |              0 |              0 |              0 |              0 |              0 |              0 |              0 |              0 |              0 |              0 |              0 |              0 |              0 |              0 |              0 |              0 |              0 |              0 |              0 |              0 |              0 |              0 |              0 |              0 |              0 |              0 |              0 |              0 |              0 |              0 |              0 |              0 |              0 |              0 |              0 |              0 |              0 |              0 |              0 |              0 |     1560992000 |              0 |              0 |              0 |              0 |              0 |              0 |              0 |              0 |              0 |              0 |              0 |              0 |              0 |              0 |              0 |              0 |              0 |              0 |              0 |              0 |              0 |              0 |              0 |              0 |              0 |              0 |              0 |              0 |              0 |              0 |              0 |              0 |              0 |              0 |              0 |              0 |              0 |              0 |              0 |              0 |              0 |              0 |              0 |              0 |              0 |              0 |              0 |              0 |              0 |              0 |              0 |              0 |              0 |              0 |              0 |              0 |              0 |              0 |              0 |              0 |              0 |              0 |              0 |              0 |              0 |              0 |              0 |              0 |              0 |              0 |              0 |              0 |              0 |              0 |              0 |              0 |              0 |              0 |              0 |              0 |              0 |              0 |              0 |              0 |              0 |              0 |              0 |              0 |              0 |              0 |              0 |              0 |              0 |              0 |              0 |
+----------------------+---------+----------------+----------------+----------------+----------------+----------------+----------------+----------------+----------------+----------------+----------------+----------------+----------------+----------------+----------------+----------------+----------------+----------------+----------------+----------------+----------------+----------------+----------------+----------------+----------------+----------------+----------------+----------------+----------------+----------------+----------------+----------------+----------------+----------------+----------------+----------------+----------------+----------------+----------------+----------------+----------------+----------------+----------------+----------------+----------------+----------------+----------------+----------------+----------------+----------------+----------------+----------------+----------------+----------------+----------------+----------------+----------------+----------------+----------------+----------------+----------------+----------------+----------------+----------------+----------------+----------------+----------------+----------------+----------------+----------------+----------------+----------------+----------------+----------------+----------------+----------------+----------------+----------------+----------------+----------------+----------------+----------------+----------------+----------------+----------------+----------------+----------------+----------------+----------------+----------------+----------------+----------------+----------------+----------------+----------------+----------------+----------------+----------------+----------------+----------------+----------------+----------------+----------------+----------------+----------------+----------------+----------------+----------------+----------------+----------------+----------------+----------------+----------------+----------------+----------------+----------------+----------------+----------------+----------------+----------------+----------------+----------------+----------------+----------------+----------------+----------------+----------------+----------------+----------------+----------------+----------------+----------------+----------------+----------------+----------------+----------------+----------------+----------------+----------------+----------------+----------------+----------------+----------------+----------------+----------------+----------------+----------------+----------------+----------------+----------------+----------------+----------------+----------------+----------------+----------------+----------------+----------------+----------------+----------------+----------------+----------------+----------------+----------------+----------------+----------------+----------------+----------------+----------------+----------------+----------------+----------------+----------------+----------------+----------------+----------------+----------------+----------------+----------------+----------------+----------------+----------------+----------------+----------------+----------------+----------------+----------------+----------------+----------------+----------------+----------------+----------------+----------------+----------------+

+---------------------------+---------+------------------+----------------+----------------+----------------+
|           Event           | Counter |        Sum       |       Min      |       Max      |       Avg      |
+---------------------------+---------+------------------+----------------+----------------+----------------+
|   ACTUAL_CPU_CLOCK STAT   |  FIXC1  | 2011025430000000 | 10470250000000 | 10481380000000 | 10474090781250 |
|     MAX_CPU_CLOCK STAT    |  FIXC2  | 1415192753000000 |  7367232000000 |  7376806000000 |   7.370796e+12 |
| RETIRED_INSTRUCTIONS STAT |   PMC0  |  972652778000000 |  4204648000000 |  6377732000000 |   5.065900e+12 |
|  CPU_CLOCKS_UNHALTED STAT |   PMC1  | 1998893680000000 | 10385030000000 | 10421120000000 |       nil      |
|      CAS_CMD_RD STAT      |  UMC0C0 |    1495907800000 |              0 |   854380400000 |   7.791186e+09 |
|      CAS_CMD_WR STAT      |  UMC0C1 |       3216574000 |              0 |     1666732000 |   1.675299e+07 |
|      CAS_CMD_RD STAT      |  UMC1C0 |    1496951700000 |              0 |   855073000000 |   7.796623e+09 |
|      CAS_CMD_WR STAT      |  UMC1C1 |       3242744000 |              0 |     1696583000 |   1.688929e+07 |
|      CAS_CMD_RD STAT      |  UMC2C0 |    1495924600000 |              0 |   854817700000 |   7.791274e+09 |
|      CAS_CMD_WR STAT      |  UMC2C1 |       3174590000 |              0 |     1635340000 |   1.653432e+07 |
|      CAS_CMD_RD STAT      |  UMC3C0 |    1496448000000 |              0 |   854959700000 |     7794000000 |
|      CAS_CMD_WR STAT      |  UMC3C1 |       3253857000 |              0 |     1686553000 |   1.694717e+07 |
|      CAS_CMD_RD STAT      |  UMC4C0 |    1497274000000 |              0 |   856151700000 |   7.798302e+09 |
|      CAS_CMD_WR STAT      |  UMC4C1 |       3209585000 |              0 |     1674589000 |   1.671659e+07 |
|      CAS_CMD_RD STAT      |  UMC5C0 |    1496335200000 |              0 |   855525200000 |     7793412500 |
|      CAS_CMD_WR STAT      |  UMC5C1 |       3199713000 |              0 |     1649908000 |   1.666517e+07 |
|      CAS_CMD_RD STAT      |  UMC6C0 |    1495898500000 |              0 |   854007300000 |   7.791138e+09 |
|      CAS_CMD_WR STAT      |  UMC6C1 |       3261092000 |              0 |     1694982000 |   1.698485e+07 |
|      CAS_CMD_RD STAT      |  UMC7C0 |    1496053600000 |              0 |   854352900000 |   7.791946e+09 |
|      CAS_CMD_WR STAT      |  UMC7C1 |       3230388000 |              0 |     1702962000 |   1.682494e+07 |
|      CAS_CMD_RD STAT      |  UMC8C0 |    1495341600000 |              0 |   854322400000 |     7788237500 |
|      CAS_CMD_WR STAT      |  UMC8C1 |       3226259000 |              0 |     1663154000 |   1.680343e+07 |
|      CAS_CMD_RD STAT      |  UMC9C0 |    1494927800000 |              0 |   853919200000 |   7.786082e+09 |
|      CAS_CMD_WR STAT      |  UMC9C1 |       3274104000 |              0 |     1722089000 |       17052625 |
|      CAS_CMD_RD STAT      | UMC10C0 |    1495585300000 |              0 |   854548400000 |   7.789507e+09 |
|      CAS_CMD_WR STAT      | UMC10C1 |       3283487000 |              0 |     1743970000 |   1.710149e+07 |
|      CAS_CMD_RD STAT      | UMC11C0 |    1494978600000 |              0 |   854354500000 |     7786346875 |
|      CAS_CMD_WR STAT      | UMC11C1 |       3277543000 |              0 |     1716551000 |   1.707054e+07 |
+---------------------------+---------+------------------+----------------+----------------+----------------+

+-----------------------------------+-------------+------------+------------+------------+------------+------------+------------+------------+------------+------------+-------------+-------------+-------------+-------------+-------------+-------------+-------------+-------------+-------------+-------------+-------------+-------------+-------------+-------------+-------------+-------------+-------------+-------------+-------------+-------------+-------------+-------------+-------------+-------------+-------------+-------------+-------------+-------------+-------------+-------------+-------------+-------------+-------------+-------------+-------------+-------------+-------------+-------------+-------------+-------------+-------------+-------------+-------------+-------------+-------------+-------------+-------------+-------------+-------------+-------------+-------------+-------------+-------------+-------------+-------------+-------------+-------------+-------------+-------------+-------------+-------------+-------------+-------------+-------------+-------------+-------------+-------------+-------------+-------------+-------------+-------------+-------------+-------------+-------------+-------------+-------------+-------------+-------------+-------------+-------------+-------------+-------------+-------------+-------------+-------------+-------------+-------------+-------------+-------------+-------------+--------------+--------------+--------------+--------------+--------------+--------------+--------------+--------------+--------------+--------------+--------------+--------------+--------------+--------------+--------------+--------------+--------------+--------------+--------------+--------------+--------------+--------------+--------------+--------------+--------------+--------------+--------------+--------------+--------------+--------------+--------------+--------------+--------------+--------------+--------------+--------------+--------------+--------------+--------------+--------------+--------------+--------------+--------------+--------------+--------------+--------------+--------------+--------------+--------------+--------------+--------------+--------------+--------------+--------------+--------------+--------------+--------------+--------------+--------------+--------------+--------------+--------------+--------------+--------------+--------------+--------------+--------------+--------------+--------------+--------------+--------------+--------------+--------------+--------------+--------------+--------------+--------------+--------------+--------------+--------------+--------------+--------------+--------------+--------------+--------------+--------------+--------------+--------------+--------------+--------------+--------------+--------------+
|               Metric              |  HWThread 0 | HWThread 1 | HWThread 2 | HWThread 3 | HWThread 4 | HWThread 5 | HWThread 6 | HWThread 7 | HWThread 8 | HWThread 9 | HWThread 10 | HWThread 11 | HWThread 12 | HWThread 13 | HWThread 14 | HWThread 15 | HWThread 16 | HWThread 17 | HWThread 18 | HWThread 19 | HWThread 20 | HWThread 21 | HWThread 22 | HWThread 23 | HWThread 24 | HWThread 25 | HWThread 26 | HWThread 27 | HWThread 28 | HWThread 29 | HWThread 30 | HWThread 31 | HWThread 32 | HWThread 33 | HWThread 34 | HWThread 35 | HWThread 36 | HWThread 37 | HWThread 38 | HWThread 39 | HWThread 40 | HWThread 41 | HWThread 42 | HWThread 43 | HWThread 44 | HWThread 45 | HWThread 46 | HWThread 47 | HWThread 48 | HWThread 49 | HWThread 50 | HWThread 51 | HWThread 52 | HWThread 53 | HWThread 54 | HWThread 55 | HWThread 56 | HWThread 57 | HWThread 58 | HWThread 59 | HWThread 60 | HWThread 61 | HWThread 62 | HWThread 63 | HWThread 64 | HWThread 65 | HWThread 66 | HWThread 67 | HWThread 68 | HWThread 69 | HWThread 70 | HWThread 71 | HWThread 72 | HWThread 73 | HWThread 74 | HWThread 75 | HWThread 76 | HWThread 77 | HWThread 78 | HWThread 79 | HWThread 80 | HWThread 81 | HWThread 82 | HWThread 83 | HWThread 84 | HWThread 85 | HWThread 86 | HWThread 87 | HWThread 88 | HWThread 89 | HWThread 90 | HWThread 91 | HWThread 92 | HWThread 93 | HWThread 94 | HWThread 95 | HWThread 96 | HWThread 97 | HWThread 98 | HWThread 99 | HWThread 100 | HWThread 101 | HWThread 102 | HWThread 103 | HWThread 104 | HWThread 105 | HWThread 106 | HWThread 107 | HWThread 108 | HWThread 109 | HWThread 110 | HWThread 111 | HWThread 112 | HWThread 113 | HWThread 114 | HWThread 115 | HWThread 116 | HWThread 117 | HWThread 118 | HWThread 119 | HWThread 120 | HWThread 121 | HWThread 122 | HWThread 123 | HWThread 124 | HWThread 125 | HWThread 126 | HWThread 127 | HWThread 128 | HWThread 129 | HWThread 130 | HWThread 131 | HWThread 132 | HWThread 133 | HWThread 134 | HWThread 135 | HWThread 136 | HWThread 137 | HWThread 138 | HWThread 139 | HWThread 140 | HWThread 141 | HWThread 142 | HWThread 143 | HWThread 144 | HWThread 145 | HWThread 146 | HWThread 147 | HWThread 148 | HWThread 149 | HWThread 150 | HWThread 151 | HWThread 152 | HWThread 153 | HWThread 154 | HWThread 155 | HWThread 156 | HWThread 157 | HWThread 158 | HWThread 159 | HWThread 160 | HWThread 161 | HWThread 162 | HWThread 163 | HWThread 164 | HWThread 165 | HWThread 166 | HWThread 167 | HWThread 168 | HWThread 169 | HWThread 170 | HWThread 171 | HWThread 172 | HWThread 173 | HWThread 174 | HWThread 175 | HWThread 176 | HWThread 177 | HWThread 178 | HWThread 179 | HWThread 180 | HWThread 181 | HWThread 182 | HWThread 183 | HWThread 184 | HWThread 185 | HWThread 186 | HWThread 187 | HWThread 188 | HWThread 189 | HWThread 190 | HWThread 191 |
+-----------------------------------+-------------+------------+------------+------------+------------+------------+------------+------------+------------+------------+-------------+-------------+-------------+-------------+-------------+-------------+-------------+-------------+-------------+-------------+-------------+-------------+-------------+-------------+-------------+-------------+-------------+-------------+-------------+-------------+-------------+-------------+-------------+-------------+-------------+-------------+-------------+-------------+-------------+-------------+-------------+-------------+-------------+-------------+-------------+-------------+-------------+-------------+-------------+-------------+-------------+-------------+-------------+-------------+-------------+-------------+-------------+-------------+-------------+-------------+-------------+-------------+-------------+-------------+-------------+-------------+-------------+-------------+-------------+-------------+-------------+-------------+-------------+-------------+-------------+-------------+-------------+-------------+-------------+-------------+-------------+-------------+-------------+-------------+-------------+-------------+-------------+-------------+-------------+-------------+-------------+-------------+-------------+-------------+-------------+-------------+-------------+-------------+-------------+-------------+--------------+--------------+--------------+--------------+--------------+--------------+--------------+--------------+--------------+--------------+--------------+--------------+--------------+--------------+--------------+--------------+--------------+--------------+--------------+--------------+--------------+--------------+--------------+--------------+--------------+--------------+--------------+--------------+--------------+--------------+--------------+--------------+--------------+--------------+--------------+--------------+--------------+--------------+--------------+--------------+--------------+--------------+--------------+--------------+--------------+--------------+--------------+--------------+--------------+--------------+--------------+--------------+--------------+--------------+--------------+--------------+--------------+--------------+--------------+--------------+--------------+--------------+--------------+--------------+--------------+--------------+--------------+--------------+--------------+--------------+--------------+--------------+--------------+--------------+--------------+--------------+--------------+--------------+--------------+--------------+--------------+--------------+--------------+--------------+--------------+--------------+--------------+--------------+--------------+--------------+--------------+--------------+
|        Runtime (RDTSC) [s]        |   2894.4880 |  2876.2280 |  2873.0420 |  2876.2290 |  2879.6960 |  2897.9950 |  2869.9680 |  2890.9020 |  2897.2650 |  2869.6270 |   2871.3010 |   2886.1230 |   2849.5530 |   2853.3680 |   2886.1230 |   2860.1920 |   2885.7450 |   2880.7430 |   2875.1990 |   2880.7440 |   2899.4300 |   2896.2970 |   2896.2960 |   2866.7140 |   2901.5680 |   2894.4920 |   2874.4730 |   2895.9450 |   2898.7010 |   2868.9400 |   2864.8690 |   2892.6940 |   2837.9460 |   2862.4410 |   2839.8950 |   2890.5520 |   2877.4160 |   2881.6960 |   2881.6950 |   2878.1270 |   2856.9830 |   2856.9840 |   2870.9190 |   2892.3430 |   2865.9570 |   2868.5570 |   2894.8420 |   2875.8810 |   2856.6040 |   2887.3180 |   2837.6720 |   2867.8050 |   2846.8230 |   2869.2810 |   2847.5630 |   2840.6170 |   2867.0930 |   2882.9990 |   2893.3890 |   2888.3100 |   2874.8570 |   2854.8320 |   2875.5400 |   2883.0010 |   2894.1120 |   2844.2730 |   2871.6400 |   2842.2350 |   2891.9610 |   2890.1660 |   2880.0390 |   2873.4200 |   2851.6980 |   2895.5660 |   2878.5060 |   2840.2720 |   2859.1960 |   2851.6970 |   2884.9910 |   2901.1860 |   2857.5750 |   2878.8500 |   2898.3490 |   2878.8500 |   2897.6420 |   2860.5770 |   2878.8490 |   2871.9820 |   2851.3200 |   2889.0660 |   2881.3530 |   2876.8180 |   2893.0420 |   2876.8170 |   2884.2420 |   2900.1820 |   2888.6900 |   2841.3300 |   2845.8350 |   2841.3290 |    2883.6320 |    2863.1970 |    2849.9350 |    2883.6320 |    2838.2870 |    2850.3080 |    2840.9630 |    2855.5840 |    2862.8250 |    2845.5000 |    2856.2640 |    2846.1650 |    2880.3830 |    2848.8830 |    2839.3210 |    2847.2000 |    2877.7610 |    2839.3210 |    2884.6250 |    2846.4940 |    2853.7500 |    2845.0180 |    2854.1220 |    2853.7490 |    2844.6500 |    2847.9400 |    2854.3630 |    2844.6500 |    2859.5790 |    2889.4490 |    2838.6540 |    2860.9250 |    2899.0540 |    2863.5310 |    2859.5800 |    2872.3250 |    2842.6110 |    2887.6940 |    2858.8550 |    2842.6120 |    2857.9160 |    2866.3410 |    2887.6950 |    2842.6110 |    2849.2140 |    2891.6220 |    2899.8100 |    2850.6440 |    2882.2900 |    2862.1020 |    2855.2130 |    2865.2490 |    2870.3050 |    2838.9890 |    2865.6210 |    2868.1850 |    2858.2870 |    2841.8990 |    2858.2870 |    2870.3050 |    2882.6630 |    2852.2900 |    2852.6520 |    2891.2490 |    2874.1330 |    2872.6980 |    2852.6530 |    2852.2900 |    2843.4610 |    2848.3110 |    2848.3120 |    2873.7620 |    2895.1880 |    2896.8960 |    2843.7880 |    2843.4600 |    2885.3720 |    2861.2970 |    2861.2970 |    2867.4350 |    2861.2980 |    2893.7360 |    2889.8210 |    2864.2080 |    2850.9830 |    2886.7120 |    2900.5680 |    2886.7130 |    2863.8690 |    2864.5390 |    2855.9240 |    2900.5670 |
|        Runtime unhalted [s]       |   4031.3105 |  4029.5374 |  4029.0874 |  4030.0643 |  4028.9451 |  4028.9374 |  4029.6412 |  4029.1682 |  4027.3528 |  4028.3066 |   4028.2989 |   4028.2451 |   4028.9105 |   4028.1835 |   4028.0335 |   4028.8682 |   4028.6759 |   4029.8643 |   4029.9451 |   4028.6566 |   4028.5412 |   4029.0836 |   4029.8143 |   4028.0720 |   4030.0989 |   4029.2336 |   4029.6682 |   4029.1374 |   4029.6874 |   4029.7720 |   4029.6912 |   4029.7643 |   4027.6374 |   4028.5682 |   4027.7759 |   4027.7566 |   4027.6989 |   4028.1297 |   4028.6874 |   4028.1682 |   4029.0066 |   4029.0566 |   4028.8528 |   4028.8989 |   4029.2028 |   4029.1297 |   4028.0412 |   4029.3759 |   4029.0028 |   4029.7720 |   4030.0374 |   4029.6259 |   4028.0374 |   4029.1836 |   4028.7259 |   4029.0105 |   4027.8451 |   4028.1605 |   4028.5374 |   4027.5259 |   4028.3528 |   4028.5259 |   4027.8066 |   4028.1105 |   4028.4220 |   4028.3720 |   4028.6297 |   4029.1566 |   4029.9912 |   4027.8720 |   4028.9028 |   4028.5720 |   4029.2605 |   4029.4182 |   4029.1797 |   4030.0451 |   4028.9259 |   4029.4259 |   4029.7143 |   4029.4605 |   4027.5682 |   4028.1335 |   4027.6259 |   4028.0182 |   4029.3643 |   4027.8259 |   4028.4528 |   4028.4259 |   4028.9105 |   4028.8720 |   4029.0836 |   4028.5451 |   4028.3912 |   4029.0797 |   4028.5912 |   4029.0989 |   4027.8374 |   4028.2259 |   4029.0297 |   4028.6874 |    4028.7143 |    4028.0951 |    4028.2566 |    4029.2874 |    4027.7220 |    4028.1566 |    4027.0297 |    4027.4182 |    4028.3682 |    4028.1066 |    4027.8720 |    4028.0335 |    4027.8066 |    4028.0528 |    4028.3105 |    4028.3874 |    4028.9489 |    4028.0028 |    4028.4028 |    4029.3220 |    4028.3489 |    4028.2951 |    4027.6105 |    4027.7759 |    4027.5643 |    4028.1797 |    4028.2451 |    4027.8989 |    4027.5720 |    4027.2912 |    4027.7259 |    4027.9874 |    4028.2682 |    4028.0374 |    4028.2028 |    4027.9643 |    4027.7720 |    4027.9874 |    4028.3259 |    4027.9335 |    4027.3028 |    4028.6028 |    4028.5528 |    4027.7605 |    4028.0259 |    4029.0759 |    4027.6297 |    4028.5412 |    4028.6451 |    4028.4797 |    4028.4220 |    4028.7566 |    4027.5374 |    4027.6643 |    4027.9912 |    4028.0374 |    4027.9297 |    4028.3220 |    4027.9143 |    4027.9912 |    4028.4912 |    4028.5797 |    4028.3412 |    4028.4105 |    4028.8374 |    4028.8336 |    4028.7874 |    4028.8989 |    4028.0874 |    4028.1451 |    4027.9566 |    4028.1874 |    4028.3566 |    4028.9797 |    4028.2105 |    4027.7220 |    4028.3759 |    4028.2028 |    4027.9912 |    4028.5374 |    4028.4412 |    4027.4912 |    4028.0874 |    4027.9951 |    4028.4451 |    4028.0951 |    4028.3682 |    4028.3528 |    4028.4412 |    4027.3835 |    4027.8143 |    4028.0605 |
|            Clock [MHz]            |   3694.2163 |  3693.9951 |  3694.1176 |  3694.1746 |  3694.1555 |  3694.1850 |  3694.1915 |  3694.2418 |  3694.1611 |  3694.1533 |   3694.2460 |   3694.2277 |   3694.2706 |   3694.1367 |   3694.1214 |   3694.1967 |   3694.1832 |   3694.2648 |   3694.1735 |   3694.1876 |   3694.2953 |   3694.1918 |   3694.2560 |   3694.1482 |   3694.3170 |   3694.2416 |   3694.1887 |   3694.1875 |   3694.1832 |   3694.2423 |   3694.2133 |   3694.1987 |   3694.2493 |   3694.2278 |   3694.1612 |   3694.2308 |   3694.2481 |   3694.2276 |   3694.2484 |   3694.2409 |   3694.1859 |   3694.2352 |   3694.1801 |   3694.1863 |   3694.1633 |   3694.1965 |   3694.2583 |   3694.2754 |   3694.1899 |   3694.2743 |   3694.2551 |   3694.1679 |   3694.2177 |   3694.1542 |   3694.1945 |   3694.1944 |   3694.2172 |   3694.1802 |   3694.2522 |   3694.1555 |   3694.1856 |   3694.1579 |   3694.1619 |   3694.1624 |   3694.2627 |   3694.2664 |   3694.1970 |   3694.2192 |   3694.2419 |   3694.2810 |   3694.2285 |   3694.1742 |   3694.1876 |   3694.3147 |   3694.2504 |   3694.1830 |   3694.1714 |   3694.1799 |   3694.1834 |   3694.1956 |   3694.2670 |   3694.2216 |   3694.2808 |   3694.1544 |   3694.2232 |   3694.1625 |   3694.2994 |   3694.1660 |   3694.2846 |   3694.1441 |   3694.1477 |   3694.2071 |   3694.2775 |   3694.2173 |   3694.1988 |   3694.2475 |   3695.1010 |   3695.0833 |   3695.1588 |   3695.1051 |    3695.1759 |    3695.1128 |    3695.1351 |    3695.1816 |    3695.0614 |    3695.0980 |    3695.0892 |    3695.0890 |    3695.1427 |    3695.0792 |    3695.1097 |    3695.1260 |    3694.7850 |    3695.0975 |    3695.1103 |    3695.0199 |    3695.0090 |    3695.0848 |    3694.9508 |    3695.0474 |    3695.1200 |    3695.1248 |    3695.1506 |    3695.0862 |    3695.1484 |    3695.0866 |    3695.1391 |    3695.1194 |    3695.0210 |    3695.0393 |    3695.1471 |    3695.1875 |    3695.1592 |    3695.1045 |    3695.1424 |    3695.1227 |    3695.1107 |    3695.0857 |    3695.1580 |    3695.1015 |    3695.1226 |    3695.1247 |    3695.0688 |    3695.1448 |    3695.1300 |    3695.1706 |    3695.0429 |    3695.0753 |    3695.1169 |    3695.0790 |    3695.1645 |    3695.1229 |    3695.0795 |    3695.1865 |    3695.1253 |    3695.0694 |    3695.0724 |    3695.1164 |    3695.1566 |    3695.0807 |    3695.1367 |    3695.1246 |    3695.1836 |    3695.0837 |    3695.1945 |    3695.0947 |    3695.0890 |    3695.0855 |    3695.1694 |    3695.0754 |    3695.1061 |    3695.0801 |    3695.1692 |    3695.1731 |    3695.2036 |    3695.1160 |    3695.0685 |    3695.0772 |    3695.1293 |    3695.1590 |    3695.1585 |    3695.1500 |    3695.0857 |    3695.0546 |    3695.0728 |    3695.0591 |    3695.0349 |    3695.0980 |    3695.1776 |    3695.1054 |    3695.1130 |    3695.1357 |
|                CPI                |      2.4676 |     2.4581 |     2.4686 |     2.4671 |     2.4578 |     2.4660 |     2.4546 |     2.4782 |     1.8467 |     1.8538 |      1.8469 |      1.8539 |      1.8370 |      1.8490 |      1.8407 |      1.8566 |      2.4067 |      2.4180 |      2.4087 |      2.4140 |      2.4147 |      2.4126 |      2.4228 |      2.4172 |      2.4546 |      2.4642 |      2.4458 |      2.4525 |      2.4414 |      2.4505 |      2.4426 |      2.4506 |      1.8554 |      1.8514 |      1.8363 |      1.8601 |      1.8440 |      1.8625 |      1.8547 |      1.8653 |      2.4584 |      2.4474 |      2.4453 |      2.4487 |      2.4435 |      2.4689 |      2.4464 |      2.4349 |      2.4241 |      2.4306 |      2.4185 |      2.4337 |      2.4186 |      2.4502 |      2.4388 |      2.4385 |      1.8356 |      1.8393 |      1.8373 |      1.8433 |      1.8409 |      1.8518 |      1.8411 |      1.8474 |      2.4159 |      2.4288 |      2.4176 |      2.4188 |      2.4154 |      2.4311 |      2.4239 |      2.4259 |      2.4652 |      2.4485 |      2.4587 |      2.4765 |      2.4551 |      2.4741 |      2.4743 |      2.4666 |      1.8478 |      1.8553 |      1.8436 |      1.8547 |      1.8498 |      1.8601 |      1.8498 |      1.8665 |      2.4505 |      2.4486 |      2.4415 |      2.4355 |      2.4313 |      2.4451 |      2.4453 |      2.4355 |      2.1075 |      2.1097 |      2.1016 |      2.1001 |       2.1086 |       2.1070 |       2.1143 |       2.1060 |       1.6419 |       1.6345 |       1.6304 |       1.6463 |       1.6395 |       1.6446 |       1.6471 |       1.6444 |       2.0618 |       2.0691 |       2.0697 |       2.0855 |       2.0785 |       2.0731 |       2.0702 |       2.0797 |       2.1091 |       2.1058 |       2.1029 |       2.1198 |       2.0946 |       2.1109 |       2.1094 |       2.1045 |       1.6407 |       1.6441 |       1.6512 |       1.6460 |       1.6425 |       1.6509 |       1.6457 |       1.6527 |       2.0930 |       2.0981 |       2.0848 |       2.0867 |       2.0885 |       2.1012 |       2.0872 |       2.0924 |       2.1046 |       2.1096 |       2.1077 |       2.1180 |       2.1034 |       2.1152 |       2.1126 |       2.1133 |       1.6389 |       1.6471 |       1.6423 |       1.6474 |       1.6322 |       1.6468 |       1.6474 |       1.6474 |       2.0887 |       2.0836 |       2.0869 |       2.0921 |       2.0795 |       2.0962 |       2.0984 |       2.0851 |       2.1211 |       2.1234 |       2.1245 |       2.1222 |       2.1153 |       2.1255 |       2.1137 |       2.1345 |       1.6466 |       1.6548 |       1.6479 |       1.6566 |       1.6537 |       1.6531 |       1.6507 |       1.6516 |       2.0960 |       2.1017 |       2.0878 |       2.0989 |       2.0954 |       2.1052 |       2.1035 |       2.1078 |
|  Memory read bandwidth [MBytes/s] | 170148.8191 |          0 |          0 |          0 |          0 |          0 |          0 |          0 |          0 |          0 |           0 |           0 |           0 |           0 |           0 |           0 |           0 |           0 |           0 |           0 |           0 |           0 |           0 |           0 |           0 |           0 |           0 |           0 |           0 |           0 |           0 |           0 |           0 |           0 |           0 |           0 |           0 |           0 |           0 |           0 |           0 |           0 |           0 |           0 |           0 |           0 |           0 |           0 |           0 |           0 |           0 |           0 |           0 |           0 |           0 |           0 |           0 |           0 |           0 |           0 |           0 |           0 |           0 |           0 |           0 |           0 |           0 |           0 |           0 |           0 |           0 |           0 |           0 |           0 |           0 |           0 |           0 |           0 |           0 |           0 |           0 |           0 |           0 |           0 |           0 |           0 |           0 |           0 |           0 |           0 |           0 |           0 |           0 |           0 |           0 |           0 | 227234.6266 |           0 |           0 |           0 |            0 |            0 |            0 |            0 |            0 |            0 |            0 |            0 |            0 |            0 |            0 |            0 |            0 |            0 |            0 |            0 |            0 |            0 |            0 |            0 |            0 |            0 |            0 |            0 |            0 |            0 |            0 |            0 |            0 |            0 |            0 |            0 |            0 |            0 |            0 |            0 |            0 |            0 |            0 |            0 |            0 |            0 |            0 |            0 |            0 |            0 |            0 |            0 |            0 |            0 |            0 |            0 |            0 |            0 |            0 |            0 |            0 |            0 |            0 |            0 |            0 |            0 |            0 |            0 |            0 |            0 |            0 |            0 |            0 |            0 |            0 |            0 |            0 |            0 |            0 |            0 |            0 |            0 |            0 |            0 |            0 |            0 |            0 |            0 |            0 |            0 |            0 |            0 |            0 |            0 |            0 |            0 |
|  Memory read data volume [GBytes] | 492493.7152 |          0 |          0 |          0 |          0 |          0 |          0 |          0 |          0 |          0 |           0 |           0 |           0 |           0 |           0 |           0 |           0 |           0 |           0 |           0 |           0 |           0 |           0 |           0 |           0 |           0 |           0 |           0 |           0 |           0 |           0 |           0 |           0 |           0 |           0 |           0 |           0 |           0 |           0 |           0 |           0 |           0 |           0 |           0 |           0 |           0 |           0 |           0 |           0 |           0 |           0 |           0 |           0 |           0 |           0 |           0 |           0 |           0 |           0 |           0 |           0 |           0 |           0 |           0 |           0 |           0 |           0 |           0 |           0 |           0 |           0 |           0 |           0 |           0 |           0 |           0 |           0 |           0 |           0 |           0 |           0 |           0 |           0 |           0 |           0 |           0 |           0 |           0 |           0 |           0 |           0 |           0 |           0 |           0 |           0 |           0 | 656410.3936 |           0 |           0 |           0 |            0 |            0 |            0 |            0 |            0 |            0 |            0 |            0 |            0 |            0 |            0 |            0 |            0 |            0 |            0 |            0 |            0 |            0 |            0 |            0 |            0 |            0 |            0 |            0 |            0 |            0 |            0 |            0 |            0 |            0 |            0 |            0 |            0 |            0 |            0 |            0 |            0 |            0 |            0 |            0 |            0 |            0 |            0 |            0 |            0 |            0 |            0 |            0 |            0 |            0 |            0 |            0 |            0 |            0 |            0 |            0 |            0 |            0 |            0 |            0 |            0 |            0 |            0 |            0 |            0 |            0 |            0 |            0 |            0 |            0 |            0 |            0 |            0 |            0 |            0 |            0 |            0 |            0 |            0 |            0 |            0 |            0 |            0 |            0 |            0 |            0 |            0 |            0 |            0 |            0 |            0 |            0 |
| Memory write bandwidth [MBytes/s] |    447.8230 |          0 |          0 |          0 |          0 |          0 |          0 |          0 |          0 |          0 |           0 |           0 |           0 |           0 |           0 |           0 |           0 |           0 |           0 |           0 |           0 |           0 |           0 |           0 |           0 |           0 |           0 |           0 |           0 |           0 |           0 |           0 |           0 |           0 |           0 |           0 |           0 |           0 |           0 |           0 |           0 |           0 |           0 |           0 |           0 |           0 |           0 |           0 |           0 |           0 |           0 |           0 |           0 |           0 |           0 |           0 |           0 |           0 |           0 |           0 |           0 |           0 |           0 |           0 |           0 |           0 |           0 |           0 |           0 |           0 |           0 |           0 |           0 |           0 |           0 |           0 |           0 |           0 |           0 |           0 |           0 |           0 |           0 |           0 |           0 |           0 |           0 |           0 |           0 |           0 |           0 |           0 |           0 |           0 |           0 |           0 |    412.0129 |           0 |           0 |           0 |            0 |            0 |            0 |            0 |            0 |            0 |            0 |            0 |            0 |            0 |            0 |            0 |            0 |            0 |            0 |            0 |            0 |            0 |            0 |            0 |            0 |            0 |            0 |            0 |            0 |            0 |            0 |            0 |            0 |            0 |            0 |            0 |            0 |            0 |            0 |            0 |            0 |            0 |            0 |            0 |            0 |            0 |            0 |            0 |            0 |            0 |            0 |            0 |            0 |            0 |            0 |            0 |            0 |            0 |            0 |            0 |            0 |            0 |            0 |            0 |            0 |            0 |            0 |            0 |            0 |            0 |            0 |            0 |            0 |            0 |            0 |            0 |            0 |            0 |            0 |            0 |            0 |            0 |            0 |            0 |            0 |            0 |            0 |            0 |            0 |            0 |            0 |            0 |            0 |            0 |            0 |            0 |
| Memory write data volume [GBytes] |   1296.2184 |          0 |          0 |          0 |          0 |          0 |          0 |          0 |          0 |          0 |           0 |           0 |           0 |           0 |           0 |           0 |           0 |           0 |           0 |           0 |           0 |           0 |           0 |           0 |           0 |           0 |           0 |           0 |           0 |           0 |           0 |           0 |           0 |           0 |           0 |           0 |           0 |           0 |           0 |           0 |           0 |           0 |           0 |           0 |           0 |           0 |           0 |           0 |           0 |           0 |           0 |           0 |           0 |           0 |           0 |           0 |           0 |           0 |           0 |           0 |           0 |           0 |           0 |           0 |           0 |           0 |           0 |           0 |           0 |           0 |           0 |           0 |           0 |           0 |           0 |           0 |           0 |           0 |           0 |           0 |           0 |           0 |           0 |           0 |           0 |           0 |           0 |           0 |           0 |           0 |           0 |           0 |           0 |           0 |           0 |           0 |   1190.1775 |           0 |           0 |           0 |            0 |            0 |            0 |            0 |            0 |            0 |            0 |            0 |            0 |            0 |            0 |            0 |            0 |            0 |            0 |            0 |            0 |            0 |            0 |            0 |            0 |            0 |            0 |            0 |            0 |            0 |            0 |            0 |            0 |            0 |            0 |            0 |            0 |            0 |            0 |            0 |            0 |            0 |            0 |            0 |            0 |            0 |            0 |            0 |            0 |            0 |            0 |            0 |            0 |            0 |            0 |            0 |            0 |            0 |            0 |            0 |            0 |            0 |            0 |            0 |            0 |            0 |            0 |            0 |            0 |            0 |            0 |            0 |            0 |            0 |            0 |            0 |            0 |            0 |            0 |            0 |            0 |            0 |            0 |            0 |            0 |            0 |            0 |            0 |            0 |            0 |            0 |            0 |            0 |            0 |            0 |            0 |
|    Memory bandwidth [MBytes/s]    | 170596.6422 |          0 |          0 |          0 |          0 |          0 |          0 |          0 |          0 |          0 |           0 |           0 |           0 |           0 |           0 |           0 |           0 |           0 |           0 |           0 |           0 |           0 |           0 |           0 |           0 |           0 |           0 |           0 |           0 |           0 |           0 |           0 |           0 |           0 |           0 |           0 |           0 |           0 |           0 |           0 |           0 |           0 |           0 |           0 |           0 |           0 |           0 |           0 |           0 |           0 |           0 |           0 |           0 |           0 |           0 |           0 |           0 |           0 |           0 |           0 |           0 |           0 |           0 |           0 |           0 |           0 |           0 |           0 |           0 |           0 |           0 |           0 |           0 |           0 |           0 |           0 |           0 |           0 |           0 |           0 |           0 |           0 |           0 |           0 |           0 |           0 |           0 |           0 |           0 |           0 |           0 |           0 |           0 |           0 |           0 |           0 | 227646.6395 |           0 |           0 |           0 |            0 |            0 |            0 |            0 |            0 |            0 |            0 |            0 |            0 |            0 |            0 |            0 |            0 |            0 |            0 |            0 |            0 |            0 |            0 |            0 |            0 |            0 |            0 |            0 |            0 |            0 |            0 |            0 |            0 |            0 |            0 |            0 |            0 |            0 |            0 |            0 |            0 |            0 |            0 |            0 |            0 |            0 |            0 |            0 |            0 |            0 |            0 |            0 |            0 |            0 |            0 |            0 |            0 |            0 |            0 |            0 |            0 |            0 |            0 |            0 |            0 |            0 |            0 |            0 |            0 |            0 |            0 |            0 |            0 |            0 |            0 |            0 |            0 |            0 |            0 |            0 |            0 |            0 |            0 |            0 |            0 |            0 |            0 |            0 |            0 |            0 |            0 |            0 |            0 |            0 |            0 |            0 |
|    Memory data volume [GBytes]    | 493789.9336 |          0 |          0 |          0 |          0 |          0 |          0 |          0 |          0 |          0 |           0 |           0 |           0 |           0 |           0 |           0 |           0 |           0 |           0 |           0 |           0 |           0 |           0 |           0 |           0 |           0 |           0 |           0 |           0 |           0 |           0 |           0 |           0 |           0 |           0 |           0 |           0 |           0 |           0 |           0 |           0 |           0 |           0 |           0 |           0 |           0 |           0 |           0 |           0 |           0 |           0 |           0 |           0 |           0 |           0 |           0 |           0 |           0 |           0 |           0 |           0 |           0 |           0 |           0 |           0 |           0 |           0 |           0 |           0 |           0 |           0 |           0 |           0 |           0 |           0 |           0 |           0 |           0 |           0 |           0 |           0 |           0 |           0 |           0 |           0 |           0 |           0 |           0 |           0 |           0 |           0 |           0 |           0 |           0 |           0 |           0 | 657600.5711 |           0 |           0 |           0 |            0 |            0 |            0 |            0 |            0 |            0 |            0 |            0 |            0 |            0 |            0 |            0 |            0 |            0 |            0 |            0 |            0 |            0 |            0 |            0 |            0 |            0 |            0 |            0 |            0 |            0 |            0 |            0 |            0 |            0 |            0 |            0 |            0 |            0 |            0 |            0 |            0 |            0 |            0 |            0 |            0 |            0 |            0 |            0 |            0 |            0 |            0 |            0 |            0 |            0 |            0 |            0 |            0 |            0 |            0 |            0 |            0 |            0 |            0 |            0 |            0 |            0 |            0 |            0 |            0 |            0 |            0 |            0 |            0 |            0 |            0 |            0 |            0 |            0 |            0 |            0 |            0 |            0 |            0 |            0 |            0 |            0 |            0 |            0 |            0 |            0 |            0 |            0 |            0 |            0 |            0 |            0 |
+-----------------------------------+-------------+------------+------------+------------+------------+------------+------------+------------+------------+------------+-------------+-------------+-------------+-------------+-------------+-------------+-------------+-------------+-------------+-------------+-------------+-------------+-------------+-------------+-------------+-------------+-------------+-------------+-------------+-------------+-------------+-------------+-------------+-------------+-------------+-------------+-------------+-------------+-------------+-------------+-------------+-------------+-------------+-------------+-------------+-------------+-------------+-------------+-------------+-------------+-------------+-------------+-------------+-------------+-------------+-------------+-------------+-------------+-------------+-------------+-------------+-------------+-------------+-------------+-------------+-------------+-------------+-------------+-------------+-------------+-------------+-------------+-------------+-------------+-------------+-------------+-------------+-------------+-------------+-------------+-------------+-------------+-------------+-------------+-------------+-------------+-------------+-------------+-------------+-------------+-------------+-------------+-------------+-------------+-------------+-------------+-------------+-------------+-------------+-------------+--------------+--------------+--------------+--------------+--------------+--------------+--------------+--------------+--------------+--------------+--------------+--------------+--------------+--------------+--------------+--------------+--------------+--------------+--------------+--------------+--------------+--------------+--------------+--------------+--------------+--------------+--------------+--------------+--------------+--------------+--------------+--------------+--------------+--------------+--------------+--------------+--------------+--------------+--------------+--------------+--------------+--------------+--------------+--------------+--------------+--------------+--------------+--------------+--------------+--------------+--------------+--------------+--------------+--------------+--------------+--------------+--------------+--------------+--------------+--------------+--------------+--------------+--------------+--------------+--------------+--------------+--------------+--------------+--------------+--------------+--------------+--------------+--------------+--------------+--------------+--------------+--------------+--------------+--------------+--------------+--------------+--------------+--------------+--------------+--------------+--------------+--------------+--------------+--------------+--------------+--------------+--------------+

+----------------------------------------+--------------+-----------+-------------+-----------+
|                 Metric                 |      Sum     |    Min    |     Max     |    Avg    |
+----------------------------------------+--------------+-----------+-------------+-----------+
|        Runtime (RDTSC) [s] STAT        |  550868.6650 | 2837.6720 |   2901.5680 | 2869.1076 |
|        Runtime unhalted [s] STAT       |  773473.3303 | 4027.0297 |   4031.3105 | 4028.5069 |
|            Clock [MHz] STAT            |  709374.2585 | 3693.9951 |   3695.2036 | 3694.6576 |
|                CPI STAT                |     402.5594 |    1.6304 |      2.4782 |    2.0967 |
|  Memory read bandwidth [MBytes/s] STAT |  397383.4457 |         0 | 227234.6266 | 2069.7054 |
|  Memory read data volume [GBytes] STAT | 1.148904e+06 |         0 | 656410.3936 | 5983.8756 |
| Memory write bandwidth [MBytes/s] STAT |     859.8359 |         0 |    447.8230 |    4.4783 |
| Memory write data volume [GBytes] STAT |    2486.3959 |         0 |   1296.2184 |   12.9500 |
|    Memory bandwidth [MBytes/s] STAT    |  398243.2817 |         0 | 227646.6395 | 2074.1838 |
|    Memory data volume [GBytes] STAT    | 1.151391e+06 |         0 | 657600.5711 | 5996.8255 |
+----------------------------------------+--------------+-----------+-------------+-----------+

