INFO: You are running LIKWID in a cpuset with 128 CPUs. Taking given IDs as logical ID in cpuset
--------------------------------------------------------------------------------
CPU name:	AMD EPYC 9A14 96-Core Processor                
CPU type:	AMD K19 (Zen4) architecture
CPU clock:	2.60 GHz
--------------------------------------------------------------------------------
Use symmetry. Molecule point group: Coov
Norb: 20   Ne: (7, 7)
Running RHF...
converged SCF energy = -92.8276317993649
Running FCI ...
Guessing CI wfn symmetry = 0
Num symmetry allowed elements 1502950144
tol 1e-10  toloose 1e-05
max_cycle 100  max_space 12  max_memory 683564  incore True
    CPU time for contract_2e  23044.44 sec, wall time    211.07 sec
davidson 0 1  |r|= 0.77  e= [-116.65141583]  max|de|= -117  lindep=    1
    CPU time for contract_2e  22737.38 sec, wall time    219.90 sec
davidson 1 2  |r|= 0.371  e= [-116.83564519]  max|de|= -0.184  lindep= 0.978
    CPU time for contract_2e  22707.21 sec, wall time    225.40 sec
davidson 2 3  |r|= 0.145  e= [-116.87066041]  max|de|= -0.035  lindep= 0.996
    CPU time for contract_2e  22768.57 sec, wall time    231.45 sec
davidson 3 4  |r|= 0.0579  e= [-116.87548655]  max|de|= -0.00483  lindep= 0.981
    CPU time for contract_2e  23185.18 sec, wall time    243.42 sec
davidson 4 5  |r|= 0.0283  e= [-116.87622039]  max|de|= -0.000734  lindep= 0.934
    CPU time for contract_2e  23110.25 sec, wall time    260.61 sec
davidson 5 6  |r|= 0.0133  e= [-116.8764033]  max|de|= -0.000183  lindep= 0.902
    CPU time for contract_2e  23546.27 sec, wall time    272.67 sec
davidson 6 7  |r|= 0.00565  e= [-116.87644024]  max|de|= -3.69e-05  lindep= 0.927
    CPU time for contract_2e  23208.77 sec, wall time    278.09 sec
davidson 7 8  |r|= 0.00224  e= [-116.87644619]  max|de|= -5.95e-06  lindep= 0.932
    CPU time for contract_2e  23161.44 sec, wall time    287.61 sec
davidson 8 9  |r|= 0.000882  e= [-116.87644712]  max|de|= -9.33e-07  lindep= 0.918
    CPU time for contract_2e  23222.11 sec, wall time    296.99 sec
davidson 9 10  |r|= 0.000388  e= [-116.87644727]  max|de|= -1.55e-07  lindep= 0.919
    CPU time for contract_2e  23268.46 sec, wall time    306.01 sec
davidson 10 11  |r|= 0.000183  e= [-116.8764473]  max|de|= -3.05e-08  lindep= 0.897
    CPU time for contract_2e  23310.20 sec, wall time    315.32 sec
davidson 11 12  |r|= 8.85e-05  e= [-116.87644731]  max|de|= -7.18e-09  lindep= 0.904
    CPU time for contract_2e  23357.12 sec, wall time    339.44 sec
davidson 12 1  |r|= 8.85e-05  e= [-116.87644731]  max|de|= 9.32e-12  lindep=    1
    CPU time for contract_2e  22442.61 sec, wall time    217.73 sec
davidson 13 2  |r|= 3.82e-05  e= [-116.87644731]  max|de|= -1.28e-09  lindep= 0.995
    CPU time for contract_2e  22457.45 sec, wall time    223.52 sec
davidson 14 3  |r|= 2.39e-05  e= [-116.87644731]  max|de|= -4.53e-10  lindep= 0.908
    CPU time for contract_2e  22443.93 sec, wall time    229.05 sec
davidson 15 4  |r|= 1.11e-05  e= [-116.87644731]  max|de|= -1.15e-10  lindep= 0.858
    CPU time for contract_2e  22793.10 sec, wall time    242.50 sec
root 0 converged  |r|= 4.65e-06  e= -116.87644731371975  max|de|= -2.32e-11
converged 16 5  |r|= 4.65e-06  e= [-116.87644731]  max|de|= -2.32e-11
--------------------------------------------------------------------------------
Group 1: MEM
+----------------------+---------+----------------+---------------+---------------+---------------+---------------+---------------+---------------+---------------+---------------+---------------+---------------+---------------+---------------+---------------+---------------+---------------+---------------+---------------+---------------+---------------+---------------+---------------+---------------+---------------+---------------+---------------+---------------+---------------+---------------+---------------+---------------+---------------+---------------+---------------+---------------+---------------+---------------+---------------+---------------+---------------+---------------+---------------+---------------+---------------+---------------+---------------+---------------+---------------+----------------+----------------+----------------+----------------+----------------+----------------+----------------+----------------+----------------+----------------+----------------+----------------+----------------+----------------+----------------+----------------+----------------+----------------+----------------+----------------+----------------+----------------+----------------+----------------+----------------+----------------+----------------+----------------+----------------+----------------+----------------+----------------+----------------+----------------+----------------+----------------+----------------+----------------+----------------+----------------+----------------+----------------+----------------+----------------+----------------+----------------+----------------+----------------+----------------+----------------+----------------+----------------+----------------+----------------+----------------+----------------+----------------+----------------+----------------+----------------+----------------+----------------+----------------+----------------+----------------+----------------+----------------+----------------+----------------+----------------+----------------+----------------+----------------+----------------+----------------+----------------+----------------+----------------+----------------+----------------+
|         Event        | Counter |   HWThread 0   |   HWThread 1  |   HWThread 2  |   HWThread 3  |   HWThread 4  |   HWThread 5  |   HWThread 6  |   HWThread 7  |   HWThread 8  |   HWThread 9  |  HWThread 10  |  HWThread 11  |  HWThread 12  |  HWThread 13  |  HWThread 14  |  HWThread 15  |  HWThread 16  |  HWThread 17  |  HWThread 18  |  HWThread 19  |  HWThread 20  |  HWThread 21  |  HWThread 22  |  HWThread 23  |  HWThread 24  |  HWThread 25  |  HWThread 26  |  HWThread 27  |  HWThread 28  |  HWThread 29  |  HWThread 30  |  HWThread 31  |  HWThread 32  |  HWThread 33  |  HWThread 34  |  HWThread 35  |  HWThread 36  |  HWThread 37  |  HWThread 38  |  HWThread 39  |  HWThread 40  |  HWThread 41  |  HWThread 42  |  HWThread 43  |  HWThread 44  |  HWThread 45  |  HWThread 46  |  HWThread 47  |   HWThread 48  |   HWThread 49  |   HWThread 50  |   HWThread 51  |   HWThread 52  |   HWThread 53  |   HWThread 54  |   HWThread 55  |   HWThread 56  |   HWThread 57  |   HWThread 58  |   HWThread 59  |   HWThread 60  |   HWThread 61  |   HWThread 62  |   HWThread 63  |   HWThread 64  |   HWThread 65  |   HWThread 66  |   HWThread 67  |   HWThread 68  |   HWThread 69  |   HWThread 70  |   HWThread 71  |   HWThread 72  |   HWThread 73  |   HWThread 74  |   HWThread 75  |   HWThread 76  |   HWThread 77  |   HWThread 78  |   HWThread 79  |   HWThread 80  |   HWThread 81  |   HWThread 82  |   HWThread 83  |   HWThread 84  |   HWThread 85  |   HWThread 86  |   HWThread 87  |   HWThread 88  |   HWThread 89  |   HWThread 90  |   HWThread 91  |   HWThread 92  |   HWThread 93  |   HWThread 94  |   HWThread 95  |   HWThread 96  |   HWThread 97  |   HWThread 98  |   HWThread 99  |  HWThread 100  |  HWThread 101  |  HWThread 102  |  HWThread 103  |  HWThread 104  |  HWThread 105  |  HWThread 106  |  HWThread 107  |  HWThread 108  |  HWThread 109  |  HWThread 110  |  HWThread 111  |  HWThread 112  |  HWThread 113  |  HWThread 114  |  HWThread 115  |  HWThread 116  |  HWThread 117  |  HWThread 118  |  HWThread 119  |  HWThread 120  |  HWThread 121  |  HWThread 122  |  HWThread 123  |  HWThread 124  |  HWThread 125  |  HWThread 126  |  HWThread 127  |
+----------------------+---------+----------------+---------------+---------------+---------------+---------------+---------------+---------------+---------------+---------------+---------------+---------------+---------------+---------------+---------------+---------------+---------------+---------------+---------------+---------------+---------------+---------------+---------------+---------------+---------------+---------------+---------------+---------------+---------------+---------------+---------------+---------------+---------------+---------------+---------------+---------------+---------------+---------------+---------------+---------------+---------------+---------------+---------------+---------------+---------------+---------------+---------------+---------------+---------------+----------------+----------------+----------------+----------------+----------------+----------------+----------------+----------------+----------------+----------------+----------------+----------------+----------------+----------------+----------------+----------------+----------------+----------------+----------------+----------------+----------------+----------------+----------------+----------------+----------------+----------------+----------------+----------------+----------------+----------------+----------------+----------------+----------------+----------------+----------------+----------------+----------------+----------------+----------------+----------------+----------------+----------------+----------------+----------------+----------------+----------------+----------------+----------------+----------------+----------------+----------------+----------------+----------------+----------------+----------------+----------------+----------------+----------------+----------------+----------------+----------------+----------------+----------------+----------------+----------------+----------------+----------------+----------------+----------------+----------------+----------------+----------------+----------------+----------------+----------------+----------------+----------------+----------------+----------------+----------------+
|   ACTUAL_CPU_CLOCK   |  FIXC1  | 13131193725499 | 7892922223245 | 7797424987464 | 7798898955611 | 7806380833280 | 7803715691540 | 7873534124358 | 7870837757914 | 7169018640043 | 7108774356286 | 6877347432473 | 6939610514361 | 6941995417444 | 6970497266726 | 6978721953284 | 7027370654969 | 7076280449623 | 6930349920665 | 6997800328993 | 6944875564366 | 7034597250723 | 7083307991327 | 7022606804326 | 7167963895118 | 8531208091273 | 8442132458837 | 8413968584793 | 8461497149950 | 8561129594543 | 8511268875692 | 8621708009510 | 8645107627675 | 8132008015674 | 7955542650297 | 7937762516270 | 8058613422413 | 8114740770687 | 8173068539239 | 8245653020922 | 8280995595575 | 8302482227131 | 8291934055168 | 8207186601495 | 8295500539642 | 8356322665524 | 8396868280876 | 8416934473361 | 8467621019446 | 12347210687700 | 12284951805064 | 12279875183944 | 12317537910087 | 12358489824029 | 12372402007036 | 12361401050834 | 12408314393704 | 11691137193807 | 11825824508426 | 11760928724067 | 11657499998305 | 11772347983048 | 11949715399255 | 11825103271639 | 11988420317263 | 12029295930818 | 11998385448579 | 12007407917035 | 12062350004801 | 12093664032666 | 12053286450773 | 12115851174295 | 12164791396790 | 12564369303516 | 12531975214354 | 12518770511877 | 12553540528182 | 12564467005247 | 12578509049393 | 12574769491377 | 12584266040185 | 12186301336867 | 12151931349756 | 12148077227240 | 12206453757647 | 12202384456118 | 12224462000033 | 12226878052729 | 12247326680914 | 12263701805635 | 12239980301200 | 12223654599221 | 12279555812406 | 12288019910460 | 12290033998225 | 12314316388206 | 12326449100789 | 12981944318306 | 12952443321615 | 12943736658342 | 12961574819019 | 12949053159596 | 12942392820708 | 12944550587587 | 12932815055965 | 12938621574752 | 12941659790346 | 12931785603114 | 12967775123988 | 12928910712097 | 12935448313837 | 12927258619887 | 12939004502974 | 12983135512430 | 12958087270264 | 12946601868419 | 12937888757723 | 12935061323927 | 12948047968289 | 12943485048096 | 12948951446641 | 12947669188532 | 12919824653957 | 12918026590452 | 12918233496882 | 12920417533904 | 12926857686590 | 12915580571775 | 12824844128920 |
|     MAX_CPU_CLOCK    |  FIXC2  |  9844030556334 | 6647759744340 | 6554506416380 | 6560608369666 | 6560353724964 | 6553374516832 | 6583728859162 | 6579651853814 | 6234318296492 | 6203460550482 | 6093620080080 | 6132625658848 | 6134686371086 | 6149622618906 | 6153664184876 | 6168596791006 | 6194139881904 | 6119098086660 | 6161143226602 | 6124404515164 | 6171363807934 | 6195273358066 | 6168285341920 | 6244928945684 | 6844216188108 | 6792966474372 | 6795482623800 | 6819736047644 | 6854643111134 | 6821502529140 | 6886408004684 | 6885571592692 | 6667064138254 | 6588908375608 | 6577659603294 | 6633509167974 | 6658520057826 | 6688929026468 | 6713351001994 | 6724880965478 | 6741853173250 | 6737844693918 | 6705246002052 | 6738418629722 | 6763167381958 | 6777291775280 | 6796728703570 | 6815385459870 |  8717153288636 |  8675733850680 |  8670253408700 |  8697853166496 |  8725194464506 |  8735095984784 |  8726829098312 |  8759339343560 |  8333822337282 |  8381271653716 |  8348330340090 |  8305436587188 |  8363387155448 |  8449088890216 |  8393948849130 |  8482595009954 |  8488795713190 |  8469968614276 |  8472323044328 |  8515239182814 |  8535393712794 |  8507303849642 |  8548977866624 |  8583259389640 |  8868011528298 |  8841705281188 |  8831499898988 |  8858658381014 |  8864628676098 |  8875052864860 |  8871417514752 |  8875901357700 |  8593912896374 |  8565962166346 |  8561411312272 |  8610332864614 |  8601669498240 |  8621492366994 |  8618755391948 |  8634980083600 |  8649205223412 |  8627957213642 |  8619201706076 |  8661773021356 |  8664974012578 |  8666525121670 |  8682463859524 |  8691530052426 |  9139387583482 |  9111585892240 |  9103282323252 |  9118780305206 |  9107347899728 |  9101733077710 |  9103406111202 |  9092772665002 |  9105319904538 |  9105757513502 |  9096752053506 |  9130460692626 |  9094591312924 |  9099645680762 |  9092744658946 |  9103295595264 |  9139744243370 |  9117522868038 |  9105509052328 |  9097177284052 |  9094901542506 |  9106756180158 |  9102377917802 |  9107650168006 |  9121846141512 |  9095666761480 |  9094183910370 |  9092133155586 |  9095140000622 |  9101840976072 |  9090472020734 |  9026329695318 |
| RETIRED_INSTRUCTIONS |   PMC0  |  9901943644891 | 6801643116720 | 6800552754042 | 6800691145014 | 6800402724694 | 6800226842803 | 6800461468473 | 6800013963082 | 6805950924676 | 6802923725066 | 6802503874082 | 6803411805767 | 6802802194004 | 6802146976475 | 6802010048501 | 6801469366339 | 6799441827138 | 6798817020759 | 6799351211099 | 6797217307083 | 6797598939100 | 6798002152506 | 6798271862473 | 6798200800495 | 6804043331152 | 6800954027266 | 6800886772749 | 6800924797667 | 6801394183580 | 6800432660795 | 6800267359699 | 6800303919644 | 6807169869555 | 6804908946470 | 6804503331168 | 6804619579902 | 6803981164370 | 6805064156154 | 6804212038127 | 6803652957349 | 6800167121984 | 6799157504757 | 6799272623866 | 6799440959163 | 6798864246868 | 6799799256777 | 6799419817197 | 6799534002458 |  6827938503277 |  6827613330109 |  6825684316452 |  6827268617766 |  6825368058640 |  6827505696070 |  6826373089522 |  6826547796431 |  6837504583881 |  6836973415502 |  6836213668272 |  6835615600541 |  6835292593051 |  6835068522919 |  6835610424089 |  6834794934386 |  6816661686228 |  6815121146555 |  6814134397024 |  6816406581284 |  6815493748100 |  6814920915979 |  6815078911617 |  6814631351510 |  6811755441101 |  6808047395545 |  6811426522027 |  6810907014720 |  6810230799044 |  6810283935972 |  6810692079900 |  6809203784282 |  6804799855442 |  6803384885486 |  6802385891728 |  6804988641377 |  6800002200963 |  6804006571990 |  6801941568238 |  6801095406316 |  6791651680086 |  6788670457176 |  6788511373302 |  6789482279845 |  6789163203770 |  6788458512327 |  6788360199626 |  6787032397072 |  6712035966711 |  6707083628093 |  6706718828641 |  6707360944253 |  6708068452231 |  6705669332881 |  6706354217895 |  6703575850466 |  6757280149773 |  6757205314339 |  6754682833249 |  6756002737383 |  6753704569062 |  6752787634547 |  6751957362811 |  6751328961428 |  6708068955588 |  6705349274944 |  6708134029233 |  6704174357382 |  6705183649209 |  6704738292916 |  6704737513696 |  6701944993311 |  6753235479601 |  6749808899025 |  6752972997042 |  6746042247455 |  6747701735022 |  6747445420227 |  6746818205908 |  6542682043414 |
|  CPU_CLOCKS_UNHALTED |   PMC1  | 10464635487935 | 7223676243395 | 7202184923030 | 7172489897915 | 7205838662802 | 7201489085179 | 7260889740301 | 7263474782605 | 6626284094410 | 6560648939894 | 6371266856386 | 6403667973140 | 6419258135578 | 6438223780416 | 6446989353660 | 6501866743459 | 6541588237099 | 6426879237847 | 6473754693393 | 6437097392843 | 6511718013996 | 6544469273148 | 6505385901215 | 6625667237235 | 7804068312390 | 7755699890907 | 7724574544853 | 7733219442337 | 7826415477246 | 7813829285208 | 7900474500849 | 7930320966328 | 7448351474418 | 7301225134843 | 7299914389770 | 7401820234295 | 7453999682602 | 7493904220420 | 7550813346219 | 7603578300946 | 7626675861121 | 7611934148981 | 7558612903155 | 7638957666918 | 7681723181788 | 7723444367767 | 7747582055045 | 7787741309321 | 11171011146100 | 11129865591959 | 11147071592415 | 11175010578583 | 11195286290556 | 11207319953283 | 11209777090498 | 11243653617632 | 10613539958645 | 10748028117915 | 10702204969039 | 10605319879119 | 10705878056218 | 10848329052796 | 10751090633244 | 10891882623882 | 10930000326497 | 10901558695662 | 10929707809973 | 10956098705514 | 10985072971089 | 10958825614645 | 11005722888751 | 11045827187516 | 11427326505743 | 11401087469714 | 11405379558639 | 11422329716092 | 11428552205864 | 11451068679928 | 11437058057361 | 11446312885627 | 11083673923967 | 11065376598380 | 11039146344514 | 11099940798153 | 11099383463895 | 11110874531986 | 11118184138450 | 11143638766173 | 11166520581620 | 11154033439941 | 11139904374553 | 11177278933876 | 11186098257361 | 11199595753424 | 11212818591763 | 11226196104627 | 12161473581024 | 12154805510100 | 12152330322959 | 12134952402904 | 12146039890652 | 12145304656179 | 12155698912657 | 12132203099418 | 12115652150365 | 12105488883052 | 12135588810635 | 12081722832385 | 12114356700570 | 12123721334447 | 12112552970867 | 12124862169843 | 12155381213297 | 12136593726596 | 12156897227631 | 12128516285460 | 12138732988044 | 12145831847423 | 12141917131771 | 12144634762193 | 12188883646234 | 12173856470529 | 12179280227682 | 12181123883457 | 12170662339938 | 12179919548390 | 12181238199832 | 12070343235939 |
|      CAS_CMD_RD      |  UMC0C0 |   313190318323 |             0 |             0 |             0 |             0 |             0 |             0 |             0 |             0 |             0 |             0 |             0 |             0 |             0 |             0 |             0 |             0 |             0 |             0 |             0 |             0 |             0 |             0 |             0 |             0 |             0 |             0 |             0 |             0 |             0 |             0 |             0 |             0 |             0 |             0 |             0 |             0 |             0 |             0 |             0 |             0 |             0 |             0 |             0 |             0 |             0 |             0 |             0 |              0 |              0 |              0 |              0 |              0 |              0 |              0 |              0 |              0 |              0 |              0 |              0 |              0 |              0 |              0 |              0 |              0 |              0 |              0 |              0 |              0 |              0 |              0 |              0 |              0 |              0 |              0 |              0 |              0 |              0 |              0 |              0 |              0 |              0 |              0 |              0 |              0 |              0 |              0 |              0 |              0 |              0 |              0 |              0 |              0 |              0 |              0 |              0 |   118965232371 |              0 |              0 |              0 |              0 |              0 |              0 |              0 |              0 |              0 |              0 |              0 |              0 |              0 |              0 |              0 |              0 |              0 |              0 |              0 |              0 |              0 |              0 |              0 |              0 |              0 |              0 |              0 |              0 |              0 |              0 |              0 |
|      CAS_CMD_WR      |  UMC0C1 |   133924140312 |             0 |             0 |             0 |             0 |             0 |             0 |             0 |             0 |             0 |             0 |             0 |             0 |             0 |             0 |             0 |             0 |             0 |             0 |             0 |             0 |             0 |             0 |             0 |             0 |             0 |             0 |             0 |             0 |             0 |             0 |             0 |             0 |             0 |             0 |             0 |             0 |             0 |             0 |             0 |             0 |             0 |             0 |             0 |             0 |             0 |             0 |             0 |              0 |              0 |              0 |              0 |              0 |              0 |              0 |              0 |              0 |              0 |              0 |              0 |              0 |              0 |              0 |              0 |              0 |              0 |              0 |              0 |              0 |              0 |              0 |              0 |              0 |              0 |              0 |              0 |              0 |              0 |              0 |              0 |              0 |              0 |              0 |              0 |              0 |              0 |              0 |              0 |              0 |              0 |              0 |              0 |              0 |              0 |              0 |              0 |    40092266370 |              0 |              0 |              0 |              0 |              0 |              0 |              0 |              0 |              0 |              0 |              0 |              0 |              0 |              0 |              0 |              0 |              0 |              0 |              0 |              0 |              0 |              0 |              0 |              0 |              0 |              0 |              0 |              0 |              0 |              0 |              0 |
|      CAS_CMD_RD      |  UMC1C0 |   312274312900 |             0 |             0 |             0 |             0 |             0 |             0 |             0 |             0 |             0 |             0 |             0 |             0 |             0 |             0 |             0 |             0 |             0 |             0 |             0 |             0 |             0 |             0 |             0 |             0 |             0 |             0 |             0 |             0 |             0 |             0 |             0 |             0 |             0 |             0 |             0 |             0 |             0 |             0 |             0 |             0 |             0 |             0 |             0 |             0 |             0 |             0 |             0 |              0 |              0 |              0 |              0 |              0 |              0 |              0 |              0 |              0 |              0 |              0 |              0 |              0 |              0 |              0 |              0 |              0 |              0 |              0 |              0 |              0 |              0 |              0 |              0 |              0 |              0 |              0 |              0 |              0 |              0 |              0 |              0 |              0 |              0 |              0 |              0 |              0 |              0 |              0 |              0 |              0 |              0 |              0 |              0 |              0 |              0 |              0 |              0 |   119149179116 |              0 |              0 |              0 |              0 |              0 |              0 |              0 |              0 |              0 |              0 |              0 |              0 |              0 |              0 |              0 |              0 |              0 |              0 |              0 |              0 |              0 |              0 |              0 |              0 |              0 |              0 |              0 |              0 |              0 |              0 |              0 |
|      CAS_CMD_WR      |  UMC1C1 |   133984296416 |             0 |             0 |             0 |             0 |             0 |             0 |             0 |             0 |             0 |             0 |             0 |             0 |             0 |             0 |             0 |             0 |             0 |             0 |             0 |             0 |             0 |             0 |             0 |             0 |             0 |             0 |             0 |             0 |             0 |             0 |             0 |             0 |             0 |             0 |             0 |             0 |             0 |             0 |             0 |             0 |             0 |             0 |             0 |             0 |             0 |             0 |             0 |              0 |              0 |              0 |              0 |              0 |              0 |              0 |              0 |              0 |              0 |              0 |              0 |              0 |              0 |              0 |              0 |              0 |              0 |              0 |              0 |              0 |              0 |              0 |              0 |              0 |              0 |              0 |              0 |              0 |              0 |              0 |              0 |              0 |              0 |              0 |              0 |              0 |              0 |              0 |              0 |              0 |              0 |              0 |              0 |              0 |              0 |              0 |              0 |    40087606372 |              0 |              0 |              0 |              0 |              0 |              0 |              0 |              0 |              0 |              0 |              0 |              0 |              0 |              0 |              0 |              0 |              0 |              0 |              0 |              0 |              0 |              0 |              0 |              0 |              0 |              0 |              0 |              0 |              0 |              0 |              0 |
|      CAS_CMD_RD      |  UMC2C0 |   315533815824 |             0 |             0 |             0 |             0 |             0 |             0 |             0 |             0 |             0 |             0 |             0 |             0 |             0 |             0 |             0 |             0 |             0 |             0 |             0 |             0 |             0 |             0 |             0 |             0 |             0 |             0 |             0 |             0 |             0 |             0 |             0 |             0 |             0 |             0 |             0 |             0 |             0 |             0 |             0 |             0 |             0 |             0 |             0 |             0 |             0 |             0 |             0 |              0 |              0 |              0 |              0 |              0 |              0 |              0 |              0 |              0 |              0 |              0 |              0 |              0 |              0 |              0 |              0 |              0 |              0 |              0 |              0 |              0 |              0 |              0 |              0 |              0 |              0 |              0 |              0 |              0 |              0 |              0 |              0 |              0 |              0 |              0 |              0 |              0 |              0 |              0 |              0 |              0 |              0 |              0 |              0 |              0 |              0 |              0 |              0 |   118096553616 |              0 |              0 |              0 |              0 |              0 |              0 |              0 |              0 |              0 |              0 |              0 |              0 |              0 |              0 |              0 |              0 |              0 |              0 |              0 |              0 |              0 |              0 |              0 |              0 |              0 |              0 |              0 |              0 |              0 |              0 |              0 |
|      CAS_CMD_WR      |  UMC2C1 |   133967927034 |             0 |             0 |             0 |             0 |             0 |             0 |             0 |             0 |             0 |             0 |             0 |             0 |             0 |             0 |             0 |             0 |             0 |             0 |             0 |             0 |             0 |             0 |             0 |             0 |             0 |             0 |             0 |             0 |             0 |             0 |             0 |             0 |             0 |             0 |             0 |             0 |             0 |             0 |             0 |             0 |             0 |             0 |             0 |             0 |             0 |             0 |             0 |              0 |              0 |              0 |              0 |              0 |              0 |              0 |              0 |              0 |              0 |              0 |              0 |              0 |              0 |              0 |              0 |              0 |              0 |              0 |              0 |              0 |              0 |              0 |              0 |              0 |              0 |              0 |              0 |              0 |              0 |              0 |              0 |              0 |              0 |              0 |              0 |              0 |              0 |              0 |              0 |              0 |              0 |              0 |              0 |              0 |              0 |              0 |              0 |    40066522331 |              0 |              0 |              0 |              0 |              0 |              0 |              0 |              0 |              0 |              0 |              0 |              0 |              0 |              0 |              0 |              0 |              0 |              0 |              0 |              0 |              0 |              0 |              0 |              0 |              0 |              0 |              0 |              0 |              0 |              0 |              0 |
|      CAS_CMD_RD      |  UMC3C0 |   313551860558 |             0 |             0 |             0 |             0 |             0 |             0 |             0 |             0 |             0 |             0 |             0 |             0 |             0 |             0 |             0 |             0 |             0 |             0 |             0 |             0 |             0 |             0 |             0 |             0 |             0 |             0 |             0 |             0 |             0 |             0 |             0 |             0 |             0 |             0 |             0 |             0 |             0 |             0 |             0 |             0 |             0 |             0 |             0 |             0 |             0 |             0 |             0 |              0 |              0 |              0 |              0 |              0 |              0 |              0 |              0 |              0 |              0 |              0 |              0 |              0 |              0 |              0 |              0 |              0 |              0 |              0 |              0 |              0 |              0 |              0 |              0 |              0 |              0 |              0 |              0 |              0 |              0 |              0 |              0 |              0 |              0 |              0 |              0 |              0 |              0 |              0 |              0 |              0 |              0 |              0 |              0 |              0 |              0 |              0 |              0 |   119338776424 |              0 |              0 |              0 |              0 |              0 |              0 |              0 |              0 |              0 |              0 |              0 |              0 |              0 |              0 |              0 |              0 |              0 |              0 |              0 |              0 |              0 |              0 |              0 |              0 |              0 |              0 |              0 |              0 |              0 |              0 |              0 |
|      CAS_CMD_WR      |  UMC3C1 |   134065179383 |             0 |             0 |             0 |             0 |             0 |             0 |             0 |             0 |             0 |             0 |             0 |             0 |             0 |             0 |             0 |             0 |             0 |             0 |             0 |             0 |             0 |             0 |             0 |             0 |             0 |             0 |             0 |             0 |             0 |             0 |             0 |             0 |             0 |             0 |             0 |             0 |             0 |             0 |             0 |             0 |             0 |             0 |             0 |             0 |             0 |             0 |             0 |              0 |              0 |              0 |              0 |              0 |              0 |              0 |              0 |              0 |              0 |              0 |              0 |              0 |              0 |              0 |              0 |              0 |              0 |              0 |              0 |              0 |              0 |              0 |              0 |              0 |              0 |              0 |              0 |              0 |              0 |              0 |              0 |              0 |              0 |              0 |              0 |              0 |              0 |              0 |              0 |              0 |              0 |              0 |              0 |              0 |              0 |              0 |              0 |    40114492588 |              0 |              0 |              0 |              0 |              0 |              0 |              0 |              0 |              0 |              0 |              0 |              0 |              0 |              0 |              0 |              0 |              0 |              0 |              0 |              0 |              0 |              0 |              0 |              0 |              0 |              0 |              0 |              0 |              0 |              0 |              0 |
|      CAS_CMD_RD      |  UMC4C0 |   312842604408 |             0 |             0 |             0 |             0 |             0 |             0 |             0 |             0 |             0 |             0 |             0 |             0 |             0 |             0 |             0 |             0 |             0 |             0 |             0 |             0 |             0 |             0 |             0 |             0 |             0 |             0 |             0 |             0 |             0 |             0 |             0 |             0 |             0 |             0 |             0 |             0 |             0 |             0 |             0 |             0 |             0 |             0 |             0 |             0 |             0 |             0 |             0 |              0 |              0 |              0 |              0 |              0 |              0 |              0 |              0 |              0 |              0 |              0 |              0 |              0 |              0 |              0 |              0 |              0 |              0 |              0 |              0 |              0 |              0 |              0 |              0 |              0 |              0 |              0 |              0 |              0 |              0 |              0 |              0 |              0 |              0 |              0 |              0 |              0 |              0 |              0 |              0 |              0 |              0 |              0 |              0 |              0 |              0 |              0 |              0 |   119699636718 |              0 |              0 |              0 |              0 |              0 |              0 |              0 |              0 |              0 |              0 |              0 |              0 |              0 |              0 |              0 |              0 |              0 |              0 |              0 |              0 |              0 |              0 |              0 |              0 |              0 |              0 |              0 |              0 |              0 |              0 |              0 |
|      CAS_CMD_WR      |  UMC4C1 |   133884279900 |             0 |             0 |             0 |             0 |             0 |             0 |             0 |             0 |             0 |             0 |             0 |             0 |             0 |             0 |             0 |             0 |             0 |             0 |             0 |             0 |             0 |             0 |             0 |             0 |             0 |             0 |             0 |             0 |             0 |             0 |             0 |             0 |             0 |             0 |             0 |             0 |             0 |             0 |             0 |             0 |             0 |             0 |             0 |             0 |             0 |             0 |             0 |              0 |              0 |              0 |              0 |              0 |              0 |              0 |              0 |              0 |              0 |              0 |              0 |              0 |              0 |              0 |              0 |              0 |              0 |              0 |              0 |              0 |              0 |              0 |              0 |              0 |              0 |              0 |              0 |              0 |              0 |              0 |              0 |              0 |              0 |              0 |              0 |              0 |              0 |              0 |              0 |              0 |              0 |              0 |              0 |              0 |              0 |              0 |              0 |    40098021529 |              0 |              0 |              0 |              0 |              0 |              0 |              0 |              0 |              0 |              0 |              0 |              0 |              0 |              0 |              0 |              0 |              0 |              0 |              0 |              0 |              0 |              0 |              0 |              0 |              0 |              0 |              0 |              0 |              0 |              0 |              0 |
|      CAS_CMD_RD      |  UMC5C0 |   315900011818 |             0 |             0 |             0 |             0 |             0 |             0 |             0 |             0 |             0 |             0 |             0 |             0 |             0 |             0 |             0 |             0 |             0 |             0 |             0 |             0 |             0 |             0 |             0 |             0 |             0 |             0 |             0 |             0 |             0 |             0 |             0 |             0 |             0 |             0 |             0 |             0 |             0 |             0 |             0 |             0 |             0 |             0 |             0 |             0 |             0 |             0 |             0 |              0 |              0 |              0 |              0 |              0 |              0 |              0 |              0 |              0 |              0 |              0 |              0 |              0 |              0 |              0 |              0 |              0 |              0 |              0 |              0 |              0 |              0 |              0 |              0 |              0 |              0 |              0 |              0 |              0 |              0 |              0 |              0 |              0 |              0 |              0 |              0 |              0 |              0 |              0 |              0 |              0 |              0 |              0 |              0 |              0 |              0 |              0 |              0 |   118340436137 |              0 |              0 |              0 |              0 |              0 |              0 |              0 |              0 |              0 |              0 |              0 |              0 |              0 |              0 |              0 |              0 |              0 |              0 |              0 |              0 |              0 |              0 |              0 |              0 |              0 |              0 |              0 |              0 |              0 |              0 |              0 |
|      CAS_CMD_WR      |  UMC5C1 |   134029939623 |             0 |             0 |             0 |             0 |             0 |             0 |             0 |             0 |             0 |             0 |             0 |             0 |             0 |             0 |             0 |             0 |             0 |             0 |             0 |             0 |             0 |             0 |             0 |             0 |             0 |             0 |             0 |             0 |             0 |             0 |             0 |             0 |             0 |             0 |             0 |             0 |             0 |             0 |             0 |             0 |             0 |             0 |             0 |             0 |             0 |             0 |             0 |              0 |              0 |              0 |              0 |              0 |              0 |              0 |              0 |              0 |              0 |              0 |              0 |              0 |              0 |              0 |              0 |              0 |              0 |              0 |              0 |              0 |              0 |              0 |              0 |              0 |              0 |              0 |              0 |              0 |              0 |              0 |              0 |              0 |              0 |              0 |              0 |              0 |              0 |              0 |              0 |              0 |              0 |              0 |              0 |              0 |              0 |              0 |              0 |    40084135606 |              0 |              0 |              0 |              0 |              0 |              0 |              0 |              0 |              0 |              0 |              0 |              0 |              0 |              0 |              0 |              0 |              0 |              0 |              0 |              0 |              0 |              0 |              0 |              0 |              0 |              0 |              0 |              0 |              0 |              0 |              0 |
|      CAS_CMD_RD      |  UMC6C0 |   313244544530 |             0 |             0 |             0 |             0 |             0 |             0 |             0 |             0 |             0 |             0 |             0 |             0 |             0 |             0 |             0 |             0 |             0 |             0 |             0 |             0 |             0 |             0 |             0 |             0 |             0 |             0 |             0 |             0 |             0 |             0 |             0 |             0 |             0 |             0 |             0 |             0 |             0 |             0 |             0 |             0 |             0 |             0 |             0 |             0 |             0 |             0 |             0 |              0 |              0 |              0 |              0 |              0 |              0 |              0 |              0 |              0 |              0 |              0 |              0 |              0 |              0 |              0 |              0 |              0 |              0 |              0 |              0 |              0 |              0 |              0 |              0 |              0 |              0 |              0 |              0 |              0 |              0 |              0 |              0 |              0 |              0 |              0 |              0 |              0 |              0 |              0 |              0 |              0 |              0 |              0 |              0 |              0 |              0 |              0 |              0 |   118102573916 |              0 |              0 |              0 |              0 |              0 |              0 |              0 |              0 |              0 |              0 |              0 |              0 |              0 |              0 |              0 |              0 |              0 |              0 |              0 |              0 |              0 |              0 |              0 |              0 |              0 |              0 |              0 |              0 |              0 |              0 |              0 |
|      CAS_CMD_WR      |  UMC6C1 |   133867603862 |             0 |             0 |             0 |             0 |             0 |             0 |             0 |             0 |             0 |             0 |             0 |             0 |             0 |             0 |             0 |             0 |             0 |             0 |             0 |             0 |             0 |             0 |             0 |             0 |             0 |             0 |             0 |             0 |             0 |             0 |             0 |             0 |             0 |             0 |             0 |             0 |             0 |             0 |             0 |             0 |             0 |             0 |             0 |             0 |             0 |             0 |             0 |              0 |              0 |              0 |              0 |              0 |              0 |              0 |              0 |              0 |              0 |              0 |              0 |              0 |              0 |              0 |              0 |              0 |              0 |              0 |              0 |              0 |              0 |              0 |              0 |              0 |              0 |              0 |              0 |              0 |              0 |              0 |              0 |              0 |              0 |              0 |              0 |              0 |              0 |              0 |              0 |              0 |              0 |              0 |              0 |              0 |              0 |              0 |              0 |    40098850710 |              0 |              0 |              0 |              0 |              0 |              0 |              0 |              0 |              0 |              0 |              0 |              0 |              0 |              0 |              0 |              0 |              0 |              0 |              0 |              0 |              0 |              0 |              0 |              0 |              0 |              0 |              0 |              0 |              0 |              0 |              0 |
|      CAS_CMD_RD      |  UMC7C0 |   316699486350 |             0 |             0 |             0 |             0 |             0 |             0 |             0 |             0 |             0 |             0 |             0 |             0 |             0 |             0 |             0 |             0 |             0 |             0 |             0 |             0 |             0 |             0 |             0 |             0 |             0 |             0 |             0 |             0 |             0 |             0 |             0 |             0 |             0 |             0 |             0 |             0 |             0 |             0 |             0 |             0 |             0 |             0 |             0 |             0 |             0 |             0 |             0 |              0 |              0 |              0 |              0 |              0 |              0 |              0 |              0 |              0 |              0 |              0 |              0 |              0 |              0 |              0 |              0 |              0 |              0 |              0 |              0 |              0 |              0 |              0 |              0 |              0 |              0 |              0 |              0 |              0 |              0 |              0 |              0 |              0 |              0 |              0 |              0 |              0 |              0 |              0 |              0 |              0 |              0 |              0 |              0 |              0 |              0 |              0 |              0 |   118582852014 |              0 |              0 |              0 |              0 |              0 |              0 |              0 |              0 |              0 |              0 |              0 |              0 |              0 |              0 |              0 |              0 |              0 |              0 |              0 |              0 |              0 |              0 |              0 |              0 |              0 |              0 |              0 |              0 |              0 |              0 |              0 |
|      CAS_CMD_WR      |  UMC7C1 |   133779354142 |             0 |             0 |             0 |             0 |             0 |             0 |             0 |             0 |             0 |             0 |             0 |             0 |             0 |             0 |             0 |             0 |             0 |             0 |             0 |             0 |             0 |             0 |             0 |             0 |             0 |             0 |             0 |             0 |             0 |             0 |             0 |             0 |             0 |             0 |             0 |             0 |             0 |             0 |             0 |             0 |             0 |             0 |             0 |             0 |             0 |             0 |             0 |              0 |              0 |              0 |              0 |              0 |              0 |              0 |              0 |              0 |              0 |              0 |              0 |              0 |              0 |              0 |              0 |              0 |              0 |              0 |              0 |              0 |              0 |              0 |              0 |              0 |              0 |              0 |              0 |              0 |              0 |              0 |              0 |              0 |              0 |              0 |              0 |              0 |              0 |              0 |              0 |              0 |              0 |              0 |              0 |              0 |              0 |              0 |              0 |    40097734722 |              0 |              0 |              0 |              0 |              0 |              0 |              0 |              0 |              0 |              0 |              0 |              0 |              0 |              0 |              0 |              0 |              0 |              0 |              0 |              0 |              0 |              0 |              0 |              0 |              0 |              0 |              0 |              0 |              0 |              0 |              0 |
|      CAS_CMD_RD      |  UMC8C0 |   318997857490 |             0 |             0 |             0 |             0 |             0 |             0 |             0 |             0 |             0 |             0 |             0 |             0 |             0 |             0 |             0 |             0 |             0 |             0 |             0 |             0 |             0 |             0 |             0 |             0 |             0 |             0 |             0 |             0 |             0 |             0 |             0 |             0 |             0 |             0 |             0 |             0 |             0 |             0 |             0 |             0 |             0 |             0 |             0 |             0 |             0 |             0 |             0 |              0 |              0 |              0 |              0 |              0 |              0 |              0 |              0 |              0 |              0 |              0 |              0 |              0 |              0 |              0 |              0 |              0 |              0 |              0 |              0 |              0 |              0 |              0 |              0 |              0 |              0 |              0 |              0 |              0 |              0 |              0 |              0 |              0 |              0 |              0 |              0 |              0 |              0 |              0 |              0 |              0 |              0 |              0 |              0 |              0 |              0 |              0 |              0 |   117564241718 |              0 |              0 |              0 |              0 |              0 |              0 |              0 |              0 |              0 |              0 |              0 |              0 |              0 |              0 |              0 |              0 |              0 |              0 |              0 |              0 |              0 |              0 |              0 |              0 |              0 |              0 |              0 |              0 |              0 |              0 |              0 |
|      CAS_CMD_WR      |  UMC8C1 |   133896232508 |             0 |             0 |             0 |             0 |             0 |             0 |             0 |             0 |             0 |             0 |             0 |             0 |             0 |             0 |             0 |             0 |             0 |             0 |             0 |             0 |             0 |             0 |             0 |             0 |             0 |             0 |             0 |             0 |             0 |             0 |             0 |             0 |             0 |             0 |             0 |             0 |             0 |             0 |             0 |             0 |             0 |             0 |             0 |             0 |             0 |             0 |             0 |              0 |              0 |              0 |              0 |              0 |              0 |              0 |              0 |              0 |              0 |              0 |              0 |              0 |              0 |              0 |              0 |              0 |              0 |              0 |              0 |              0 |              0 |              0 |              0 |              0 |              0 |              0 |              0 |              0 |              0 |              0 |              0 |              0 |              0 |              0 |              0 |              0 |              0 |              0 |              0 |              0 |              0 |              0 |              0 |              0 |              0 |              0 |              0 |    40060907482 |              0 |              0 |              0 |              0 |              0 |              0 |              0 |              0 |              0 |              0 |              0 |              0 |              0 |              0 |              0 |              0 |              0 |              0 |              0 |              0 |              0 |              0 |              0 |              0 |              0 |              0 |              0 |              0 |              0 |              0 |              0 |
|      CAS_CMD_RD      |  UMC9C0 |   315836294427 |             0 |             0 |             0 |             0 |             0 |             0 |             0 |             0 |             0 |             0 |             0 |             0 |             0 |             0 |             0 |             0 |             0 |             0 |             0 |             0 |             0 |             0 |             0 |             0 |             0 |             0 |             0 |             0 |             0 |             0 |             0 |             0 |             0 |             0 |             0 |             0 |             0 |             0 |             0 |             0 |             0 |             0 |             0 |             0 |             0 |             0 |             0 |              0 |              0 |              0 |              0 |              0 |              0 |              0 |              0 |              0 |              0 |              0 |              0 |              0 |              0 |              0 |              0 |              0 |              0 |              0 |              0 |              0 |              0 |              0 |              0 |              0 |              0 |              0 |              0 |              0 |              0 |              0 |              0 |              0 |              0 |              0 |              0 |              0 |              0 |              0 |              0 |              0 |              0 |              0 |              0 |              0 |              0 |              0 |              0 |   118509689800 |              0 |              0 |              0 |              0 |              0 |              0 |              0 |              0 |              0 |              0 |              0 |              0 |              0 |              0 |              0 |              0 |              0 |              0 |              0 |              0 |              0 |              0 |              0 |              0 |              0 |              0 |              0 |              0 |              0 |              0 |              0 |
|      CAS_CMD_WR      |  UMC9C1 |   133788911787 |             0 |             0 |             0 |             0 |             0 |             0 |             0 |             0 |             0 |             0 |             0 |             0 |             0 |             0 |             0 |             0 |             0 |             0 |             0 |             0 |             0 |             0 |             0 |             0 |             0 |             0 |             0 |             0 |             0 |             0 |             0 |             0 |             0 |             0 |             0 |             0 |             0 |             0 |             0 |             0 |             0 |             0 |             0 |             0 |             0 |             0 |             0 |              0 |              0 |              0 |              0 |              0 |              0 |              0 |              0 |              0 |              0 |              0 |              0 |              0 |              0 |              0 |              0 |              0 |              0 |              0 |              0 |              0 |              0 |              0 |              0 |              0 |              0 |              0 |              0 |              0 |              0 |              0 |              0 |              0 |              0 |              0 |              0 |              0 |              0 |              0 |              0 |              0 |              0 |              0 |              0 |              0 |              0 |              0 |              0 |    40104225869 |              0 |              0 |              0 |              0 |              0 |              0 |              0 |              0 |              0 |              0 |              0 |              0 |              0 |              0 |              0 |              0 |              0 |              0 |              0 |              0 |              0 |              0 |              0 |              0 |              0 |              0 |              0 |              0 |              0 |              0 |              0 |
|      CAS_CMD_RD      | UMC10C0 |   315357327926 |             0 |             0 |             0 |             0 |             0 |             0 |             0 |             0 |             0 |             0 |             0 |             0 |             0 |             0 |             0 |             0 |             0 |             0 |             0 |             0 |             0 |             0 |             0 |             0 |             0 |             0 |             0 |             0 |             0 |             0 |             0 |             0 |             0 |             0 |             0 |             0 |             0 |             0 |             0 |             0 |             0 |             0 |             0 |             0 |             0 |             0 |             0 |              0 |              0 |              0 |              0 |              0 |              0 |              0 |              0 |              0 |              0 |              0 |              0 |              0 |              0 |              0 |              0 |              0 |              0 |              0 |              0 |              0 |              0 |              0 |              0 |              0 |              0 |              0 |              0 |              0 |              0 |              0 |              0 |              0 |              0 |              0 |              0 |              0 |              0 |              0 |              0 |              0 |              0 |              0 |              0 |              0 |              0 |              0 |              0 |   118576134351 |              0 |              0 |              0 |              0 |              0 |              0 |              0 |              0 |              0 |              0 |              0 |              0 |              0 |              0 |              0 |              0 |              0 |              0 |              0 |              0 |              0 |              0 |              0 |              0 |              0 |              0 |              0 |              0 |              0 |              0 |              0 |
|      CAS_CMD_WR      | UMC10C1 |   133758008339 |             0 |             0 |             0 |             0 |             0 |             0 |             0 |             0 |             0 |             0 |             0 |             0 |             0 |             0 |             0 |             0 |             0 |             0 |             0 |             0 |             0 |             0 |             0 |             0 |             0 |             0 |             0 |             0 |             0 |             0 |             0 |             0 |             0 |             0 |             0 |             0 |             0 |             0 |             0 |             0 |             0 |             0 |             0 |             0 |             0 |             0 |             0 |              0 |              0 |              0 |              0 |              0 |              0 |              0 |              0 |              0 |              0 |              0 |              0 |              0 |              0 |              0 |              0 |              0 |              0 |              0 |              0 |              0 |              0 |              0 |              0 |              0 |              0 |              0 |              0 |              0 |              0 |              0 |              0 |              0 |              0 |              0 |              0 |              0 |              0 |              0 |              0 |              0 |              0 |              0 |              0 |              0 |              0 |              0 |              0 |    40105393947 |              0 |              0 |              0 |              0 |              0 |              0 |              0 |              0 |              0 |              0 |              0 |              0 |              0 |              0 |              0 |              0 |              0 |              0 |              0 |              0 |              0 |              0 |              0 |              0 |              0 |              0 |              0 |              0 |              0 |              0 |              0 |
|      CAS_CMD_RD      | UMC11C0 |   317343814826 |             0 |             0 |             0 |             0 |             0 |             0 |             0 |             0 |             0 |             0 |             0 |             0 |             0 |             0 |             0 |             0 |             0 |             0 |             0 |             0 |             0 |             0 |             0 |             0 |             0 |             0 |             0 |             0 |             0 |             0 |             0 |             0 |             0 |             0 |             0 |             0 |             0 |             0 |             0 |             0 |             0 |             0 |             0 |             0 |             0 |             0 |             0 |              0 |              0 |              0 |              0 |              0 |              0 |              0 |              0 |              0 |              0 |              0 |              0 |              0 |              0 |              0 |              0 |              0 |              0 |              0 |              0 |              0 |              0 |              0 |              0 |              0 |              0 |              0 |              0 |              0 |              0 |              0 |              0 |              0 |              0 |              0 |              0 |              0 |              0 |              0 |              0 |              0 |              0 |              0 |              0 |              0 |              0 |              0 |              0 |   117703077645 |              0 |              0 |              0 |              0 |              0 |              0 |              0 |              0 |              0 |              0 |              0 |              0 |              0 |              0 |              0 |              0 |              0 |              0 |              0 |              0 |              0 |              0 |              0 |              0 |              0 |              0 |              0 |              0 |              0 |              0 |              0 |
|      CAS_CMD_WR      | UMC11C1 |   133767565690 |             0 |             0 |             0 |             0 |             0 |             0 |             0 |             0 |             0 |             0 |             0 |             0 |             0 |             0 |             0 |             0 |             0 |             0 |             0 |             0 |             0 |             0 |             0 |             0 |             0 |             0 |             0 |             0 |             0 |             0 |             0 |             0 |             0 |             0 |             0 |             0 |             0 |             0 |             0 |             0 |             0 |             0 |             0 |             0 |             0 |             0 |             0 |              0 |              0 |              0 |              0 |              0 |              0 |              0 |              0 |              0 |              0 |              0 |              0 |              0 |              0 |              0 |              0 |              0 |              0 |              0 |              0 |              0 |              0 |              0 |              0 |              0 |              0 |              0 |              0 |              0 |              0 |              0 |              0 |              0 |              0 |              0 |              0 |              0 |              0 |              0 |              0 |              0 |              0 |              0 |              0 |              0 |              0 |              0 |              0 |    40089438402 |              0 |              0 |              0 |              0 |              0 |              0 |              0 |              0 |              0 |              0 |              0 |              0 |              0 |              0 |              0 |              0 |              0 |              0 |              0 |              0 |              0 |              0 |              0 |              0 |              0 |              0 |              0 |              0 |              0 |              0 |              0 |
+----------------------+---------+----------------+---------------+---------------+---------------+---------------+---------------+---------------+---------------+---------------+---------------+---------------+---------------+---------------+---------------+---------------+---------------+---------------+---------------+---------------+---------------+---------------+---------------+---------------+---------------+---------------+---------------+---------------+---------------+---------------+---------------+---------------+---------------+---------------+---------------+---------------+---------------+---------------+---------------+---------------+---------------+---------------+---------------+---------------+---------------+---------------+---------------+---------------+---------------+----------------+----------------+----------------+----------------+----------------+----------------+----------------+----------------+----------------+----------------+----------------+----------------+----------------+----------------+----------------+----------------+----------------+----------------+----------------+----------------+----------------+----------------+----------------+----------------+----------------+----------------+----------------+----------------+----------------+----------------+----------------+----------------+----------------+----------------+----------------+----------------+----------------+----------------+----------------+----------------+----------------+----------------+----------------+----------------+----------------+----------------+----------------+----------------+----------------+----------------+----------------+----------------+----------------+----------------+----------------+----------------+----------------+----------------+----------------+----------------+----------------+----------------+----------------+----------------+----------------+----------------+----------------+----------------+----------------+----------------+----------------+----------------+----------------+----------------+----------------+----------------+----------------+----------------+----------------+----------------+

+---------------------------+---------+------------------+---------------+----------------+--------------+
|           Event           | Counter |        Sum       |      Min      |       Max      |      Avg     |
+---------------------------+---------+------------------+---------------+----------------+--------------+
|   ACTUAL_CPU_CLOCK STAT   |  FIXC1  | 1380095356090107 | 6877347432473 | 13131193725499 |      nil     |
|     MAX_CPU_CLOCK STAT    |  FIXC2  | 1021704262769112 | 6093620080080 |  9844030556334 | 7.982065e+12 |
| RETIRED_INSTRUCTIONS STAT |   PMC0  |  871720189188275 | 6542682043414 |  9901943644891 | 6.810314e+12 |
|  CPU_CLOCKS_UNHALTED STAT |   PMC1  | 1269518755380263 | 6371266856386 | 12188883646234 | 9.918115e+12 |
|      CAS_CMD_RD STAT      |  UMC0C0 |     432155550694 |             0 |   313190318323 | 3.376215e+09 |
|      CAS_CMD_WR STAT      |  UMC0C1 |     174016406682 |             0 |   133924140312 | 1.359503e+09 |
|      CAS_CMD_RD STAT      |  UMC1C0 |     431423492016 |             0 |   312274312900 | 3.370496e+09 |
|      CAS_CMD_WR STAT      |  UMC1C1 |     174071902788 |             0 |   133984296416 | 1.359937e+09 |
|      CAS_CMD_RD STAT      |  UMC2C0 |     433630369440 |             0 |   315533815824 | 3.387737e+09 |
|      CAS_CMD_WR STAT      |  UMC2C1 |     174034449365 |             0 |   133967927034 | 1.359644e+09 |
|      CAS_CMD_RD STAT      |  UMC3C0 |     432890636982 |             0 |   313551860558 | 3.381958e+09 |
|      CAS_CMD_WR STAT      |  UMC3C1 |     174179671971 |             0 |   134065179383 | 1.360779e+09 |
|      CAS_CMD_RD STAT      |  UMC4C0 |     432542241126 |             0 |   312842604408 | 3.379236e+09 |
|      CAS_CMD_WR STAT      |  UMC4C1 |     173982301429 |             0 |   133884279900 | 1.359237e+09 |
|      CAS_CMD_RD STAT      |  UMC5C0 |     434240447955 |             0 |   315900011818 | 3.392503e+09 |
|      CAS_CMD_WR STAT      |  UMC5C1 |     174114075229 |             0 |   134029939623 | 1.360266e+09 |
|      CAS_CMD_RD STAT      |  UMC6C0 |     431347118446 |             0 |   313244544530 | 3.369899e+09 |
|      CAS_CMD_WR STAT      |  UMC6C1 |     173966454572 |             0 |   133867603862 | 1.359113e+09 |
|      CAS_CMD_RD STAT      |  UMC7C0 |     435282338364 |             0 |   316699486350 | 3.400643e+09 |
|      CAS_CMD_WR STAT      |  UMC7C1 |     173877088864 |             0 |   133779354142 | 1.358415e+09 |
|      CAS_CMD_RD STAT      |  UMC8C0 |     436562099208 |             0 |   318997857490 | 3.410641e+09 |
|      CAS_CMD_WR STAT      |  UMC8C1 |     173957139990 |             0 |   133896232508 | 1.359040e+09 |
|      CAS_CMD_RD STAT      |  UMC9C0 |     434345984227 |             0 |   315836294427 | 3.393328e+09 |
|      CAS_CMD_WR STAT      |  UMC9C1 |     173893137656 |             0 |   133788911787 | 1.358540e+09 |
|      CAS_CMD_RD STAT      | UMC10C0 |     433933462277 |             0 |   315357327926 | 3.390105e+09 |
|      CAS_CMD_WR STAT      | UMC10C1 |     173863402286 |             0 |   133758008339 | 1.358308e+09 |
|      CAS_CMD_RD STAT      | UMC11C0 |     435046892471 |             0 |   317343814826 | 3.398804e+09 |
|      CAS_CMD_WR STAT      | UMC11C1 |     173857004092 |             0 |   133767565690 | 1.358258e+09 |
+---------------------------+---------+------------------+---------------+----------------+--------------+

+-----------------------------------+-------------+------------+------------+------------+------------+------------+------------+------------+------------+------------+-------------+-------------+-------------+-------------+-------------+-------------+-------------+-------------+-------------+-------------+-------------+-------------+-------------+-------------+-------------+-------------+-------------+-------------+-------------+-------------+-------------+-------------+-------------+-------------+-------------+-------------+-------------+-------------+-------------+-------------+-------------+-------------+-------------+-------------+-------------+-------------+-------------+-------------+-------------+-------------+-------------+-------------+-------------+-------------+-------------+-------------+-------------+-------------+-------------+-------------+-------------+-------------+-------------+-------------+-------------+-------------+-------------+-------------+-------------+-------------+-------------+-------------+-------------+-------------+-------------+-------------+-------------+-------------+-------------+-------------+-------------+-------------+-------------+-------------+-------------+-------------+-------------+-------------+-------------+-------------+-------------+-------------+-------------+-------------+-------------+-------------+-------------+-------------+-------------+-------------+--------------+--------------+--------------+--------------+--------------+--------------+--------------+--------------+--------------+--------------+--------------+--------------+--------------+--------------+--------------+--------------+--------------+--------------+--------------+--------------+--------------+--------------+--------------+--------------+--------------+--------------+--------------+--------------+
|               Metric              |  HWThread 0 | HWThread 1 | HWThread 2 | HWThread 3 | HWThread 4 | HWThread 5 | HWThread 6 | HWThread 7 | HWThread 8 | HWThread 9 | HWThread 10 | HWThread 11 | HWThread 12 | HWThread 13 | HWThread 14 | HWThread 15 | HWThread 16 | HWThread 17 | HWThread 18 | HWThread 19 | HWThread 20 | HWThread 21 | HWThread 22 | HWThread 23 | HWThread 24 | HWThread 25 | HWThread 26 | HWThread 27 | HWThread 28 | HWThread 29 | HWThread 30 | HWThread 31 | HWThread 32 | HWThread 33 | HWThread 34 | HWThread 35 | HWThread 36 | HWThread 37 | HWThread 38 | HWThread 39 | HWThread 40 | HWThread 41 | HWThread 42 | HWThread 43 | HWThread 44 | HWThread 45 | HWThread 46 | HWThread 47 | HWThread 48 | HWThread 49 | HWThread 50 | HWThread 51 | HWThread 52 | HWThread 53 | HWThread 54 | HWThread 55 | HWThread 56 | HWThread 57 | HWThread 58 | HWThread 59 | HWThread 60 | HWThread 61 | HWThread 62 | HWThread 63 | HWThread 64 | HWThread 65 | HWThread 66 | HWThread 67 | HWThread 68 | HWThread 69 | HWThread 70 | HWThread 71 | HWThread 72 | HWThread 73 | HWThread 74 | HWThread 75 | HWThread 76 | HWThread 77 | HWThread 78 | HWThread 79 | HWThread 80 | HWThread 81 | HWThread 82 | HWThread 83 | HWThread 84 | HWThread 85 | HWThread 86 | HWThread 87 | HWThread 88 | HWThread 89 | HWThread 90 | HWThread 91 | HWThread 92 | HWThread 93 | HWThread 94 | HWThread 95 | HWThread 96 | HWThread 97 | HWThread 98 | HWThread 99 | HWThread 100 | HWThread 101 | HWThread 102 | HWThread 103 | HWThread 104 | HWThread 105 | HWThread 106 | HWThread 107 | HWThread 108 | HWThread 109 | HWThread 110 | HWThread 111 | HWThread 112 | HWThread 113 | HWThread 114 | HWThread 115 | HWThread 116 | HWThread 117 | HWThread 118 | HWThread 119 | HWThread 120 | HWThread 121 | HWThread 122 | HWThread 123 | HWThread 124 | HWThread 125 | HWThread 126 | HWThread 127 |
+-----------------------------------+-------------+------------+------------+------------+------------+------------+------------+------------+------------+------------+-------------+-------------+-------------+-------------+-------------+-------------+-------------+-------------+-------------+-------------+-------------+-------------+-------------+-------------+-------------+-------------+-------------+-------------+-------------+-------------+-------------+-------------+-------------+-------------+-------------+-------------+-------------+-------------+-------------+-------------+-------------+-------------+-------------+-------------+-------------+-------------+-------------+-------------+-------------+-------------+-------------+-------------+-------------+-------------+-------------+-------------+-------------+-------------+-------------+-------------+-------------+-------------+-------------+-------------+-------------+-------------+-------------+-------------+-------------+-------------+-------------+-------------+-------------+-------------+-------------+-------------+-------------+-------------+-------------+-------------+-------------+-------------+-------------+-------------+-------------+-------------+-------------+-------------+-------------+-------------+-------------+-------------+-------------+-------------+-------------+-------------+-------------+-------------+-------------+-------------+--------------+--------------+--------------+--------------+--------------+--------------+--------------+--------------+--------------+--------------+--------------+--------------+--------------+--------------+--------------+--------------+--------------+--------------+--------------+--------------+--------------+--------------+--------------+--------------+--------------+--------------+--------------+--------------+
|        Runtime (RDTSC) [s]        |   4699.9444 |  4699.9444 |  4699.9444 |  4699.9444 |  4699.9444 |  4699.9444 |  4699.9444 |  4699.9444 |  4699.9444 |  4699.9444 |   4699.9444 |   4699.9444 |   4699.9444 |   4699.9444 |   4699.9444 |   4699.9444 |   4699.9444 |   4699.9444 |   4699.9444 |   4699.9444 |   4699.9444 |   4699.9444 |   4699.9444 |   4699.9444 |   4699.9444 |   4699.9444 |   4699.9444 |   4699.9444 |   4699.9444 |   4699.9444 |   4699.9444 |   4699.9444 |   4699.9444 |   4699.9444 |   4699.9444 |   4699.9444 |   4699.9444 |   4699.9444 |   4699.9444 |   4699.9444 |   4699.9444 |   4699.9444 |   4699.9444 |   4699.9444 |   4699.9444 |   4699.9444 |   4699.9444 |   4699.9444 |   4699.9444 |   4699.9444 |   4699.9444 |   4699.9444 |   4699.9444 |   4699.9444 |   4699.9444 |   4699.9444 |   4699.9444 |   4699.9444 |   4699.9444 |   4699.9444 |   4699.9444 |   4699.9444 |   4699.9444 |   4699.9444 |   4699.9444 |   4699.9444 |   4699.9444 |   4699.9444 |   4699.9444 |   4699.9444 |   4699.9444 |   4699.9444 |   4699.9444 |   4699.9444 |   4699.9444 |   4699.9444 |   4699.9444 |   4699.9444 |   4699.9444 |   4699.9444 |   4699.9444 |   4699.9444 |   4699.9444 |   4699.9444 |   4699.9444 |   4699.9444 |   4699.9444 |   4699.9444 |   4699.9444 |   4699.9444 |   4699.9444 |   4699.9444 |   4699.9444 |   4699.9444 |   4699.9444 |   4699.9444 |   4699.9444 |   4699.9444 |   4699.9444 |   4699.9444 |    4699.9444 |    4699.9444 |    4699.9444 |    4699.9444 |    4699.9444 |    4699.9444 |    4699.9444 |    4699.9444 |    4699.9444 |    4699.9444 |    4699.9444 |    4699.9444 |    4699.9444 |    4699.9444 |    4699.9444 |    4699.9444 |    4699.9444 |    4699.9444 |    4699.9444 |    4699.9444 |    4699.9444 |    4699.9444 |    4699.9444 |    4699.9444 |    4699.9444 |    4699.9444 |    4699.9444 |    4699.9444 |
|        Runtime unhalted [s]       |   5050.4735 |  3035.7479 |  2999.0181 |  2999.5850 |  3002.4627 |  3001.4376 |  3028.2910 |  3027.2539 |  2757.3227 |  2734.1517 |   2645.1411 |   2669.0885 |   2670.0058 |   2680.9681 |   2684.1315 |   2702.8425 |   2721.6541 |   2665.5268 |   2691.4693 |   2671.1136 |   2705.6220 |   2724.3570 |   2701.0103 |   2756.9170 |   3281.2432 |   3246.9832 |   3236.1510 |   3254.4312 |   3292.7515 |   3273.5742 |   3316.0510 |   3325.0508 |   3127.7043 |   3059.8328 |   3052.9943 |   3099.4755 |   3121.0630 |   3143.4968 |   3171.4140 |   3185.0074 |   3193.2715 |   3189.2145 |   3156.6192 |   3190.5862 |   3213.9794 |   3229.5739 |   3237.2917 |   3256.7866 |   4748.9407 |   4724.9949 |   4723.0423 |   4737.5280 |   4753.2788 |   4758.6297 |   4754.3985 |   4772.4422 |   4496.6040 |   4548.4070 |   4523.4470 |   4483.6666 |   4527.8390 |   4596.0574 |   4548.1296 |   4610.9440 |   4626.6654 |   4614.7767 |   4618.2469 |   4639.3786 |   4651.4225 |   4635.8926 |   4659.9560 |   4678.7792 |   4832.4635 |   4820.0042 |   4814.9254 |   4828.2985 |   4832.5010 |   4837.9018 |   4836.4635 |   4840.1161 |   4687.0523 |   4673.8330 |   4672.3507 |   4694.8032 |   4693.2381 |   4701.7295 |   4702.6588 |   4710.5236 |   4716.8218 |   4707.6981 |   4701.4190 |   4722.9195 |   4726.1749 |   4726.9496 |   4736.2890 |   4740.9554 |   4993.0697 |   4981.7231 |   4978.3744 |   4985.2352 |    4980.4192 |    4977.8575 |    4978.6874 |    4974.1738 |    4976.4070 |    4977.5756 |    4973.7778 |    4987.6200 |    4972.6721 |    4975.1866 |    4972.0367 |    4976.5543 |    4993.5278 |    4983.8939 |    4979.4764 |    4976.1252 |    4975.0377 |    4980.0326 |    4978.2776 |    4980.3801 |    4979.8869 |    4969.1774 |    4968.4859 |    4968.5655 |    4969.4055 |    4971.8825 |    4967.5451 |    4932.6464 |
|            Clock [MHz]            |   3468.1939 |  3086.9857 |  3093.0243 |  3090.7316 |  3093.8168 |  3096.0543 |  3109.3520 |  3110.2132 |  2989.8049 |  2979.4275 |   2934.3891 |   2942.1225 |   2942.1450 |   2947.0494 |   2948.5888 |   2961.9559 |   2970.2715 |   2944.6919 |   2953.0606 |   2948.3071 |   2963.6725 |   2972.6773 |   2960.0975 |   2984.2859 |   3240.8500 |   3231.2072 |   3219.2351 |   3225.9064 |   3247.2695 |   3244.0413 |   3255.1625 |   3264.3936 |   3171.2850 |   3139.2684 |   3137.6090 |   3158.5598 |   3168.6119 |   3176.8790 |   3193.4331 |   3201.6221 |   3201.8485 |   3199.6830 |   3182.3776 |   3200.7866 |   3212.4559 |   3221.3156 |   3219.7795 |   3230.3018 |   3682.6996 |   3681.6233 |   3682.4281 |   3682.0014 |   3682.6666 |   3682.6331 |   3682.8441 |   3683.1004 |   3647.4104 |   3668.5431 |   3662.8076 |   3649.3463 |   3659.7634 |   3677.2216 |   3662.7792 |   3674.5600 |   3684.3955 |   3683.0967 |   3684.8420 |   3683.0464 |   3683.8883 |   3683.7118 |   3684.7824 |   3684.8901 |   3683.7195 |   3685.1537 |   3685.5247 |   3684.4307 |   3685.1540 |   3684.9393 |   3685.3533 |   3686.2734 |   3686.8297 |   3688.4277 |   3689.2178 |   3685.8842 |   3688.3665 |   3686.5440 |   3688.4435 |   3687.6702 |   3686.5276 |   3688.4581 |   3687.2802 |   3685.9376 |   3687.1156 |   3687.0599 |   3687.5629 |   3687.3458 |   3693.1314 |   3695.9820 |   3696.8665 |   3695.6696 |    3696.7340 |    3697.1119 |    3697.0487 |    3698.0165 |    3694.5787 |    3695.2686 |    3696.1046 |    3692.7074 |    3696.1609 |    3695.9758 |    3696.4391 |    3695.5096 |    3693.3262 |    3695.1847 |    3696.7806 |    3697.6761 |    3697.7931 |    3696.6872 |    3697.1620 |    3696.5823 |    3690.4639 |    3693.1266 |    3693.2147 |    3694.1069 |    3693.5100 |    3692.6304 |    3694.0232 |    3694.1372 |
|                CPI                |      1.0568 |     1.0620 |     1.0591 |     1.0547 |     1.0596 |     1.0590 |     1.0677 |     1.0682 |     0.9736 |     0.9644 |      0.9366 |      0.9412 |      0.9436 |      0.9465 |      0.9478 |      0.9560 |      0.9621 |      0.9453 |      0.9521 |      0.9470 |      0.9579 |      0.9627 |      0.9569 |      0.9746 |      1.1470 |      1.1404 |      1.1358 |      1.1371 |      1.1507 |      1.1490 |      1.1618 |      1.1662 |      1.0942 |      1.0729 |      1.0728 |      1.0878 |      1.0955 |      1.1012 |      1.1097 |      1.1176 |      1.1215 |      1.1195 |      1.1117 |      1.1235 |      1.1299 |      1.1358 |      1.1394 |      1.1453 |      1.6361 |      1.6301 |      1.6331 |      1.6368 |      1.6402 |      1.6415 |      1.6421 |      1.6470 |      1.5523 |      1.5720 |      1.5655 |      1.5515 |      1.5663 |      1.5872 |      1.5728 |      1.5936 |      1.6034 |      1.5996 |      1.6040 |      1.6073 |      1.6118 |      1.6081 |      1.6149 |      1.6209 |      1.6776 |      1.6746 |      1.6744 |      1.6771 |      1.6781 |      1.6814 |      1.6793 |      1.6810 |      1.6288 |      1.6265 |      1.6228 |      1.6311 |      1.6323 |      1.6330 |      1.6346 |      1.6385 |      1.6442 |      1.6430 |      1.6410 |      1.6463 |      1.6476 |      1.6498 |      1.6518 |      1.6541 |      1.8119 |      1.8122 |      1.8120 |      1.8092 |       1.8107 |       1.8112 |       1.8126 |       1.8098 |       1.7930 |       1.7915 |       1.7966 |       1.7883 |       1.7937 |       1.7954 |       1.7939 |       1.7959 |       1.8121 |       1.8100 |       1.8123 |       1.8091 |       1.8104 |       1.8115 |       1.8109 |       1.8121 |       1.8049 |       1.8036 |       1.8035 |       1.8057 |       1.8037 |       1.8051 |       1.8055 |       1.8449 |
|  Memory read bandwidth [MBytes/s] |  51483.4651 |          0 |          0 |          0 |          0 |          0 |          0 |          0 |          0 |          0 |           0 |           0 |           0 |           0 |           0 |           0 |           0 |           0 |           0 |           0 |           0 |           0 |           0 |           0 |           0 |           0 |           0 |           0 |           0 |           0 |           0 |           0 |           0 |           0 |           0 |           0 |           0 |           0 |           0 |           0 |           0 |           0 |           0 |           0 |           0 |           0 |           0 |           0 |           0 |           0 |           0 |           0 |           0 |           0 |           0 |           0 |           0 |           0 |           0 |           0 |           0 |           0 |           0 |           0 |           0 |           0 |           0 |           0 |           0 |           0 |           0 |           0 |           0 |           0 |           0 |           0 |           0 |           0 |           0 |           0 |           0 |           0 |           0 |           0 |           0 |           0 |           0 |           0 |           0 |           0 |           0 |           0 |           0 |           0 |           0 |           0 |  19372.1901 |           0 |           0 |           0 |            0 |            0 |            0 |            0 |            0 |            0 |            0 |            0 |            0 |            0 |            0 |            0 |            0 |            0 |            0 |            0 |            0 |            0 |            0 |            0 |            0 |            0 |            0 |            0 |            0 |            0 |            0 |            0 |
|  Memory read data volume [GBytes] | 241969.4240 |          0 |          0 |          0 |          0 |          0 |          0 |          0 |          0 |          0 |           0 |           0 |           0 |           0 |           0 |           0 |           0 |           0 |           0 |           0 |           0 |           0 |           0 |           0 |           0 |           0 |           0 |           0 |           0 |           0 |           0 |           0 |           0 |           0 |           0 |           0 |           0 |           0 |           0 |           0 |           0 |           0 |           0 |           0 |           0 |           0 |           0 |           0 |           0 |           0 |           0 |           0 |           0 |           0 |           0 |           0 |           0 |           0 |           0 |           0 |           0 |           0 |           0 |           0 |           0 |           0 |           0 |           0 |           0 |           0 |           0 |           0 |           0 |           0 |           0 |           0 |           0 |           0 |           0 |           0 |           0 |           0 |           0 |           0 |           0 |           0 |           0 |           0 |           0 |           0 |           0 |           0 |           0 |           0 |           0 |           0 |  91048.2166 |           0 |           0 |           0 |            0 |            0 |            0 |            0 |            0 |            0 |            0 |            0 |            0 |            0 |            0 |            0 |            0 |            0 |            0 |            0 |            0 |            0 |            0 |            0 |            0 |            0 |            0 |            0 |            0 |            0 |            0 |            0 |
| Memory write bandwidth [MBytes/s] |  21878.9099 |          0 |          0 |          0 |          0 |          0 |          0 |          0 |          0 |          0 |           0 |           0 |           0 |           0 |           0 |           0 |           0 |           0 |           0 |           0 |           0 |           0 |           0 |           0 |           0 |           0 |           0 |           0 |           0 |           0 |           0 |           0 |           0 |           0 |           0 |           0 |           0 |           0 |           0 |           0 |           0 |           0 |           0 |           0 |           0 |           0 |           0 |           0 |           0 |           0 |           0 |           0 |           0 |           0 |           0 |           0 |           0 |           0 |           0 |           0 |           0 |           0 |           0 |           0 |           0 |           0 |           0 |           0 |           0 |           0 |           0 |           0 |           0 |           0 |           0 |           0 |           0 |           0 |           0 |           0 |           0 |           0 |           0 |           0 |           0 |           0 |           0 |           0 |           0 |           0 |           0 |           0 |           0 |           0 |           0 |           0 |   6551.2209 |           0 |           0 |           0 |            0 |            0 |            0 |            0 |            0 |            0 |            0 |            0 |            0 |            0 |            0 |            0 |            0 |            0 |            0 |            0 |            0 |            0 |            0 |            0 |            0 |            0 |            0 |            0 |            0 |            0 |            0 |            0 |
| Memory write data volume [GBytes] | 102829.6601 |          0 |          0 |          0 |          0 |          0 |          0 |          0 |          0 |          0 |           0 |           0 |           0 |           0 |           0 |           0 |           0 |           0 |           0 |           0 |           0 |           0 |           0 |           0 |           0 |           0 |           0 |           0 |           0 |           0 |           0 |           0 |           0 |           0 |           0 |           0 |           0 |           0 |           0 |           0 |           0 |           0 |           0 |           0 |           0 |           0 |           0 |           0 |           0 |           0 |           0 |           0 |           0 |           0 |           0 |           0 |           0 |           0 |           0 |           0 |           0 |           0 |           0 |           0 |           0 |           0 |           0 |           0 |           0 |           0 |           0 |           0 |           0 |           0 |           0 |           0 |           0 |           0 |           0 |           0 |           0 |           0 |           0 |           0 |           0 |           0 |           0 |           0 |           0 |           0 |           0 |           0 |           0 |           0 |           0 |           0 |  30790.3741 |           0 |           0 |           0 |            0 |            0 |            0 |            0 |            0 |            0 |            0 |            0 |            0 |            0 |            0 |            0 |            0 |            0 |            0 |            0 |            0 |            0 |            0 |            0 |            0 |            0 |            0 |            0 |            0 |            0 |            0 |            0 |
|    Memory bandwidth [MBytes/s]    |  73362.3750 |          0 |          0 |          0 |          0 |          0 |          0 |          0 |          0 |          0 |           0 |           0 |           0 |           0 |           0 |           0 |           0 |           0 |           0 |           0 |           0 |           0 |           0 |           0 |           0 |           0 |           0 |           0 |           0 |           0 |           0 |           0 |           0 |           0 |           0 |           0 |           0 |           0 |           0 |           0 |           0 |           0 |           0 |           0 |           0 |           0 |           0 |           0 |           0 |           0 |           0 |           0 |           0 |           0 |           0 |           0 |           0 |           0 |           0 |           0 |           0 |           0 |           0 |           0 |           0 |           0 |           0 |           0 |           0 |           0 |           0 |           0 |           0 |           0 |           0 |           0 |           0 |           0 |           0 |           0 |           0 |           0 |           0 |           0 |           0 |           0 |           0 |           0 |           0 |           0 |           0 |           0 |           0 |           0 |           0 |           0 |  25923.4110 |           0 |           0 |           0 |            0 |            0 |            0 |            0 |            0 |            0 |            0 |            0 |            0 |            0 |            0 |            0 |            0 |            0 |            0 |            0 |            0 |            0 |            0 |            0 |            0 |            0 |            0 |            0 |            0 |            0 |            0 |            0 |
|    Memory data volume [GBytes]    | 344799.0841 |          0 |          0 |          0 |          0 |          0 |          0 |          0 |          0 |          0 |           0 |           0 |           0 |           0 |           0 |           0 |           0 |           0 |           0 |           0 |           0 |           0 |           0 |           0 |           0 |           0 |           0 |           0 |           0 |           0 |           0 |           0 |           0 |           0 |           0 |           0 |           0 |           0 |           0 |           0 |           0 |           0 |           0 |           0 |           0 |           0 |           0 |           0 |           0 |           0 |           0 |           0 |           0 |           0 |           0 |           0 |           0 |           0 |           0 |           0 |           0 |           0 |           0 |           0 |           0 |           0 |           0 |           0 |           0 |           0 |           0 |           0 |           0 |           0 |           0 |           0 |           0 |           0 |           0 |           0 |           0 |           0 |           0 |           0 |           0 |           0 |           0 |           0 |           0 |           0 |           0 |           0 |           0 |           0 |           0 |           0 | 121838.5907 |           0 |           0 |           0 |            0 |            0 |            0 |            0 |            0 |            0 |            0 |            0 |            0 |            0 |            0 |            0 |            0 |            0 |            0 |            0 |            0 |            0 |            0 |            0 |            0 |            0 |            0 |            0 |            0 |            0 |            0 |            0 |
+-----------------------------------+-------------+------------+------------+------------+------------+------------+------------+------------+------------+------------+-------------+-------------+-------------+-------------+-------------+-------------+-------------+-------------+-------------+-------------+-------------+-------------+-------------+-------------+-------------+-------------+-------------+-------------+-------------+-------------+-------------+-------------+-------------+-------------+-------------+-------------+-------------+-------------+-------------+-------------+-------------+-------------+-------------+-------------+-------------+-------------+-------------+-------------+-------------+-------------+-------------+-------------+-------------+-------------+-------------+-------------+-------------+-------------+-------------+-------------+-------------+-------------+-------------+-------------+-------------+-------------+-------------+-------------+-------------+-------------+-------------+-------------+-------------+-------------+-------------+-------------+-------------+-------------+-------------+-------------+-------------+-------------+-------------+-------------+-------------+-------------+-------------+-------------+-------------+-------------+-------------+-------------+-------------+-------------+-------------+-------------+-------------+-------------+-------------+-------------+--------------+--------------+--------------+--------------+--------------+--------------+--------------+--------------+--------------+--------------+--------------+--------------+--------------+--------------+--------------+--------------+--------------+--------------+--------------+--------------+--------------+--------------+--------------+--------------+--------------+--------------+--------------+--------------+

+----------------------------------------+-------------+-----------+-------------+-----------+
|                 Metric                 |     Sum     |    Min    |     Max     |    Avg    |
+----------------------------------------+-------------+-----------+-------------+-----------+
|        Runtime (RDTSC) [s] STAT        | 601592.8832 | 4699.9444 |   4699.9444 | 4699.9444 |
|        Runtime unhalted [s] STAT       | 530807.4139 | 2645.1411 |   5050.4735 | 4146.9329 |
|            Clock [MHz] STAT            | 444398.8133 | 2934.3891 |   3698.0165 | 3471.8657 |
|                CPI STAT                |    186.7119 |    0.9366 |      1.8449 |    1.4587 |
|  Memory read bandwidth [MBytes/s] STAT |  70855.6552 |         0 |  51483.4651 |  553.5598 |
|  Memory read data volume [GBytes] STAT | 333017.6406 |         0 | 241969.4240 | 2601.7003 |
| Memory write bandwidth [MBytes/s] STAT |  28430.1308 |         0 |  21878.9099 |  222.1104 |
| Memory write data volume [GBytes] STAT | 133620.0342 |         0 | 102829.6601 | 1043.9065 |
|    Memory bandwidth [MBytes/s] STAT    |  99285.7860 |         0 |  73362.3750 |  775.6702 |
|    Memory data volume [GBytes] STAT    | 466637.6748 |         0 | 344799.0841 | 3645.6068 |
+----------------------------------------+-------------+-----------+-------------+-----------+

