INFO: You are running LIKWID in a cpuset with 160 CPUs. Taking given IDs as logical ID in cpuset
--------------------------------------------------------------------------------
CPU name:	AMD EPYC 9A14 96-Core Processor                
CPU type:	AMD K19 (Zen4) architecture
CPU clock:	2.60 GHz
--------------------------------------------------------------------------------
Use symmetry. Molecule point group: Coov
Norb: 20   Ne: (7, 7)
Running RHF...
converged SCF energy = -92.8276317993651
Running FCI ...
Guessing CI wfn symmetry = 0
Num symmetry allowed elements 1502950144
tol 1e-10  toloose 1e-05
max_cycle 100  max_space 12  max_memory 683523  incore True
    CPU time for contract_2e  32842.42 sec, wall time    243.94 sec
davidson 0 1  |r|= 0.77  e= [-116.65141583]  max|de|= -117  lindep=    1
    CPU time for contract_2e  32014.04 sec, wall time    249.26 sec
davidson 1 2  |r|= 0.371  e= [-116.83564519]  max|de|= -0.184  lindep= 0.978
    CPU time for contract_2e  31970.25 sec, wall time    254.62 sec
davidson 2 3  |r|= 0.145  e= [-116.87066041]  max|de|= -0.035  lindep= 0.996
    CPU time for contract_2e  31939.16 sec, wall time    260.21 sec
davidson 3 4  |r|= 0.0579  e= [-116.87548655]  max|de|= -0.00483  lindep= 0.981
    CPU time for contract_2e  31912.75 sec, wall time    265.56 sec
davidson 4 5  |r|= 0.0283  e= [-116.87622039]  max|de|= -0.000734  lindep= 0.934
    CPU time for contract_2e  31737.87 sec, wall time    270.27 sec
davidson 5 6  |r|= 0.0133  e= [-116.8764033]  max|de|= -0.000183  lindep= 0.902
    CPU time for contract_2e  32368.86 sec, wall time    287.18 sec
davidson 6 7  |r|= 0.00565  e= [-116.87644024]  max|de|= -3.69e-05  lindep= 0.927
    CPU time for contract_2e  32227.10 sec, wall time    304.57 sec
davidson 7 8  |r|= 0.00224  e= [-116.87644619]  max|de|= -5.95e-06  lindep= 0.932
    CPU time for contract_2e  32376.09 sec, wall time    312.64 sec
davidson 8 9  |r|= 0.000882  e= [-116.87644712]  max|de|= -9.33e-07  lindep= 0.918
    CPU time for contract_2e  32190.04 sec, wall time    314.35 sec
davidson 9 10  |r|= 0.000388  e= [-116.87644727]  max|de|= -1.55e-07  lindep= 0.919
    CPU time for contract_2e  32508.59 sec, wall time    330.98 sec
davidson 10 11  |r|= 0.000183  e= [-116.8764473]  max|de|= -3.05e-08  lindep= 0.897
    CPU time for contract_2e  32713.88 sec, wall time    343.90 sec
davidson 11 12  |r|= 8.85e-05  e= [-116.87644731]  max|de|= -7.18e-09  lindep= 0.904
    CPU time for contract_2e  31762.58 sec, wall time    356.39 sec
davidson 12 1  |r|= 8.85e-05  e= [-116.87644731]  max|de|= 9.28e-12  lindep=    1
    CPU time for contract_2e  31467.42 sec, wall time    245.07 sec
davidson 13 2  |r|= 3.82e-05  e= [-116.87644731]  max|de|= -1.28e-09  lindep= 0.995
    CPU time for contract_2e  31272.02 sec, wall time    249.49 sec
davidson 14 3  |r|= 2.39e-05  e= [-116.87644731]  max|de|= -4.53e-10  lindep= 0.908
    CPU time for contract_2e  31232.08 sec, wall time    254.90 sec
davidson 15 4  |r|= 1.11e-05  e= [-116.87644731]  max|de|= -1.15e-10  lindep= 0.858
    CPU time for contract_2e  31337.53 sec, wall time    261.09 sec
root 0 converged  |r|= 4.65e-06  e= -116.8764473137199  max|de|= -2.32e-11
converged 16 5  |r|= 4.65e-06  e= [-116.87644731]  max|de|= -2.32e-11
--------------------------------------------------------------------------------
Group 1: MEM
+----------------------+---------+----------------+----------------+----------------+----------------+----------------+----------------+----------------+----------------+----------------+----------------+----------------+----------------+----------------+----------------+----------------+----------------+----------------+----------------+----------------+----------------+----------------+----------------+----------------+----------------+----------------+----------------+----------------+----------------+----------------+----------------+----------------+----------------+----------------+----------------+----------------+----------------+----------------+----------------+----------------+----------------+----------------+----------------+----------------+----------------+----------------+----------------+----------------+----------------+---------------+---------------+---------------+---------------+---------------+---------------+---------------+---------------+---------------+---------------+---------------+---------------+---------------+---------------+---------------+---------------+---------------+---------------+---------------+---------------+---------------+---------------+---------------+---------------+---------------+---------------+---------------+---------------+---------------+---------------+---------------+---------------+---------------+---------------+---------------+---------------+---------------+---------------+---------------+---------------+---------------+---------------+---------------+---------------+---------------+---------------+---------------+---------------+----------------+----------------+----------------+----------------+----------------+----------------+----------------+----------------+----------------+----------------+----------------+----------------+----------------+----------------+----------------+----------------+----------------+----------------+----------------+----------------+----------------+----------------+----------------+----------------+----------------+----------------+----------------+----------------+----------------+----------------+----------------+----------------+----------------+----------------+----------------+----------------+----------------+----------------+----------------+----------------+----------------+----------------+----------------+----------------+----------------+----------------+----------------+----------------+----------------+----------------+----------------+----------------+----------------+----------------+----------------+----------------+----------------+----------------+----------------+----------------+----------------+----------------+----------------+----------------+
|         Event        | Counter |   HWThread 0   |   HWThread 1   |   HWThread 2   |   HWThread 3   |   HWThread 4   |   HWThread 5   |   HWThread 6   |   HWThread 7   |   HWThread 8   |   HWThread 9   |   HWThread 10  |   HWThread 11  |   HWThread 12  |   HWThread 13  |   HWThread 14  |   HWThread 15  |   HWThread 16  |   HWThread 17  |   HWThread 18  |   HWThread 19  |   HWThread 20  |   HWThread 21  |   HWThread 22  |   HWThread 23  |   HWThread 24  |   HWThread 25  |   HWThread 26  |   HWThread 27  |   HWThread 28  |   HWThread 29  |   HWThread 30  |   HWThread 31  |   HWThread 32  |   HWThread 33  |   HWThread 34  |   HWThread 35  |   HWThread 36  |   HWThread 37  |   HWThread 38  |   HWThread 39  |   HWThread 40  |   HWThread 41  |   HWThread 42  |   HWThread 43  |   HWThread 44  |   HWThread 45  |   HWThread 46  |   HWThread 47  |  HWThread 48  |  HWThread 49  |  HWThread 50  |  HWThread 51  |  HWThread 52  |  HWThread 53  |  HWThread 54  |  HWThread 55  |  HWThread 56  |  HWThread 57  |  HWThread 58  |  HWThread 59  |  HWThread 60  |  HWThread 61  |  HWThread 62  |  HWThread 63  |  HWThread 64  |  HWThread 65  |  HWThread 66  |  HWThread 67  |  HWThread 68  |  HWThread 69  |  HWThread 70  |  HWThread 71  |  HWThread 72  |  HWThread 73  |  HWThread 74  |  HWThread 75  |  HWThread 76  |  HWThread 77  |  HWThread 78  |  HWThread 79  |  HWThread 80  |  HWThread 81  |  HWThread 82  |  HWThread 83  |  HWThread 84  |  HWThread 85  |  HWThread 86  |  HWThread 87  |  HWThread 88  |  HWThread 89  |  HWThread 90  |  HWThread 91  |  HWThread 92  |  HWThread 93  |  HWThread 94  |  HWThread 95  |   HWThread 96  |   HWThread 97  |   HWThread 98  |   HWThread 99  |  HWThread 100  |  HWThread 101  |  HWThread 102  |  HWThread 103  |  HWThread 104  |  HWThread 105  |  HWThread 106  |  HWThread 107  |  HWThread 108  |  HWThread 109  |  HWThread 110  |  HWThread 111  |  HWThread 112  |  HWThread 113  |  HWThread 114  |  HWThread 115  |  HWThread 116  |  HWThread 117  |  HWThread 118  |  HWThread 119  |  HWThread 120  |  HWThread 121  |  HWThread 122  |  HWThread 123  |  HWThread 124  |  HWThread 125  |  HWThread 126  |  HWThread 127  |  HWThread 128  |  HWThread 129  |  HWThread 130  |  HWThread 131  |  HWThread 132  |  HWThread 133  |  HWThread 134  |  HWThread 135  |  HWThread 136  |  HWThread 137  |  HWThread 138  |  HWThread 139  |  HWThread 140  |  HWThread 141  |  HWThread 142  |  HWThread 143  |  HWThread 144  |  HWThread 145  |  HWThread 146  |  HWThread 147  |  HWThread 148  |  HWThread 149  |  HWThread 150  |  HWThread 151  |  HWThread 152  |  HWThread 153  |  HWThread 154  |  HWThread 155  |  HWThread 156  |  HWThread 157  |  HWThread 158  |  HWThread 159  |
+----------------------+---------+----------------+----------------+----------------+----------------+----------------+----------------+----------------+----------------+----------------+----------------+----------------+----------------+----------------+----------------+----------------+----------------+----------------+----------------+----------------+----------------+----------------+----------------+----------------+----------------+----------------+----------------+----------------+----------------+----------------+----------------+----------------+----------------+----------------+----------------+----------------+----------------+----------------+----------------+----------------+----------------+----------------+----------------+----------------+----------------+----------------+----------------+----------------+----------------+---------------+---------------+---------------+---------------+---------------+---------------+---------------+---------------+---------------+---------------+---------------+---------------+---------------+---------------+---------------+---------------+---------------+---------------+---------------+---------------+---------------+---------------+---------------+---------------+---------------+---------------+---------------+---------------+---------------+---------------+---------------+---------------+---------------+---------------+---------------+---------------+---------------+---------------+---------------+---------------+---------------+---------------+---------------+---------------+---------------+---------------+---------------+---------------+----------------+----------------+----------------+----------------+----------------+----------------+----------------+----------------+----------------+----------------+----------------+----------------+----------------+----------------+----------------+----------------+----------------+----------------+----------------+----------------+----------------+----------------+----------------+----------------+----------------+----------------+----------------+----------------+----------------+----------------+----------------+----------------+----------------+----------------+----------------+----------------+----------------+----------------+----------------+----------------+----------------+----------------+----------------+----------------+----------------+----------------+----------------+----------------+----------------+----------------+----------------+----------------+----------------+----------------+----------------+----------------+----------------+----------------+----------------+----------------+----------------+----------------+----------------+----------------+
|   ACTUAL_CPU_CLOCK   |  FIXC1  | 17295200538741 | 12995008256788 | 12907358988955 | 12899068677356 | 12979048206555 | 12943578736273 | 12987107370325 | 12973799487752 | 11594133241558 | 11331212992262 | 11272834261132 | 11355936053508 | 11371033218459 | 11131413722663 | 11420946734755 | 11479745136061 | 11490983509152 | 11381466645112 | 11266070350792 | 11570457616087 | 11455381978469 | 11521405983842 | 11590574096802 | 11688287276060 | 12547784477333 | 12454677798266 | 12470606915146 | 12573425801378 | 12536672462795 | 12650956005694 | 12625258610976 | 12760175388824 | 11759016066676 | 11889459299667 | 11700300737209 | 11874522423992 | 11858834251675 | 11934635319542 | 12000627487368 | 12093739545469 | 11887725624264 | 11937992369402 | 11845605198900 | 11962610208054 | 11959093343375 | 11963356386224 | 12161928700002 | 12112058229629 | 6729751802126 | 6736052926194 | 6531187543522 | 6554260974351 | 6647937265406 | 6603531740555 | 6647310868227 | 6665084337493 | 6647057178357 | 6485328367849 | 6420231544829 | 6486825148567 | 6467456968147 | 6482805642370 | 6519800450310 | 6528708182705 | 6691082925812 | 6650745056808 | 6632328950185 | 6720771422552 | 6673513366441 | 6744966023443 | 6785157742892 | 6827553832947 | 9171269902352 | 9181594039372 | 9121664373971 | 9227333485208 | 9287419357194 | 9310723996996 | 9455137938396 | 9528477080460 | 8764731780068 | 8665617735363 | 8933855683229 | 8784254371742 | 8816210431674 | 8862642006576 | 8986834237866 | 9080067353679 | 8572258091495 | 8542166937937 | 8454541381930 | 8636824393636 | 8666259524639 | 8726378067750 | 8901003127706 | 8984608742244 | 14698726297024 | 14712844570301 | 14702499520512 | 14701091399853 | 14691728772666 | 14686002816019 | 14706228509807 | 14685126743892 | 14196152876086 | 14236812834726 | 14219250458014 | 14218399412677 | 14244858348100 | 14246179905078 | 14222148557990 | 14276368227296 | 14657766695972 | 14653108428310 | 14646518650993 | 14635151694180 | 14663967137919 | 14657872595112 | 14639978538985 | 14642296112173 | 14691465926883 | 14698401281834 | 14696094681857 | 14684078406141 | 14690576428311 | 14671496696984 | 14668026686010 | 14674652764427 | 14673134421645 | 14676453025524 | 14678377546298 | 14676400784516 | 14692018635131 | 14695341891732 | 14689771772030 | 14681517297432 | 14695190130786 | 14676919229583 | 14671519974214 | 14694224777005 | 14695728687068 | 14700458781693 | 14684200031213 | 14686221388185 | 14605741210494 | 14608346927095 | 14569716482645 | 14598742312668 | 14584720111915 | 14599404442839 | 14588027051209 | 14574677828036 | 14406185533575 | 14445266186374 | 14427222613393 | 14458922968473 | 14459055978415 | 14471969017953 | 14455214972273 | 13850963581983 |
|     MAX_CPU_CLOCK    |  FIXC2  | 12196379220610 |  9228922557790 |  9133392016658 |  9123942664980 |  9169493103784 |  9134872605820 |  9172757639214 |  9158200415546 |  8640103413890 |  8550099104196 |  8523222077006 |  8565862068426 |  8575785263552 |  8456018414194 |  8588994922612 |  8610437301492 |  8636543623474 |  8579845501968 |  8521562582390 |  8668553665590 |  8615199858538 |  8646274746564 |  8685945970624 |  8727329103714 |  9052622768670 |  9035242158566 |  9033632664810 |  9056111187318 |  9048255483228 |  9068743510372 |  9076897110918 |  9105725435274 |  8795004980320 |  8840106150174 |  8759581077000 |  8826366955406 |  8826295520198 |  8849802482820 |  8872923218510 |  8910717678122 |  8840700652498 |  8852473928584 |  8823403380220 |  8873001786584 |  8854187231604 |  8857796362220 |  8936768004710 |  8904376644826 | 6804739983314 | 6581846156340 | 6461163447830 | 6472373393928 | 6526703688648 | 6504279000024 | 6521085955072 | 6515734320550 | 6579976256412 | 6439003679394 | 6411775039306 | 6424576234284 | 6403285248802 | 6414133831976 | 6438166596966 | 6443791101748 | 6521855225912 | 6497112126908 | 6488692830126 | 6539951446132 | 6509948466502 | 6544146449308 | 6549289340984 | 6576869926198 | 7569781703796 | 7584823978160 | 7558033229500 | 7601507772144 | 7625319901264 | 7629842368278 | 7702953978668 | 7728319670604 | 7392829357316 | 7335348241416 | 7452457618736 | 7384357889714 | 7405976096688 | 7420546516656 | 7482953922678 | 7524860651074 | 7323677555688 | 7298257543252 | 7261948888350 | 7342422841390 | 7344547683590 | 7384169779584 | 7461529889138 | 7495175859444 | 10348437169304 | 10363001916540 | 10352158445694 | 10351358303520 | 10342474083162 | 10335693627532 | 10356088151890 | 10338394251588 | 10015591492088 | 10093775416218 | 10084274508490 | 10080692165206 | 10105652286080 | 10101214683560 | 10086845568852 | 10113125066044 | 10314871910876 | 10308052012726 | 10302843097326 | 10293148171696 | 10314390073520 | 10306768914468 | 10293443781062 | 10295108226312 | 10334074463518 | 10340882422520 | 10339475119688 | 10327998065398 | 10335058303674 | 10316557961502 | 10312953635088 | 10319148821280 | 10319941603920 | 10322393396328 | 10324443463906 | 10322705203252 | 10337069149706 | 10341137324856 | 10334297384242 | 10327040910836 | 10338443612640 | 10321436891896 | 10315895261230 | 10337716953200 | 10338797052610 | 10342647391596 | 10329221729008 | 10329063649658 | 10278093006948 | 10279229852398 | 10250154908474 | 10273959958314 | 10261689947314 | 10274556943768 | 10264873517444 | 10252380183266 | 10135947075228 | 10168559441300 | 10152314008668 | 10173970199822 | 10174302442694 | 10183559909094 | 10169538647424 |  9750397136220 |
| RETIRED_INSTRUCTIONS |   PMC0  |  8755910455902 |  5670246108598 |  5669555332077 |  5670697200926 |  5671713036191 |  5669459791536 |  5671803047545 |  5670246331580 |  5664148290553 |  5658353437001 |  5656622028452 |  5655703952932 |  5659749309620 |  5656750970976 |  5659439652895 |  5658530590264 |  5654765975811 |  5652796110290 |  5651536702415 |  5653963754919 |  5652928490856 |  5653552551102 |  5654798592165 |  5655179973113 |  5652014700748 |  5657820048687 |  5657229979507 |  5658022870117 |  5657922362669 |  5657876691607 |  5658559946490 |  5659280688380 |  5659439508251 |  5658708362610 |  5657798778501 |  5657723503256 |  5658218294623 |  5657801240097 |  5657446093791 |  5659847685040 |  5648042897856 |  5648063334290 |  5646814399813 |  5648379101125 |  5646428453912 |  5646412999387 |  5649722573871 |  5647784785516 | 5609385524488 | 5609512074135 | 5602328474913 | 5602764263595 | 5603945379533 | 5603237082423 | 5605088993847 | 5602199693225 | 5621927266528 | 5616021648270 | 5614962295570 | 5611206792204 | 5609233464797 | 5609988743423 | 5610702174843 | 5608644646970 | 5596126365389 | 5593124067562 | 5593558561441 | 5593449318869 | 5593082405181 | 5593795288148 | 5592501108017 | 5592927629775 | 5602599589269 | 5602765238056 | 5601871928339 | 5602776957337 | 5600838815340 | 5601508879572 | 5601188985536 | 5603372076169 | 5599933087101 | 5597993786685 | 5599030321682 | 5598399757284 | 5598372726010 | 5598218767681 | 5598841776831 | 5599120816574 | 5590265580119 | 5588434401949 | 5588842501039 | 5589262853935 | 5586886639127 | 5589368967431 | 5590725726443 | 5589669514702 |  5585281576985 |  5588524863475 |  5589124393651 |  5584610214260 |  5587066732146 |  5583940158413 |  5585045326937 |  5586883172400 |  5628711084325 |  5626422416835 |  5628742999402 |  5626860888768 |  5630199140437 |  5626618284058 |  5627498692847 |  5626785274858 |  5594971270873 |  5593217240400 |  5594833934302 |  5594192835381 |  5593559949017 |  5590147995274 |  5590491701429 |  5590987045278 |  5538831099299 |  5537981813219 |  5537426788313 |  5536407178883 |  5537205735557 |  5534667028263 |  5534415745686 |  5533070009245 |  5575325078464 |  5573996601195 |  5575504441809 |  5574199242661 |  5573451698448 |  5573467080820 |  5573619467020 |  5572100349556 |  5551397097335 |  5550699157482 |  5550864413689 |  5549746309551 |  5551005056218 |  5548591556771 |  5549367817586 |  5547303776178 |  5634481786383 |  5632865049612 |  5634515575033 |  5632387618846 |  5632911438338 |  5631950635880 |  5631668737833 |  5630694533071 |  5644414788181 |  5644457194802 |  5643737638084 |  5641174324308 |  5641229092885 |  5640195191560 |  5639333326144 |  5046920781911 |
|  CPU_CLOCKS_UNHALTED |   PMC1  | 14016211992527 | 11449597905503 | 11448234088830 | 11428733493325 | 11493650367040 | 11487373026944 | 11470115140203 | 11501792312789 | 10154666492041 |  9977077665421 |  9946325598246 | 10007048090704 | 10023024379697 |  9807559025740 | 10072064502803 | 10129793737975 | 10117185514723 | 10021581567313 |  9925415545101 | 10190714716642 | 10089248062292 | 10152725539744 | 10202777046321 | 10294491711401 | 11068538287999 | 10989532953018 | 11019281978894 | 11079236573868 | 11069035065044 | 11192342570371 | 11150206406953 | 11290218896187 | 10332298940756 | 10468504109395 | 10302011259501 | 10465730921988 | 10450655509609 | 10522239445909 | 10579755045554 | 10656369151306 | 10475803816394 | 10525581748832 | 10442885996945 | 10543823628963 | 10547905151515 | 10560814693751 | 10722159280200 | 10681586186961 | 6095788707609 | 6162711850252 | 5988702599121 | 6003042382803 | 6084215626447 | 6049358004475 | 6076059542967 | 6103452429141 | 6076043866936 | 5933669844996 | 5888130116591 | 5954944887536 | 5952685832392 | 5959046089662 | 5981016261814 | 5998534786907 | 6127958598953 | 6092918324086 | 6094486341196 | 6155764756807 | 6131160354016 | 6179795832495 | 6225068002978 | 6248894504093 | 8193097321931 | 8198932710783 | 8160308667520 | 8243195744326 | 8301089279160 | 8325845860409 | 8443586838908 | 8514599097064 | 7869202685765 | 7789615298019 | 8025474677451 | 7871551746006 | 7930758079575 | 7962501427690 | 8069179985253 | 8144792848599 | 7697654459376 | 7690404616044 | 7622204275269 | 7769097034892 | 7805601355085 | 7840388317427 | 7990674046616 | 8068631156565 | 13507722190510 | 13500571616572 | 13521691185031 | 13521894447076 | 13512528059441 | 13503161883334 | 13512329720633 | 13507188670166 | 13032991642050 | 13065766156661 | 13067323861113 | 13058337251152 | 13063929833607 | 13097858503002 | 13071599797063 | 13129181109787 | 13454770537996 | 13460116763544 | 13467435165072 | 13437773394163 | 13445665870288 | 13456768870599 | 13461934918566 | 13468160744779 | 13596273819127 | 13617129644912 | 13636868707892 | 13629436039826 | 13626240174357 | 13624910076106 | 13611742642853 | 13600679805861 | 13552897363326 | 13601226471286 | 13603819891550 | 13601182067782 | 13575212954861 | 13607096021475 | 13603194912324 | 13603294938934 | 13584373031009 | 13593721909483 | 13589943368057 | 13569475370043 | 13575038408841 | 13551347888461 | 13587725499982 | 13597017313068 | 13441321852974 | 13447462140831 | 13413522989327 | 13427928134098 | 13426066604216 | 13419636530966 | 13423914818388 | 13424429731941 | 13238639274168 | 13260196095026 | 13265613556530 | 13289897521177 | 13288285537268 | 13301987904196 | 13288804881499 | 12654917680355 |
|      CAS_CMD_RD      |  UMC0C0 |   325637263128 |              0 |              0 |              0 |              0 |              0 |              0 |              0 |              0 |              0 |              0 |              0 |              0 |              0 |              0 |              0 |              0 |              0 |              0 |              0 |              0 |              0 |              0 |              0 |              0 |              0 |              0 |              0 |              0 |              0 |              0 |              0 |              0 |              0 |              0 |              0 |              0 |              0 |              0 |              0 |              0 |              0 |              0 |              0 |              0 |              0 |              0 |              0 |             0 |             0 |             0 |             0 |             0 |             0 |             0 |             0 |             0 |             0 |             0 |             0 |             0 |             0 |             0 |             0 |             0 |             0 |             0 |             0 |             0 |             0 |             0 |             0 |             0 |             0 |             0 |             0 |             0 |             0 |             0 |             0 |             0 |             0 |             0 |             0 |             0 |             0 |             0 |             0 |             0 |             0 |             0 |             0 |             0 |             0 |             0 |             0 |   181564083665 |              0 |              0 |              0 |              0 |              0 |              0 |              0 |              0 |              0 |              0 |              0 |              0 |              0 |              0 |              0 |              0 |              0 |              0 |              0 |              0 |              0 |              0 |              0 |              0 |              0 |              0 |              0 |              0 |              0 |              0 |              0 |              0 |              0 |              0 |              0 |              0 |              0 |              0 |              0 |              0 |              0 |              0 |              0 |              0 |              0 |              0 |              0 |              0 |              0 |              0 |              0 |              0 |              0 |              0 |              0 |              0 |              0 |              0 |              0 |              0 |              0 |              0 |              0 |
|      CAS_CMD_WR      |  UMC0C1 |   130773518603 |              0 |              0 |              0 |              0 |              0 |              0 |              0 |              0 |              0 |              0 |              0 |              0 |              0 |              0 |              0 |              0 |              0 |              0 |              0 |              0 |              0 |              0 |              0 |              0 |              0 |              0 |              0 |              0 |              0 |              0 |              0 |              0 |              0 |              0 |              0 |              0 |              0 |              0 |              0 |              0 |              0 |              0 |              0 |              0 |              0 |              0 |              0 |             0 |             0 |             0 |             0 |             0 |             0 |             0 |             0 |             0 |             0 |             0 |             0 |             0 |             0 |             0 |             0 |             0 |             0 |             0 |             0 |             0 |             0 |             0 |             0 |             0 |             0 |             0 |             0 |             0 |             0 |             0 |             0 |             0 |             0 |             0 |             0 |             0 |             0 |             0 |             0 |             0 |             0 |             0 |             0 |             0 |             0 |             0 |             0 |    78472401198 |              0 |              0 |              0 |              0 |              0 |              0 |              0 |              0 |              0 |              0 |              0 |              0 |              0 |              0 |              0 |              0 |              0 |              0 |              0 |              0 |              0 |              0 |              0 |              0 |              0 |              0 |              0 |              0 |              0 |              0 |              0 |              0 |              0 |              0 |              0 |              0 |              0 |              0 |              0 |              0 |              0 |              0 |              0 |              0 |              0 |              0 |              0 |              0 |              0 |              0 |              0 |              0 |              0 |              0 |              0 |              0 |              0 |              0 |              0 |              0 |              0 |              0 |              0 |
|      CAS_CMD_RD      |  UMC1C0 |   323953445939 |              0 |              0 |              0 |              0 |              0 |              0 |              0 |              0 |              0 |              0 |              0 |              0 |              0 |              0 |              0 |              0 |              0 |              0 |              0 |              0 |              0 |              0 |              0 |              0 |              0 |              0 |              0 |              0 |              0 |              0 |              0 |              0 |              0 |              0 |              0 |              0 |              0 |              0 |              0 |              0 |              0 |              0 |              0 |              0 |              0 |              0 |              0 |             0 |             0 |             0 |             0 |             0 |             0 |             0 |             0 |             0 |             0 |             0 |             0 |             0 |             0 |             0 |             0 |             0 |             0 |             0 |             0 |             0 |             0 |             0 |             0 |             0 |             0 |             0 |             0 |             0 |             0 |             0 |             0 |             0 |             0 |             0 |             0 |             0 |             0 |             0 |             0 |             0 |             0 |             0 |             0 |             0 |             0 |             0 |             0 |   182139494865 |              0 |              0 |              0 |              0 |              0 |              0 |              0 |              0 |              0 |              0 |              0 |              0 |              0 |              0 |              0 |              0 |              0 |              0 |              0 |              0 |              0 |              0 |              0 |              0 |              0 |              0 |              0 |              0 |              0 |              0 |              0 |              0 |              0 |              0 |              0 |              0 |              0 |              0 |              0 |              0 |              0 |              0 |              0 |              0 |              0 |              0 |              0 |              0 |              0 |              0 |              0 |              0 |              0 |              0 |              0 |              0 |              0 |              0 |              0 |              0 |              0 |              0 |              0 |
|      CAS_CMD_WR      |  UMC1C1 |   130854206239 |              0 |              0 |              0 |              0 |              0 |              0 |              0 |              0 |              0 |              0 |              0 |              0 |              0 |              0 |              0 |              0 |              0 |              0 |              0 |              0 |              0 |              0 |              0 |              0 |              0 |              0 |              0 |              0 |              0 |              0 |              0 |              0 |              0 |              0 |              0 |              0 |              0 |              0 |              0 |              0 |              0 |              0 |              0 |              0 |              0 |              0 |              0 |             0 |             0 |             0 |             0 |             0 |             0 |             0 |             0 |             0 |             0 |             0 |             0 |             0 |             0 |             0 |             0 |             0 |             0 |             0 |             0 |             0 |             0 |             0 |             0 |             0 |             0 |             0 |             0 |             0 |             0 |             0 |             0 |             0 |             0 |             0 |             0 |             0 |             0 |             0 |             0 |             0 |             0 |             0 |             0 |             0 |             0 |             0 |             0 |    78491821216 |              0 |              0 |              0 |              0 |              0 |              0 |              0 |              0 |              0 |              0 |              0 |              0 |              0 |              0 |              0 |              0 |              0 |              0 |              0 |              0 |              0 |              0 |              0 |              0 |              0 |              0 |              0 |              0 |              0 |              0 |              0 |              0 |              0 |              0 |              0 |              0 |              0 |              0 |              0 |              0 |              0 |              0 |              0 |              0 |              0 |              0 |              0 |              0 |              0 |              0 |              0 |              0 |              0 |              0 |              0 |              0 |              0 |              0 |              0 |              0 |              0 |              0 |              0 |
|      CAS_CMD_RD      |  UMC2C0 |   322903281309 |              0 |              0 |              0 |              0 |              0 |              0 |              0 |              0 |              0 |              0 |              0 |              0 |              0 |              0 |              0 |              0 |              0 |              0 |              0 |              0 |              0 |              0 |              0 |              0 |              0 |              0 |              0 |              0 |              0 |              0 |              0 |              0 |              0 |              0 |              0 |              0 |              0 |              0 |              0 |              0 |              0 |              0 |              0 |              0 |              0 |              0 |              0 |             0 |             0 |             0 |             0 |             0 |             0 |             0 |             0 |             0 |             0 |             0 |             0 |             0 |             0 |             0 |             0 |             0 |             0 |             0 |             0 |             0 |             0 |             0 |             0 |             0 |             0 |             0 |             0 |             0 |             0 |             0 |             0 |             0 |             0 |             0 |             0 |             0 |             0 |             0 |             0 |             0 |             0 |             0 |             0 |             0 |             0 |             0 |             0 |   181429316001 |              0 |              0 |              0 |              0 |              0 |              0 |              0 |              0 |              0 |              0 |              0 |              0 |              0 |              0 |              0 |              0 |              0 |              0 |              0 |              0 |              0 |              0 |              0 |              0 |              0 |              0 |              0 |              0 |              0 |              0 |              0 |              0 |              0 |              0 |              0 |              0 |              0 |              0 |              0 |              0 |              0 |              0 |              0 |              0 |              0 |              0 |              0 |              0 |              0 |              0 |              0 |              0 |              0 |              0 |              0 |              0 |              0 |              0 |              0 |              0 |              0 |              0 |              0 |
|      CAS_CMD_WR      |  UMC2C1 |   130827374984 |              0 |              0 |              0 |              0 |              0 |              0 |              0 |              0 |              0 |              0 |              0 |              0 |              0 |              0 |              0 |              0 |              0 |              0 |              0 |              0 |              0 |              0 |              0 |              0 |              0 |              0 |              0 |              0 |              0 |              0 |              0 |              0 |              0 |              0 |              0 |              0 |              0 |              0 |              0 |              0 |              0 |              0 |              0 |              0 |              0 |              0 |              0 |             0 |             0 |             0 |             0 |             0 |             0 |             0 |             0 |             0 |             0 |             0 |             0 |             0 |             0 |             0 |             0 |             0 |             0 |             0 |             0 |             0 |             0 |             0 |             0 |             0 |             0 |             0 |             0 |             0 |             0 |             0 |             0 |             0 |             0 |             0 |             0 |             0 |             0 |             0 |             0 |             0 |             0 |             0 |             0 |             0 |             0 |             0 |             0 |    78497150809 |              0 |              0 |              0 |              0 |              0 |              0 |              0 |              0 |              0 |              0 |              0 |              0 |              0 |              0 |              0 |              0 |              0 |              0 |              0 |              0 |              0 |              0 |              0 |              0 |              0 |              0 |              0 |              0 |              0 |              0 |              0 |              0 |              0 |              0 |              0 |              0 |              0 |              0 |              0 |              0 |              0 |              0 |              0 |              0 |              0 |              0 |              0 |              0 |              0 |              0 |              0 |              0 |              0 |              0 |              0 |              0 |              0 |              0 |              0 |              0 |              0 |              0 |              0 |
|      CAS_CMD_RD      |  UMC3C0 |   327082914715 |              0 |              0 |              0 |              0 |              0 |              0 |              0 |              0 |              0 |              0 |              0 |              0 |              0 |              0 |              0 |              0 |              0 |              0 |              0 |              0 |              0 |              0 |              0 |              0 |              0 |              0 |              0 |              0 |              0 |              0 |              0 |              0 |              0 |              0 |              0 |              0 |              0 |              0 |              0 |              0 |              0 |              0 |              0 |              0 |              0 |              0 |              0 |             0 |             0 |             0 |             0 |             0 |             0 |             0 |             0 |             0 |             0 |             0 |             0 |             0 |             0 |             0 |             0 |             0 |             0 |             0 |             0 |             0 |             0 |             0 |             0 |             0 |             0 |             0 |             0 |             0 |             0 |             0 |             0 |             0 |             0 |             0 |             0 |             0 |             0 |             0 |             0 |             0 |             0 |             0 |             0 |             0 |             0 |             0 |             0 |   181528892499 |              0 |              0 |              0 |              0 |              0 |              0 |              0 |              0 |              0 |              0 |              0 |              0 |              0 |              0 |              0 |              0 |              0 |              0 |              0 |              0 |              0 |              0 |              0 |              0 |              0 |              0 |              0 |              0 |              0 |              0 |              0 |              0 |              0 |              0 |              0 |              0 |              0 |              0 |              0 |              0 |              0 |              0 |              0 |              0 |              0 |              0 |              0 |              0 |              0 |              0 |              0 |              0 |              0 |              0 |              0 |              0 |              0 |              0 |              0 |              0 |              0 |              0 |              0 |
|      CAS_CMD_WR      |  UMC3C1 |   130854974572 |              0 |              0 |              0 |              0 |              0 |              0 |              0 |              0 |              0 |              0 |              0 |              0 |              0 |              0 |              0 |              0 |              0 |              0 |              0 |              0 |              0 |              0 |              0 |              0 |              0 |              0 |              0 |              0 |              0 |              0 |              0 |              0 |              0 |              0 |              0 |              0 |              0 |              0 |              0 |              0 |              0 |              0 |              0 |              0 |              0 |              0 |              0 |             0 |             0 |             0 |             0 |             0 |             0 |             0 |             0 |             0 |             0 |             0 |             0 |             0 |             0 |             0 |             0 |             0 |             0 |             0 |             0 |             0 |             0 |             0 |             0 |             0 |             0 |             0 |             0 |             0 |             0 |             0 |             0 |             0 |             0 |             0 |             0 |             0 |             0 |             0 |             0 |             0 |             0 |             0 |             0 |             0 |             0 |             0 |             0 |    78507992432 |              0 |              0 |              0 |              0 |              0 |              0 |              0 |              0 |              0 |              0 |              0 |              0 |              0 |              0 |              0 |              0 |              0 |              0 |              0 |              0 |              0 |              0 |              0 |              0 |              0 |              0 |              0 |              0 |              0 |              0 |              0 |              0 |              0 |              0 |              0 |              0 |              0 |              0 |              0 |              0 |              0 |              0 |              0 |              0 |              0 |              0 |              0 |              0 |              0 |              0 |              0 |              0 |              0 |              0 |              0 |              0 |              0 |              0 |              0 |              0 |              0 |              0 |              0 |
|      CAS_CMD_RD      |  UMC4C0 |   324936502516 |              0 |              0 |              0 |              0 |              0 |              0 |              0 |              0 |              0 |              0 |              0 |              0 |              0 |              0 |              0 |              0 |              0 |              0 |              0 |              0 |              0 |              0 |              0 |              0 |              0 |              0 |              0 |              0 |              0 |              0 |              0 |              0 |              0 |              0 |              0 |              0 |              0 |              0 |              0 |              0 |              0 |              0 |              0 |              0 |              0 |              0 |              0 |             0 |             0 |             0 |             0 |             0 |             0 |             0 |             0 |             0 |             0 |             0 |             0 |             0 |             0 |             0 |             0 |             0 |             0 |             0 |             0 |             0 |             0 |             0 |             0 |             0 |             0 |             0 |             0 |             0 |             0 |             0 |             0 |             0 |             0 |             0 |             0 |             0 |             0 |             0 |             0 |             0 |             0 |             0 |             0 |             0 |             0 |             0 |             0 |   182000782607 |              0 |              0 |              0 |              0 |              0 |              0 |              0 |              0 |              0 |              0 |              0 |              0 |              0 |              0 |              0 |              0 |              0 |              0 |              0 |              0 |              0 |              0 |              0 |              0 |              0 |              0 |              0 |              0 |              0 |              0 |              0 |              0 |              0 |              0 |              0 |              0 |              0 |              0 |              0 |              0 |              0 |              0 |              0 |              0 |              0 |              0 |              0 |              0 |              0 |              0 |              0 |              0 |              0 |              0 |              0 |              0 |              0 |              0 |              0 |              0 |              0 |              0 |              0 |
|      CAS_CMD_WR      |  UMC4C1 |   130747697319 |              0 |              0 |              0 |              0 |              0 |              0 |              0 |              0 |              0 |              0 |              0 |              0 |              0 |              0 |              0 |              0 |              0 |              0 |              0 |              0 |              0 |              0 |              0 |              0 |              0 |              0 |              0 |              0 |              0 |              0 |              0 |              0 |              0 |              0 |              0 |              0 |              0 |              0 |              0 |              0 |              0 |              0 |              0 |              0 |              0 |              0 |              0 |             0 |             0 |             0 |             0 |             0 |             0 |             0 |             0 |             0 |             0 |             0 |             0 |             0 |             0 |             0 |             0 |             0 |             0 |             0 |             0 |             0 |             0 |             0 |             0 |             0 |             0 |             0 |             0 |             0 |             0 |             0 |             0 |             0 |             0 |             0 |             0 |             0 |             0 |             0 |             0 |             0 |             0 |             0 |             0 |             0 |             0 |             0 |             0 |    78499118344 |              0 |              0 |              0 |              0 |              0 |              0 |              0 |              0 |              0 |              0 |              0 |              0 |              0 |              0 |              0 |              0 |              0 |              0 |              0 |              0 |              0 |              0 |              0 |              0 |              0 |              0 |              0 |              0 |              0 |              0 |              0 |              0 |              0 |              0 |              0 |              0 |              0 |              0 |              0 |              0 |              0 |              0 |              0 |              0 |              0 |              0 |              0 |              0 |              0 |              0 |              0 |              0 |              0 |              0 |              0 |              0 |              0 |              0 |              0 |              0 |              0 |              0 |              0 |
|      CAS_CMD_RD      |  UMC5C0 |   322357458523 |              0 |              0 |              0 |              0 |              0 |              0 |              0 |              0 |              0 |              0 |              0 |              0 |              0 |              0 |              0 |              0 |              0 |              0 |              0 |              0 |              0 |              0 |              0 |              0 |              0 |              0 |              0 |              0 |              0 |              0 |              0 |              0 |              0 |              0 |              0 |              0 |              0 |              0 |              0 |              0 |              0 |              0 |              0 |              0 |              0 |              0 |              0 |             0 |             0 |             0 |             0 |             0 |             0 |             0 |             0 |             0 |             0 |             0 |             0 |             0 |             0 |             0 |             0 |             0 |             0 |             0 |             0 |             0 |             0 |             0 |             0 |             0 |             0 |             0 |             0 |             0 |             0 |             0 |             0 |             0 |             0 |             0 |             0 |             0 |             0 |             0 |             0 |             0 |             0 |             0 |             0 |             0 |             0 |             0 |             0 |   181208354697 |              0 |              0 |              0 |              0 |              0 |              0 |              0 |              0 |              0 |              0 |              0 |              0 |              0 |              0 |              0 |              0 |              0 |              0 |              0 |              0 |              0 |              0 |              0 |              0 |              0 |              0 |              0 |              0 |              0 |              0 |              0 |              0 |              0 |              0 |              0 |              0 |              0 |              0 |              0 |              0 |              0 |              0 |              0 |              0 |              0 |              0 |              0 |              0 |              0 |              0 |              0 |              0 |              0 |              0 |              0 |              0 |              0 |              0 |              0 |              0 |              0 |              0 |              0 |
|      CAS_CMD_WR      |  UMC5C1 |   130812759442 |              0 |              0 |              0 |              0 |              0 |              0 |              0 |              0 |              0 |              0 |              0 |              0 |              0 |              0 |              0 |              0 |              0 |              0 |              0 |              0 |              0 |              0 |              0 |              0 |              0 |              0 |              0 |              0 |              0 |              0 |              0 |              0 |              0 |              0 |              0 |              0 |              0 |              0 |              0 |              0 |              0 |              0 |              0 |              0 |              0 |              0 |              0 |             0 |             0 |             0 |             0 |             0 |             0 |             0 |             0 |             0 |             0 |             0 |             0 |             0 |             0 |             0 |             0 |             0 |             0 |             0 |             0 |             0 |             0 |             0 |             0 |             0 |             0 |             0 |             0 |             0 |             0 |             0 |             0 |             0 |             0 |             0 |             0 |             0 |             0 |             0 |             0 |             0 |             0 |             0 |             0 |             0 |             0 |             0 |             0 |    78530445658 |              0 |              0 |              0 |              0 |              0 |              0 |              0 |              0 |              0 |              0 |              0 |              0 |              0 |              0 |              0 |              0 |              0 |              0 |              0 |              0 |              0 |              0 |              0 |              0 |              0 |              0 |              0 |              0 |              0 |              0 |              0 |              0 |              0 |              0 |              0 |              0 |              0 |              0 |              0 |              0 |              0 |              0 |              0 |              0 |              0 |              0 |              0 |              0 |              0 |              0 |              0 |              0 |              0 |              0 |              0 |              0 |              0 |              0 |              0 |              0 |              0 |              0 |              0 |
|      CAS_CMD_RD      |  UMC6C0 |   323923420887 |              0 |              0 |              0 |              0 |              0 |              0 |              0 |              0 |              0 |              0 |              0 |              0 |              0 |              0 |              0 |              0 |              0 |              0 |              0 |              0 |              0 |              0 |              0 |              0 |              0 |              0 |              0 |              0 |              0 |              0 |              0 |              0 |              0 |              0 |              0 |              0 |              0 |              0 |              0 |              0 |              0 |              0 |              0 |              0 |              0 |              0 |              0 |             0 |             0 |             0 |             0 |             0 |             0 |             0 |             0 |             0 |             0 |             0 |             0 |             0 |             0 |             0 |             0 |             0 |             0 |             0 |             0 |             0 |             0 |             0 |             0 |             0 |             0 |             0 |             0 |             0 |             0 |             0 |             0 |             0 |             0 |             0 |             0 |             0 |             0 |             0 |             0 |             0 |             0 |             0 |             0 |             0 |             0 |             0 |             0 |   181564812871 |              0 |              0 |              0 |              0 |              0 |              0 |              0 |              0 |              0 |              0 |              0 |              0 |              0 |              0 |              0 |              0 |              0 |              0 |              0 |              0 |              0 |              0 |              0 |              0 |              0 |              0 |              0 |              0 |              0 |              0 |              0 |              0 |              0 |              0 |              0 |              0 |              0 |              0 |              0 |              0 |              0 |              0 |              0 |              0 |              0 |              0 |              0 |              0 |              0 |              0 |              0 |              0 |              0 |              0 |              0 |              0 |              0 |              0 |              0 |              0 |              0 |              0 |              0 |
|      CAS_CMD_WR      |  UMC6C1 |   130761027224 |              0 |              0 |              0 |              0 |              0 |              0 |              0 |              0 |              0 |              0 |              0 |              0 |              0 |              0 |              0 |              0 |              0 |              0 |              0 |              0 |              0 |              0 |              0 |              0 |              0 |              0 |              0 |              0 |              0 |              0 |              0 |              0 |              0 |              0 |              0 |              0 |              0 |              0 |              0 |              0 |              0 |              0 |              0 |              0 |              0 |              0 |              0 |             0 |             0 |             0 |             0 |             0 |             0 |             0 |             0 |             0 |             0 |             0 |             0 |             0 |             0 |             0 |             0 |             0 |             0 |             0 |             0 |             0 |             0 |             0 |             0 |             0 |             0 |             0 |             0 |             0 |             0 |             0 |             0 |             0 |             0 |             0 |             0 |             0 |             0 |             0 |             0 |             0 |             0 |             0 |             0 |             0 |             0 |             0 |             0 |    78454317506 |              0 |              0 |              0 |              0 |              0 |              0 |              0 |              0 |              0 |              0 |              0 |              0 |              0 |              0 |              0 |              0 |              0 |              0 |              0 |              0 |              0 |              0 |              0 |              0 |              0 |              0 |              0 |              0 |              0 |              0 |              0 |              0 |              0 |              0 |              0 |              0 |              0 |              0 |              0 |              0 |              0 |              0 |              0 |              0 |              0 |              0 |              0 |              0 |              0 |              0 |              0 |              0 |              0 |              0 |              0 |              0 |              0 |              0 |              0 |              0 |              0 |              0 |              0 |
|      CAS_CMD_RD      |  UMC7C0 |   325433333970 |              0 |              0 |              0 |              0 |              0 |              0 |              0 |              0 |              0 |              0 |              0 |              0 |              0 |              0 |              0 |              0 |              0 |              0 |              0 |              0 |              0 |              0 |              0 |              0 |              0 |              0 |              0 |              0 |              0 |              0 |              0 |              0 |              0 |              0 |              0 |              0 |              0 |              0 |              0 |              0 |              0 |              0 |              0 |              0 |              0 |              0 |              0 |             0 |             0 |             0 |             0 |             0 |             0 |             0 |             0 |             0 |             0 |             0 |             0 |             0 |             0 |             0 |             0 |             0 |             0 |             0 |             0 |             0 |             0 |             0 |             0 |             0 |             0 |             0 |             0 |             0 |             0 |             0 |             0 |             0 |             0 |             0 |             0 |             0 |             0 |             0 |             0 |             0 |             0 |             0 |             0 |             0 |             0 |             0 |             0 |   181719404185 |              0 |              0 |              0 |              0 |              0 |              0 |              0 |              0 |              0 |              0 |              0 |              0 |              0 |              0 |              0 |              0 |              0 |              0 |              0 |              0 |              0 |              0 |              0 |              0 |              0 |              0 |              0 |              0 |              0 |              0 |              0 |              0 |              0 |              0 |              0 |              0 |              0 |              0 |              0 |              0 |              0 |              0 |              0 |              0 |              0 |              0 |              0 |              0 |              0 |              0 |              0 |              0 |              0 |              0 |              0 |              0 |              0 |              0 |              0 |              0 |              0 |              0 |              0 |
|      CAS_CMD_WR      |  UMC7C1 |   130770592965 |              0 |              0 |              0 |              0 |              0 |              0 |              0 |              0 |              0 |              0 |              0 |              0 |              0 |              0 |              0 |              0 |              0 |              0 |              0 |              0 |              0 |              0 |              0 |              0 |              0 |              0 |              0 |              0 |              0 |              0 |              0 |              0 |              0 |              0 |              0 |              0 |              0 |              0 |              0 |              0 |              0 |              0 |              0 |              0 |              0 |              0 |              0 |             0 |             0 |             0 |             0 |             0 |             0 |             0 |             0 |             0 |             0 |             0 |             0 |             0 |             0 |             0 |             0 |             0 |             0 |             0 |             0 |             0 |             0 |             0 |             0 |             0 |             0 |             0 |             0 |             0 |             0 |             0 |             0 |             0 |             0 |             0 |             0 |             0 |             0 |             0 |             0 |             0 |             0 |             0 |             0 |             0 |             0 |             0 |             0 |    78478526245 |              0 |              0 |              0 |              0 |              0 |              0 |              0 |              0 |              0 |              0 |              0 |              0 |              0 |              0 |              0 |              0 |              0 |              0 |              0 |              0 |              0 |              0 |              0 |              0 |              0 |              0 |              0 |              0 |              0 |              0 |              0 |              0 |              0 |              0 |              0 |              0 |              0 |              0 |              0 |              0 |              0 |              0 |              0 |              0 |              0 |              0 |              0 |              0 |              0 |              0 |              0 |              0 |              0 |              0 |              0 |              0 |              0 |              0 |              0 |              0 |              0 |              0 |              0 |
|      CAS_CMD_RD      |  UMC8C0 |   320096296232 |              0 |              0 |              0 |              0 |              0 |              0 |              0 |              0 |              0 |              0 |              0 |              0 |              0 |              0 |              0 |              0 |              0 |              0 |              0 |              0 |              0 |              0 |              0 |              0 |              0 |              0 |              0 |              0 |              0 |              0 |              0 |              0 |              0 |              0 |              0 |              0 |              0 |              0 |              0 |              0 |              0 |              0 |              0 |              0 |              0 |              0 |              0 |             0 |             0 |             0 |             0 |             0 |             0 |             0 |             0 |             0 |             0 |             0 |             0 |             0 |             0 |             0 |             0 |             0 |             0 |             0 |             0 |             0 |             0 |             0 |             0 |             0 |             0 |             0 |             0 |             0 |             0 |             0 |             0 |             0 |             0 |             0 |             0 |             0 |             0 |             0 |             0 |             0 |             0 |             0 |             0 |             0 |             0 |             0 |             0 |   181404539665 |              0 |              0 |              0 |              0 |              0 |              0 |              0 |              0 |              0 |              0 |              0 |              0 |              0 |              0 |              0 |              0 |              0 |              0 |              0 |              0 |              0 |              0 |              0 |              0 |              0 |              0 |              0 |              0 |              0 |              0 |              0 |              0 |              0 |              0 |              0 |              0 |              0 |              0 |              0 |              0 |              0 |              0 |              0 |              0 |              0 |              0 |              0 |              0 |              0 |              0 |              0 |              0 |              0 |              0 |              0 |              0 |              0 |              0 |              0 |              0 |              0 |              0 |              0 |
|      CAS_CMD_WR      |  UMC8C1 |   130832861393 |              0 |              0 |              0 |              0 |              0 |              0 |              0 |              0 |              0 |              0 |              0 |              0 |              0 |              0 |              0 |              0 |              0 |              0 |              0 |              0 |              0 |              0 |              0 |              0 |              0 |              0 |              0 |              0 |              0 |              0 |              0 |              0 |              0 |              0 |              0 |              0 |              0 |              0 |              0 |              0 |              0 |              0 |              0 |              0 |              0 |              0 |              0 |             0 |             0 |             0 |             0 |             0 |             0 |             0 |             0 |             0 |             0 |             0 |             0 |             0 |             0 |             0 |             0 |             0 |             0 |             0 |             0 |             0 |             0 |             0 |             0 |             0 |             0 |             0 |             0 |             0 |             0 |             0 |             0 |             0 |             0 |             0 |             0 |             0 |             0 |             0 |             0 |             0 |             0 |             0 |             0 |             0 |             0 |             0 |             0 |    78427408929 |              0 |              0 |              0 |              0 |              0 |              0 |              0 |              0 |              0 |              0 |              0 |              0 |              0 |              0 |              0 |              0 |              0 |              0 |              0 |              0 |              0 |              0 |              0 |              0 |              0 |              0 |              0 |              0 |              0 |              0 |              0 |              0 |              0 |              0 |              0 |              0 |              0 |              0 |              0 |              0 |              0 |              0 |              0 |              0 |              0 |              0 |              0 |              0 |              0 |              0 |              0 |              0 |              0 |              0 |              0 |              0 |              0 |              0 |              0 |              0 |              0 |              0 |              0 |
|      CAS_CMD_RD      |  UMC9C0 |   326721418473 |              0 |              0 |              0 |              0 |              0 |              0 |              0 |              0 |              0 |              0 |              0 |              0 |              0 |              0 |              0 |              0 |              0 |              0 |              0 |              0 |              0 |              0 |              0 |              0 |              0 |              0 |              0 |              0 |              0 |              0 |              0 |              0 |              0 |              0 |              0 |              0 |              0 |              0 |              0 |              0 |              0 |              0 |              0 |              0 |              0 |              0 |              0 |             0 |             0 |             0 |             0 |             0 |             0 |             0 |             0 |             0 |             0 |             0 |             0 |             0 |             0 |             0 |             0 |             0 |             0 |             0 |             0 |             0 |             0 |             0 |             0 |             0 |             0 |             0 |             0 |             0 |             0 |             0 |             0 |             0 |             0 |             0 |             0 |             0 |             0 |             0 |             0 |             0 |             0 |             0 |             0 |             0 |             0 |             0 |             0 |   181476269527 |              0 |              0 |              0 |              0 |              0 |              0 |              0 |              0 |              0 |              0 |              0 |              0 |              0 |              0 |              0 |              0 |              0 |              0 |              0 |              0 |              0 |              0 |              0 |              0 |              0 |              0 |              0 |              0 |              0 |              0 |              0 |              0 |              0 |              0 |              0 |              0 |              0 |              0 |              0 |              0 |              0 |              0 |              0 |              0 |              0 |              0 |              0 |              0 |              0 |              0 |              0 |              0 |              0 |              0 |              0 |              0 |              0 |              0 |              0 |              0 |              0 |              0 |              0 |
|      CAS_CMD_WR      |  UMC9C1 |   130725844719 |              0 |              0 |              0 |              0 |              0 |              0 |              0 |              0 |              0 |              0 |              0 |              0 |              0 |              0 |              0 |              0 |              0 |              0 |              0 |              0 |              0 |              0 |              0 |              0 |              0 |              0 |              0 |              0 |              0 |              0 |              0 |              0 |              0 |              0 |              0 |              0 |              0 |              0 |              0 |              0 |              0 |              0 |              0 |              0 |              0 |              0 |              0 |             0 |             0 |             0 |             0 |             0 |             0 |             0 |             0 |             0 |             0 |             0 |             0 |             0 |             0 |             0 |             0 |             0 |             0 |             0 |             0 |             0 |             0 |             0 |             0 |             0 |             0 |             0 |             0 |             0 |             0 |             0 |             0 |             0 |             0 |             0 |             0 |             0 |             0 |             0 |             0 |             0 |             0 |             0 |             0 |             0 |             0 |             0 |             0 |    78489654632 |              0 |              0 |              0 |              0 |              0 |              0 |              0 |              0 |              0 |              0 |              0 |              0 |              0 |              0 |              0 |              0 |              0 |              0 |              0 |              0 |              0 |              0 |              0 |              0 |              0 |              0 |              0 |              0 |              0 |              0 |              0 |              0 |              0 |              0 |              0 |              0 |              0 |              0 |              0 |              0 |              0 |              0 |              0 |              0 |              0 |              0 |              0 |              0 |              0 |              0 |              0 |              0 |              0 |              0 |              0 |              0 |              0 |              0 |              0 |              0 |              0 |              0 |              0 |
|      CAS_CMD_RD      | UMC10C0 |   326218478000 |              0 |              0 |              0 |              0 |              0 |              0 |              0 |              0 |              0 |              0 |              0 |              0 |              0 |              0 |              0 |              0 |              0 |              0 |              0 |              0 |              0 |              0 |              0 |              0 |              0 |              0 |              0 |              0 |              0 |              0 |              0 |              0 |              0 |              0 |              0 |              0 |              0 |              0 |              0 |              0 |              0 |              0 |              0 |              0 |              0 |              0 |              0 |             0 |             0 |             0 |             0 |             0 |             0 |             0 |             0 |             0 |             0 |             0 |             0 |             0 |             0 |             0 |             0 |             0 |             0 |             0 |             0 |             0 |             0 |             0 |             0 |             0 |             0 |             0 |             0 |             0 |             0 |             0 |             0 |             0 |             0 |             0 |             0 |             0 |             0 |             0 |             0 |             0 |             0 |             0 |             0 |             0 |             0 |             0 |             0 |   181727356226 |              0 |              0 |              0 |              0 |              0 |              0 |              0 |              0 |              0 |              0 |              0 |              0 |              0 |              0 |              0 |              0 |              0 |              0 |              0 |              0 |              0 |              0 |              0 |              0 |              0 |              0 |              0 |              0 |              0 |              0 |              0 |              0 |              0 |              0 |              0 |              0 |              0 |              0 |              0 |              0 |              0 |              0 |              0 |              0 |              0 |              0 |              0 |              0 |              0 |              0 |              0 |              0 |              0 |              0 |              0 |              0 |              0 |              0 |              0 |              0 |              0 |              0 |              0 |
|      CAS_CMD_WR      | UMC10C1 |   130851182614 |              0 |              0 |              0 |              0 |              0 |              0 |              0 |              0 |              0 |              0 |              0 |              0 |              0 |              0 |              0 |              0 |              0 |              0 |              0 |              0 |              0 |              0 |              0 |              0 |              0 |              0 |              0 |              0 |              0 |              0 |              0 |              0 |              0 |              0 |              0 |              0 |              0 |              0 |              0 |              0 |              0 |              0 |              0 |              0 |              0 |              0 |              0 |             0 |             0 |             0 |             0 |             0 |             0 |             0 |             0 |             0 |             0 |             0 |             0 |             0 |             0 |             0 |             0 |             0 |             0 |             0 |             0 |             0 |             0 |             0 |             0 |             0 |             0 |             0 |             0 |             0 |             0 |             0 |             0 |             0 |             0 |             0 |             0 |             0 |             0 |             0 |             0 |             0 |             0 |             0 |             0 |             0 |             0 |             0 |             0 |    78493166159 |              0 |              0 |              0 |              0 |              0 |              0 |              0 |              0 |              0 |              0 |              0 |              0 |              0 |              0 |              0 |              0 |              0 |              0 |              0 |              0 |              0 |              0 |              0 |              0 |              0 |              0 |              0 |              0 |              0 |              0 |              0 |              0 |              0 |              0 |              0 |              0 |              0 |              0 |              0 |              0 |              0 |              0 |              0 |              0 |              0 |              0 |              0 |              0 |              0 |              0 |              0 |              0 |              0 |              0 |              0 |              0 |              0 |              0 |              0 |              0 |              0 |              0 |              0 |
|      CAS_CMD_RD      | UMC11C0 |   320962371159 |              0 |              0 |              0 |              0 |              0 |              0 |              0 |              0 |              0 |              0 |              0 |              0 |              0 |              0 |              0 |              0 |              0 |              0 |              0 |              0 |              0 |              0 |              0 |              0 |              0 |              0 |              0 |              0 |              0 |              0 |              0 |              0 |              0 |              0 |              0 |              0 |              0 |              0 |              0 |              0 |              0 |              0 |              0 |              0 |              0 |              0 |              0 |             0 |             0 |             0 |             0 |             0 |             0 |             0 |             0 |             0 |             0 |             0 |             0 |             0 |             0 |             0 |             0 |             0 |             0 |             0 |             0 |             0 |             0 |             0 |             0 |             0 |             0 |             0 |             0 |             0 |             0 |             0 |             0 |             0 |             0 |             0 |             0 |             0 |             0 |             0 |             0 |             0 |             0 |             0 |             0 |             0 |             0 |             0 |             0 |   180893036256 |              0 |              0 |              0 |              0 |              0 |              0 |              0 |              0 |              0 |              0 |              0 |              0 |              0 |              0 |              0 |              0 |              0 |              0 |              0 |              0 |              0 |              0 |              0 |              0 |              0 |              0 |              0 |              0 |              0 |              0 |              0 |              0 |              0 |              0 |              0 |              0 |              0 |              0 |              0 |              0 |              0 |              0 |              0 |              0 |              0 |              0 |              0 |              0 |              0 |              0 |              0 |              0 |              0 |              0 |              0 |              0 |              0 |              0 |              0 |              0 |              0 |              0 |              0 |
|      CAS_CMD_WR      | UMC11C1 |   130874734515 |              0 |              0 |              0 |              0 |              0 |              0 |              0 |              0 |              0 |              0 |              0 |              0 |              0 |              0 |              0 |              0 |              0 |              0 |              0 |              0 |              0 |              0 |              0 |              0 |              0 |              0 |              0 |              0 |              0 |              0 |              0 |              0 |              0 |              0 |              0 |              0 |              0 |              0 |              0 |              0 |              0 |              0 |              0 |              0 |              0 |              0 |              0 |             0 |             0 |             0 |             0 |             0 |             0 |             0 |             0 |             0 |             0 |             0 |             0 |             0 |             0 |             0 |             0 |             0 |             0 |             0 |             0 |             0 |             0 |             0 |             0 |             0 |             0 |             0 |             0 |             0 |             0 |             0 |             0 |             0 |             0 |             0 |             0 |             0 |             0 |             0 |             0 |             0 |             0 |             0 |             0 |             0 |             0 |             0 |             0 |    78478720824 |              0 |              0 |              0 |              0 |              0 |              0 |              0 |              0 |              0 |              0 |              0 |              0 |              0 |              0 |              0 |              0 |              0 |              0 |              0 |              0 |              0 |              0 |              0 |              0 |              0 |              0 |              0 |              0 |              0 |              0 |              0 |              0 |              0 |              0 |              0 |              0 |              0 |              0 |              0 |              0 |              0 |              0 |              0 |              0 |              0 |              0 |              0 |              0 |              0 |              0 |              0 |              0 |              0 |              0 |              0 |              0 |              0 |              0 |              0 |              0 |              0 |              0 |              0 |
+----------------------+---------+----------------+----------------+----------------+----------------+----------------+----------------+----------------+----------------+----------------+----------------+----------------+----------------+----------------+----------------+----------------+----------------+----------------+----------------+----------------+----------------+----------------+----------------+----------------+----------------+----------------+----------------+----------------+----------------+----------------+----------------+----------------+----------------+----------------+----------------+----------------+----------------+----------------+----------------+----------------+----------------+----------------+----------------+----------------+----------------+----------------+----------------+----------------+----------------+---------------+---------------+---------------+---------------+---------------+---------------+---------------+---------------+---------------+---------------+---------------+---------------+---------------+---------------+---------------+---------------+---------------+---------------+---------------+---------------+---------------+---------------+---------------+---------------+---------------+---------------+---------------+---------------+---------------+---------------+---------------+---------------+---------------+---------------+---------------+---------------+---------------+---------------+---------------+---------------+---------------+---------------+---------------+---------------+---------------+---------------+---------------+---------------+----------------+----------------+----------------+----------------+----------------+----------------+----------------+----------------+----------------+----------------+----------------+----------------+----------------+----------------+----------------+----------------+----------------+----------------+----------------+----------------+----------------+----------------+----------------+----------------+----------------+----------------+----------------+----------------+----------------+----------------+----------------+----------------+----------------+----------------+----------------+----------------+----------------+----------------+----------------+----------------+----------------+----------------+----------------+----------------+----------------+----------------+----------------+----------------+----------------+----------------+----------------+----------------+----------------+----------------+----------------+----------------+----------------+----------------+----------------+----------------+----------------+----------------+----------------+----------------+

+---------------------------+---------+------------------+---------------+----------------+--------------+
|           Event           | Counter |        Sum       |      Min      |       Max      |      Avg     |
+---------------------------+---------+------------------+---------------+----------------+--------------+
|   ACTUAL_CPU_CLOCK STAT   |  FIXC1  | 1888791967604417 | 6420231544829 | 17295200538741 |      nil     |
|     MAX_CPU_CLOCK STAT    |  FIXC2  | 1420341947173058 | 6403285248802 | 12196379220610 | 8.877137e+12 |
| RETIRED_INSTRUCTIONS STAT |   PMC0  |  900804113393090 | 5046920781911 |  8755910455902 | 5.630026e+12 |
|  CPU_CLOCKS_UNHALTED STAT |   PMC1  | 1710314937983825 | 5888130116591 | 14016211992527 |      nil     |
|      CAS_CMD_RD STAT      |  UMC0C0 |     507201346793 |             0 |   325637263128 | 3.170008e+09 |
|      CAS_CMD_WR STAT      |  UMC0C1 |     209245919801 |             0 |   130773518603 | 1.307787e+09 |
|      CAS_CMD_RD STAT      |  UMC1C0 |     506092940804 |             0 |   323953445939 | 3.163081e+09 |
|      CAS_CMD_WR STAT      |  UMC1C1 |     209346027455 |             0 |   130854206239 | 1.308413e+09 |
|      CAS_CMD_RD STAT      |  UMC2C0 |     504332597310 |             0 |   322903281309 | 3.152079e+09 |
|      CAS_CMD_WR STAT      |  UMC2C1 |     209324525793 |             0 |   130827374984 | 1.308278e+09 |
|      CAS_CMD_RD STAT      |  UMC3C0 |     508611807214 |             0 |   327082914715 | 3.178824e+09 |
|      CAS_CMD_WR STAT      |  UMC3C1 |     209362967004 |             0 |   130854974572 | 1.308519e+09 |
|      CAS_CMD_RD STAT      |  UMC4C0 |     506937285123 |             0 |   324936502516 | 3.168358e+09 |
|      CAS_CMD_WR STAT      |  UMC4C1 |     209246815663 |             0 |   130747697319 | 1.307793e+09 |
|      CAS_CMD_RD STAT      |  UMC5C0 |     503565813220 |             0 |   322357458523 | 3.147286e+09 |
|      CAS_CMD_WR STAT      |  UMC5C1 |     209343205100 |             0 |   130812759442 | 1.308395e+09 |
|      CAS_CMD_RD STAT      |  UMC6C0 |     505488233758 |             0 |   323923420887 | 3.159301e+09 |
|      CAS_CMD_WR STAT      |  UMC6C1 |     209215344730 |             0 |   130761027224 | 1.307596e+09 |
|      CAS_CMD_RD STAT      |  UMC7C0 |     507152738155 |             0 |   325433333970 | 3.169705e+09 |
|      CAS_CMD_WR STAT      |  UMC7C1 |     209249119210 |             0 |   130770592965 | 1.307807e+09 |
|      CAS_CMD_RD STAT      |  UMC8C0 |     501500835897 |             0 |   320096296232 | 3.134380e+09 |
|      CAS_CMD_WR STAT      |  UMC8C1 |     209260270322 |             0 |   130832861393 | 1.307877e+09 |
|      CAS_CMD_RD STAT      |  UMC9C0 |     508197688000 |             0 |   326721418473 |   3176235550 |
|      CAS_CMD_WR STAT      |  UMC9C1 |     209215499351 |             0 |   130725844719 | 1.307597e+09 |
|      CAS_CMD_RD STAT      | UMC10C0 |     507945834226 |             0 |   326218478000 | 3.174661e+09 |
|      CAS_CMD_WR STAT      | UMC10C1 |     209344348773 |             0 |   130851182614 | 1.308402e+09 |
|      CAS_CMD_RD STAT      | UMC11C0 |     501855407415 |             0 |   320962371159 | 3.136596e+09 |
|      CAS_CMD_WR STAT      | UMC11C1 |     209353455339 |             0 |   130874734515 | 1.308459e+09 |
+---------------------------+---------+------------------+---------------+----------------+--------------+

+-----------------------------------+-------------+------------+------------+------------+------------+------------+------------+------------+------------+------------+-------------+-------------+-------------+-------------+-------------+-------------+-------------+-------------+-------------+-------------+-------------+-------------+-------------+-------------+-------------+-------------+-------------+-------------+-------------+-------------+-------------+-------------+-------------+-------------+-------------+-------------+-------------+-------------+-------------+-------------+-------------+-------------+-------------+-------------+-------------+-------------+-------------+-------------+-------------+-------------+-------------+-------------+-------------+-------------+-------------+-------------+-------------+-------------+-------------+-------------+-------------+-------------+-------------+-------------+-------------+-------------+-------------+-------------+-------------+-------------+-------------+-------------+-------------+-------------+-------------+-------------+-------------+-------------+-------------+-------------+-------------+-------------+-------------+-------------+-------------+-------------+-------------+-------------+-------------+-------------+-------------+-------------+-------------+-------------+-------------+-------------+-------------+-------------+-------------+-------------+--------------+--------------+--------------+--------------+--------------+--------------+--------------+--------------+--------------+--------------+--------------+--------------+--------------+--------------+--------------+--------------+--------------+--------------+--------------+--------------+--------------+--------------+--------------+--------------+--------------+--------------+--------------+--------------+--------------+--------------+--------------+--------------+--------------+--------------+--------------+--------------+--------------+--------------+--------------+--------------+--------------+--------------+--------------+--------------+--------------+--------------+--------------+--------------+--------------+--------------+--------------+--------------+--------------+--------------+--------------+--------------+--------------+--------------+--------------+--------------+
|               Metric              |  HWThread 0 | HWThread 1 | HWThread 2 | HWThread 3 | HWThread 4 | HWThread 5 | HWThread 6 | HWThread 7 | HWThread 8 | HWThread 9 | HWThread 10 | HWThread 11 | HWThread 12 | HWThread 13 | HWThread 14 | HWThread 15 | HWThread 16 | HWThread 17 | HWThread 18 | HWThread 19 | HWThread 20 | HWThread 21 | HWThread 22 | HWThread 23 | HWThread 24 | HWThread 25 | HWThread 26 | HWThread 27 | HWThread 28 | HWThread 29 | HWThread 30 | HWThread 31 | HWThread 32 | HWThread 33 | HWThread 34 | HWThread 35 | HWThread 36 | HWThread 37 | HWThread 38 | HWThread 39 | HWThread 40 | HWThread 41 | HWThread 42 | HWThread 43 | HWThread 44 | HWThread 45 | HWThread 46 | HWThread 47 | HWThread 48 | HWThread 49 | HWThread 50 | HWThread 51 | HWThread 52 | HWThread 53 | HWThread 54 | HWThread 55 | HWThread 56 | HWThread 57 | HWThread 58 | HWThread 59 | HWThread 60 | HWThread 61 | HWThread 62 | HWThread 63 | HWThread 64 | HWThread 65 | HWThread 66 | HWThread 67 | HWThread 68 | HWThread 69 | HWThread 70 | HWThread 71 | HWThread 72 | HWThread 73 | HWThread 74 | HWThread 75 | HWThread 76 | HWThread 77 | HWThread 78 | HWThread 79 | HWThread 80 | HWThread 81 | HWThread 82 | HWThread 83 | HWThread 84 | HWThread 85 | HWThread 86 | HWThread 87 | HWThread 88 | HWThread 89 | HWThread 90 | HWThread 91 | HWThread 92 | HWThread 93 | HWThread 94 | HWThread 95 | HWThread 96 | HWThread 97 | HWThread 98 | HWThread 99 | HWThread 100 | HWThread 101 | HWThread 102 | HWThread 103 | HWThread 104 | HWThread 105 | HWThread 106 | HWThread 107 | HWThread 108 | HWThread 109 | HWThread 110 | HWThread 111 | HWThread 112 | HWThread 113 | HWThread 114 | HWThread 115 | HWThread 116 | HWThread 117 | HWThread 118 | HWThread 119 | HWThread 120 | HWThread 121 | HWThread 122 | HWThread 123 | HWThread 124 | HWThread 125 | HWThread 126 | HWThread 127 | HWThread 128 | HWThread 129 | HWThread 130 | HWThread 131 | HWThread 132 | HWThread 133 | HWThread 134 | HWThread 135 | HWThread 136 | HWThread 137 | HWThread 138 | HWThread 139 | HWThread 140 | HWThread 141 | HWThread 142 | HWThread 143 | HWThread 144 | HWThread 145 | HWThread 146 | HWThread 147 | HWThread 148 | HWThread 149 | HWThread 150 | HWThread 151 | HWThread 152 | HWThread 153 | HWThread 154 | HWThread 155 | HWThread 156 | HWThread 157 | HWThread 158 | HWThread 159 |
+-----------------------------------+-------------+------------+------------+------------+------------+------------+------------+------------+------------+------------+-------------+-------------+-------------+-------------+-------------+-------------+-------------+-------------+-------------+-------------+-------------+-------------+-------------+-------------+-------------+-------------+-------------+-------------+-------------+-------------+-------------+-------------+-------------+-------------+-------------+-------------+-------------+-------------+-------------+-------------+-------------+-------------+-------------+-------------+-------------+-------------+-------------+-------------+-------------+-------------+-------------+-------------+-------------+-------------+-------------+-------------+-------------+-------------+-------------+-------------+-------------+-------------+-------------+-------------+-------------+-------------+-------------+-------------+-------------+-------------+-------------+-------------+-------------+-------------+-------------+-------------+-------------+-------------+-------------+-------------+-------------+-------------+-------------+-------------+-------------+-------------+-------------+-------------+-------------+-------------+-------------+-------------+-------------+-------------+-------------+-------------+-------------+-------------+-------------+-------------+--------------+--------------+--------------+--------------+--------------+--------------+--------------+--------------+--------------+--------------+--------------+--------------+--------------+--------------+--------------+--------------+--------------+--------------+--------------+--------------+--------------+--------------+--------------+--------------+--------------+--------------+--------------+--------------+--------------+--------------+--------------+--------------+--------------+--------------+--------------+--------------+--------------+--------------+--------------+--------------+--------------+--------------+--------------+--------------+--------------+--------------+--------------+--------------+--------------+--------------+--------------+--------------+--------------+--------------+--------------+--------------+--------------+--------------+--------------+--------------+
|        Runtime (RDTSC) [s]        |   5094.0678 |  5094.0678 |  5094.0678 |  5094.0678 |  5094.0678 |  5094.0678 |  5094.0678 |  5094.0678 |  5094.0678 |  5094.0678 |   5094.0678 |   5094.0678 |   5094.0678 |   5094.0678 |   5094.0678 |   5094.0678 |   5094.0678 |   5094.0678 |   5094.0678 |   5094.0678 |   5094.0678 |   5094.0678 |   5094.0678 |   5094.0678 |   5094.0678 |   5094.0678 |   5094.0678 |   5094.0678 |   5094.0678 |   5094.0678 |   5094.0678 |   5094.0678 |   5094.0678 |   5094.0678 |   5094.0678 |   5094.0678 |   5094.0678 |   5094.0678 |   5094.0678 |   5094.0678 |   5094.0678 |   5094.0678 |   5094.0678 |   5094.0678 |   5094.0678 |   5094.0678 |   5094.0678 |   5094.0678 |   5094.0678 |   5094.0678 |   5094.0678 |   5094.0678 |   5094.0678 |   5094.0678 |   5094.0678 |   5094.0678 |   5094.0678 |   5094.0678 |   5094.0678 |   5094.0678 |   5094.0678 |   5094.0678 |   5094.0678 |   5094.0678 |   5094.0678 |   5094.0678 |   5094.0678 |   5094.0678 |   5094.0678 |   5094.0678 |   5094.0678 |   5094.0678 |   5094.0678 |   5094.0678 |   5094.0678 |   5094.0678 |   5094.0678 |   5094.0678 |   5094.0678 |   5094.0678 |   5094.0678 |   5094.0678 |   5094.0678 |   5094.0678 |   5094.0678 |   5094.0678 |   5094.0678 |   5094.0678 |   5094.0678 |   5094.0678 |   5094.0678 |   5094.0678 |   5094.0678 |   5094.0678 |   5094.0678 |   5094.0678 |   5094.0678 |   5094.0678 |   5094.0678 |   5094.0678 |    5094.0678 |    5094.0678 |    5094.0678 |    5094.0678 |    5094.0678 |    5094.0678 |    5094.0678 |    5094.0678 |    5094.0678 |    5094.0678 |    5094.0678 |    5094.0678 |    5094.0678 |    5094.0678 |    5094.0678 |    5094.0678 |    5094.0678 |    5094.0678 |    5094.0678 |    5094.0678 |    5094.0678 |    5094.0678 |    5094.0678 |    5094.0678 |    5094.0678 |    5094.0678 |    5094.0678 |    5094.0678 |    5094.0678 |    5094.0678 |    5094.0678 |    5094.0678 |    5094.0678 |    5094.0678 |    5094.0678 |    5094.0678 |    5094.0678 |    5094.0678 |    5094.0678 |    5094.0678 |    5094.0678 |    5094.0678 |    5094.0678 |    5094.0678 |    5094.0678 |    5094.0678 |    5094.0678 |    5094.0678 |    5094.0678 |    5094.0678 |    5094.0678 |    5094.0678 |    5094.0678 |    5094.0678 |    5094.0678 |    5094.0678 |    5094.0678 |    5094.0678 |    5094.0678 |    5094.0678 |
|        Runtime unhalted [s]       |   6651.9979 |  4998.0784 |  4964.3672 |  4961.1786 |  4991.9399 |  4978.2978 |  4995.0396 |  4989.9212 |  4459.2805 |  4358.1574 |   4335.7040 |   4367.6662 |   4373.4728 |   4281.3115 |   4392.6703 |   4415.2851 |   4419.6075 |   4377.4857 |   4333.1025 |   4450.1745 |   4405.9146 |   4431.3085 |   4457.9116 |   4495.4936 |   4826.0693 |   4790.2591 |   4796.3856 |   4835.9314 |   4821.7955 |   4865.7507 |   4855.8670 |   4907.7581 |   4522.6970 |   4572.8674 |   4500.1141 |   4567.1225 |   4561.0885 |   4590.2428 |   4615.6244 |   4651.4367 |   4572.2006 |   4591.5340 |   4556.0005 |   4601.0024 |   4599.6497 |   4601.2894 |   4677.6633 |   4658.4824 |   2588.3652 |   2590.7887 |   2511.9944 |   2520.8687 |   2556.8981 |   2539.8190 |   2556.6572 |   2563.4931 |   2556.5596 |   2494.3562 |   2469.3190 |   2494.9319 |   2487.4826 |   2493.3859 |   2507.6147 |   2511.0408 |   2573.4926 |   2557.9780 |   2550.8949 |   2584.9112 |   2566.7350 |   2594.2168 |   2609.6752 |   2625.9814 |   3527.4103 |   3531.3811 |   3508.3313 |   3548.9732 |   3572.0832 |   3581.0465 |   3636.5903 |   3664.7976 |   3371.0495 |   3332.9288 |   3436.0972 |   3378.5582 |   3390.8490 |   3408.7073 |   3456.4735 |   3492.3324 |   3297.0212 |   3285.4477 |   3251.7456 |   3321.8544 |   3333.1756 |   3356.2981 |   3423.4616 |   3455.6176 |   5653.3543 |   5658.7845 |   5654.8056 |   5654.2640 |    5650.6630 |    5648.4607 |    5656.2398 |    5648.1238 |    5460.0569 |    5475.6954 |    5468.9406 |    5468.6133 |    5478.7898 |    5479.2981 |    5470.0553 |    5490.9090 |    5637.6007 |    5635.8090 |    5633.2745 |    5628.9026 |    5639.9854 |    5637.6414 |    5630.7591 |    5631.6504 |    5650.5619 |    5653.2293 |    5652.3422 |    5647.7205 |    5650.2198 |    5642.8814 |    5641.5468 |    5644.0953 |    5643.5113 |    5644.7877 |    5645.5279 |    5644.7676 |    5650.7745 |    5652.0527 |    5649.9103 |    5646.7355 |    5651.9943 |    5644.9670 |    5642.8904 |    5651.6230 |    5652.2014 |    5654.0207 |    5647.7673 |    5648.5448 |    5617.5909 |    5618.5931 |    5603.7352 |    5614.8990 |    5609.5058 |    5615.1536 |    5610.7777 |    5605.6434 |    5540.8387 |    5555.8697 |    5548.9299 |    5561.1223 |    5561.1735 |    5566.1400 |    5559.6962 |    5327.2919 |
|            Clock [MHz]            |   3686.9579 |  3660.9943 |  3674.3353 |  3675.7782 |  3680.1965 |  3684.0488 |  3681.1711 |  3683.2444 |  3488.9347 |  3445.7102 |   3438.7675 |   3446.8736 |   3447.4623 |   3422.6138 |   3457.2697 |   3466.4148 |   3459.3199 |   3448.9926 |   3437.3734 |   3470.3829 |   3457.1459 |   3464.5748 |   3469.4555 |   3482.1143 |   3603.8452 |   3583.9851 |   3589.2083 |   3609.8186 |   3602.3916 |   3627.0181 |   3616.3992 |   3643.4733 |   3476.2291 |   3496.8590 |   3472.8593 |   3497.9022 |   3493.3092 |   3506.3000 |   3516.5009 |   3528.7543 |   3496.1140 |   3506.2279 |   3490.5560 |   3505.3297 |   3511.7456 |   3511.5661 |   3538.3066 |   3536.6161 |   2571.3489 |   2660.9166 |   2628.1789 |   2632.8957 |   2648.2959 |   2639.6759 |   2650.3276 |   2659.5966 |   2626.5071 |   2618.7063 |   2603.4300 |   2625.1928 |   2626.0573 |   2627.8373 |   2632.9680 |   2634.2640 |   2667.4651 |   2661.4814 |   2657.5555 |   2671.8871 |   2665.3269 |   2679.7869 |   2693.6382 |   2699.1025 |   3150.0657 |   3147.3575 |   3137.8977 |   3156.0943 |   3166.7260 |   3172.7904 |   3191.4207 |   3205.6191 |   3082.4884 |   3071.5125 |   3116.8285 |   3092.8985 |   3095.0890 |   3105.2803 |   3122.5339 |   3137.3582 |   3043.2632 |   3043.1430 |   3026.9856 |   3058.3571 |   3067.8925 |   3072.5987 |   3101.5913 |   3116.6701 |   3692.9925 |   3691.3444 |   3692.6127 |   3692.5444 |    3693.3627 |    3694.3452 |    3692.1477 |    3693.1598 |    3685.2551 |    3667.1834 |    3666.1104 |    3667.1937 |    3664.9435 |    3666.8937 |    3665.9230 |    3670.3363 |    3694.6854 |    3695.9549 |    3696.1605 |    3696.7706 |    3696.4209 |    3697.6168 |    3697.8836 |    3697.8711 |    3696.2985 |    3695.6088 |    3695.5318 |    3696.6135 |    3695.7229 |    3697.5418 |    3697.9593 |    3697.4087 |    3696.7421 |    3696.6999 |    3696.4505 |    3696.5751 |    3695.3667 |    3694.7485 |    3695.7926 |    3696.3113 |    3695.6730 |    3697.1599 |    3697.7852 |    3695.6900 |    3695.6821 |    3695.4954 |    3696.2062 |    3696.7715 |    3694.7457 |    3694.9962 |    3695.6784 |    3694.4609 |    3695.3256 |    3694.4137 |    3695.0171 |    3696.1344 |    3695.3720 |    3693.5128 |    3694.8021 |    3695.0386 |    3694.9519 |    3694.8899 |    3695.7008 |    3693.4411 |
|                CPI                |      1.6008 |     2.0192 |     2.0192 |     2.0154 |     2.0265 |     2.0262 |     2.0223 |     2.0284 |     1.7928 |     1.7632 |      1.7584 |      1.7694 |      1.7709 |      1.7338 |      1.7797 |      1.7902 |      1.7891 |      1.7729 |      1.7562 |      1.8024 |      1.7848 |      1.7958 |      1.8043 |      1.8204 |      1.9583 |      1.9424 |      1.9478 |      1.9581 |      1.9564 |      1.9782 |      1.9705 |      1.9950 |      1.8257 |      1.8500 |      1.8209 |      1.8498 |      1.8470 |      1.8598 |      1.8701 |      1.8828 |      1.8548 |      1.8636 |      1.8493 |      1.8667 |      1.8681 |      1.8704 |      1.8978 |      1.8913 |      1.0867 |      1.0986 |      1.0690 |      1.0714 |      1.0857 |      1.0796 |      1.0840 |      1.0895 |      1.0808 |      1.0566 |      1.0486 |      1.0613 |      1.0612 |      1.0622 |      1.0660 |      1.0695 |      1.0950 |      1.0894 |      1.0896 |      1.1005 |      1.0962 |      1.1048 |      1.1131 |      1.1173 |      1.4624 |      1.4634 |      1.4567 |      1.4713 |      1.4821 |      1.4864 |      1.5075 |      1.5195 |      1.4052 |      1.3915 |      1.4334 |      1.4060 |      1.4166 |      1.4223 |      1.4412 |      1.4547 |      1.3770 |      1.3761 |      1.3638 |      1.3900 |      1.3971 |      1.4027 |      1.4293 |      1.4435 |      2.4184 |      2.4158 |      2.4193 |      2.4213 |       2.4185 |       2.4182 |       2.4194 |       2.4177 |       2.3154 |       2.3222 |       2.3215 |       2.3207 |       2.3203 |       2.3278 |       2.3228 |       2.3333 |       2.4048 |       2.4065 |       2.4071 |       2.4021 |       2.4038 |       2.4072 |       2.4080 |       2.4089 |       2.4547 |       2.4589 |       2.4627 |       2.4618 |       2.4609 |       2.4617 |       2.4595 |       2.4581 |       2.4309 |       2.4401 |       2.4399 |       2.4400 |       2.4357 |       2.4414 |       2.4406 |       2.4413 |       2.4470 |       2.4490 |       2.4483 |       2.4451 |       2.4455 |       2.4423 |       2.4485 |       2.4511 |       2.3855 |       2.3873 |       2.3806 |       2.3841 |       2.3835 |       2.3828 |       2.3836 |       2.3842 |       2.3454 |       2.3492 |       2.3505 |       2.3559 |       2.3556 |       2.3584 |       2.3564 |       2.5075 |
|  Memory read bandwidth [MBytes/s] |  48875.3749 |          0 |          0 |          0 |          0 |          0 |          0 |          0 |          0 |          0 |           0 |           0 |           0 |           0 |           0 |           0 |           0 |           0 |           0 |           0 |           0 |           0 |           0 |           0 |           0 |           0 |           0 |           0 |           0 |           0 |           0 |           0 |           0 |           0 |           0 |           0 |           0 |           0 |           0 |           0 |           0 |           0 |           0 |           0 |           0 |           0 |           0 |           0 |           0 |           0 |           0 |           0 |           0 |           0 |           0 |           0 |           0 |           0 |           0 |           0 |           0 |           0 |           0 |           0 |           0 |           0 |           0 |           0 |           0 |           0 |           0 |           0 |           0 |           0 |           0 |           0 |           0 |           0 |           0 |           0 |           0 |           0 |           0 |           0 |           0 |           0 |           0 |           0 |           0 |           0 |           0 |           0 |           0 |           0 |           0 |           0 |  27371.8392 |           0 |           0 |           0 |            0 |            0 |            0 |            0 |            0 |            0 |            0 |            0 |            0 |            0 |            0 |            0 |            0 |            0 |            0 |            0 |            0 |            0 |            0 |            0 |            0 |            0 |            0 |            0 |            0 |            0 |            0 |            0 |            0 |            0 |            0 |            0 |            0 |            0 |            0 |            0 |            0 |            0 |            0 |            0 |            0 |            0 |            0 |            0 |            0 |            0 |            0 |            0 |            0 |            0 |            0 |            0 |            0 |            0 |            0 |            0 |            0 |            0 |            0 |            0 |
|  Memory read data volume [GBytes] | 248974.4758 |          0 |          0 |          0 |          0 |          0 |          0 |          0 |          0 |          0 |           0 |           0 |           0 |           0 |           0 |           0 |           0 |           0 |           0 |           0 |           0 |           0 |           0 |           0 |           0 |           0 |           0 |           0 |           0 |           0 |           0 |           0 |           0 |           0 |           0 |           0 |           0 |           0 |           0 |           0 |           0 |           0 |           0 |           0 |           0 |           0 |           0 |           0 |           0 |           0 |           0 |           0 |           0 |           0 |           0 |           0 |           0 |           0 |           0 |           0 |           0 |           0 |           0 |           0 |           0 |           0 |           0 |           0 |           0 |           0 |           0 |           0 |           0 |           0 |           0 |           0 |           0 |           0 |           0 |           0 |           0 |           0 |           0 |           0 |           0 |           0 |           0 |           0 |           0 |           0 |           0 |           0 |           0 |           0 |           0 |           0 | 139434.0060 |           0 |           0 |           0 |            0 |            0 |            0 |            0 |            0 |            0 |            0 |            0 |            0 |            0 |            0 |            0 |            0 |            0 |            0 |            0 |            0 |            0 |            0 |            0 |            0 |            0 |            0 |            0 |            0 |            0 |            0 |            0 |            0 |            0 |            0 |            0 |            0 |            0 |            0 |            0 |            0 |            0 |            0 |            0 |            0 |            0 |            0 |            0 |            0 |            0 |            0 |            0 |            0 |            0 |            0 |            0 |            0 |            0 |            0 |            0 |            0 |            0 |            0 |            0 |
| Memory write bandwidth [MBytes/s] |  19720.9689 |          0 |          0 |          0 |          0 |          0 |          0 |          0 |          0 |          0 |           0 |           0 |           0 |           0 |           0 |           0 |           0 |           0 |           0 |           0 |           0 |           0 |           0 |           0 |           0 |           0 |           0 |           0 |           0 |           0 |           0 |           0 |           0 |           0 |           0 |           0 |           0 |           0 |           0 |           0 |           0 |           0 |           0 |           0 |           0 |           0 |           0 |           0 |           0 |           0 |           0 |           0 |           0 |           0 |           0 |           0 |           0 |           0 |           0 |           0 |           0 |           0 |           0 |           0 |           0 |           0 |           0 |           0 |           0 |           0 |           0 |           0 |           0 |           0 |           0 |           0 |           0 |           0 |           0 |           0 |           0 |           0 |           0 |           0 |           0 |           0 |           0 |           0 |           0 |           0 |           0 |           0 |           0 |           0 |           0 |           0 |  11832.6901 |           0 |           0 |           0 |            0 |            0 |            0 |            0 |            0 |            0 |            0 |            0 |            0 |            0 |            0 |            0 |            0 |            0 |            0 |            0 |            0 |            0 |            0 |            0 |            0 |            0 |            0 |            0 |            0 |            0 |            0 |            0 |            0 |            0 |            0 |            0 |            0 |            0 |            0 |            0 |            0 |            0 |            0 |            0 |            0 |            0 |            0 |            0 |            0 |            0 |            0 |            0 |            0 |            0 |            0 |            0 |            0 |            0 |            0 |            0 |            0 |            0 |            0 |            0 |
| Memory write data volume [GBytes] | 100459.9536 |          0 |          0 |          0 |          0 |          0 |          0 |          0 |          0 |          0 |           0 |           0 |           0 |           0 |           0 |           0 |           0 |           0 |           0 |           0 |           0 |           0 |           0 |           0 |           0 |           0 |           0 |           0 |           0 |           0 |           0 |           0 |           0 |           0 |           0 |           0 |           0 |           0 |           0 |           0 |           0 |           0 |           0 |           0 |           0 |           0 |           0 |           0 |           0 |           0 |           0 |           0 |           0 |           0 |           0 |           0 |           0 |           0 |           0 |           0 |           0 |           0 |           0 |           0 |           0 |           0 |           0 |           0 |           0 |           0 |           0 |           0 |           0 |           0 |           0 |           0 |           0 |           0 |           0 |           0 |           0 |           0 |           0 |           0 |           0 |           0 |           0 |           0 |           0 |           0 |           0 |           0 |           0 |           0 |           0 |           0 |  60276.5263 |           0 |           0 |           0 |            0 |            0 |            0 |            0 |            0 |            0 |            0 |            0 |            0 |            0 |            0 |            0 |            0 |            0 |            0 |            0 |            0 |            0 |            0 |            0 |            0 |            0 |            0 |            0 |            0 |            0 |            0 |            0 |            0 |            0 |            0 |            0 |            0 |            0 |            0 |            0 |            0 |            0 |            0 |            0 |            0 |            0 |            0 |            0 |            0 |            0 |            0 |            0 |            0 |            0 |            0 |            0 |            0 |            0 |            0 |            0 |            0 |            0 |            0 |            0 |
|    Memory bandwidth [MBytes/s]    |  68596.3438 |          0 |          0 |          0 |          0 |          0 |          0 |          0 |          0 |          0 |           0 |           0 |           0 |           0 |           0 |           0 |           0 |           0 |           0 |           0 |           0 |           0 |           0 |           0 |           0 |           0 |           0 |           0 |           0 |           0 |           0 |           0 |           0 |           0 |           0 |           0 |           0 |           0 |           0 |           0 |           0 |           0 |           0 |           0 |           0 |           0 |           0 |           0 |           0 |           0 |           0 |           0 |           0 |           0 |           0 |           0 |           0 |           0 |           0 |           0 |           0 |           0 |           0 |           0 |           0 |           0 |           0 |           0 |           0 |           0 |           0 |           0 |           0 |           0 |           0 |           0 |           0 |           0 |           0 |           0 |           0 |           0 |           0 |           0 |           0 |           0 |           0 |           0 |           0 |           0 |           0 |           0 |           0 |           0 |           0 |           0 |  39204.5293 |           0 |           0 |           0 |            0 |            0 |            0 |            0 |            0 |            0 |            0 |            0 |            0 |            0 |            0 |            0 |            0 |            0 |            0 |            0 |            0 |            0 |            0 |            0 |            0 |            0 |            0 |            0 |            0 |            0 |            0 |            0 |            0 |            0 |            0 |            0 |            0 |            0 |            0 |            0 |            0 |            0 |            0 |            0 |            0 |            0 |            0 |            0 |            0 |            0 |            0 |            0 |            0 |            0 |            0 |            0 |            0 |            0 |            0 |            0 |            0 |            0 |            0 |            0 |
|    Memory data volume [GBytes]    | 349434.4294 |          0 |          0 |          0 |          0 |          0 |          0 |          0 |          0 |          0 |           0 |           0 |           0 |           0 |           0 |           0 |           0 |           0 |           0 |           0 |           0 |           0 |           0 |           0 |           0 |           0 |           0 |           0 |           0 |           0 |           0 |           0 |           0 |           0 |           0 |           0 |           0 |           0 |           0 |           0 |           0 |           0 |           0 |           0 |           0 |           0 |           0 |           0 |           0 |           0 |           0 |           0 |           0 |           0 |           0 |           0 |           0 |           0 |           0 |           0 |           0 |           0 |           0 |           0 |           0 |           0 |           0 |           0 |           0 |           0 |           0 |           0 |           0 |           0 |           0 |           0 |           0 |           0 |           0 |           0 |           0 |           0 |           0 |           0 |           0 |           0 |           0 |           0 |           0 |           0 |           0 |           0 |           0 |           0 |           0 |           0 | 199710.5323 |           0 |           0 |           0 |            0 |            0 |            0 |            0 |            0 |            0 |            0 |            0 |            0 |            0 |            0 |            0 |            0 |            0 |            0 |            0 |            0 |            0 |            0 |            0 |            0 |            0 |            0 |            0 |            0 |            0 |            0 |            0 |            0 |            0 |            0 |            0 |            0 |            0 |            0 |            0 |            0 |            0 |            0 |            0 |            0 |            0 |            0 |            0 |            0 |            0 |            0 |            0 |            0 |            0 |            0 |            0 |            0 |            0 |            0 |            0 |            0 |            0 |            0 |            0 |
+-----------------------------------+-------------+------------+------------+------------+------------+------------+------------+------------+------------+------------+-------------+-------------+-------------+-------------+-------------+-------------+-------------+-------------+-------------+-------------+-------------+-------------+-------------+-------------+-------------+-------------+-------------+-------------+-------------+-------------+-------------+-------------+-------------+-------------+-------------+-------------+-------------+-------------+-------------+-------------+-------------+-------------+-------------+-------------+-------------+-------------+-------------+-------------+-------------+-------------+-------------+-------------+-------------+-------------+-------------+-------------+-------------+-------------+-------------+-------------+-------------+-------------+-------------+-------------+-------------+-------------+-------------+-------------+-------------+-------------+-------------+-------------+-------------+-------------+-------------+-------------+-------------+-------------+-------------+-------------+-------------+-------------+-------------+-------------+-------------+-------------+-------------+-------------+-------------+-------------+-------------+-------------+-------------+-------------+-------------+-------------+-------------+-------------+-------------+-------------+--------------+--------------+--------------+--------------+--------------+--------------+--------------+--------------+--------------+--------------+--------------+--------------+--------------+--------------+--------------+--------------+--------------+--------------+--------------+--------------+--------------+--------------+--------------+--------------+--------------+--------------+--------------+--------------+--------------+--------------+--------------+--------------+--------------+--------------+--------------+--------------+--------------+--------------+--------------+--------------+--------------+--------------+--------------+--------------+--------------+--------------+--------------+--------------+--------------+--------------+--------------+--------------+--------------+--------------+--------------+--------------+--------------+--------------+--------------+--------------+

+----------------------------------------+-------------+-----------+-------------+-----------+
|                 Metric                 |     Sum     |    Min    |     Max     |    Avg    |
+----------------------------------------+-------------+-----------+-------------+-----------+
|        Runtime (RDTSC) [s] STAT        | 815050.8480 | 5094.0678 |   5094.0678 | 5094.0678 |
|        Runtime unhalted [s] STAT       | 726458.2024 | 2469.3190 |   6651.9979 | 4540.3638 |
|            Clock [MHz] STAT            | 544156.3813 | 2571.3489 |   3697.9593 | 3400.9774 |
|                CPI STAT                |    304.0899 |    1.0486 |      2.5075 |    1.9006 |
|  Memory read bandwidth [MBytes/s] STAT |  76247.2141 |         0 |  48875.3749 |  476.5451 |
|  Memory read data volume [GBytes] STAT | 388408.4818 |         0 | 248974.4758 | 2427.5530 |
| Memory write bandwidth [MBytes/s] STAT |  31553.6590 |         0 |  19720.9689 |  197.2104 |
| Memory write data volume [GBytes] STAT | 160736.4799 |         0 | 100459.9536 | 1004.6030 |
|    Memory bandwidth [MBytes/s] STAT    | 107800.8731 |         0 |  68596.3438 |  673.7555 |
|    Memory data volume [GBytes] STAT    | 549144.9617 |         0 | 349434.4294 | 3432.1560 |
+----------------------------------------+-------------+-----------+-------------+-----------+

