INFO: You are running LIKWID in a cpuset with 176 CPUs. Taking given IDs as logical ID in cpuset
--------------------------------------------------------------------------------
CPU name:	AMD EPYC 9A14 96-Core Processor                
CPU type:	AMD K19 (Zen4) architecture
CPU clock:	2.60 GHz
--------------------------------------------------------------------------------
Use symmetry. Molecule point group: Coov
Norb: 20   Ne: (7, 7)
Running RHF...
converged SCF energy = -92.827631799365
Running FCI ...
Guessing CI wfn symmetry = 0
Num symmetry allowed elements 1502950144
tol 1e-10  toloose 1e-05
max_cycle 100  max_space 12  max_memory 683560  incore True
    CPU time for contract_2e  37914.23 sec, wall time    257.21 sec
davidson 0 1  |r|= 0.77  e= [-116.65141583]  max|de|= -117  lindep=    1
    CPU time for contract_2e  37347.27 sec, wall time    263.34 sec
davidson 1 2  |r|= 0.371  e= [-116.83564519]  max|de|= -0.184  lindep= 0.978
    CPU time for contract_2e  37377.35 sec, wall time    270.29 sec
davidson 2 3  |r|= 0.145  e= [-116.87066041]  max|de|= -0.035  lindep= 0.996
    CPU time for contract_2e  37198.78 sec, wall time    273.90 sec
davidson 3 4  |r|= 0.0579  e= [-116.87548655]  max|de|= -0.00483  lindep= 0.981
    CPU time for contract_2e  37271.02 sec, wall time    280.67 sec
davidson 4 5  |r|= 0.0283  e= [-116.87622039]  max|de|= -0.000734  lindep= 0.934
    CPU time for contract_2e  37703.50 sec, wall time    295.06 sec
davidson 5 6  |r|= 0.0133  e= [-116.8764033]  max|de|= -0.000183  lindep= 0.902
    CPU time for contract_2e  37882.90 sec, wall time    305.27 sec
davidson 6 7  |r|= 0.00565  e= [-116.87644024]  max|de|= -3.69e-05  lindep= 0.927
    CPU time for contract_2e  37320.64 sec, wall time    319.63 sec
davidson 7 8  |r|= 0.00224  e= [-116.87644619]  max|de|= -5.95e-06  lindep= 0.932
    CPU time for contract_2e  37442.88 sec, wall time    330.34 sec
davidson 8 9  |r|= 0.000882  e= [-116.87644712]  max|de|= -9.33e-07  lindep= 0.918
    CPU time for contract_2e  37092.03 sec, wall time    330.42 sec
davidson 9 10  |r|= 0.000388  e= [-116.87644727]  max|de|= -1.55e-07  lindep= 0.919
    CPU time for contract_2e  37009.38 sec, wall time    343.73 sec
davidson 10 11  |r|= 0.000183  e= [-116.8764473]  max|de|= -3.05e-08  lindep= 0.897
    CPU time for contract_2e  37041.88 sec, wall time    354.02 sec
davidson 11 12  |r|= 8.85e-05  e= [-116.87644731]  max|de|= -7.18e-09  lindep= 0.904
    CPU time for contract_2e  36990.53 sec, wall time    366.36 sec
davidson 12 1  |r|= 8.85e-05  e= [-116.87644731]  max|de|= 9.27e-12  lindep=    1
    CPU time for contract_2e  37079.04 sec, wall time    263.23 sec
davidson 13 2  |r|= 3.82e-05  e= [-116.87644731]  max|de|= -1.28e-09  lindep= 0.995
    CPU time for contract_2e  37144.07 sec, wall time    268.50 sec
davidson 14 3  |r|= 2.39e-05  e= [-116.87644731]  max|de|= -4.53e-10  lindep= 0.908
    CPU time for contract_2e  36964.43 sec, wall time    272.94 sec
davidson 15 4  |r|= 1.11e-05  e= [-116.87644731]  max|de|= -1.15e-10  lindep= 0.858
    CPU time for contract_2e  37154.80 sec, wall time    280.48 sec
root 0 converged  |r|= 4.65e-06  e= -116.87644731371981  max|de|= -2.31e-11
converged 16 5  |r|= 4.65e-06  e= [-116.87644731]  max|de|= -2.31e-11
--------------------------------------------------------------------------------
Group 1: MEM
+----------------------+---------+----------------+----------------+----------------+----------------+----------------+----------------+----------------+----------------+----------------+----------------+----------------+----------------+----------------+----------------+----------------+----------------+----------------+----------------+----------------+----------------+----------------+----------------+----------------+----------------+----------------+----------------+----------------+----------------+----------------+----------------+----------------+----------------+----------------+----------------+----------------+----------------+----------------+----------------+----------------+----------------+----------------+----------------+----------------+----------------+----------------+----------------+----------------+----------------+---------------+---------------+---------------+---------------+---------------+---------------+---------------+---------------+---------------+---------------+---------------+---------------+---------------+---------------+---------------+---------------+---------------+---------------+---------------+---------------+---------------+---------------+---------------+---------------+---------------+---------------+---------------+---------------+---------------+---------------+---------------+---------------+---------------+---------------+---------------+---------------+---------------+---------------+---------------+---------------+---------------+---------------+---------------+---------------+---------------+---------------+---------------+---------------+----------------+----------------+----------------+----------------+----------------+----------------+----------------+----------------+----------------+----------------+----------------+----------------+----------------+----------------+----------------+----------------+----------------+----------------+----------------+----------------+----------------+----------------+----------------+----------------+----------------+----------------+----------------+----------------+----------------+----------------+----------------+----------------+----------------+----------------+----------------+----------------+----------------+----------------+----------------+----------------+----------------+----------------+----------------+----------------+----------------+----------------+----------------+----------------+----------------+----------------+----------------+----------------+----------------+----------------+----------------+----------------+----------------+----------------+----------------+----------------+----------------+----------------+----------------+----------------+----------------+----------------+----------------+----------------+----------------+----------------+----------------+----------------+----------------+----------------+----------------+----------------+----------------+----------------+----------------+----------------+
|         Event        | Counter |   HWThread 0   |   HWThread 1   |   HWThread 2   |   HWThread 3   |   HWThread 4   |   HWThread 5   |   HWThread 6   |   HWThread 7   |   HWThread 8   |   HWThread 9   |   HWThread 10  |   HWThread 11  |   HWThread 12  |   HWThread 13  |   HWThread 14  |   HWThread 15  |   HWThread 16  |   HWThread 17  |   HWThread 18  |   HWThread 19  |   HWThread 20  |   HWThread 21  |   HWThread 22  |   HWThread 23  |   HWThread 24  |   HWThread 25  |   HWThread 26  |   HWThread 27  |   HWThread 28  |   HWThread 29  |   HWThread 30  |   HWThread 31  |   HWThread 32  |   HWThread 33  |   HWThread 34  |   HWThread 35  |   HWThread 36  |   HWThread 37  |   HWThread 38  |   HWThread 39  |   HWThread 40  |   HWThread 41  |   HWThread 42  |   HWThread 43  |   HWThread 44  |   HWThread 45  |   HWThread 46  |   HWThread 47  |  HWThread 48  |  HWThread 49  |  HWThread 50  |  HWThread 51  |  HWThread 52  |  HWThread 53  |  HWThread 54  |  HWThread 55  |  HWThread 56  |  HWThread 57  |  HWThread 58  |  HWThread 59  |  HWThread 60  |  HWThread 61  |  HWThread 62  |  HWThread 63  |  HWThread 64  |  HWThread 65  |  HWThread 66  |  HWThread 67  |  HWThread 68  |  HWThread 69  |  HWThread 70  |  HWThread 71  |  HWThread 72  |  HWThread 73  |  HWThread 74  |  HWThread 75  |  HWThread 76  |  HWThread 77  |  HWThread 78  |  HWThread 79  |  HWThread 80  |  HWThread 81  |  HWThread 82  |  HWThread 83  |  HWThread 84  |  HWThread 85  |  HWThread 86  |  HWThread 87  |  HWThread 88  |  HWThread 89  |  HWThread 90  |  HWThread 91  |  HWThread 92  |  HWThread 93  |  HWThread 94  |  HWThread 95  |   HWThread 96  |   HWThread 97  |   HWThread 98  |   HWThread 99  |  HWThread 100  |  HWThread 101  |  HWThread 102  |  HWThread 103  |  HWThread 104  |  HWThread 105  |  HWThread 106  |  HWThread 107  |  HWThread 108  |  HWThread 109  |  HWThread 110  |  HWThread 111  |  HWThread 112  |  HWThread 113  |  HWThread 114  |  HWThread 115  |  HWThread 116  |  HWThread 117  |  HWThread 118  |  HWThread 119  |  HWThread 120  |  HWThread 121  |  HWThread 122  |  HWThread 123  |  HWThread 124  |  HWThread 125  |  HWThread 126  |  HWThread 127  |  HWThread 128  |  HWThread 129  |  HWThread 130  |  HWThread 131  |  HWThread 132  |  HWThread 133  |  HWThread 134  |  HWThread 135  |  HWThread 136  |  HWThread 137  |  HWThread 138  |  HWThread 139  |  HWThread 140  |  HWThread 141  |  HWThread 142  |  HWThread 143  |  HWThread 144  |  HWThread 145  |  HWThread 146  |  HWThread 147  |  HWThread 148  |  HWThread 149  |  HWThread 150  |  HWThread 151  |  HWThread 152  |  HWThread 153  |  HWThread 154  |  HWThread 155  |  HWThread 156  |  HWThread 157  |  HWThread 158  |  HWThread 159  |  HWThread 160  |  HWThread 161  |  HWThread 162  |  HWThread 163  |  HWThread 164  |  HWThread 165  |  HWThread 166  |  HWThread 167  |  HWThread 168  |  HWThread 169  |  HWThread 170  |  HWThread 171  |  HWThread 172  |  HWThread 173  |  HWThread 174  |  HWThread 175  |
+----------------------+---------+----------------+----------------+----------------+----------------+----------------+----------------+----------------+----------------+----------------+----------------+----------------+----------------+----------------+----------------+----------------+----------------+----------------+----------------+----------------+----------------+----------------+----------------+----------------+----------------+----------------+----------------+----------------+----------------+----------------+----------------+----------------+----------------+----------------+----------------+----------------+----------------+----------------+----------------+----------------+----------------+----------------+----------------+----------------+----------------+----------------+----------------+----------------+----------------+---------------+---------------+---------------+---------------+---------------+---------------+---------------+---------------+---------------+---------------+---------------+---------------+---------------+---------------+---------------+---------------+---------------+---------------+---------------+---------------+---------------+---------------+---------------+---------------+---------------+---------------+---------------+---------------+---------------+---------------+---------------+---------------+---------------+---------------+---------------+---------------+---------------+---------------+---------------+---------------+---------------+---------------+---------------+---------------+---------------+---------------+---------------+---------------+----------------+----------------+----------------+----------------+----------------+----------------+----------------+----------------+----------------+----------------+----------------+----------------+----------------+----------------+----------------+----------------+----------------+----------------+----------------+----------------+----------------+----------------+----------------+----------------+----------------+----------------+----------------+----------------+----------------+----------------+----------------+----------------+----------------+----------------+----------------+----------------+----------------+----------------+----------------+----------------+----------------+----------------+----------------+----------------+----------------+----------------+----------------+----------------+----------------+----------------+----------------+----------------+----------------+----------------+----------------+----------------+----------------+----------------+----------------+----------------+----------------+----------------+----------------+----------------+----------------+----------------+----------------+----------------+----------------+----------------+----------------+----------------+----------------+----------------+----------------+----------------+----------------+----------------+----------------+----------------+
|   ACTUAL_CPU_CLOCK   |  FIXC1  | 17559809687812 | 12752788994537 | 12581559899495 | 12624105577920 | 12675417059662 | 12683836369819 | 12692530131930 | 12693362000549 | 11574143758282 | 11319874776912 | 11199333584433 | 11274748595687 | 11192992254853 | 11232401722748 | 11271550485825 | 11325959821462 | 11529770636161 | 11502822073298 | 11441837081491 | 11538657635641 | 11589784496091 | 11632742291767 | 11685611857827 | 11727906604781 | 12255040957197 | 12229260334602 | 12154064482783 | 12232226556510 | 12322853513305 | 12317131617181 | 12323395691864 | 12386755054600 | 11776473435387 | 11702245204179 | 11740539163391 | 11831677316281 | 11859033006245 | 11916140238095 | 11938688376045 | 12080229041008 | 11944176622152 | 11868624478456 | 11860664513298 | 11946676174426 | 11968905545940 | 11985557337760 | 12019681910142 | 12054355682852 | 6800374820854 | 6818079249096 | 6702593942166 | 6628995248269 | 6676134253981 | 6711986310831 | 6673241938644 | 6803578541087 | 6599601156334 | 6511303027228 | 6479849829007 | 6540962713838 | 6519777687575 | 6621321669029 | 6544681393972 | 6608176816615 | 6819759008595 | 6639102320031 | 6657102153460 | 6690742396114 | 6754577760330 | 6811444020304 | 6790769365367 | 6846850581405 | 9097574611081 | 9067245746645 | 8965059816490 | 9135229619318 | 9126644728281 | 9209827046453 | 9285236723559 | 9377435795021 | 8250157328195 | 8279621255703 | 8307067696352 | 8277314107052 | 8329236706394 | 8357825471315 | 8398920557492 | 8497217989883 | 8360824495774 | 8202781779246 | 8136984230301 | 8343685257685 | 8359933732779 | 8401343228828 | 8589571874641 | 8572494447375 | 15563543397791 | 15568062037303 | 15567977835045 | 15586812525709 | 15580719148815 | 15563060269201 | 15558178232301 | 15560581484936 | 14811288118352 | 14856612244248 | 14816293784892 | 14892169291848 | 15001129378468 | 14965011017577 | 14986229627972 | 15038507282103 | 15296091495613 | 15314971607914 | 15305184111985 | 15315084482639 | 15322760485234 | 15390795771559 | 15347564427623 | 15367485534076 | 15562973305039 | 15573739999622 | 15605751077645 | 15606695888752 | 15587421598272 | 15573595664997 | 15555559714268 | 15559228061466 | 15513958654746 | 15555877976326 | 15526138239721 | 15539464592154 | 15556735899432 | 15544328190399 | 15568781919106 | 15556522999366 | 15594272298481 | 15564123161586 | 15581801961033 | 15578744754250 | 15569465673021 | 15560200983826 | 15558396618602 | 15571720922358 | 15568016603833 | 15574845404923 | 15559944335933 | 15557204945551 | 15569493189844 | 15550653450827 | 15556759653429 | 15555662549354 | 15552752768307 | 15566797024563 | 15536659294992 | 15549659453540 | 15551235774965 | 15527168395877 | 15527530608625 | 15529116134326 | 15532033484113 | 15521532638543 | 15511133582447 | 15543876082010 | 15509643284426 | 15511819998969 | 15524777181051 | 15528136707258 | 15489742311658 | 15441104167456 | 15485802334747 | 15460729533861 | 15462968579236 | 15457378907384 | 15332417751438 | 14532200574009 |
|     MAX_CPU_CLOCK    |  FIXC2  | 12521369504280 |  9435227751404 |  9322155475204 |  9323170186928 |  9360315798314 |  9364378696764 |  9372406432246 |  9358930049794 |  8875358466676 |  8796738470234 |  8738890708704 |  8775115272404 |  8724955961800 |  8753975478638 |  8772657259652 |  8800451338120 |  8892445404908 |  8879441349480 |  8852620646246 |  8897498346568 |  8931341756246 |  8950373560622 |  8960824505438 |  8974202508206 |  9194395299986 |  9170691154066 |  9162155184442 |  9170460325286 |  9210426923438 |  9191999151478 |  9181652368642 |  9204740116390 |  9006325920852 |  8984653736552 |  9010583065978 |  9031294541412 |  9050250387464 |  9066923413132 |  9073004651802 |  9116305383250 |  9076404762178 |  9037700988290 |  9024905406504 |  9061293373834 |  9069337501276 |  9081484979996 |  9081941467378 |  9091858657986 | 7034429735996 | 6842750730036 | 6810168517828 | 6789091868182 | 6809691112094 | 6822600182112 | 6808325279938 | 6863536096586 | 6754012675488 | 6703606214292 | 6691687232282 | 6720703771028 | 6717391798260 | 6760262195674 | 6708891436364 | 6750390089326 | 6831318686946 | 6757124022896 | 6756384378692 | 6787904969612 | 6816958257148 | 6833153608346 | 6827124206968 | 6842289158406 | 7788119696734 | 7771467134938 | 7722602675944 | 7799523114422 | 7792564764998 | 7833914830846 | 7862030408622 | 7906225533154 | 7404867229500 | 7408500061326 | 7442564469626 | 7402262239268 | 7426464524648 | 7440996809974 | 7460886523298 | 7500570798188 | 7474013872234 | 7409836976958 | 7385057507906 | 7479349978932 | 7470869777072 | 7490014884690 | 7558923553766 | 7546566831232 | 10979315672806 | 10984540596510 | 10984866790066 | 11001594393140 | 10994905378340 | 10978070556206 | 10973457147874 | 10976822661116 | 10474571482882 | 10547109411332 | 10515755526406 | 10562966192896 | 10618395053630 | 10605284243320 | 10619221926560 | 10649628876068 | 10787944940032 | 10802106395184 | 10794843316478 | 10799046376586 | 10804189256172 | 10852731506136 | 10820047958798 | 10833389576230 | 10967815208740 | 10977316088128 | 11006442762354 | 11006598997862 | 10989999596732 | 10977741194628 | 10961274935962 | 10964142225400 | 10946318795464 | 10972936370786 | 10947962512890 | 10956267804638 | 10968938185296 | 10956582033670 | 10979951381178 | 10969017083180 | 10997353868592 | 10969001065438 | 10985305995274 | 10981704881992 | 10973350656138 | 10965264774412 | 10963795199994 | 10975392808770 | 10991431289072 | 10998041291094 | 10983075048426 | 10980029122374 | 10991778897320 | 10975077751976 | 10980876894780 | 10979877221690 | 10972905186412 | 10986289865876 | 10958403968512 | 10967689920096 | 10969892539242 | 10948356069794 | 10948524905006 | 10949925151048 | 10962115519368 | 10947767050818 | 10941034969150 | 10966105922746 | 10934866353840 | 10936173745718 | 10946797541316 | 10948461319484 | 10928914079668 | 10885861648142 | 10917644161606 | 10896792063924 | 10898381968240 | 10892785439250 | 10809042273718 | 10268371218300 |
| RETIRED_INSTRUCTIONS |   PMC0  |  8347405559081 |  5248731813510 |  5245480215718 |  5246565602490 |  5248715945490 |  5248059729098 |  5248256946933 |  5247580954387 |  5241599229786 |  5235547745854 |  5234362483559 |  5235033064925 |  5230001112013 |  5233452418058 |  5233178221452 |  5234472856770 |  5214654182566 |  5213296592132 |  5212747105141 |  5213525536308 |  5214316293855 |  5214608966664 |  5214148127766 |  5214911660230 |  5216649729916 |  5215970493419 |  5212892474782 |  5213074222385 |  5216340449866 |  5216439283757 |  5215715524463 |  5216338728530 |  5218958636409 |  5218106104834 |  5218770169734 |  5218871438725 |  5219808788006 |  5219502570053 |  5220063731722 |  5222505232945 |  5211682354323 |  5208474493242 |  5207375938435 |  5208539990100 |  5211078756431 |  5210948921786 |  5209795414834 |  5209924208699 | 5175089779822 | 5172115077850 | 5169580818962 | 5167565958911 | 5166584635955 | 5164749809016 | 5164701424314 | 5163693044439 | 5182967965898 | 5183444976440 | 5175809326634 | 5175137903398 | 5174571904421 | 5175787688143 | 5172663786108 | 5174291106882 | 5170439075134 | 5168164039809 | 5163612488719 | 5167310945024 | 5164555232572 | 5164566617604 | 5164714418358 | 5161228604999 | 5175859874142 | 5173784997765 | 5171291308967 | 5173800097454 | 5173210334738 | 5173916635999 | 5173432494825 | 5174411313365 | 5179944894359 | 5179435415766 | 5180031839090 | 5178107649502 | 5177570846887 | 5178390683333 | 5177289306880 | 5179412601097 | 5171379962424 | 5169135313261 | 5169552539077 | 5170514630894 | 5170270597655 | 5170474768343 | 5170754439212 | 5169684914529 |  5172990987489 |  5173014467111 |  5173473560182 |  5173000986456 |  5172701531344 |  5167642848509 |  5168372898815 |  5167818586259 |  5209464919929 |  5210765425564 |  5208055418221 |  5207911938595 |  5208839604760 |  5207363513798 |  5207243865740 |  5207168215764 |  5182576820260 |  5183862664066 |  5183382250761 |  5181503757740 |  5183284600252 |  5181452633893 |  5181879909246 |  5180976217716 |  5140245238604 |  5141075871778 |  5142553664502 |  5141157166334 |  5141152632790 |  5138462875087 |  5138003130521 |  5135266164995 |  5175661804450 |  5175279192863 |  5172284594840 |  5173687292452 |  5173548715104 |  5172747798397 |  5172516403466 |  5168618383926 |  5154062404459 |  5150673963196 |  5151215860914 |  5149773586006 |  5151316581990 |  5147364131425 |  5147477095263 |  5145566232915 |  5141066834996 |  5138242442619 |  5140400850490 |  5137811752768 |  5139481691264 |  5136801454981 |  5135694847187 |  5135304347113 |  5188933394095 |  5189810968279 |  5188337181129 |  5185753837761 |  5186564521969 |  5183478163284 |  5183383861026 |  5181460906750 |  5173178964370 |  5172720219933 |  5172910232744 |  5172980893096 |  5171636380114 |  5170007101625 |  5169493607787 |  5168823779020 |  5158939691570 |  5155738201780 |  5155921044382 |  5153733106754 |  5154065649623 |  5152064441285 |  5022728481235 |  4550695498091 |
|  CPU_CLOCKS_UNHALTED |   PMC1  | 13999760262355 | 11034817480650 | 10976659223303 | 11024469147503 | 11055974401163 | 11069278698013 | 11068511183601 | 11084195753608 | 10016830137612 |  9847885638677 |  9769405360213 |  9820187424662 |  9719310689102 |  9788104006007 |  9823517339966 |  9870063709706 | 10027281371762 |  9982259780555 |  9965914523233 | 10055479437705 | 10082212836196 | 10119915882233 | 10172141526846 | 10218728628023 | 10667583814367 | 10639511874664 | 10590996211160 | 10666319699996 | 10745541855032 | 10757594398167 | 10759262941211 | 10815191461373 | 10226251504736 | 10182876790761 | 10212046913887 | 10296645917029 | 10313011895423 | 10371638459468 | 10387682399770 | 10532350765047 | 10406446559486 | 10351621319537 | 10345864234400 | 10426924232672 | 10449138888875 | 10463040357981 | 10493729471771 | 10519408202639 | 6115124449295 | 6182584106104 | 6083771776809 | 6026063511752 | 6063703674501 | 6090477507283 | 6055073551151 | 6171155526606 | 5997198760362 | 5903508080533 | 5900827487119 | 5945571777831 | 5925581336053 | 6008979487255 | 5976118136999 | 6017146149296 | 6188067925433 | 6055502158449 | 6086415155978 | 6094335330995 | 6153316517241 | 6204197311004 | 6190879076512 | 6231286262086 | 8038596359669 | 8024199428570 | 7952882479656 | 8084734736067 | 8079313093770 | 8142753481366 | 8209967088163 | 8287900612766 | 7363618997264 | 7374196276144 | 7399585362656 | 7398877322357 | 7443589232786 | 7466837724572 | 7474813543337 | 7578987751177 | 7466782086742 | 7349589280698 | 7306849396283 | 7461066932575 | 7487590265099 | 7498373193373 | 7663587012293 | 7670919736780 | 14188994109275 | 14202763836699 | 14173293153400 | 14198607256991 | 14210734715683 | 14198483215774 | 14197521362327 | 14200434772761 | 13467078627598 | 13505897704097 | 13505733880908 | 13555970247791 | 13628400995373 | 13612172751697 | 13640262966061 | 13688946268246 | 13912189562429 | 13923699689134 | 13920940465769 | 13920439372013 | 13934353221436 | 13988250051029 | 13964762383758 | 13985647354388 | 14276524983049 | 14280453132651 | 14300254390331 | 14292684631411 | 14262356681272 | 14283030576890 | 14277793294610 | 14258465927733 | 14200166852275 | 14261867181571 | 14264033724193 | 14213772356628 | 14270520213725 | 14260501235769 | 14275615066465 | 14275899728680 | 14270316907066 | 14266939518692 | 14248673334204 | 14269364581724 | 14256694012670 | 14264585958579 | 14256637892676 | 14268302635760 | 14252117407537 | 14264240209023 | 14268518518681 | 14255766590085 | 14259788687712 | 14234963046576 | 14255279244679 | 14258596065203 | 14233796282947 | 14240919213829 | 14238906110203 | 14235888185426 | 14239017004535 | 14212722317014 | 14227504026442 | 14230182891561 | 14180881740554 | 14197321535690 | 14206500902471 | 14217123421291 | 14199626600000 | 14207302942805 | 14203033451962 | 14220976112510 | 14239498169605 | 14243861157119 | 14299398131960 | 14271168446471 | 14272431094745 | 14274444958746 | 14121840169470 | 13309070854438 |
|      CAS_CMD_RD      |  UMC0C0 |   312128065948 |              0 |              0 |              0 |              0 |              0 |              0 |              0 |              0 |              0 |              0 |              0 |              0 |              0 |              0 |              0 |              0 |              0 |              0 |              0 |              0 |              0 |              0 |              0 |              0 |              0 |              0 |              0 |              0 |              0 |              0 |              0 |              0 |              0 |              0 |              0 |              0 |              0 |              0 |              0 |              0 |              0 |              0 |              0 |              0 |              0 |              0 |              0 |             0 |             0 |             0 |             0 |             0 |             0 |             0 |             0 |             0 |             0 |             0 |             0 |             0 |             0 |             0 |             0 |             0 |             0 |             0 |             0 |             0 |             0 |             0 |             0 |             0 |             0 |             0 |             0 |             0 |             0 |             0 |             0 |             0 |             0 |             0 |             0 |             0 |             0 |             0 |             0 |             0 |             0 |             0 |             0 |             0 |             0 |             0 |             0 |   231356112166 |              0 |              0 |              0 |              0 |              0 |              0 |              0 |              0 |              0 |              0 |              0 |              0 |              0 |              0 |              0 |              0 |              0 |              0 |              0 |              0 |              0 |              0 |              0 |              0 |              0 |              0 |              0 |              0 |              0 |              0 |              0 |              0 |              0 |              0 |              0 |              0 |              0 |              0 |              0 |              0 |              0 |              0 |              0 |              0 |              0 |              0 |              0 |              0 |              0 |              0 |              0 |              0 |              0 |              0 |              0 |              0 |              0 |              0 |              0 |              0 |              0 |              0 |              0 |              0 |              0 |              0 |              0 |              0 |              0 |              0 |              0 |              0 |              0 |              0 |              0 |              0 |              0 |              0 |              0 |
|      CAS_CMD_WR      |  UMC0C1 |   130600600272 |              0 |              0 |              0 |              0 |              0 |              0 |              0 |              0 |              0 |              0 |              0 |              0 |              0 |              0 |              0 |              0 |              0 |              0 |              0 |              0 |              0 |              0 |              0 |              0 |              0 |              0 |              0 |              0 |              0 |              0 |              0 |              0 |              0 |              0 |              0 |              0 |              0 |              0 |              0 |              0 |              0 |              0 |              0 |              0 |              0 |              0 |              0 |             0 |             0 |             0 |             0 |             0 |             0 |             0 |             0 |             0 |             0 |             0 |             0 |             0 |             0 |             0 |             0 |             0 |             0 |             0 |             0 |             0 |             0 |             0 |             0 |             0 |             0 |             0 |             0 |             0 |             0 |             0 |             0 |             0 |             0 |             0 |             0 |             0 |             0 |             0 |             0 |             0 |             0 |             0 |             0 |             0 |             0 |             0 |             0 |    95989618569 |              0 |              0 |              0 |              0 |              0 |              0 |              0 |              0 |              0 |              0 |              0 |              0 |              0 |              0 |              0 |              0 |              0 |              0 |              0 |              0 |              0 |              0 |              0 |              0 |              0 |              0 |              0 |              0 |              0 |              0 |              0 |              0 |              0 |              0 |              0 |              0 |              0 |              0 |              0 |              0 |              0 |              0 |              0 |              0 |              0 |              0 |              0 |              0 |              0 |              0 |              0 |              0 |              0 |              0 |              0 |              0 |              0 |              0 |              0 |              0 |              0 |              0 |              0 |              0 |              0 |              0 |              0 |              0 |              0 |              0 |              0 |              0 |              0 |              0 |              0 |              0 |              0 |              0 |              0 |
|      CAS_CMD_RD      |  UMC1C0 |   313805380826 |              0 |              0 |              0 |              0 |              0 |              0 |              0 |              0 |              0 |              0 |              0 |              0 |              0 |              0 |              0 |              0 |              0 |              0 |              0 |              0 |              0 |              0 |              0 |              0 |              0 |              0 |              0 |              0 |              0 |              0 |              0 |              0 |              0 |              0 |              0 |              0 |              0 |              0 |              0 |              0 |              0 |              0 |              0 |              0 |              0 |              0 |              0 |             0 |             0 |             0 |             0 |             0 |             0 |             0 |             0 |             0 |             0 |             0 |             0 |             0 |             0 |             0 |             0 |             0 |             0 |             0 |             0 |             0 |             0 |             0 |             0 |             0 |             0 |             0 |             0 |             0 |             0 |             0 |             0 |             0 |             0 |             0 |             0 |             0 |             0 |             0 |             0 |             0 |             0 |             0 |             0 |             0 |             0 |             0 |             0 |   232891299948 |              0 |              0 |              0 |              0 |              0 |              0 |              0 |              0 |              0 |              0 |              0 |              0 |              0 |              0 |              0 |              0 |              0 |              0 |              0 |              0 |              0 |              0 |              0 |              0 |              0 |              0 |              0 |              0 |              0 |              0 |              0 |              0 |              0 |              0 |              0 |              0 |              0 |              0 |              0 |              0 |              0 |              0 |              0 |              0 |              0 |              0 |              0 |              0 |              0 |              0 |              0 |              0 |              0 |              0 |              0 |              0 |              0 |              0 |              0 |              0 |              0 |              0 |              0 |              0 |              0 |              0 |              0 |              0 |              0 |              0 |              0 |              0 |              0 |              0 |              0 |              0 |              0 |              0 |              0 |
|      CAS_CMD_WR      |  UMC1C1 |   130796231692 |              0 |              0 |              0 |              0 |              0 |              0 |              0 |              0 |              0 |              0 |              0 |              0 |              0 |              0 |              0 |              0 |              0 |              0 |              0 |              0 |              0 |              0 |              0 |              0 |              0 |              0 |              0 |              0 |              0 |              0 |              0 |              0 |              0 |              0 |              0 |              0 |              0 |              0 |              0 |              0 |              0 |              0 |              0 |              0 |              0 |              0 |              0 |             0 |             0 |             0 |             0 |             0 |             0 |             0 |             0 |             0 |             0 |             0 |             0 |             0 |             0 |             0 |             0 |             0 |             0 |             0 |             0 |             0 |             0 |             0 |             0 |             0 |             0 |             0 |             0 |             0 |             0 |             0 |             0 |             0 |             0 |             0 |             0 |             0 |             0 |             0 |             0 |             0 |             0 |             0 |             0 |             0 |             0 |             0 |             0 |    95962451641 |              0 |              0 |              0 |              0 |              0 |              0 |              0 |              0 |              0 |              0 |              0 |              0 |              0 |              0 |              0 |              0 |              0 |              0 |              0 |              0 |              0 |              0 |              0 |              0 |              0 |              0 |              0 |              0 |              0 |              0 |              0 |              0 |              0 |              0 |              0 |              0 |              0 |              0 |              0 |              0 |              0 |              0 |              0 |              0 |              0 |              0 |              0 |              0 |              0 |              0 |              0 |              0 |              0 |              0 |              0 |              0 |              0 |              0 |              0 |              0 |              0 |              0 |              0 |              0 |              0 |              0 |              0 |              0 |              0 |              0 |              0 |              0 |              0 |              0 |              0 |              0 |              0 |              0 |              0 |
|      CAS_CMD_RD      |  UMC2C0 |   308037899086 |              0 |              0 |              0 |              0 |              0 |              0 |              0 |              0 |              0 |              0 |              0 |              0 |              0 |              0 |              0 |              0 |              0 |              0 |              0 |              0 |              0 |              0 |              0 |              0 |              0 |              0 |              0 |              0 |              0 |              0 |              0 |              0 |              0 |              0 |              0 |              0 |              0 |              0 |              0 |              0 |              0 |              0 |              0 |              0 |              0 |              0 |              0 |             0 |             0 |             0 |             0 |             0 |             0 |             0 |             0 |             0 |             0 |             0 |             0 |             0 |             0 |             0 |             0 |             0 |             0 |             0 |             0 |             0 |             0 |             0 |             0 |             0 |             0 |             0 |             0 |             0 |             0 |             0 |             0 |             0 |             0 |             0 |             0 |             0 |             0 |             0 |             0 |             0 |             0 |             0 |             0 |             0 |             0 |             0 |             0 |   234477693975 |              0 |              0 |              0 |              0 |              0 |              0 |              0 |              0 |              0 |              0 |              0 |              0 |              0 |              0 |              0 |              0 |              0 |              0 |              0 |              0 |              0 |              0 |              0 |              0 |              0 |              0 |              0 |              0 |              0 |              0 |              0 |              0 |              0 |              0 |              0 |              0 |              0 |              0 |              0 |              0 |              0 |              0 |              0 |              0 |              0 |              0 |              0 |              0 |              0 |              0 |              0 |              0 |              0 |              0 |              0 |              0 |              0 |              0 |              0 |              0 |              0 |              0 |              0 |              0 |              0 |              0 |              0 |              0 |              0 |              0 |              0 |              0 |              0 |              0 |              0 |              0 |              0 |              0 |              0 |
|      CAS_CMD_WR      |  UMC2C1 |   130784901574 |              0 |              0 |              0 |              0 |              0 |              0 |              0 |              0 |              0 |              0 |              0 |              0 |              0 |              0 |              0 |              0 |              0 |              0 |              0 |              0 |              0 |              0 |              0 |              0 |              0 |              0 |              0 |              0 |              0 |              0 |              0 |              0 |              0 |              0 |              0 |              0 |              0 |              0 |              0 |              0 |              0 |              0 |              0 |              0 |              0 |              0 |              0 |             0 |             0 |             0 |             0 |             0 |             0 |             0 |             0 |             0 |             0 |             0 |             0 |             0 |             0 |             0 |             0 |             0 |             0 |             0 |             0 |             0 |             0 |             0 |             0 |             0 |             0 |             0 |             0 |             0 |             0 |             0 |             0 |             0 |             0 |             0 |             0 |             0 |             0 |             0 |             0 |             0 |             0 |             0 |             0 |             0 |             0 |             0 |             0 |    96019484482 |              0 |              0 |              0 |              0 |              0 |              0 |              0 |              0 |              0 |              0 |              0 |              0 |              0 |              0 |              0 |              0 |              0 |              0 |              0 |              0 |              0 |              0 |              0 |              0 |              0 |              0 |              0 |              0 |              0 |              0 |              0 |              0 |              0 |              0 |              0 |              0 |              0 |              0 |              0 |              0 |              0 |              0 |              0 |              0 |              0 |              0 |              0 |              0 |              0 |              0 |              0 |              0 |              0 |              0 |              0 |              0 |              0 |              0 |              0 |              0 |              0 |              0 |              0 |              0 |              0 |              0 |              0 |              0 |              0 |              0 |              0 |              0 |              0 |              0 |              0 |              0 |              0 |              0 |              0 |
|      CAS_CMD_RD      |  UMC3C0 |   308252707153 |              0 |              0 |              0 |              0 |              0 |              0 |              0 |              0 |              0 |              0 |              0 |              0 |              0 |              0 |              0 |              0 |              0 |              0 |              0 |              0 |              0 |              0 |              0 |              0 |              0 |              0 |              0 |              0 |              0 |              0 |              0 |              0 |              0 |              0 |              0 |              0 |              0 |              0 |              0 |              0 |              0 |              0 |              0 |              0 |              0 |              0 |              0 |             0 |             0 |             0 |             0 |             0 |             0 |             0 |             0 |             0 |             0 |             0 |             0 |             0 |             0 |             0 |             0 |             0 |             0 |             0 |             0 |             0 |             0 |             0 |             0 |             0 |             0 |             0 |             0 |             0 |             0 |             0 |             0 |             0 |             0 |             0 |             0 |             0 |             0 |             0 |             0 |             0 |             0 |             0 |             0 |             0 |             0 |             0 |             0 |   231065115766 |              0 |              0 |              0 |              0 |              0 |              0 |              0 |              0 |              0 |              0 |              0 |              0 |              0 |              0 |              0 |              0 |              0 |              0 |              0 |              0 |              0 |              0 |              0 |              0 |              0 |              0 |              0 |              0 |              0 |              0 |              0 |              0 |              0 |              0 |              0 |              0 |              0 |              0 |              0 |              0 |              0 |              0 |              0 |              0 |              0 |              0 |              0 |              0 |              0 |              0 |              0 |              0 |              0 |              0 |              0 |              0 |              0 |              0 |              0 |              0 |              0 |              0 |              0 |              0 |              0 |              0 |              0 |              0 |              0 |              0 |              0 |              0 |              0 |              0 |              0 |              0 |              0 |              0 |              0 |
|      CAS_CMD_WR      |  UMC3C1 |   130662915004 |              0 |              0 |              0 |              0 |              0 |              0 |              0 |              0 |              0 |              0 |              0 |              0 |              0 |              0 |              0 |              0 |              0 |              0 |              0 |              0 |              0 |              0 |              0 |              0 |              0 |              0 |              0 |              0 |              0 |              0 |              0 |              0 |              0 |              0 |              0 |              0 |              0 |              0 |              0 |              0 |              0 |              0 |              0 |              0 |              0 |              0 |              0 |             0 |             0 |             0 |             0 |             0 |             0 |             0 |             0 |             0 |             0 |             0 |             0 |             0 |             0 |             0 |             0 |             0 |             0 |             0 |             0 |             0 |             0 |             0 |             0 |             0 |             0 |             0 |             0 |             0 |             0 |             0 |             0 |             0 |             0 |             0 |             0 |             0 |             0 |             0 |             0 |             0 |             0 |             0 |             0 |             0 |             0 |             0 |             0 |    96101137263 |              0 |              0 |              0 |              0 |              0 |              0 |              0 |              0 |              0 |              0 |              0 |              0 |              0 |              0 |              0 |              0 |              0 |              0 |              0 |              0 |              0 |              0 |              0 |              0 |              0 |              0 |              0 |              0 |              0 |              0 |              0 |              0 |              0 |              0 |              0 |              0 |              0 |              0 |              0 |              0 |              0 |              0 |              0 |              0 |              0 |              0 |              0 |              0 |              0 |              0 |              0 |              0 |              0 |              0 |              0 |              0 |              0 |              0 |              0 |              0 |              0 |              0 |              0 |              0 |              0 |              0 |              0 |              0 |              0 |              0 |              0 |              0 |              0 |              0 |              0 |              0 |              0 |              0 |              0 |
|      CAS_CMD_RD      |  UMC4C0 |   310910978994 |              0 |              0 |              0 |              0 |              0 |              0 |              0 |              0 |              0 |              0 |              0 |              0 |              0 |              0 |              0 |              0 |              0 |              0 |              0 |              0 |              0 |              0 |              0 |              0 |              0 |              0 |              0 |              0 |              0 |              0 |              0 |              0 |              0 |              0 |              0 |              0 |              0 |              0 |              0 |              0 |              0 |              0 |              0 |              0 |              0 |              0 |              0 |             0 |             0 |             0 |             0 |             0 |             0 |             0 |             0 |             0 |             0 |             0 |             0 |             0 |             0 |             0 |             0 |             0 |             0 |             0 |             0 |             0 |             0 |             0 |             0 |             0 |             0 |             0 |             0 |             0 |             0 |             0 |             0 |             0 |             0 |             0 |             0 |             0 |             0 |             0 |             0 |             0 |             0 |             0 |             0 |             0 |             0 |             0 |             0 |   232720542691 |              0 |              0 |              0 |              0 |              0 |              0 |              0 |              0 |              0 |              0 |              0 |              0 |              0 |              0 |              0 |              0 |              0 |              0 |              0 |              0 |              0 |              0 |              0 |              0 |              0 |              0 |              0 |              0 |              0 |              0 |              0 |              0 |              0 |              0 |              0 |              0 |              0 |              0 |              0 |              0 |              0 |              0 |              0 |              0 |              0 |              0 |              0 |              0 |              0 |              0 |              0 |              0 |              0 |              0 |              0 |              0 |              0 |              0 |              0 |              0 |              0 |              0 |              0 |              0 |              0 |              0 |              0 |              0 |              0 |              0 |              0 |              0 |              0 |              0 |              0 |              0 |              0 |              0 |              0 |
|      CAS_CMD_WR      |  UMC4C1 |   130836040724 |              0 |              0 |              0 |              0 |              0 |              0 |              0 |              0 |              0 |              0 |              0 |              0 |              0 |              0 |              0 |              0 |              0 |              0 |              0 |              0 |              0 |              0 |              0 |              0 |              0 |              0 |              0 |              0 |              0 |              0 |              0 |              0 |              0 |              0 |              0 |              0 |              0 |              0 |              0 |              0 |              0 |              0 |              0 |              0 |              0 |              0 |              0 |             0 |             0 |             0 |             0 |             0 |             0 |             0 |             0 |             0 |             0 |             0 |             0 |             0 |             0 |             0 |             0 |             0 |             0 |             0 |             0 |             0 |             0 |             0 |             0 |             0 |             0 |             0 |             0 |             0 |             0 |             0 |             0 |             0 |             0 |             0 |             0 |             0 |             0 |             0 |             0 |             0 |             0 |             0 |             0 |             0 |             0 |             0 |             0 |    96098493707 |              0 |              0 |              0 |              0 |              0 |              0 |              0 |              0 |              0 |              0 |              0 |              0 |              0 |              0 |              0 |              0 |              0 |              0 |              0 |              0 |              0 |              0 |              0 |              0 |              0 |              0 |              0 |              0 |              0 |              0 |              0 |              0 |              0 |              0 |              0 |              0 |              0 |              0 |              0 |              0 |              0 |              0 |              0 |              0 |              0 |              0 |              0 |              0 |              0 |              0 |              0 |              0 |              0 |              0 |              0 |              0 |              0 |              0 |              0 |              0 |              0 |              0 |              0 |              0 |              0 |              0 |              0 |              0 |              0 |              0 |              0 |              0 |              0 |              0 |              0 |              0 |              0 |              0 |              0 |
|      CAS_CMD_RD      |  UMC5C0 |   309197349110 |              0 |              0 |              0 |              0 |              0 |              0 |              0 |              0 |              0 |              0 |              0 |              0 |              0 |              0 |              0 |              0 |              0 |              0 |              0 |              0 |              0 |              0 |              0 |              0 |              0 |              0 |              0 |              0 |              0 |              0 |              0 |              0 |              0 |              0 |              0 |              0 |              0 |              0 |              0 |              0 |              0 |              0 |              0 |              0 |              0 |              0 |              0 |             0 |             0 |             0 |             0 |             0 |             0 |             0 |             0 |             0 |             0 |             0 |             0 |             0 |             0 |             0 |             0 |             0 |             0 |             0 |             0 |             0 |             0 |             0 |             0 |             0 |             0 |             0 |             0 |             0 |             0 |             0 |             0 |             0 |             0 |             0 |             0 |             0 |             0 |             0 |             0 |             0 |             0 |             0 |             0 |             0 |             0 |             0 |             0 |   232877640121 |              0 |              0 |              0 |              0 |              0 |              0 |              0 |              0 |              0 |              0 |              0 |              0 |              0 |              0 |              0 |              0 |              0 |              0 |              0 |              0 |              0 |              0 |              0 |              0 |              0 |              0 |              0 |              0 |              0 |              0 |              0 |              0 |              0 |              0 |              0 |              0 |              0 |              0 |              0 |              0 |              0 |              0 |              0 |              0 |              0 |              0 |              0 |              0 |              0 |              0 |              0 |              0 |              0 |              0 |              0 |              0 |              0 |              0 |              0 |              0 |              0 |              0 |              0 |              0 |              0 |              0 |              0 |              0 |              0 |              0 |              0 |              0 |              0 |              0 |              0 |              0 |              0 |              0 |              0 |
|      CAS_CMD_WR      |  UMC5C1 |   130829632047 |              0 |              0 |              0 |              0 |              0 |              0 |              0 |              0 |              0 |              0 |              0 |              0 |              0 |              0 |              0 |              0 |              0 |              0 |              0 |              0 |              0 |              0 |              0 |              0 |              0 |              0 |              0 |              0 |              0 |              0 |              0 |              0 |              0 |              0 |              0 |              0 |              0 |              0 |              0 |              0 |              0 |              0 |              0 |              0 |              0 |              0 |              0 |             0 |             0 |             0 |             0 |             0 |             0 |             0 |             0 |             0 |             0 |             0 |             0 |             0 |             0 |             0 |             0 |             0 |             0 |             0 |             0 |             0 |             0 |             0 |             0 |             0 |             0 |             0 |             0 |             0 |             0 |             0 |             0 |             0 |             0 |             0 |             0 |             0 |             0 |             0 |             0 |             0 |             0 |             0 |             0 |             0 |             0 |             0 |             0 |    96083352643 |              0 |              0 |              0 |              0 |              0 |              0 |              0 |              0 |              0 |              0 |              0 |              0 |              0 |              0 |              0 |              0 |              0 |              0 |              0 |              0 |              0 |              0 |              0 |              0 |              0 |              0 |              0 |              0 |              0 |              0 |              0 |              0 |              0 |              0 |              0 |              0 |              0 |              0 |              0 |              0 |              0 |              0 |              0 |              0 |              0 |              0 |              0 |              0 |              0 |              0 |              0 |              0 |              0 |              0 |              0 |              0 |              0 |              0 |              0 |              0 |              0 |              0 |              0 |              0 |              0 |              0 |              0 |              0 |              0 |              0 |              0 |              0 |              0 |              0 |              0 |              0 |              0 |              0 |              0 |
|      CAS_CMD_RD      |  UMC6C0 |   308914815272 |              0 |              0 |              0 |              0 |              0 |              0 |              0 |              0 |              0 |              0 |              0 |              0 |              0 |              0 |              0 |              0 |              0 |              0 |              0 |              0 |              0 |              0 |              0 |              0 |              0 |              0 |              0 |              0 |              0 |              0 |              0 |              0 |              0 |              0 |              0 |              0 |              0 |              0 |              0 |              0 |              0 |              0 |              0 |              0 |              0 |              0 |              0 |             0 |             0 |             0 |             0 |             0 |             0 |             0 |             0 |             0 |             0 |             0 |             0 |             0 |             0 |             0 |             0 |             0 |             0 |             0 |             0 |             0 |             0 |             0 |             0 |             0 |             0 |             0 |             0 |             0 |             0 |             0 |             0 |             0 |             0 |             0 |             0 |             0 |             0 |             0 |             0 |             0 |             0 |             0 |             0 |             0 |             0 |             0 |             0 |   230770894607 |              0 |              0 |              0 |              0 |              0 |              0 |              0 |              0 |              0 |              0 |              0 |              0 |              0 |              0 |              0 |              0 |              0 |              0 |              0 |              0 |              0 |              0 |              0 |              0 |              0 |              0 |              0 |              0 |              0 |              0 |              0 |              0 |              0 |              0 |              0 |              0 |              0 |              0 |              0 |              0 |              0 |              0 |              0 |              0 |              0 |              0 |              0 |              0 |              0 |              0 |              0 |              0 |              0 |              0 |              0 |              0 |              0 |              0 |              0 |              0 |              0 |              0 |              0 |              0 |              0 |              0 |              0 |              0 |              0 |              0 |              0 |              0 |              0 |              0 |              0 |              0 |              0 |              0 |              0 |
|      CAS_CMD_WR      |  UMC6C1 |   130944070289 |              0 |              0 |              0 |              0 |              0 |              0 |              0 |              0 |              0 |              0 |              0 |              0 |              0 |              0 |              0 |              0 |              0 |              0 |              0 |              0 |              0 |              0 |              0 |              0 |              0 |              0 |              0 |              0 |              0 |              0 |              0 |              0 |              0 |              0 |              0 |              0 |              0 |              0 |              0 |              0 |              0 |              0 |              0 |              0 |              0 |              0 |              0 |             0 |             0 |             0 |             0 |             0 |             0 |             0 |             0 |             0 |             0 |             0 |             0 |             0 |             0 |             0 |             0 |             0 |             0 |             0 |             0 |             0 |             0 |             0 |             0 |             0 |             0 |             0 |             0 |             0 |             0 |             0 |             0 |             0 |             0 |             0 |             0 |             0 |             0 |             0 |             0 |             0 |             0 |             0 |             0 |             0 |             0 |             0 |             0 |    96012771339 |              0 |              0 |              0 |              0 |              0 |              0 |              0 |              0 |              0 |              0 |              0 |              0 |              0 |              0 |              0 |              0 |              0 |              0 |              0 |              0 |              0 |              0 |              0 |              0 |              0 |              0 |              0 |              0 |              0 |              0 |              0 |              0 |              0 |              0 |              0 |              0 |              0 |              0 |              0 |              0 |              0 |              0 |              0 |              0 |              0 |              0 |              0 |              0 |              0 |              0 |              0 |              0 |              0 |              0 |              0 |              0 |              0 |              0 |              0 |              0 |              0 |              0 |              0 |              0 |              0 |              0 |              0 |              0 |              0 |              0 |              0 |              0 |              0 |              0 |              0 |              0 |              0 |              0 |              0 |
|      CAS_CMD_RD      |  UMC7C0 |   310949806489 |              0 |              0 |              0 |              0 |              0 |              0 |              0 |              0 |              0 |              0 |              0 |              0 |              0 |              0 |              0 |              0 |              0 |              0 |              0 |              0 |              0 |              0 |              0 |              0 |              0 |              0 |              0 |              0 |              0 |              0 |              0 |              0 |              0 |              0 |              0 |              0 |              0 |              0 |              0 |              0 |              0 |              0 |              0 |              0 |              0 |              0 |              0 |             0 |             0 |             0 |             0 |             0 |             0 |             0 |             0 |             0 |             0 |             0 |             0 |             0 |             0 |             0 |             0 |             0 |             0 |             0 |             0 |             0 |             0 |             0 |             0 |             0 |             0 |             0 |             0 |             0 |             0 |             0 |             0 |             0 |             0 |             0 |             0 |             0 |             0 |             0 |             0 |             0 |             0 |             0 |             0 |             0 |             0 |             0 |             0 |   231439336257 |              0 |              0 |              0 |              0 |              0 |              0 |              0 |              0 |              0 |              0 |              0 |              0 |              0 |              0 |              0 |              0 |              0 |              0 |              0 |              0 |              0 |              0 |              0 |              0 |              0 |              0 |              0 |              0 |              0 |              0 |              0 |              0 |              0 |              0 |              0 |              0 |              0 |              0 |              0 |              0 |              0 |              0 |              0 |              0 |              0 |              0 |              0 |              0 |              0 |              0 |              0 |              0 |              0 |              0 |              0 |              0 |              0 |              0 |              0 |              0 |              0 |              0 |              0 |              0 |              0 |              0 |              0 |              0 |              0 |              0 |              0 |              0 |              0 |              0 |              0 |              0 |              0 |              0 |              0 |
|      CAS_CMD_WR      |  UMC7C1 |   130835340929 |              0 |              0 |              0 |              0 |              0 |              0 |              0 |              0 |              0 |              0 |              0 |              0 |              0 |              0 |              0 |              0 |              0 |              0 |              0 |              0 |              0 |              0 |              0 |              0 |              0 |              0 |              0 |              0 |              0 |              0 |              0 |              0 |              0 |              0 |              0 |              0 |              0 |              0 |              0 |              0 |              0 |              0 |              0 |              0 |              0 |              0 |              0 |             0 |             0 |             0 |             0 |             0 |             0 |             0 |             0 |             0 |             0 |             0 |             0 |             0 |             0 |             0 |             0 |             0 |             0 |             0 |             0 |             0 |             0 |             0 |             0 |             0 |             0 |             0 |             0 |             0 |             0 |             0 |             0 |             0 |             0 |             0 |             0 |             0 |             0 |             0 |             0 |             0 |             0 |             0 |             0 |             0 |             0 |             0 |             0 |    96008924296 |              0 |              0 |              0 |              0 |              0 |              0 |              0 |              0 |              0 |              0 |              0 |              0 |              0 |              0 |              0 |              0 |              0 |              0 |              0 |              0 |              0 |              0 |              0 |              0 |              0 |              0 |              0 |              0 |              0 |              0 |              0 |              0 |              0 |              0 |              0 |              0 |              0 |              0 |              0 |              0 |              0 |              0 |              0 |              0 |              0 |              0 |              0 |              0 |              0 |              0 |              0 |              0 |              0 |              0 |              0 |              0 |              0 |              0 |              0 |              0 |              0 |              0 |              0 |              0 |              0 |              0 |              0 |              0 |              0 |              0 |              0 |              0 |              0 |              0 |              0 |              0 |              0 |              0 |              0 |
|      CAS_CMD_RD      |  UMC8C0 |   312254240672 |              0 |              0 |              0 |              0 |              0 |              0 |              0 |              0 |              0 |              0 |              0 |              0 |              0 |              0 |              0 |              0 |              0 |              0 |              0 |              0 |              0 |              0 |              0 |              0 |              0 |              0 |              0 |              0 |              0 |              0 |              0 |              0 |              0 |              0 |              0 |              0 |              0 |              0 |              0 |              0 |              0 |              0 |              0 |              0 |              0 |              0 |              0 |             0 |             0 |             0 |             0 |             0 |             0 |             0 |             0 |             0 |             0 |             0 |             0 |             0 |             0 |             0 |             0 |             0 |             0 |             0 |             0 |             0 |             0 |             0 |             0 |             0 |             0 |             0 |             0 |             0 |             0 |             0 |             0 |             0 |             0 |             0 |             0 |             0 |             0 |             0 |             0 |             0 |             0 |             0 |             0 |             0 |             0 |             0 |             0 |   232286082832 |              0 |              0 |              0 |              0 |              0 |              0 |              0 |              0 |              0 |              0 |              0 |              0 |              0 |              0 |              0 |              0 |              0 |              0 |              0 |              0 |              0 |              0 |              0 |              0 |              0 |              0 |              0 |              0 |              0 |              0 |              0 |              0 |              0 |              0 |              0 |              0 |              0 |              0 |              0 |              0 |              0 |              0 |              0 |              0 |              0 |              0 |              0 |              0 |              0 |              0 |              0 |              0 |              0 |              0 |              0 |              0 |              0 |              0 |              0 |              0 |              0 |              0 |              0 |              0 |              0 |              0 |              0 |              0 |              0 |              0 |              0 |              0 |              0 |              0 |              0 |              0 |              0 |              0 |              0 |
|      CAS_CMD_WR      |  UMC8C1 |   130944596265 |              0 |              0 |              0 |              0 |              0 |              0 |              0 |              0 |              0 |              0 |              0 |              0 |              0 |              0 |              0 |              0 |              0 |              0 |              0 |              0 |              0 |              0 |              0 |              0 |              0 |              0 |              0 |              0 |              0 |              0 |              0 |              0 |              0 |              0 |              0 |              0 |              0 |              0 |              0 |              0 |              0 |              0 |              0 |              0 |              0 |              0 |              0 |             0 |             0 |             0 |             0 |             0 |             0 |             0 |             0 |             0 |             0 |             0 |             0 |             0 |             0 |             0 |             0 |             0 |             0 |             0 |             0 |             0 |             0 |             0 |             0 |             0 |             0 |             0 |             0 |             0 |             0 |             0 |             0 |             0 |             0 |             0 |             0 |             0 |             0 |             0 |             0 |             0 |             0 |             0 |             0 |             0 |             0 |             0 |             0 |    96057905406 |              0 |              0 |              0 |              0 |              0 |              0 |              0 |              0 |              0 |              0 |              0 |              0 |              0 |              0 |              0 |              0 |              0 |              0 |              0 |              0 |              0 |              0 |              0 |              0 |              0 |              0 |              0 |              0 |              0 |              0 |              0 |              0 |              0 |              0 |              0 |              0 |              0 |              0 |              0 |              0 |              0 |              0 |              0 |              0 |              0 |              0 |              0 |              0 |              0 |              0 |              0 |              0 |              0 |              0 |              0 |              0 |              0 |              0 |              0 |              0 |              0 |              0 |              0 |              0 |              0 |              0 |              0 |              0 |              0 |              0 |              0 |              0 |              0 |              0 |              0 |              0 |              0 |              0 |              0 |
|      CAS_CMD_RD      |  UMC9C0 |   309721899875 |              0 |              0 |              0 |              0 |              0 |              0 |              0 |              0 |              0 |              0 |              0 |              0 |              0 |              0 |              0 |              0 |              0 |              0 |              0 |              0 |              0 |              0 |              0 |              0 |              0 |              0 |              0 |              0 |              0 |              0 |              0 |              0 |              0 |              0 |              0 |              0 |              0 |              0 |              0 |              0 |              0 |              0 |              0 |              0 |              0 |              0 |              0 |             0 |             0 |             0 |             0 |             0 |             0 |             0 |             0 |             0 |             0 |             0 |             0 |             0 |             0 |             0 |             0 |             0 |             0 |             0 |             0 |             0 |             0 |             0 |             0 |             0 |             0 |             0 |             0 |             0 |             0 |             0 |             0 |             0 |             0 |             0 |             0 |             0 |             0 |             0 |             0 |             0 |             0 |             0 |             0 |             0 |             0 |             0 |             0 |   230814255483 |              0 |              0 |              0 |              0 |              0 |              0 |              0 |              0 |              0 |              0 |              0 |              0 |              0 |              0 |              0 |              0 |              0 |              0 |              0 |              0 |              0 |              0 |              0 |              0 |              0 |              0 |              0 |              0 |              0 |              0 |              0 |              0 |              0 |              0 |              0 |              0 |              0 |              0 |              0 |              0 |              0 |              0 |              0 |              0 |              0 |              0 |              0 |              0 |              0 |              0 |              0 |              0 |              0 |              0 |              0 |              0 |              0 |              0 |              0 |              0 |              0 |              0 |              0 |              0 |              0 |              0 |              0 |              0 |              0 |              0 |              0 |              0 |              0 |              0 |              0 |              0 |              0 |              0 |              0 |
|      CAS_CMD_WR      |  UMC9C1 |   130927319432 |              0 |              0 |              0 |              0 |              0 |              0 |              0 |              0 |              0 |              0 |              0 |              0 |              0 |              0 |              0 |              0 |              0 |              0 |              0 |              0 |              0 |              0 |              0 |              0 |              0 |              0 |              0 |              0 |              0 |              0 |              0 |              0 |              0 |              0 |              0 |              0 |              0 |              0 |              0 |              0 |              0 |              0 |              0 |              0 |              0 |              0 |              0 |             0 |             0 |             0 |             0 |             0 |             0 |             0 |             0 |             0 |             0 |             0 |             0 |             0 |             0 |             0 |             0 |             0 |             0 |             0 |             0 |             0 |             0 |             0 |             0 |             0 |             0 |             0 |             0 |             0 |             0 |             0 |             0 |             0 |             0 |             0 |             0 |             0 |             0 |             0 |             0 |             0 |             0 |             0 |             0 |             0 |             0 |             0 |             0 |    96063039299 |              0 |              0 |              0 |              0 |              0 |              0 |              0 |              0 |              0 |              0 |              0 |              0 |              0 |              0 |              0 |              0 |              0 |              0 |              0 |              0 |              0 |              0 |              0 |              0 |              0 |              0 |              0 |              0 |              0 |              0 |              0 |              0 |              0 |              0 |              0 |              0 |              0 |              0 |              0 |              0 |              0 |              0 |              0 |              0 |              0 |              0 |              0 |              0 |              0 |              0 |              0 |              0 |              0 |              0 |              0 |              0 |              0 |              0 |              0 |              0 |              0 |              0 |              0 |              0 |              0 |              0 |              0 |              0 |              0 |              0 |              0 |              0 |              0 |              0 |              0 |              0 |              0 |              0 |              0 |
|      CAS_CMD_RD      | UMC10C0 |   311149930811 |              0 |              0 |              0 |              0 |              0 |              0 |              0 |              0 |              0 |              0 |              0 |              0 |              0 |              0 |              0 |              0 |              0 |              0 |              0 |              0 |              0 |              0 |              0 |              0 |              0 |              0 |              0 |              0 |              0 |              0 |              0 |              0 |              0 |              0 |              0 |              0 |              0 |              0 |              0 |              0 |              0 |              0 |              0 |              0 |              0 |              0 |              0 |             0 |             0 |             0 |             0 |             0 |             0 |             0 |             0 |             0 |             0 |             0 |             0 |             0 |             0 |             0 |             0 |             0 |             0 |             0 |             0 |             0 |             0 |             0 |             0 |             0 |             0 |             0 |             0 |             0 |             0 |             0 |             0 |             0 |             0 |             0 |             0 |             0 |             0 |             0 |             0 |             0 |             0 |             0 |             0 |             0 |             0 |             0 |             0 |   232582958053 |              0 |              0 |              0 |              0 |              0 |              0 |              0 |              0 |              0 |              0 |              0 |              0 |              0 |              0 |              0 |              0 |              0 |              0 |              0 |              0 |              0 |              0 |              0 |              0 |              0 |              0 |              0 |              0 |              0 |              0 |              0 |              0 |              0 |              0 |              0 |              0 |              0 |              0 |              0 |              0 |              0 |              0 |              0 |              0 |              0 |              0 |              0 |              0 |              0 |              0 |              0 |              0 |              0 |              0 |              0 |              0 |              0 |              0 |              0 |              0 |              0 |              0 |              0 |              0 |              0 |              0 |              0 |              0 |              0 |              0 |              0 |              0 |              0 |              0 |              0 |              0 |              0 |              0 |              0 |
|      CAS_CMD_WR      | UMC10C1 |   130840781473 |              0 |              0 |              0 |              0 |              0 |              0 |              0 |              0 |              0 |              0 |              0 |              0 |              0 |              0 |              0 |              0 |              0 |              0 |              0 |              0 |              0 |              0 |              0 |              0 |              0 |              0 |              0 |              0 |              0 |              0 |              0 |              0 |              0 |              0 |              0 |              0 |              0 |              0 |              0 |              0 |              0 |              0 |              0 |              0 |              0 |              0 |              0 |             0 |             0 |             0 |             0 |             0 |             0 |             0 |             0 |             0 |             0 |             0 |             0 |             0 |             0 |             0 |             0 |             0 |             0 |             0 |             0 |             0 |             0 |             0 |             0 |             0 |             0 |             0 |             0 |             0 |             0 |             0 |             0 |             0 |             0 |             0 |             0 |             0 |             0 |             0 |             0 |             0 |             0 |             0 |             0 |             0 |             0 |             0 |             0 |    96038531741 |              0 |              0 |              0 |              0 |              0 |              0 |              0 |              0 |              0 |              0 |              0 |              0 |              0 |              0 |              0 |              0 |              0 |              0 |              0 |              0 |              0 |              0 |              0 |              0 |              0 |              0 |              0 |              0 |              0 |              0 |              0 |              0 |              0 |              0 |              0 |              0 |              0 |              0 |              0 |              0 |              0 |              0 |              0 |              0 |              0 |              0 |              0 |              0 |              0 |              0 |              0 |              0 |              0 |              0 |              0 |              0 |              0 |              0 |              0 |              0 |              0 |              0 |              0 |              0 |              0 |              0 |              0 |              0 |              0 |              0 |              0 |              0 |              0 |              0 |              0 |              0 |              0 |              0 |              0 |
|      CAS_CMD_RD      | UMC11C0 |   310071265750 |              0 |              0 |              0 |              0 |              0 |              0 |              0 |              0 |              0 |              0 |              0 |              0 |              0 |              0 |              0 |              0 |              0 |              0 |              0 |              0 |              0 |              0 |              0 |              0 |              0 |              0 |              0 |              0 |              0 |              0 |              0 |              0 |              0 |              0 |              0 |              0 |              0 |              0 |              0 |              0 |              0 |              0 |              0 |              0 |              0 |              0 |              0 |             0 |             0 |             0 |             0 |             0 |             0 |             0 |             0 |             0 |             0 |             0 |             0 |             0 |             0 |             0 |             0 |             0 |             0 |             0 |             0 |             0 |             0 |             0 |             0 |             0 |             0 |             0 |             0 |             0 |             0 |             0 |             0 |             0 |             0 |             0 |             0 |             0 |             0 |             0 |             0 |             0 |             0 |             0 |             0 |             0 |             0 |             0 |             0 |   233104649430 |              0 |              0 |              0 |              0 |              0 |              0 |              0 |              0 |              0 |              0 |              0 |              0 |              0 |              0 |              0 |              0 |              0 |              0 |              0 |              0 |              0 |              0 |              0 |              0 |              0 |              0 |              0 |              0 |              0 |              0 |              0 |              0 |              0 |              0 |              0 |              0 |              0 |              0 |              0 |              0 |              0 |              0 |              0 |              0 |              0 |              0 |              0 |              0 |              0 |              0 |              0 |              0 |              0 |              0 |              0 |              0 |              0 |              0 |              0 |              0 |              0 |              0 |              0 |              0 |              0 |              0 |              0 |              0 |              0 |              0 |              0 |              0 |              0 |              0 |              0 |              0 |              0 |              0 |              0 |
|      CAS_CMD_WR      | UMC11C1 |   130919381956 |              0 |              0 |              0 |              0 |              0 |              0 |              0 |              0 |              0 |              0 |              0 |              0 |              0 |              0 |              0 |              0 |              0 |              0 |              0 |              0 |              0 |              0 |              0 |              0 |              0 |              0 |              0 |              0 |              0 |              0 |              0 |              0 |              0 |              0 |              0 |              0 |              0 |              0 |              0 |              0 |              0 |              0 |              0 |              0 |              0 |              0 |              0 |             0 |             0 |             0 |             0 |             0 |             0 |             0 |             0 |             0 |             0 |             0 |             0 |             0 |             0 |             0 |             0 |             0 |             0 |             0 |             0 |             0 |             0 |             0 |             0 |             0 |             0 |             0 |             0 |             0 |             0 |             0 |             0 |             0 |             0 |             0 |             0 |             0 |             0 |             0 |             0 |             0 |             0 |             0 |             0 |             0 |             0 |             0 |             0 |    96045781878 |              0 |              0 |              0 |              0 |              0 |              0 |              0 |              0 |              0 |              0 |              0 |              0 |              0 |              0 |              0 |              0 |              0 |              0 |              0 |              0 |              0 |              0 |              0 |              0 |              0 |              0 |              0 |              0 |              0 |              0 |              0 |              0 |              0 |              0 |              0 |              0 |              0 |              0 |              0 |              0 |              0 |              0 |              0 |              0 |              0 |              0 |              0 |              0 |              0 |              0 |              0 |              0 |              0 |              0 |              0 |              0 |              0 |              0 |              0 |              0 |              0 |              0 |              0 |              0 |              0 |              0 |              0 |              0 |              0 |              0 |              0 |              0 |              0 |              0 |              0 |              0 |              0 |              0 |              0 |
+----------------------+---------+----------------+----------------+----------------+----------------+----------------+----------------+----------------+----------------+----------------+----------------+----------------+----------------+----------------+----------------+----------------+----------------+----------------+----------------+----------------+----------------+----------------+----------------+----------------+----------------+----------------+----------------+----------------+----------------+----------------+----------------+----------------+----------------+----------------+----------------+----------------+----------------+----------------+----------------+----------------+----------------+----------------+----------------+----------------+----------------+----------------+----------------+----------------+----------------+---------------+---------------+---------------+---------------+---------------+---------------+---------------+---------------+---------------+---------------+---------------+---------------+---------------+---------------+---------------+---------------+---------------+---------------+---------------+---------------+---------------+---------------+---------------+---------------+---------------+---------------+---------------+---------------+---------------+---------------+---------------+---------------+---------------+---------------+---------------+---------------+---------------+---------------+---------------+---------------+---------------+---------------+---------------+---------------+---------------+---------------+---------------+---------------+----------------+----------------+----------------+----------------+----------------+----------------+----------------+----------------+----------------+----------------+----------------+----------------+----------------+----------------+----------------+----------------+----------------+----------------+----------------+----------------+----------------+----------------+----------------+----------------+----------------+----------------+----------------+----------------+----------------+----------------+----------------+----------------+----------------+----------------+----------------+----------------+----------------+----------------+----------------+----------------+----------------+----------------+----------------+----------------+----------------+----------------+----------------+----------------+----------------+----------------+----------------+----------------+----------------+----------------+----------------+----------------+----------------+----------------+----------------+----------------+----------------+----------------+----------------+----------------+----------------+----------------+----------------+----------------+----------------+----------------+----------------+----------------+----------------+----------------+----------------+----------------+----------------+----------------+----------------+----------------+

+---------------------------+---------+------------------+---------------+----------------+--------------+
|           Event           | Counter |        Sum       |      Min      |       Max      |      Avg     |
+---------------------------+---------+------------------+---------------+----------------+--------------+
|   ACTUAL_CPU_CLOCK STAT   |  FIXC1  | 2181018594557844 | 6479849829007 | 17559809687812 |      nil     |
|     MAX_CPU_CLOCK STAT    |  FIXC2  | 1654788194173556 | 6691687232282 | 12521369504280 | 9.402206e+12 |
| RETIRED_INSTRUCTIONS STAT |   PMC0  |  914756106868025 | 4550695498091 |  8347405559081 |      nil     |
|  CPU_CLOCKS_UNHALTED STAT |   PMC1  | 1962759799337507 | 5900827487119 | 14300254390331 |      nil     |
|      CAS_CMD_RD STAT      |  UMC0C0 |     543484178114 |             0 |   312128065948 | 3.087978e+09 |
|      CAS_CMD_WR STAT      |  UMC0C1 |     226590218841 |             0 |   130600600272 | 1.287444e+09 |
|      CAS_CMD_RD STAT      |  UMC1C0 |     546696680774 |             0 |   313805380826 | 3.106231e+09 |
|      CAS_CMD_WR STAT      |  UMC1C1 |     226758683333 |             0 |   130796231692 | 1.288402e+09 |
|      CAS_CMD_RD STAT      |  UMC2C0 |     542515593061 |             0 |   308037899086 | 3.082475e+09 |
|      CAS_CMD_WR STAT      |  UMC2C1 |     226804386056 |             0 |   130784901574 | 1.288661e+09 |
|      CAS_CMD_RD STAT      |  UMC3C0 |     539317822919 |             0 |   308252707153 | 3.064306e+09 |
|      CAS_CMD_WR STAT      |  UMC3C1 |     226764052267 |             0 |   130662915004 | 1.288432e+09 |
|      CAS_CMD_RD STAT      |  UMC4C0 |     543631521685 |             0 |   310910978994 | 3.088815e+09 |
|      CAS_CMD_WR STAT      |  UMC4C1 |     226934534431 |             0 |   130836040724 | 1.289401e+09 |
|      CAS_CMD_RD STAT      |  UMC5C0 |     542074989231 |             0 |   309197349110 | 3.079972e+09 |
|      CAS_CMD_WR STAT      |  UMC5C1 |     226912984690 |             0 |   130829632047 | 1.289278e+09 |
|      CAS_CMD_RD STAT      |  UMC6C0 |     539685709879 |             0 |   308914815272 | 3.066396e+09 |
|      CAS_CMD_WR STAT      |  UMC6C1 |     226956841628 |             0 |   130944070289 | 1.289528e+09 |
|      CAS_CMD_RD STAT      |  UMC7C0 |     542389142746 |             0 |   310949806489 | 3.081756e+09 |
|      CAS_CMD_WR STAT      |  UMC7C1 |     226844265225 |             0 |   130835340929 | 1.288888e+09 |
|      CAS_CMD_RD STAT      |  UMC8C0 |     544540323504 |             0 |   312254240672 | 3.093979e+09 |
|      CAS_CMD_WR STAT      |  UMC8C1 |     227002501671 |             0 |   130944596265 | 1.289787e+09 |
|      CAS_CMD_RD STAT      |  UMC9C0 |     540536155358 |             0 |   309721899875 | 3.071228e+09 |
|      CAS_CMD_WR STAT      |  UMC9C1 |     226990358731 |             0 |   130927319432 | 1.289718e+09 |
|      CAS_CMD_RD STAT      | UMC10C0 |     543732888864 |             0 |   311149930811 |   3089391414 |
|      CAS_CMD_WR STAT      | UMC10C1 |     226879313214 |             0 |   130840781473 | 1.289087e+09 |
|      CAS_CMD_RD STAT      | UMC11C0 |     543175915180 |             0 |   310071265750 | 3.086227e+09 |
|      CAS_CMD_WR STAT      | UMC11C1 |     226965163834 |             0 |   130919381956 | 1.289575e+09 |
+---------------------------+---------+------------------+---------------+----------------+--------------+

+-----------------------------------+-------------+------------+------------+------------+------------+------------+------------+------------+------------+------------+-------------+-------------+-------------+-------------+-------------+-------------+-------------+-------------+-------------+-------------+-------------+-------------+-------------+-------------+-------------+-------------+-------------+-------------+-------------+-------------+-------------+-------------+-------------+-------------+-------------+-------------+-------------+-------------+-------------+-------------+-------------+-------------+-------------+-------------+-------------+-------------+-------------+-------------+-------------+-------------+-------------+-------------+-------------+-------------+-------------+-------------+-------------+-------------+-------------+-------------+-------------+-------------+-------------+-------------+-------------+-------------+-------------+-------------+-------------+-------------+-------------+-------------+-------------+-------------+-------------+-------------+-------------+-------------+-------------+-------------+-------------+-------------+-------------+-------------+-------------+-------------+-------------+-------------+-------------+-------------+-------------+-------------+-------------+-------------+-------------+-------------+-------------+-------------+-------------+-------------+--------------+--------------+--------------+--------------+--------------+--------------+--------------+--------------+--------------+--------------+--------------+--------------+--------------+--------------+--------------+--------------+--------------+--------------+--------------+--------------+--------------+--------------+--------------+--------------+--------------+--------------+--------------+--------------+--------------+--------------+--------------+--------------+--------------+--------------+--------------+--------------+--------------+--------------+--------------+--------------+--------------+--------------+--------------+--------------+--------------+--------------+--------------+--------------+--------------+--------------+--------------+--------------+--------------+--------------+--------------+--------------+--------------+--------------+--------------+--------------+--------------+--------------+--------------+--------------+--------------+--------------+--------------+--------------+--------------+--------------+--------------+--------------+--------------+--------------+--------------+--------------+
|               Metric              |  HWThread 0 | HWThread 1 | HWThread 2 | HWThread 3 | HWThread 4 | HWThread 5 | HWThread 6 | HWThread 7 | HWThread 8 | HWThread 9 | HWThread 10 | HWThread 11 | HWThread 12 | HWThread 13 | HWThread 14 | HWThread 15 | HWThread 16 | HWThread 17 | HWThread 18 | HWThread 19 | HWThread 20 | HWThread 21 | HWThread 22 | HWThread 23 | HWThread 24 | HWThread 25 | HWThread 26 | HWThread 27 | HWThread 28 | HWThread 29 | HWThread 30 | HWThread 31 | HWThread 32 | HWThread 33 | HWThread 34 | HWThread 35 | HWThread 36 | HWThread 37 | HWThread 38 | HWThread 39 | HWThread 40 | HWThread 41 | HWThread 42 | HWThread 43 | HWThread 44 | HWThread 45 | HWThread 46 | HWThread 47 | HWThread 48 | HWThread 49 | HWThread 50 | HWThread 51 | HWThread 52 | HWThread 53 | HWThread 54 | HWThread 55 | HWThread 56 | HWThread 57 | HWThread 58 | HWThread 59 | HWThread 60 | HWThread 61 | HWThread 62 | HWThread 63 | HWThread 64 | HWThread 65 | HWThread 66 | HWThread 67 | HWThread 68 | HWThread 69 | HWThread 70 | HWThread 71 | HWThread 72 | HWThread 73 | HWThread 74 | HWThread 75 | HWThread 76 | HWThread 77 | HWThread 78 | HWThread 79 | HWThread 80 | HWThread 81 | HWThread 82 | HWThread 83 | HWThread 84 | HWThread 85 | HWThread 86 | HWThread 87 | HWThread 88 | HWThread 89 | HWThread 90 | HWThread 91 | HWThread 92 | HWThread 93 | HWThread 94 | HWThread 95 | HWThread 96 | HWThread 97 | HWThread 98 | HWThread 99 | HWThread 100 | HWThread 101 | HWThread 102 | HWThread 103 | HWThread 104 | HWThread 105 | HWThread 106 | HWThread 107 | HWThread 108 | HWThread 109 | HWThread 110 | HWThread 111 | HWThread 112 | HWThread 113 | HWThread 114 | HWThread 115 | HWThread 116 | HWThread 117 | HWThread 118 | HWThread 119 | HWThread 120 | HWThread 121 | HWThread 122 | HWThread 123 | HWThread 124 | HWThread 125 | HWThread 126 | HWThread 127 | HWThread 128 | HWThread 129 | HWThread 130 | HWThread 131 | HWThread 132 | HWThread 133 | HWThread 134 | HWThread 135 | HWThread 136 | HWThread 137 | HWThread 138 | HWThread 139 | HWThread 140 | HWThread 141 | HWThread 142 | HWThread 143 | HWThread 144 | HWThread 145 | HWThread 146 | HWThread 147 | HWThread 148 | HWThread 149 | HWThread 150 | HWThread 151 | HWThread 152 | HWThread 153 | HWThread 154 | HWThread 155 | HWThread 156 | HWThread 157 | HWThread 158 | HWThread 159 | HWThread 160 | HWThread 161 | HWThread 162 | HWThread 163 | HWThread 164 | HWThread 165 | HWThread 166 | HWThread 167 | HWThread 168 | HWThread 169 | HWThread 170 | HWThread 171 | HWThread 172 | HWThread 173 | HWThread 174 | HWThread 175 |
+-----------------------------------+-------------+------------+------------+------------+------------+------------+------------+------------+------------+------------+-------------+-------------+-------------+-------------+-------------+-------------+-------------+-------------+-------------+-------------+-------------+-------------+-------------+-------------+-------------+-------------+-------------+-------------+-------------+-------------+-------------+-------------+-------------+-------------+-------------+-------------+-------------+-------------+-------------+-------------+-------------+-------------+-------------+-------------+-------------+-------------+-------------+-------------+-------------+-------------+-------------+-------------+-------------+-------------+-------------+-------------+-------------+-------------+-------------+-------------+-------------+-------------+-------------+-------------+-------------+-------------+-------------+-------------+-------------+-------------+-------------+-------------+-------------+-------------+-------------+-------------+-------------+-------------+-------------+-------------+-------------+-------------+-------------+-------------+-------------+-------------+-------------+-------------+-------------+-------------+-------------+-------------+-------------+-------------+-------------+-------------+-------------+-------------+-------------+-------------+--------------+--------------+--------------+--------------+--------------+--------------+--------------+--------------+--------------+--------------+--------------+--------------+--------------+--------------+--------------+--------------+--------------+--------------+--------------+--------------+--------------+--------------+--------------+--------------+--------------+--------------+--------------+--------------+--------------+--------------+--------------+--------------+--------------+--------------+--------------+--------------+--------------+--------------+--------------+--------------+--------------+--------------+--------------+--------------+--------------+--------------+--------------+--------------+--------------+--------------+--------------+--------------+--------------+--------------+--------------+--------------+--------------+--------------+--------------+--------------+--------------+--------------+--------------+--------------+--------------+--------------+--------------+--------------+--------------+--------------+--------------+--------------+--------------+--------------+--------------+--------------+
|        Runtime (RDTSC) [s]        |   5369.0253 |  5369.0253 |  5369.0253 |  5369.0253 |  5369.0253 |  5369.0253 |  5369.0253 |  5369.0253 |  5369.0253 |  5369.0253 |   5369.0253 |   5369.0253 |   5369.0253 |   5369.0253 |   5369.0253 |   5369.0253 |   5369.0253 |   5369.0253 |   5369.0253 |   5369.0253 |   5369.0253 |   5369.0253 |   5369.0253 |   5369.0253 |   5369.0253 |   5369.0253 |   5369.0253 |   5369.0253 |   5369.0253 |   5369.0253 |   5369.0253 |   5369.0253 |   5369.0253 |   5369.0253 |   5369.0253 |   5369.0253 |   5369.0253 |   5369.0253 |   5369.0253 |   5369.0253 |   5369.0253 |   5369.0253 |   5369.0253 |   5369.0253 |   5369.0253 |   5369.0253 |   5369.0253 |   5369.0253 |   5369.0253 |   5369.0253 |   5369.0253 |   5369.0253 |   5369.0253 |   5369.0253 |   5369.0253 |   5369.0253 |   5369.0253 |   5369.0253 |   5369.0253 |   5369.0253 |   5369.0253 |   5369.0253 |   5369.0253 |   5369.0253 |   5369.0253 |   5369.0253 |   5369.0253 |   5369.0253 |   5369.0253 |   5369.0253 |   5369.0253 |   5369.0253 |   5369.0253 |   5369.0253 |   5369.0253 |   5369.0253 |   5369.0253 |   5369.0253 |   5369.0253 |   5369.0253 |   5369.0253 |   5369.0253 |   5369.0253 |   5369.0253 |   5369.0253 |   5369.0253 |   5369.0253 |   5369.0253 |   5369.0253 |   5369.0253 |   5369.0253 |   5369.0253 |   5369.0253 |   5369.0253 |   5369.0253 |   5369.0253 |   5369.0253 |   5369.0253 |   5369.0253 |   5369.0253 |    5369.0253 |    5369.0253 |    5369.0253 |    5369.0253 |    5369.0253 |    5369.0253 |    5369.0253 |    5369.0253 |    5369.0253 |    5369.0253 |    5369.0253 |    5369.0253 |    5369.0253 |    5369.0253 |    5369.0253 |    5369.0253 |    5369.0253 |    5369.0253 |    5369.0253 |    5369.0253 |    5369.0253 |    5369.0253 |    5369.0253 |    5369.0253 |    5369.0253 |    5369.0253 |    5369.0253 |    5369.0253 |    5369.0253 |    5369.0253 |    5369.0253 |    5369.0253 |    5369.0253 |    5369.0253 |    5369.0253 |    5369.0253 |    5369.0253 |    5369.0253 |    5369.0253 |    5369.0253 |    5369.0253 |    5369.0253 |    5369.0253 |    5369.0253 |    5369.0253 |    5369.0253 |    5369.0253 |    5369.0253 |    5369.0253 |    5369.0253 |    5369.0253 |    5369.0253 |    5369.0253 |    5369.0253 |    5369.0253 |    5369.0253 |    5369.0253 |    5369.0253 |    5369.0253 |    5369.0253 |    5369.0253 |    5369.0253 |    5369.0253 |    5369.0253 |    5369.0253 |    5369.0253 |    5369.0253 |    5369.0253 |    5369.0253 |    5369.0253 |    5369.0253 |    5369.0253 |    5369.0253 |    5369.0253 |    5369.0253 |    5369.0253 |
|        Runtime unhalted [s]       |   6753.7855 |  4904.9280 |  4839.0705 |  4855.4343 |  4875.1695 |  4878.4077 |  4881.7514 |  4882.0714 |  4451.6020 |  4353.8061 |   4307.4440 |   4336.4498 |   4305.0050 |   4320.1625 |   4335.2198 |   4356.1465 |   4434.5354 |   4424.1706 |   4400.7148 |   4437.9535 |   4457.6177 |   4474.1400 |   4494.4745 |   4510.7417 |   4713.4861 |   4703.5704 |   4674.6489 |   4704.7113 |   4739.5679 |   4737.3671 |   4739.7764 |   4764.1454 |   4529.4213 |   4500.8719 |   4515.6004 |   4550.6536 |   4561.1750 |   4583.1394 |   4591.8118 |   4646.2506 |   4593.9226 |   4564.8641 |   4561.8025 |   4594.8840 |   4603.4338 |   4609.8383 |   4622.9632 |   4636.2993 |   2615.5336 |   2622.3431 |   2577.9255 |   2549.6183 |   2567.7487 |   2581.5380 |   2566.6363 |   2616.7658 |   2538.3129 |   2504.3520 |   2492.2546 |   2515.7596 |   2507.6115 |   2546.6669 |   2517.1898 |   2541.6112 |   2622.9891 |   2553.5056 |   2560.4287 |   2573.3672 |   2597.9194 |   2619.7910 |   2611.8392 |   2633.4090 |   3499.0737 |   3487.4087 |   3448.1063 |   3513.5564 |   3510.2545 |   3542.2478 |   3571.2515 |   3606.7128 |   3173.1433 |   3184.4756 |   3195.0320 |   3183.5883 |   3203.5585 |   3214.5542 |   3230.3601 |   3268.1668 |   3215.7077 |   3154.9219 |   3129.6151 |   3209.1157 |   3215.3651 |   3231.2919 |   3303.6876 |   3297.1194 |   5985.9894 |   5987.7273 |   5987.6949 |   5994.9390 |    5992.5954 |    5985.8035 |    5983.9258 |    5984.8502 |    5696.6599 |    5714.0923 |    5698.5851 |    5727.7681 |    5769.6759 |    5755.7842 |    5763.9452 |    5784.0520 |    5883.1231 |    5890.3847 |    5886.6202 |    5890.4281 |    5893.3804 |    5919.5478 |    5902.9204 |    5910.5824 |    5985.7701 |    5989.9111 |    6002.2231 |    6002.5865 |    5995.1733 |    5989.8556 |    5982.9187 |    5984.3296 |    5966.9183 |    5983.0411 |    5971.6027 |    5976.7283 |    5983.3711 |    5978.5989 |    5988.0042 |    5983.2892 |    5997.8082 |    5986.2124 |    5993.0119 |    5991.8361 |    5988.2672 |    5984.7038 |    5984.0098 |    5989.1346 |    5987.7098 |    5990.3363 |    5984.6051 |    5983.5515 |    5988.2777 |    5981.0317 |    5983.3802 |    5982.9583 |    5981.8391 |    5987.2408 |    5975.6493 |    5980.6494 |    5981.2557 |    5971.9990 |    5972.1383 |    5972.7481 |    5973.8701 |    5969.8313 |    5965.8317 |    5978.4250 |    5965.2585 |    5966.0957 |    5971.0793 |    5972.3714 |    5957.6043 |    5938.8973 |    5956.0889 |    5946.4455 |    5947.3067 |    5945.1568 |    5897.0947 |    5589.3183 |
|            Clock [MHz]            |   3646.2002 |  3514.1907 |  3509.0591 |  3520.5421 |  3520.8238 |  3521.6339 |  3521.0292 |  3526.3304 |  3390.5918 |  3345.7423 |   3332.0262 |   3340.6162 |   3335.4582 |   3336.1060 |   3340.6043 |   3346.1285 |   3371.1028 |   3368.1490 |   3360.4423 |   3371.7853 |   3373.8921 |   3379.1968 |   3390.5958 |   3397.7950 |   3465.4859 |   3467.1343 |   3449.0257 |   3468.0625 |   3478.5966 |   3483.9519 |   3489.6517 |   3498.7955 |   3399.6964 |   3386.4166 |   3387.7214 |   3406.1899 |   3406.9144 |   3417.0253 |   3421.1965 |   3445.3143 |   3421.4871 |   3414.4044 |   3416.9522 |   3427.9102 |   3431.2425 |   3431.4202 |   3441.0170 |   3447.1792 |   2513.4861 |   2590.6209 |   2558.9252 |   2538.6835 |   2549.0021 |   2557.8418 |   2548.4089 |   2577.2825 |   2540.5536 |   2525.4103 |   2517.6876 |   2530.4599 |   2523.5078 |   2546.5587 |   2536.3564 |   2545.2200 |   2595.5956 |   2554.5830 |   2561.7893 |   2562.7786 |   2576.2032 |   2591.7347 |   2586.1500 |   2601.7285 |   3037.1452 |   3033.5064 |   3018.2975 |   3045.2571 |   3045.1120 |   3056.6462 |   3070.6534 |   3083.8088 |   2896.7932 |   2905.7130 |   2902.0018 |   2907.3513 |   2916.0545 |   2920.3488 |   2926.8845 |   2945.4726 |   2908.4912 |   2878.2270 |   2864.7197 |   2900.4581 |   2909.4052 |   2916.3429 |   2954.5008 |   2953.4548 |   3685.5792 |   3684.8957 |   3684.7663 |   3683.6149 |    3684.4150 |    3685.8828 |    3686.2757 |    3685.7147 |    3676.4537 |    3662.3418 |    3663.2929 |    3665.5961 |    3673.1412 |    3668.8273 |    3669.2071 |    3671.4938 |    3686.5005 |    3686.2118 |    3686.3346 |    3687.2835 |    3687.3755 |    3687.1818 |    3687.9313 |    3688.1705 |    3689.3086 |    3688.6656 |    3686.4660 |    3686.6369 |    3687.6453 |    3688.4886 |    3689.7514 |    3689.6564 |    3684.9116 |    3685.9056 |    3687.2509 |    3687.6182 |    3687.4525 |    3688.6666 |    3686.6063 |    3687.3755 |    3686.7989 |    3689.1823 |    3687.8909 |    3688.3764 |    3688.9859 |    3689.5094 |    3689.5760 |    3688.8337 |    3682.5748 |    3681.9759 |    3683.4657 |    3683.8388 |    3682.8076 |    3683.9487 |    3683.4490 |    3683.5246 |    3685.1756 |    3684.0096 |    3686.2338 |    3686.1946 |    3685.8281 |    3687.3630 |    3687.3921 |    3687.2971 |    3683.8886 |    3686.2229 |    3686.0199 |    3685.3559 |    3687.7449 |    3687.8215 |    3687.3200 |    3687.5575 |    3685.0189 |    3687.9760 |    3687.8845 |    3688.9593 |    3688.9553 |    3689.5164 |    3688.0429 |    3679.6148 |
|                CPI                |      1.6771 |     2.1024 |     2.0926 |     2.1013 |     2.1064 |     2.1092 |     2.1090 |     2.1122 |     1.9110 |     1.8810 |      1.8664 |      1.8759 |      1.8584 |      1.8703 |      1.8772 |      1.8856 |      1.9229 |      1.9148 |      1.9118 |      1.9287 |      1.9336 |      1.9407 |      1.9509 |      1.9595 |      2.0449 |      2.0398 |      2.0317 |      2.0461 |      2.0600 |      2.0622 |      2.0629 |      2.0733 |      1.9594 |      1.9515 |      1.9568 |      1.9730 |      1.9757 |      1.9871 |      1.9900 |      2.0167 |      1.9968 |      1.9875 |      1.9868 |      2.0019 |      2.0052 |      2.0079 |      2.0142 |      2.0191 |      1.1816 |      1.1954 |      1.1768 |      1.1661 |      1.1736 |      1.1792 |      1.1724 |      1.1951 |      1.1571 |      1.1389 |      1.1401 |      1.1489 |      1.1451 |      1.1610 |      1.1553 |      1.1629 |      1.1968 |      1.1717 |      1.1787 |      1.1794 |      1.1915 |      1.2013 |      1.1987 |      1.2073 |      1.5531 |      1.5509 |      1.5379 |      1.5626 |      1.5618 |      1.5738 |      1.5869 |      1.6017 |      1.4216 |      1.4237 |      1.4285 |      1.4289 |      1.4377 |      1.4419 |      1.4438 |      1.4633 |      1.4439 |      1.4218 |      1.4134 |      1.4430 |      1.4482 |      1.4502 |      1.4821 |      1.4838 |      2.7429 |      2.7455 |      2.7396 |      2.7448 |       2.7473 |       2.7476 |       2.7470 |       2.7479 |       2.5851 |       2.5919 |       2.5932 |       2.6030 |       2.6164 |       2.6140 |       2.6195 |       2.6289 |       2.6844 |       2.6860 |       2.6857 |       2.6866 |       2.6883 |       2.6997 |       2.6949 |       2.6994 |       2.7774 |       2.7777 |       2.7808 |       2.7801 |       2.7742 |       2.7796 |       2.7789 |       2.7766 |       2.7436 |       2.7558 |       2.7578 |       2.7473 |       2.7584 |       2.7569 |       2.7599 |       2.7620 |       2.7688 |       2.7699 |       2.7661 |       2.7709 |       2.7676 |       2.7712 |       2.7696 |       2.7729 |       2.7722 |       2.7761 |       2.7758 |       2.7747 |       2.7746 |       2.7712 |       2.7757 |       2.7766 |       2.7431 |       2.7440 |       2.7444 |       2.7452 |       2.7454 |       2.7419 |       2.7448 |       2.7464 |       2.7412 |       2.7447 |       2.7463 |       2.7483 |       2.7457 |       2.7480 |       2.7475 |       2.7513 |       2.7602 |       2.7627 |       2.7734 |       2.7691 |       2.7692 |       2.7706 |       2.8116 |       2.9246 |
|  Memory read bandwidth [MBytes/s] |  44407.5462 |          0 |          0 |          0 |          0 |          0 |          0 |          0 |          0 |          0 |           0 |           0 |           0 |           0 |           0 |           0 |           0 |           0 |           0 |           0 |           0 |           0 |           0 |           0 |           0 |           0 |           0 |           0 |           0 |           0 |           0 |           0 |           0 |           0 |           0 |           0 |           0 |           0 |           0 |           0 |           0 |           0 |           0 |           0 |           0 |           0 |           0 |           0 |           0 |           0 |           0 |           0 |           0 |           0 |           0 |           0 |           0 |           0 |           0 |           0 |           0 |           0 |           0 |           0 |           0 |           0 |           0 |           0 |           0 |           0 |           0 |           0 |           0 |           0 |           0 |           0 |           0 |           0 |           0 |           0 |           0 |           0 |           0 |           0 |           0 |           0 |           0 |           0 |           0 |           0 |           0 |           0 |           0 |           0 |           0 |           0 |  33214.3605 |           0 |           0 |           0 |            0 |            0 |            0 |            0 |            0 |            0 |            0 |            0 |            0 |            0 |            0 |            0 |            0 |            0 |            0 |            0 |            0 |            0 |            0 |            0 |            0 |            0 |            0 |            0 |            0 |            0 |            0 |            0 |            0 |            0 |            0 |            0 |            0 |            0 |            0 |            0 |            0 |            0 |            0 |            0 |            0 |            0 |            0 |            0 |            0 |            0 |            0 |            0 |            0 |            0 |            0 |            0 |            0 |            0 |            0 |            0 |            0 |            0 |            0 |            0 |            0 |            0 |            0 |            0 |            0 |            0 |            0 |            0 |            0 |            0 |            0 |            0 |            0 |            0 |            0 |            0 |
|  Memory read data volume [GBytes] | 238425.2378 |          0 |          0 |          0 |          0 |          0 |          0 |          0 |          0 |          0 |           0 |           0 |           0 |           0 |           0 |           0 |           0 |           0 |           0 |           0 |           0 |           0 |           0 |           0 |           0 |           0 |           0 |           0 |           0 |           0 |           0 |           0 |           0 |           0 |           0 |           0 |           0 |           0 |           0 |           0 |           0 |           0 |           0 |           0 |           0 |           0 |           0 |           0 |           0 |           0 |           0 |           0 |           0 |           0 |           0 |           0 |           0 |           0 |           0 |           0 |           0 |           0 |           0 |           0 |           0 |           0 |           0 |           0 |           0 |           0 |           0 |           0 |           0 |           0 |           0 |           0 |           0 |           0 |           0 |           0 |           0 |           0 |           0 |           0 |           0 |           0 |           0 |           0 |           0 |           0 |           0 |           0 |           0 |           0 |           0 |           0 | 178328.7412 |           0 |           0 |           0 |            0 |            0 |            0 |            0 |            0 |            0 |            0 |            0 |            0 |            0 |            0 |            0 |            0 |            0 |            0 |            0 |            0 |            0 |            0 |            0 |            0 |            0 |            0 |            0 |            0 |            0 |            0 |            0 |            0 |            0 |            0 |            0 |            0 |            0 |            0 |            0 |            0 |            0 |            0 |            0 |            0 |            0 |            0 |            0 |            0 |            0 |            0 |            0 |            0 |            0 |            0 |            0 |            0 |            0 |            0 |            0 |            0 |            0 |            0 |            0 |            0 |            0 |            0 |            0 |            0 |            0 |            0 |            0 |            0 |            0 |            0 |            0 |            0 |            0 |            0 |            0 |
| Memory write bandwidth [MBytes/s] |  18713.8244 |          0 |          0 |          0 |          0 |          0 |          0 |          0 |          0 |          0 |           0 |           0 |           0 |           0 |           0 |           0 |           0 |           0 |           0 |           0 |           0 |           0 |           0 |           0 |           0 |           0 |           0 |           0 |           0 |           0 |           0 |           0 |           0 |           0 |           0 |           0 |           0 |           0 |           0 |           0 |           0 |           0 |           0 |           0 |           0 |           0 |           0 |           0 |           0 |           0 |           0 |           0 |           0 |           0 |           0 |           0 |           0 |           0 |           0 |           0 |           0 |           0 |           0 |           0 |           0 |           0 |           0 |           0 |           0 |           0 |           0 |           0 |           0 |           0 |           0 |           0 |           0 |           0 |           0 |           0 |           0 |           0 |           0 |           0 |           0 |           0 |           0 |           0 |           0 |           0 |           0 |           0 |           0 |           0 |           0 |           0 |  13737.8410 |           0 |           0 |           0 |            0 |            0 |            0 |            0 |            0 |            0 |            0 |            0 |            0 |            0 |            0 |            0 |            0 |            0 |            0 |            0 |            0 |            0 |            0 |            0 |            0 |            0 |            0 |            0 |            0 |            0 |            0 |            0 |            0 |            0 |            0 |            0 |            0 |            0 |            0 |            0 |            0 |            0 |            0 |            0 |            0 |            0 |            0 |            0 |            0 |            0 |            0 |            0 |            0 |            0 |            0 |            0 |            0 |            0 |            0 |            0 |            0 |            0 |            0 |            0 |            0 |            0 |            0 |            0 |            0 |            0 |            0 |            0 |            0 |            0 |            0 |            0 |            0 |            0 |            0 |            0 |
| Memory write data volume [GBytes] | 100474.9959 |          0 |          0 |          0 |          0 |          0 |          0 |          0 |          0 |          0 |           0 |           0 |           0 |           0 |           0 |           0 |           0 |           0 |           0 |           0 |           0 |           0 |           0 |           0 |           0 |           0 |           0 |           0 |           0 |           0 |           0 |           0 |           0 |           0 |           0 |           0 |           0 |           0 |           0 |           0 |           0 |           0 |           0 |           0 |           0 |           0 |           0 |           0 |           0 |           0 |           0 |           0 |           0 |           0 |           0 |           0 |           0 |           0 |           0 |           0 |           0 |           0 |           0 |           0 |           0 |           0 |           0 |           0 |           0 |           0 |           0 |           0 |           0 |           0 |           0 |           0 |           0 |           0 |           0 |           0 |           0 |           0 |           0 |           0 |           0 |           0 |           0 |           0 |           0 |           0 |           0 |           0 |           0 |           0 |           0 |           0 |  73758.8155 |           0 |           0 |           0 |            0 |            0 |            0 |            0 |            0 |            0 |            0 |            0 |            0 |            0 |            0 |            0 |            0 |            0 |            0 |            0 |            0 |            0 |            0 |            0 |            0 |            0 |            0 |            0 |            0 |            0 |            0 |            0 |            0 |            0 |            0 |            0 |            0 |            0 |            0 |            0 |            0 |            0 |            0 |            0 |            0 |            0 |            0 |            0 |            0 |            0 |            0 |            0 |            0 |            0 |            0 |            0 |            0 |            0 |            0 |            0 |            0 |            0 |            0 |            0 |            0 |            0 |            0 |            0 |            0 |            0 |            0 |            0 |            0 |            0 |            0 |            0 |            0 |            0 |            0 |            0 |
|    Memory bandwidth [MBytes/s]    |  63121.3705 |          0 |          0 |          0 |          0 |          0 |          0 |          0 |          0 |          0 |           0 |           0 |           0 |           0 |           0 |           0 |           0 |           0 |           0 |           0 |           0 |           0 |           0 |           0 |           0 |           0 |           0 |           0 |           0 |           0 |           0 |           0 |           0 |           0 |           0 |           0 |           0 |           0 |           0 |           0 |           0 |           0 |           0 |           0 |           0 |           0 |           0 |           0 |           0 |           0 |           0 |           0 |           0 |           0 |           0 |           0 |           0 |           0 |           0 |           0 |           0 |           0 |           0 |           0 |           0 |           0 |           0 |           0 |           0 |           0 |           0 |           0 |           0 |           0 |           0 |           0 |           0 |           0 |           0 |           0 |           0 |           0 |           0 |           0 |           0 |           0 |           0 |           0 |           0 |           0 |           0 |           0 |           0 |           0 |           0 |           0 |  46952.2015 |           0 |           0 |           0 |            0 |            0 |            0 |            0 |            0 |            0 |            0 |            0 |            0 |            0 |            0 |            0 |            0 |            0 |            0 |            0 |            0 |            0 |            0 |            0 |            0 |            0 |            0 |            0 |            0 |            0 |            0 |            0 |            0 |            0 |            0 |            0 |            0 |            0 |            0 |            0 |            0 |            0 |            0 |            0 |            0 |            0 |            0 |            0 |            0 |            0 |            0 |            0 |            0 |            0 |            0 |            0 |            0 |            0 |            0 |            0 |            0 |            0 |            0 |            0 |            0 |            0 |            0 |            0 |            0 |            0 |            0 |            0 |            0 |            0 |            0 |            0 |            0 |            0 |            0 |            0 |
|    Memory data volume [GBytes]    | 338900.2337 |          0 |          0 |          0 |          0 |          0 |          0 |          0 |          0 |          0 |           0 |           0 |           0 |           0 |           0 |           0 |           0 |           0 |           0 |           0 |           0 |           0 |           0 |           0 |           0 |           0 |           0 |           0 |           0 |           0 |           0 |           0 |           0 |           0 |           0 |           0 |           0 |           0 |           0 |           0 |           0 |           0 |           0 |           0 |           0 |           0 |           0 |           0 |           0 |           0 |           0 |           0 |           0 |           0 |           0 |           0 |           0 |           0 |           0 |           0 |           0 |           0 |           0 |           0 |           0 |           0 |           0 |           0 |           0 |           0 |           0 |           0 |           0 |           0 |           0 |           0 |           0 |           0 |           0 |           0 |           0 |           0 |           0 |           0 |           0 |           0 |           0 |           0 |           0 |           0 |           0 |           0 |           0 |           0 |           0 |           0 | 252087.5567 |           0 |           0 |           0 |            0 |            0 |            0 |            0 |            0 |            0 |            0 |            0 |            0 |            0 |            0 |            0 |            0 |            0 |            0 |            0 |            0 |            0 |            0 |            0 |            0 |            0 |            0 |            0 |            0 |            0 |            0 |            0 |            0 |            0 |            0 |            0 |            0 |            0 |            0 |            0 |            0 |            0 |            0 |            0 |            0 |            0 |            0 |            0 |            0 |            0 |            0 |            0 |            0 |            0 |            0 |            0 |            0 |            0 |            0 |            0 |            0 |            0 |            0 |            0 |            0 |            0 |            0 |            0 |            0 |            0 |            0 |            0 |            0 |            0 |            0 |            0 |            0 |            0 |            0 |            0 |
+-----------------------------------+-------------+------------+------------+------------+------------+------------+------------+------------+------------+------------+-------------+-------------+-------------+-------------+-------------+-------------+-------------+-------------+-------------+-------------+-------------+-------------+-------------+-------------+-------------+-------------+-------------+-------------+-------------+-------------+-------------+-------------+-------------+-------------+-------------+-------------+-------------+-------------+-------------+-------------+-------------+-------------+-------------+-------------+-------------+-------------+-------------+-------------+-------------+-------------+-------------+-------------+-------------+-------------+-------------+-------------+-------------+-------------+-------------+-------------+-------------+-------------+-------------+-------------+-------------+-------------+-------------+-------------+-------------+-------------+-------------+-------------+-------------+-------------+-------------+-------------+-------------+-------------+-------------+-------------+-------------+-------------+-------------+-------------+-------------+-------------+-------------+-------------+-------------+-------------+-------------+-------------+-------------+-------------+-------------+-------------+-------------+-------------+-------------+-------------+--------------+--------------+--------------+--------------+--------------+--------------+--------------+--------------+--------------+--------------+--------------+--------------+--------------+--------------+--------------+--------------+--------------+--------------+--------------+--------------+--------------+--------------+--------------+--------------+--------------+--------------+--------------+--------------+--------------+--------------+--------------+--------------+--------------+--------------+--------------+--------------+--------------+--------------+--------------+--------------+--------------+--------------+--------------+--------------+--------------+--------------+--------------+--------------+--------------+--------------+--------------+--------------+--------------+--------------+--------------+--------------+--------------+--------------+--------------+--------------+--------------+--------------+--------------+--------------+--------------+--------------+--------------+--------------+--------------+--------------+--------------+--------------+--------------+--------------+--------------+--------------+

+----------------------------------------+-------------+-----------+-------------+-----------+
|                 Metric                 |     Sum     |    Min    |     Max     |    Avg    |
+----------------------------------------+-------------+-----------+-------------+-----------+
|        Runtime (RDTSC) [s] STAT        | 944948.4528 | 5369.0253 |   5369.0253 | 5369.0253 |
|        Runtime unhalted [s] STAT       | 838854.8663 | 2492.2546 |   6753.7855 | 4766.2208 |
|            Clock [MHz] STAT            | 591673.0734 | 2513.4861 |   3689.7514 | 3361.7788 |
|                CPI STAT                |    378.1589 |    1.1389 |      2.9246 |    2.1486 |
|  Memory read bandwidth [MBytes/s] STAT |  77621.9067 |         0 |  44407.5462 |  441.0336 |
|  Memory read data volume [GBytes] STAT | 416753.9790 |         0 | 238425.2378 | 2367.9203 |
| Memory write bandwidth [MBytes/s] STAT |  32451.6654 |         0 |  18713.8244 |  184.3845 |
| Memory write data volume [GBytes] STAT | 174233.8114 |         0 | 100474.9959 |  989.9648 |
|    Memory bandwidth [MBytes/s] STAT    | 110073.5720 |         0 |  63121.3705 |  625.4180 |
|    Memory data volume [GBytes] STAT    | 590987.7904 |         0 | 338900.2337 | 3357.8852 |
+----------------------------------------+-------------+-----------+-------------+-----------+

