--------------------------------------------------------------------------------
CPU name:	AMD EPYC 9A14 96-Core Processor                
CPU type:	AMD K19 (Zen4) architecture
CPU clock:	2.60 GHz
--------------------------------------------------------------------------------
Use symmetry. Molecule point group: Coov
Norb: 20   Ne: (7, 7)
Running RHF...
converged SCF energy = -92.827631799365
Running FCI ...
Guessing CI wfn symmetry = 0
Num symmetry allowed elements 1502950144
tol 1e-10  toloose 1e-05
max_cycle 100  max_space 12  max_memory 683528  incore True
    CPU time for contract_2e  44711.87 sec, wall time    281.38 sec
davidson 0 1  |r|= 0.77  e= [-116.65141583]  max|de|= -117  lindep=    1
    CPU time for contract_2e  43884.44 sec, wall time    286.14 sec
davidson 1 2  |r|= 0.371  e= [-116.83564519]  max|de|= -0.184  lindep= 0.978
    CPU time for contract_2e  43612.11 sec, wall time    290.48 sec
davidson 2 3  |r|= 0.145  e= [-116.87066041]  max|de|= -0.035  lindep= 0.996
    CPU time for contract_2e  43770.70 sec, wall time    298.29 sec
davidson 3 4  |r|= 0.0579  e= [-116.87548655]  max|de|= -0.00483  lindep= 0.981
    CPU time for contract_2e  42959.62 sec, wall time    299.41 sec
davidson 4 5  |r|= 0.0283  e= [-116.87622039]  max|de|= -0.000734  lindep= 0.934
    CPU time for contract_2e  42956.49 sec, wall time    304.60 sec
davidson 5 6  |r|= 0.0133  e= [-116.8764033]  max|de|= -0.000183  lindep= 0.902
    CPU time for contract_2e  43158.06 sec, wall time    313.36 sec
davidson 6 7  |r|= 0.00565  e= [-116.87644024]  max|de|= -3.69e-05  lindep= 0.927
    CPU time for contract_2e  43618.62 sec, wall time    340.58 sec
davidson 7 8  |r|= 0.00224  e= [-116.87644619]  max|de|= -5.95e-06  lindep= 0.932
    CPU time for contract_2e  42809.22 sec, wall time    338.88 sec
davidson 8 9  |r|= 0.000882  e= [-116.87644712]  max|de|= -9.33e-07  lindep= 0.918
    CPU time for contract_2e  43544.96 sec, wall time    359.78 sec
davidson 9 10  |r|= 0.000388  e= [-116.87644727]  max|de|= -1.55e-07  lindep= 0.919
    CPU time for contract_2e  43167.37 sec, wall time    365.13 sec
davidson 10 11  |r|= 0.000183  e= [-116.8764473]  max|de|= -3.05e-08  lindep= 0.897
    CPU time for contract_2e  43542.51 sec, wall time    375.92 sec
davidson 11 12  |r|= 8.85e-05  e= [-116.87644731]  max|de|= -7.18e-09  lindep= 0.904
    CPU time for contract_2e  43205.91 sec, wall time    390.11 sec
davidson 12 1  |r|= 8.85e-05  e= [-116.87644731]  max|de|= 9.18e-12  lindep=    1
    CPU time for contract_2e  44027.53 sec, wall time    287.69 sec
davidson 13 2  |r|= 3.82e-05  e= [-116.87644731]  max|de|= -1.28e-09  lindep= 0.995
    CPU time for contract_2e  43774.02 sec, wall time    293.03 sec
davidson 14 3  |r|= 2.39e-05  e= [-116.87644731]  max|de|= -4.53e-10  lindep= 0.908
    CPU time for contract_2e  42819.13 sec, wall time    292.17 sec
davidson 15 4  |r|= 1.11e-05  e= [-116.87644731]  max|de|= -1.15e-10  lindep= 0.858
    CPU time for contract_2e  42804.02 sec, wall time    297.75 sec
root 0 converged  |r|= 4.65e-06  e= -116.87644731371992  max|de|= -2.32e-11
converged 16 5  |r|= 4.65e-06  e= [-116.87644731]  max|de|= -2.32e-11
--------------------------------------------------------------------------------
Group 1: MEM
+----------------------+---------+----------------+----------------+----------------+----------------+----------------+----------------+----------------+----------------+----------------+----------------+----------------+----------------+----------------+----------------+----------------+----------------+----------------+----------------+----------------+----------------+----------------+----------------+----------------+----------------+----------------+----------------+----------------+----------------+----------------+----------------+----------------+----------------+----------------+----------------+----------------+----------------+----------------+----------------+----------------+----------------+----------------+----------------+----------------+----------------+----------------+----------------+----------------+----------------+----------------+----------------+---------------+---------------+----------------+----------------+----------------+----------------+----------------+---------------+---------------+---------------+---------------+---------------+---------------+----------------+----------------+---------------+---------------+---------------+---------------+---------------+----------------+----------------+---------------+---------------+---------------+---------------+---------------+---------------+---------------+---------------+---------------+---------------+---------------+---------------+---------------+---------------+---------------+---------------+---------------+---------------+---------------+---------------+---------------+---------------+---------------+---------------+----------------+----------------+----------------+----------------+----------------+----------------+----------------+----------------+----------------+----------------+----------------+----------------+----------------+----------------+----------------+----------------+----------------+----------------+----------------+----------------+----------------+----------------+----------------+----------------+----------------+----------------+----------------+----------------+----------------+----------------+----------------+----------------+----------------+----------------+----------------+----------------+----------------+----------------+----------------+----------------+----------------+----------------+----------------+----------------+----------------+----------------+----------------+----------------+----------------+----------------+----------------+----------------+----------------+----------------+----------------+----------------+----------------+----------------+----------------+----------------+----------------+----------------+----------------+----------------+----------------+----------------+----------------+----------------+----------------+----------------+----------------+----------------+----------------+----------------+----------------+----------------+----------------+----------------+----------------+----------------+----------------+----------------+----------------+----------------+----------------+----------------+----------------+----------------+----------------+----------------+----------------+----------------+----------------+----------------+----------------+----------------+
|         Event        | Counter |   HWThread 0   |   HWThread 1   |   HWThread 2   |   HWThread 3   |   HWThread 4   |   HWThread 5   |   HWThread 6   |   HWThread 7   |   HWThread 8   |   HWThread 9   |   HWThread 10  |   HWThread 11  |   HWThread 12  |   HWThread 13  |   HWThread 14  |   HWThread 15  |   HWThread 16  |   HWThread 17  |   HWThread 18  |   HWThread 19  |   HWThread 20  |   HWThread 21  |   HWThread 22  |   HWThread 23  |   HWThread 24  |   HWThread 25  |   HWThread 26  |   HWThread 27  |   HWThread 28  |   HWThread 29  |   HWThread 30  |   HWThread 31  |   HWThread 32  |   HWThread 33  |   HWThread 34  |   HWThread 35  |   HWThread 36  |   HWThread 37  |   HWThread 38  |   HWThread 39  |   HWThread 40  |   HWThread 41  |   HWThread 42  |   HWThread 43  |   HWThread 44  |   HWThread 45  |   HWThread 46  |   HWThread 47  |   HWThread 48  |   HWThread 49  |  HWThread 50  |  HWThread 51  |   HWThread 52  |   HWThread 53  |   HWThread 54  |   HWThread 55  |   HWThread 56  |  HWThread 57  |  HWThread 58  |  HWThread 59  |  HWThread 60  |  HWThread 61  |  HWThread 62  |   HWThread 63  |   HWThread 64  |  HWThread 65  |  HWThread 66  |  HWThread 67  |  HWThread 68  |  HWThread 69  |   HWThread 70  |   HWThread 71  |  HWThread 72  |  HWThread 73  |  HWThread 74  |  HWThread 75  |  HWThread 76  |  HWThread 77  |  HWThread 78  |  HWThread 79  |  HWThread 80  |  HWThread 81  |  HWThread 82  |  HWThread 83  |  HWThread 84  |  HWThread 85  |  HWThread 86  |  HWThread 87  |  HWThread 88  |  HWThread 89  |  HWThread 90  |  HWThread 91  |  HWThread 92  |  HWThread 93  |  HWThread 94  |  HWThread 95  |   HWThread 96  |   HWThread 97  |   HWThread 98  |   HWThread 99  |  HWThread 100  |  HWThread 101  |  HWThread 102  |  HWThread 103  |  HWThread 104  |  HWThread 105  |  HWThread 106  |  HWThread 107  |  HWThread 108  |  HWThread 109  |  HWThread 110  |  HWThread 111  |  HWThread 112  |  HWThread 113  |  HWThread 114  |  HWThread 115  |  HWThread 116  |  HWThread 117  |  HWThread 118  |  HWThread 119  |  HWThread 120  |  HWThread 121  |  HWThread 122  |  HWThread 123  |  HWThread 124  |  HWThread 125  |  HWThread 126  |  HWThread 127  |  HWThread 128  |  HWThread 129  |  HWThread 130  |  HWThread 131  |  HWThread 132  |  HWThread 133  |  HWThread 134  |  HWThread 135  |  HWThread 136  |  HWThread 137  |  HWThread 138  |  HWThread 139  |  HWThread 140  |  HWThread 141  |  HWThread 142  |  HWThread 143  |  HWThread 144  |  HWThread 145  |  HWThread 146  |  HWThread 147  |  HWThread 148  |  HWThread 149  |  HWThread 150  |  HWThread 151  |  HWThread 152  |  HWThread 153  |  HWThread 154  |  HWThread 155  |  HWThread 156  |  HWThread 157  |  HWThread 158  |  HWThread 159  |  HWThread 160  |  HWThread 161  |  HWThread 162  |  HWThread 163  |  HWThread 164  |  HWThread 165  |  HWThread 166  |  HWThread 167  |  HWThread 168  |  HWThread 169  |  HWThread 170  |  HWThread 171  |  HWThread 172  |  HWThread 173  |  HWThread 174  |  HWThread 175  |  HWThread 176  |  HWThread 177  |  HWThread 178  |  HWThread 179  |  HWThread 180  |  HWThread 181  |  HWThread 182  |  HWThread 183  |  HWThread 184  |  HWThread 185  |  HWThread 186  |  HWThread 187  |  HWThread 188  |  HWThread 189  |  HWThread 190  |  HWThread 191  |
+----------------------+---------+----------------+----------------+----------------+----------------+----------------+----------------+----------------+----------------+----------------+----------------+----------------+----------------+----------------+----------------+----------------+----------------+----------------+----------------+----------------+----------------+----------------+----------------+----------------+----------------+----------------+----------------+----------------+----------------+----------------+----------------+----------------+----------------+----------------+----------------+----------------+----------------+----------------+----------------+----------------+----------------+----------------+----------------+----------------+----------------+----------------+----------------+----------------+----------------+----------------+----------------+---------------+---------------+----------------+----------------+----------------+----------------+----------------+---------------+---------------+---------------+---------------+---------------+---------------+----------------+----------------+---------------+---------------+---------------+---------------+---------------+----------------+----------------+---------------+---------------+---------------+---------------+---------------+---------------+---------------+---------------+---------------+---------------+---------------+---------------+---------------+---------------+---------------+---------------+---------------+---------------+---------------+---------------+---------------+---------------+---------------+---------------+----------------+----------------+----------------+----------------+----------------+----------------+----------------+----------------+----------------+----------------+----------------+----------------+----------------+----------------+----------------+----------------+----------------+----------------+----------------+----------------+----------------+----------------+----------------+----------------+----------------+----------------+----------------+----------------+----------------+----------------+----------------+----------------+----------------+----------------+----------------+----------------+----------------+----------------+----------------+----------------+----------------+----------------+----------------+----------------+----------------+----------------+----------------+----------------+----------------+----------------+----------------+----------------+----------------+----------------+----------------+----------------+----------------+----------------+----------------+----------------+----------------+----------------+----------------+----------------+----------------+----------------+----------------+----------------+----------------+----------------+----------------+----------------+----------------+----------------+----------------+----------------+----------------+----------------+----------------+----------------+----------------+----------------+----------------+----------------+----------------+----------------+----------------+----------------+----------------+----------------+----------------+----------------+----------------+----------------+----------------+----------------+
|   ACTUAL_CPU_CLOCK   |  FIXC1  | 18200970907325 | 13378820149235 | 13288288148341 | 13358274934920 | 13360220361949 | 13337416007093 | 13371060280409 | 13372130732526 | 12790038644119 | 12668086356189 | 12543426246104 | 12669241159603 | 12741158890706 | 12733010948334 | 12828074321168 | 12840287902954 | 12522189936305 | 12411271114262 | 12245519327668 | 12461400835014 | 12505689880218 | 12600921254439 | 12703298694021 | 12724321564508 | 13152289618289 | 13275916894171 | 13173720224874 | 13274181030780 | 13305172860322 | 13339210245927 | 13371718979079 | 13414213480873 | 13385320301313 | 13387715759649 | 13313697362577 | 13406982734813 | 13425905846253 | 13456958280694 | 13357602645709 | 13444454090261 | 12797885737459 | 12725255609164 | 12565827733436 | 12807685249783 | 12992787191765 | 12877728649818 | 12886503078876 | 13029290810177 | 10269446822916 | 10104247004978 | 9951416895244 | 9950566869217 | 10011191407183 | 10079824432166 | 10067261906093 | 10239281630217 | 10038747348614 | 9855851364159 | 9759748212393 | 9721437967564 | 9835266609311 | 9940412173910 | 9959499932438 | 10025362487690 | 10046622447231 | 9926376649176 | 9875761106266 | 9949684722815 | 9940886273183 | 9976681240791 | 10072326327327 | 10146034377579 | 9302915091407 | 9243187626454 | 9174124758753 | 9174093538257 | 9182059224656 | 9215641457801 | 9266544426994 | 9300428911155 | 9111669236793 | 9113919719835 | 9147735745189 | 9104772051033 | 9073619013769 | 9211572484395 | 9134827812712 | 9186504033297 | 9216205421771 | 9169604108947 | 9107554985723 | 9232708163657 | 9196962991437 | 9264899827158 | 9239736957737 | 9263884881927 | 15371397041267 | 15159712705708 | 15110061902960 | 15164073168694 | 15213187866725 | 15231305184076 | 15257911697531 | 15263089785900 | 13246416778095 | 13335547365120 | 13732763718694 | 13648328425353 | 13579097171253 | 13560727351231 | 13615770853201 | 13825737369372 | 14810367818123 | 14773138914831 | 14748737679054 | 14857117524321 | 14859633586608 | 14863323992440 | 14834280201080 | 14926367601222 | 15814086455428 | 15772866115657 | 15756302069209 | 15757258752271 | 15760029441217 | 15758762564608 | 15783235438278 | 15797923789308 | 15635763293311 | 15633179242067 | 15589534578056 | 15627363706662 | 15647305221228 | 15663785168414 | 15658055695497 | 15675595548038 | 15633516453335 | 15584101356612 | 15575815999922 | 15591518662984 | 15615289048065 | 15618901855593 | 15629265627337 | 15633747613765 | 14473666506913 | 14476294941504 | 14402067247795 | 14417904623362 | 14402162293641 | 14432331900537 | 14427127875156 | 14440749589821 | 14313205109862 | 14284945075520 | 14296019321296 | 14332561420716 | 14336854715270 | 14372606155336 | 14365605189756 | 14421604743665 | 14287136789380 | 14325560822727 | 14260900968887 | 14317999448268 | 14331410160689 | 14324777703682 | 14354076382205 | 14367712253354 | 14866019402694 | 14863469323637 | 14845978540866 | 14863887474603 | 14871404178344 | 14886106147015 | 14906269249093 | 14958177202700 | 14714666209550 | 14673281371694 | 14670667170717 | 14716523639137 | 14707361832993 | 14693981279091 | 14739426191317 | 14769295060216 | 14754912278527 | 14768415234866 | 14773237322174 | 14775440154457 | 14768006167857 | 14785541435548 | 14539800244218 | 14313878059028 |
|     MAX_CPU_CLOCK    |  FIXC2  | 13103365587754 | 10138518190398 | 10044036386618 | 10101688558026 | 10095875181782 | 10080655898014 | 10096923347420 | 10101242778042 |  9742435201824 |  9696751447994 |  9634144477100 |  9698798614206 |  9734999123642 |  9739577963908 |  9776233649520 |  9781439486286 |  9660024814024 |  9608898579722 |  9525733939826 |  9639369217894 |  9655456043272 |  9701702729394 |  9748254988082 |  9755685050384 | 10014569897852 | 10059724562134 | 10007519565550 | 10046424806912 | 10065309694128 | 10089695841030 | 10103820037220 | 10126746637982 | 10100401923898 | 10099675501656 | 10058038891550 | 10108030413936 | 10121172338706 | 10127973964160 | 10078831253556 | 10120208267104 |  9847111350414 |  9817604475432 |  9737969709260 |  9846461387750 |  9934894608340 |  9884665817416 |  9887770890478 |  9956341180032 |  8846094275356 |  8714462914612 | 8659759186130 | 8661167585564 |  8680093842264 |  8711120022436 |  8702054994256 |  8779081840100 |  8641648250664 | 8561608548298 | 8524259615066 | 8521126547284 | 8573608121364 | 8623792241688 | 8630918425506 |  8660153851986 |  8655638535310 | 8617194431300 | 8602932710918 | 8634488281510 | 8623353771526 | 8637156448726 |  8675296871072 |  8701229480684 | 8316738694914 | 8337615970788 | 8320640166098 | 8315736610142 | 8344797052384 | 8352993917086 | 8377350019766 | 8407809703670 | 8204743821144 | 8269684577648 | 8279824543432 | 8280081822870 | 8273826604082 | 8323688947444 | 8294372288306 | 8318085536566 | 8309360721194 | 8306895922260 | 8287372482688 | 8346808493998 | 8336405476594 | 8365158334624 | 8372529246952 | 8371884647854 | 10969254253594 | 10906845272544 | 10877536324876 | 10910209674546 | 10942358184394 | 10955820287386 | 10974731371682 | 10975237566670 |  9785762030694 |  9941469148208 | 10175292450440 | 10108031229920 | 10066034170894 | 10067914979980 | 10097148027486 | 10207273432096 | 10679986878236 | 10654368656438 | 10635485394430 | 10712628403516 | 10709675265276 | 10707184997522 | 10689834248834 | 10745580362634 | 11363109542850 | 11328928480532 | 11318930797642 | 11316720077910 | 11314356450644 | 11312789479498 | 11324371095414 | 11328961912736 | 11243099713300 | 11240368903322 | 11213506091242 | 11236187306526 | 11249065762662 | 11260088809216 | 11251152826550 | 11267625219136 | 11249826242226 | 11222564830412 | 11211721893346 | 11219257869716 | 11233386012914 | 11238312125950 | 11240071387610 | 11255474166456 | 10768782308570 | 10771468547892 | 10723497679128 | 10736283712544 | 10730391037912 | 10741390566010 | 10744215485770 | 10749593824372 | 10646123986836 | 10645896965444 | 10648154456550 | 10678217692428 | 10685724799750 | 10701672536828 | 10700186267914 | 10742197633102 | 10631579177804 | 10656573143918 | 10621061969648 | 10658462232002 | 10684054270474 | 10660799562738 | 10681359605956 | 10694420092746 | 10933896002432 | 10924408436448 | 10915584710602 | 10921490578440 | 10922056288182 | 10930888115342 | 10937562133524 | 10971904289164 | 10845272025146 | 10821825686620 | 10821782695854 | 10847793559642 | 10831016145014 | 10824859761274 | 10843696385002 | 10857557643712 | 10872562896234 | 10886589228762 | 10895334126404 | 10880603376734 | 10879538745088 | 10881518991018 | 10701432248624 | 10530190062912 |
| RETIRED_INSTRUCTIONS |   PMC0  |  7979124977995 |  4887430884771 |  4888011074866 |  4887090550898 |  4887326598387 |  4886252236044 |  4886351679753 |  4885540609842 |  4899665080781 |  4894286889124 |  4892996418238 |  4892514894486 |  4894123623208 |  4892688546835 |  4891604960191 |  4893684202906 |  4861690191279 |  4860732843561 |  4857720402821 |  4859253827874 |  4858454588215 |  4859229713415 |  4858901049058 |  4859335681084 |  4846399012764 |  4844729127753 |  4843650326166 |  4843896869722 |  4844441655737 |  4839791415859 |  4843762987946 |  4841804332088 |  4853933991957 |  4852633236503 |  4853818356784 |  4851333458098 |  4852764202396 |  4850302897082 |  4850931842337 |  4849976267520 |  4846751682494 |  4843353602738 |  4842054072070 |  4842484006075 |  4842527735847 |  4840493340283 |  4843458856262 |  4842003912140 |  4837349352669 |  4829360739639 | 4830187007162 | 4827946752012 |  4827378791935 |  4827932778784 |  4827998667780 |  4828294002957 |  4847004023385 | 4842274181200 | 4840552633189 | 4838711972900 | 4838178916305 | 4839249381885 | 4838284874101 |  4841602117139 |  4834575470461 | 4832426857796 | 4831236000346 | 4829955097676 | 4828517734032 | 4828879270651 |  4831114522924 |  4830468426531 | 4821508847858 | 4818264096694 | 4813824163131 | 4814576420432 | 4809386995028 | 4809921747971 | 4811113233759 | 4809347220111 | 4851783956076 | 4846841429866 | 4853181911040 | 4841226816700 | 4839023834084 | 4852775627611 | 4839851033850 | 4843787147208 | 4839789803999 | 4839057504460 | 4839175804077 | 4837949014774 | 4829678200523 | 4831638233441 | 4827605662129 | 4826798866421 |  4861229327374 |  4851687501219 |  4850953212833 |  4849428537070 |  4850302796589 |  4849519615225 |  4849804298593 |  4848953807233 |  4870617620743 |  4867561458018 |  4857436356679 |  4859595574538 |  4863768447828 |  4859819815669 |  4855333204060 |  4859330945115 |  4861894148220 |  4854173204203 |  4853368971800 |  4853899922337 |  4851885573757 |  4850863180347 |  4850035320845 |  4851085789175 |  4814169690040 |  4809202759059 |  4809232843063 |  4803343709774 |  4805772205018 |  4802196069669 |  4800628241053 |  4801245742944 |  4839311152400 |  4837612522014 |  4840229805196 |  4832842214313 |  4833909003428 |  4831545221052 |  4830892533088 |  4835092990821 |  4824776284260 |  4821807015721 |  4825348486874 |  4818005849997 |  4819796059544 |  4818708120276 |  4818591275356 |  4818585329522 |  4838556334238 |  4836779970304 |  4835709822462 |  4831829062925 |  4831936545972 |  4832252359313 |  4828229664040 |  4827166279037 |  4865949679751 |  4858925827350 |  4861925037688 |  4856255694315 |  4856224875035 |  4860901569252 |  4850436567520 |  4855651996403 |  4846637441102 |  4839848698868 |  4836678275181 |  4835455702986 |  4837476050909 |  4834954596705 |  4835538286566 |  4840252312184 |  4790377905415 |  4787869075044 |  4789121013297 |  4787014520513 |  4788295548734 |  4786331083282 |  4785117725805 |  4788230867698 |  4826229307998 |  4822455882688 |  4827874583668 |  4820439488565 |  4820619903740 |  4819033597306 |  4819041291330 |  4819180755604 |  4812598290838 |  4810590531218 |  4808076661672 |  4803480959061 |  4804477568238 |  4801420802556 |  4559260300248 |  4376116859940 |
|  CPU_CLOCKS_UNHALTED |   PMC1  | 14402427844840 | 11442788592170 | 11419129587635 | 11425059060821 | 11460381327523 | 11449866962660 | 11479118807276 | 11489827645728 | 10962932201526 | 10887886232394 | 10759051048341 | 10891079266933 | 10940566012402 | 10898814619719 | 11005409103558 | 11041897745657 | 10752613281215 | 10654775283654 | 10559597082728 | 10725091571007 | 10767395351192 | 10812685431634 | 10921829985821 | 10958827826115 | 11312271087623 | 11462362273198 | 11402295428941 | 11478806152363 | 11503563957951 | 11535133744656 | 11549594847399 | 11588148786728 | 11560221355737 | 11559961026663 | 11517410004709 | 11582054425171 | 11593417552802 | 11636890456786 | 11540784560480 | 11639032718043 | 11060612160503 | 10971403831001 | 10891944669534 | 11087562521568 | 11183079519444 | 11144535106836 | 11140301552398 | 11264061151549 |  9056478000220 |  8944223691288 | 8822410694471 | 8799578028109 |  8868993834551 |  8911772910281 |  8887588920511 |  9053244096939 |  8857561896665 | 8723936832573 | 8654977660467 | 8621265651384 | 8706042031965 | 8776298512374 | 8792986298079 |  8862536394829 |  8880132346203 | 8785023730507 | 8752114337861 | 8814055642283 | 8808045494660 | 8831649497491 |  8909059705247 |  8984587523525 | 8343582960833 | 8298972345323 | 8257464116456 | 8253570403539 | 8251094576048 | 8280384508663 | 8310540243428 | 8351968052334 | 8172983265633 | 8151401846910 | 8194186162394 | 8155239307651 | 8120939996373 | 8229394055891 | 8185623135356 | 8219747782185 | 8256781564148 | 8234916161787 | 8198286701921 | 8292110323736 | 8264824323959 | 8318253692804 | 8265441961930 | 8318309741709 | 13560712310017 | 13429613071213 | 13390156390843 | 13403306030409 | 13468077067880 | 13494032502971 | 13503589259473 | 13520859255147 | 11710007352108 | 11760644245481 | 12147514453679 | 12088254895882 | 12016208126990 | 12002545818259 | 12039472760855 | 12235787082386 | 13044337688990 | 13060222474632 | 13061748945513 | 13134717449889 | 13125940687244 | 13158781901834 | 13120266412215 | 13178349024092 | 14153022546896 | 14150662717368 | 14135317639216 | 14147667764749 | 14151205135239 | 14156673616700 | 14143625622170 | 14192206426947 | 13966924207398 | 14001369947663 | 13959115716183 | 13999940421102 | 13973010414685 | 14021865573410 | 14027451663642 | 14006395453592 | 14000573074386 | 13977240336810 | 13975687882651 | 13941535594771 | 13979771315012 | 13988779995484 | 14013121091762 | 14001074197467 | 13048541226517 | 13052174739872 | 13026363210145 | 13013688282561 | 13003394117046 | 13042804407474 | 13028727981917 | 13019272858180 | 12902598837985 | 12881424026346 | 12886315656756 | 12923811770926 | 12907227511448 | 12958909614077 | 12949234332914 | 12962931240638 | 12825131108021 | 12888359176936 | 12847942681960 | 12890385861976 | 12864623416689 | 12903505415533 | 12924340404793 | 12925746312288 | 13473120717503 | 13477528204111 | 13459104374012 | 13474267109332 | 13475596527037 | 13518238949188 | 13530889130283 | 13562399442803 | 13300868469459 | 13275808962371 | 13275291959490 | 13299724031837 | 13303837480527 | 13295098584005 | 13317479432221 | 13353039916259 | 13332494070983 | 13319400867114 | 13341373916816 | 13358469984180 | 13327433970518 | 13374167860767 | 13099782911517 | 12854057425276 |
|      CAS_CMD_RD      |  UMC0C0 |   319451209389 |              0 |              0 |              0 |              0 |              0 |              0 |              0 |              0 |              0 |              0 |              0 |              0 |              0 |              0 |              0 |              0 |              0 |              0 |              0 |              0 |              0 |              0 |              0 |              0 |              0 |              0 |              0 |              0 |              0 |              0 |              0 |              0 |              0 |              0 |              0 |              0 |              0 |              0 |              0 |              0 |              0 |              0 |              0 |              0 |              0 |              0 |              0 |              0 |              0 |             0 |             0 |              0 |              0 |              0 |              0 |              0 |             0 |             0 |             0 |             0 |             0 |             0 |              0 |              0 |             0 |             0 |             0 |             0 |             0 |              0 |              0 |             0 |             0 |             0 |             0 |             0 |             0 |             0 |             0 |             0 |             0 |             0 |             0 |             0 |             0 |             0 |             0 |             0 |             0 |             0 |             0 |             0 |             0 |             0 |             0 |   257315844338 |              0 |              0 |              0 |              0 |              0 |              0 |              0 |              0 |              0 |              0 |              0 |              0 |              0 |              0 |              0 |              0 |              0 |              0 |              0 |              0 |              0 |              0 |              0 |              0 |              0 |              0 |              0 |              0 |              0 |              0 |              0 |              0 |              0 |              0 |              0 |              0 |              0 |              0 |              0 |              0 |              0 |              0 |              0 |              0 |              0 |              0 |              0 |              0 |              0 |              0 |              0 |              0 |              0 |              0 |              0 |              0 |              0 |              0 |              0 |              0 |              0 |              0 |              0 |              0 |              0 |              0 |              0 |              0 |              0 |              0 |              0 |              0 |              0 |              0 |              0 |              0 |              0 |              0 |              0 |              0 |              0 |              0 |              0 |              0 |              0 |              0 |              0 |              0 |              0 |              0 |              0 |              0 |              0 |              0 |              0 |
|      CAS_CMD_WR      |  UMC0C1 |   127665008399 |              0 |              0 |              0 |              0 |              0 |              0 |              0 |              0 |              0 |              0 |              0 |              0 |              0 |              0 |              0 |              0 |              0 |              0 |              0 |              0 |              0 |              0 |              0 |              0 |              0 |              0 |              0 |              0 |              0 |              0 |              0 |              0 |              0 |              0 |              0 |              0 |              0 |              0 |              0 |              0 |              0 |              0 |              0 |              0 |              0 |              0 |              0 |              0 |              0 |             0 |             0 |              0 |              0 |              0 |              0 |              0 |             0 |             0 |             0 |             0 |             0 |             0 |              0 |              0 |             0 |             0 |             0 |             0 |             0 |              0 |              0 |             0 |             0 |             0 |             0 |             0 |             0 |             0 |             0 |             0 |             0 |             0 |             0 |             0 |             0 |             0 |             0 |             0 |             0 |             0 |             0 |             0 |             0 |             0 |             0 |   117120171285 |              0 |              0 |              0 |              0 |              0 |              0 |              0 |              0 |              0 |              0 |              0 |              0 |              0 |              0 |              0 |              0 |              0 |              0 |              0 |              0 |              0 |              0 |              0 |              0 |              0 |              0 |              0 |              0 |              0 |              0 |              0 |              0 |              0 |              0 |              0 |              0 |              0 |              0 |              0 |              0 |              0 |              0 |              0 |              0 |              0 |              0 |              0 |              0 |              0 |              0 |              0 |              0 |              0 |              0 |              0 |              0 |              0 |              0 |              0 |              0 |              0 |              0 |              0 |              0 |              0 |              0 |              0 |              0 |              0 |              0 |              0 |              0 |              0 |              0 |              0 |              0 |              0 |              0 |              0 |              0 |              0 |              0 |              0 |              0 |              0 |              0 |              0 |              0 |              0 |              0 |              0 |              0 |              0 |              0 |              0 |
|      CAS_CMD_RD      |  UMC1C0 |   317612120445 |              0 |              0 |              0 |              0 |              0 |              0 |              0 |              0 |              0 |              0 |              0 |              0 |              0 |              0 |              0 |              0 |              0 |              0 |              0 |              0 |              0 |              0 |              0 |              0 |              0 |              0 |              0 |              0 |              0 |              0 |              0 |              0 |              0 |              0 |              0 |              0 |              0 |              0 |              0 |              0 |              0 |              0 |              0 |              0 |              0 |              0 |              0 |              0 |              0 |             0 |             0 |              0 |              0 |              0 |              0 |              0 |             0 |             0 |             0 |             0 |             0 |             0 |              0 |              0 |             0 |             0 |             0 |             0 |             0 |              0 |              0 |             0 |             0 |             0 |             0 |             0 |             0 |             0 |             0 |             0 |             0 |             0 |             0 |             0 |             0 |             0 |             0 |             0 |             0 |             0 |             0 |             0 |             0 |             0 |             0 |   257944352572 |              0 |              0 |              0 |              0 |              0 |              0 |              0 |              0 |              0 |              0 |              0 |              0 |              0 |              0 |              0 |              0 |              0 |              0 |              0 |              0 |              0 |              0 |              0 |              0 |              0 |              0 |              0 |              0 |              0 |              0 |              0 |              0 |              0 |              0 |              0 |              0 |              0 |              0 |              0 |              0 |              0 |              0 |              0 |              0 |              0 |              0 |              0 |              0 |              0 |              0 |              0 |              0 |              0 |              0 |              0 |              0 |              0 |              0 |              0 |              0 |              0 |              0 |              0 |              0 |              0 |              0 |              0 |              0 |              0 |              0 |              0 |              0 |              0 |              0 |              0 |              0 |              0 |              0 |              0 |              0 |              0 |              0 |              0 |              0 |              0 |              0 |              0 |              0 |              0 |              0 |              0 |              0 |              0 |              0 |              0 |
|      CAS_CMD_WR      |  UMC1C1 |   127794191613 |              0 |              0 |              0 |              0 |              0 |              0 |              0 |              0 |              0 |              0 |              0 |              0 |              0 |              0 |              0 |              0 |              0 |              0 |              0 |              0 |              0 |              0 |              0 |              0 |              0 |              0 |              0 |              0 |              0 |              0 |              0 |              0 |              0 |              0 |              0 |              0 |              0 |              0 |              0 |              0 |              0 |              0 |              0 |              0 |              0 |              0 |              0 |              0 |              0 |             0 |             0 |              0 |              0 |              0 |              0 |              0 |             0 |             0 |             0 |             0 |             0 |             0 |              0 |              0 |             0 |             0 |             0 |             0 |             0 |              0 |              0 |             0 |             0 |             0 |             0 |             0 |             0 |             0 |             0 |             0 |             0 |             0 |             0 |             0 |             0 |             0 |             0 |             0 |             0 |             0 |             0 |             0 |             0 |             0 |             0 |   117101061763 |              0 |              0 |              0 |              0 |              0 |              0 |              0 |              0 |              0 |              0 |              0 |              0 |              0 |              0 |              0 |              0 |              0 |              0 |              0 |              0 |              0 |              0 |              0 |              0 |              0 |              0 |              0 |              0 |              0 |              0 |              0 |              0 |              0 |              0 |              0 |              0 |              0 |              0 |              0 |              0 |              0 |              0 |              0 |              0 |              0 |              0 |              0 |              0 |              0 |              0 |              0 |              0 |              0 |              0 |              0 |              0 |              0 |              0 |              0 |              0 |              0 |              0 |              0 |              0 |              0 |              0 |              0 |              0 |              0 |              0 |              0 |              0 |              0 |              0 |              0 |              0 |              0 |              0 |              0 |              0 |              0 |              0 |              0 |              0 |              0 |              0 |              0 |              0 |              0 |              0 |              0 |              0 |              0 |              0 |              0 |
|      CAS_CMD_RD      |  UMC2C0 |   320038885206 |              0 |              0 |              0 |              0 |              0 |              0 |              0 |              0 |              0 |              0 |              0 |              0 |              0 |              0 |              0 |              0 |              0 |              0 |              0 |              0 |              0 |              0 |              0 |              0 |              0 |              0 |              0 |              0 |              0 |              0 |              0 |              0 |              0 |              0 |              0 |              0 |              0 |              0 |              0 |              0 |              0 |              0 |              0 |              0 |              0 |              0 |              0 |              0 |              0 |             0 |             0 |              0 |              0 |              0 |              0 |              0 |             0 |             0 |             0 |             0 |             0 |             0 |              0 |              0 |             0 |             0 |             0 |             0 |             0 |              0 |              0 |             0 |             0 |             0 |             0 |             0 |             0 |             0 |             0 |             0 |             0 |             0 |             0 |             0 |             0 |             0 |             0 |             0 |             0 |             0 |             0 |             0 |             0 |             0 |             0 |   256976091068 |              0 |              0 |              0 |              0 |              0 |              0 |              0 |              0 |              0 |              0 |              0 |              0 |              0 |              0 |              0 |              0 |              0 |              0 |              0 |              0 |              0 |              0 |              0 |              0 |              0 |              0 |              0 |              0 |              0 |              0 |              0 |              0 |              0 |              0 |              0 |              0 |              0 |              0 |              0 |              0 |              0 |              0 |              0 |              0 |              0 |              0 |              0 |              0 |              0 |              0 |              0 |              0 |              0 |              0 |              0 |              0 |              0 |              0 |              0 |              0 |              0 |              0 |              0 |              0 |              0 |              0 |              0 |              0 |              0 |              0 |              0 |              0 |              0 |              0 |              0 |              0 |              0 |              0 |              0 |              0 |              0 |              0 |              0 |              0 |              0 |              0 |              0 |              0 |              0 |              0 |              0 |              0 |              0 |              0 |              0 |
|      CAS_CMD_WR      |  UMC2C1 |   127697881927 |              0 |              0 |              0 |              0 |              0 |              0 |              0 |              0 |              0 |              0 |              0 |              0 |              0 |              0 |              0 |              0 |              0 |              0 |              0 |              0 |              0 |              0 |              0 |              0 |              0 |              0 |              0 |              0 |              0 |              0 |              0 |              0 |              0 |              0 |              0 |              0 |              0 |              0 |              0 |              0 |              0 |              0 |              0 |              0 |              0 |              0 |              0 |              0 |              0 |             0 |             0 |              0 |              0 |              0 |              0 |              0 |             0 |             0 |             0 |             0 |             0 |             0 |              0 |              0 |             0 |             0 |             0 |             0 |             0 |              0 |              0 |             0 |             0 |             0 |             0 |             0 |             0 |             0 |             0 |             0 |             0 |             0 |             0 |             0 |             0 |             0 |             0 |             0 |             0 |             0 |             0 |             0 |             0 |             0 |             0 |   117127781612 |              0 |              0 |              0 |              0 |              0 |              0 |              0 |              0 |              0 |              0 |              0 |              0 |              0 |              0 |              0 |              0 |              0 |              0 |              0 |              0 |              0 |              0 |              0 |              0 |              0 |              0 |              0 |              0 |              0 |              0 |              0 |              0 |              0 |              0 |              0 |              0 |              0 |              0 |              0 |              0 |              0 |              0 |              0 |              0 |              0 |              0 |              0 |              0 |              0 |              0 |              0 |              0 |              0 |              0 |              0 |              0 |              0 |              0 |              0 |              0 |              0 |              0 |              0 |              0 |              0 |              0 |              0 |              0 |              0 |              0 |              0 |              0 |              0 |              0 |              0 |              0 |              0 |              0 |              0 |              0 |              0 |              0 |              0 |              0 |              0 |              0 |              0 |              0 |              0 |              0 |              0 |              0 |              0 |              0 |              0 |
|      CAS_CMD_RD      |  UMC3C0 |   321021397743 |              0 |              0 |              0 |              0 |              0 |              0 |              0 |              0 |              0 |              0 |              0 |              0 |              0 |              0 |              0 |              0 |              0 |              0 |              0 |              0 |              0 |              0 |              0 |              0 |              0 |              0 |              0 |              0 |              0 |              0 |              0 |              0 |              0 |              0 |              0 |              0 |              0 |              0 |              0 |              0 |              0 |              0 |              0 |              0 |              0 |              0 |              0 |              0 |              0 |             0 |             0 |              0 |              0 |              0 |              0 |              0 |             0 |             0 |             0 |             0 |             0 |             0 |              0 |              0 |             0 |             0 |             0 |             0 |             0 |              0 |              0 |             0 |             0 |             0 |             0 |             0 |             0 |             0 |             0 |             0 |             0 |             0 |             0 |             0 |             0 |             0 |             0 |             0 |             0 |             0 |             0 |             0 |             0 |             0 |             0 |   257624461010 |              0 |              0 |              0 |              0 |              0 |              0 |              0 |              0 |              0 |              0 |              0 |              0 |              0 |              0 |              0 |              0 |              0 |              0 |              0 |              0 |              0 |              0 |              0 |              0 |              0 |              0 |              0 |              0 |              0 |              0 |              0 |              0 |              0 |              0 |              0 |              0 |              0 |              0 |              0 |              0 |              0 |              0 |              0 |              0 |              0 |              0 |              0 |              0 |              0 |              0 |              0 |              0 |              0 |              0 |              0 |              0 |              0 |              0 |              0 |              0 |              0 |              0 |              0 |              0 |              0 |              0 |              0 |              0 |              0 |              0 |              0 |              0 |              0 |              0 |              0 |              0 |              0 |              0 |              0 |              0 |              0 |              0 |              0 |              0 |              0 |              0 |              0 |              0 |              0 |              0 |              0 |              0 |              0 |              0 |              0 |
|      CAS_CMD_WR      |  UMC3C1 |   127747974960 |              0 |              0 |              0 |              0 |              0 |              0 |              0 |              0 |              0 |              0 |              0 |              0 |              0 |              0 |              0 |              0 |              0 |              0 |              0 |              0 |              0 |              0 |              0 |              0 |              0 |              0 |              0 |              0 |              0 |              0 |              0 |              0 |              0 |              0 |              0 |              0 |              0 |              0 |              0 |              0 |              0 |              0 |              0 |              0 |              0 |              0 |              0 |              0 |              0 |             0 |             0 |              0 |              0 |              0 |              0 |              0 |             0 |             0 |             0 |             0 |             0 |             0 |              0 |              0 |             0 |             0 |             0 |             0 |             0 |              0 |              0 |             0 |             0 |             0 |             0 |             0 |             0 |             0 |             0 |             0 |             0 |             0 |             0 |             0 |             0 |             0 |             0 |             0 |             0 |             0 |             0 |             0 |             0 |             0 |             0 |   117094239345 |              0 |              0 |              0 |              0 |              0 |              0 |              0 |              0 |              0 |              0 |              0 |              0 |              0 |              0 |              0 |              0 |              0 |              0 |              0 |              0 |              0 |              0 |              0 |              0 |              0 |              0 |              0 |              0 |              0 |              0 |              0 |              0 |              0 |              0 |              0 |              0 |              0 |              0 |              0 |              0 |              0 |              0 |              0 |              0 |              0 |              0 |              0 |              0 |              0 |              0 |              0 |              0 |              0 |              0 |              0 |              0 |              0 |              0 |              0 |              0 |              0 |              0 |              0 |              0 |              0 |              0 |              0 |              0 |              0 |              0 |              0 |              0 |              0 |              0 |              0 |              0 |              0 |              0 |              0 |              0 |              0 |              0 |              0 |              0 |              0 |              0 |              0 |              0 |              0 |              0 |              0 |              0 |              0 |              0 |              0 |
|      CAS_CMD_RD      |  UMC4C0 |   319693387917 |              0 |              0 |              0 |              0 |              0 |              0 |              0 |              0 |              0 |              0 |              0 |              0 |              0 |              0 |              0 |              0 |              0 |              0 |              0 |              0 |              0 |              0 |              0 |              0 |              0 |              0 |              0 |              0 |              0 |              0 |              0 |              0 |              0 |              0 |              0 |              0 |              0 |              0 |              0 |              0 |              0 |              0 |              0 |              0 |              0 |              0 |              0 |              0 |              0 |             0 |             0 |              0 |              0 |              0 |              0 |              0 |             0 |             0 |             0 |             0 |             0 |             0 |              0 |              0 |             0 |             0 |             0 |             0 |             0 |              0 |              0 |             0 |             0 |             0 |             0 |             0 |             0 |             0 |             0 |             0 |             0 |             0 |             0 |             0 |             0 |             0 |             0 |             0 |             0 |             0 |             0 |             0 |             0 |             0 |             0 |   257651398425 |              0 |              0 |              0 |              0 |              0 |              0 |              0 |              0 |              0 |              0 |              0 |              0 |              0 |              0 |              0 |              0 |              0 |              0 |              0 |              0 |              0 |              0 |              0 |              0 |              0 |              0 |              0 |              0 |              0 |              0 |              0 |              0 |              0 |              0 |              0 |              0 |              0 |              0 |              0 |              0 |              0 |              0 |              0 |              0 |              0 |              0 |              0 |              0 |              0 |              0 |              0 |              0 |              0 |              0 |              0 |              0 |              0 |              0 |              0 |              0 |              0 |              0 |              0 |              0 |              0 |              0 |              0 |              0 |              0 |              0 |              0 |              0 |              0 |              0 |              0 |              0 |              0 |              0 |              0 |              0 |              0 |              0 |              0 |              0 |              0 |              0 |              0 |              0 |              0 |              0 |              0 |              0 |              0 |              0 |              0 |
|      CAS_CMD_WR      |  UMC4C1 |   127717764194 |              0 |              0 |              0 |              0 |              0 |              0 |              0 |              0 |              0 |              0 |              0 |              0 |              0 |              0 |              0 |              0 |              0 |              0 |              0 |              0 |              0 |              0 |              0 |              0 |              0 |              0 |              0 |              0 |              0 |              0 |              0 |              0 |              0 |              0 |              0 |              0 |              0 |              0 |              0 |              0 |              0 |              0 |              0 |              0 |              0 |              0 |              0 |              0 |              0 |             0 |             0 |              0 |              0 |              0 |              0 |              0 |             0 |             0 |             0 |             0 |             0 |             0 |              0 |              0 |             0 |             0 |             0 |             0 |             0 |              0 |              0 |             0 |             0 |             0 |             0 |             0 |             0 |             0 |             0 |             0 |             0 |             0 |             0 |             0 |             0 |             0 |             0 |             0 |             0 |             0 |             0 |             0 |             0 |             0 |             0 |   117097906333 |              0 |              0 |              0 |              0 |              0 |              0 |              0 |              0 |              0 |              0 |              0 |              0 |              0 |              0 |              0 |              0 |              0 |              0 |              0 |              0 |              0 |              0 |              0 |              0 |              0 |              0 |              0 |              0 |              0 |              0 |              0 |              0 |              0 |              0 |              0 |              0 |              0 |              0 |              0 |              0 |              0 |              0 |              0 |              0 |              0 |              0 |              0 |              0 |              0 |              0 |              0 |              0 |              0 |              0 |              0 |              0 |              0 |              0 |              0 |              0 |              0 |              0 |              0 |              0 |              0 |              0 |              0 |              0 |              0 |              0 |              0 |              0 |              0 |              0 |              0 |              0 |              0 |              0 |              0 |              0 |              0 |              0 |              0 |              0 |              0 |              0 |              0 |              0 |              0 |              0 |              0 |              0 |              0 |              0 |              0 |
|      CAS_CMD_RD      |  UMC5C0 |   321672507163 |              0 |              0 |              0 |              0 |              0 |              0 |              0 |              0 |              0 |              0 |              0 |              0 |              0 |              0 |              0 |              0 |              0 |              0 |              0 |              0 |              0 |              0 |              0 |              0 |              0 |              0 |              0 |              0 |              0 |              0 |              0 |              0 |              0 |              0 |              0 |              0 |              0 |              0 |              0 |              0 |              0 |              0 |              0 |              0 |              0 |              0 |              0 |              0 |              0 |             0 |             0 |              0 |              0 |              0 |              0 |              0 |             0 |             0 |             0 |             0 |             0 |             0 |              0 |              0 |             0 |             0 |             0 |             0 |             0 |              0 |              0 |             0 |             0 |             0 |             0 |             0 |             0 |             0 |             0 |             0 |             0 |             0 |             0 |             0 |             0 |             0 |             0 |             0 |             0 |             0 |             0 |             0 |             0 |             0 |             0 |   257267687141 |              0 |              0 |              0 |              0 |              0 |              0 |              0 |              0 |              0 |              0 |              0 |              0 |              0 |              0 |              0 |              0 |              0 |              0 |              0 |              0 |              0 |              0 |              0 |              0 |              0 |              0 |              0 |              0 |              0 |              0 |              0 |              0 |              0 |              0 |              0 |              0 |              0 |              0 |              0 |              0 |              0 |              0 |              0 |              0 |              0 |              0 |              0 |              0 |              0 |              0 |              0 |              0 |              0 |              0 |              0 |              0 |              0 |              0 |              0 |              0 |              0 |              0 |              0 |              0 |              0 |              0 |              0 |              0 |              0 |              0 |              0 |              0 |              0 |              0 |              0 |              0 |              0 |              0 |              0 |              0 |              0 |              0 |              0 |              0 |              0 |              0 |              0 |              0 |              0 |              0 |              0 |              0 |              0 |              0 |              0 |
|      CAS_CMD_WR      |  UMC5C1 |   127637488772 |              0 |              0 |              0 |              0 |              0 |              0 |              0 |              0 |              0 |              0 |              0 |              0 |              0 |              0 |              0 |              0 |              0 |              0 |              0 |              0 |              0 |              0 |              0 |              0 |              0 |              0 |              0 |              0 |              0 |              0 |              0 |              0 |              0 |              0 |              0 |              0 |              0 |              0 |              0 |              0 |              0 |              0 |              0 |              0 |              0 |              0 |              0 |              0 |              0 |             0 |             0 |              0 |              0 |              0 |              0 |              0 |             0 |             0 |             0 |             0 |             0 |             0 |              0 |              0 |             0 |             0 |             0 |             0 |             0 |              0 |              0 |             0 |             0 |             0 |             0 |             0 |             0 |             0 |             0 |             0 |             0 |             0 |             0 |             0 |             0 |             0 |             0 |             0 |             0 |             0 |             0 |             0 |             0 |             0 |             0 |   117107442707 |              0 |              0 |              0 |              0 |              0 |              0 |              0 |              0 |              0 |              0 |              0 |              0 |              0 |              0 |              0 |              0 |              0 |              0 |              0 |              0 |              0 |              0 |              0 |              0 |              0 |              0 |              0 |              0 |              0 |              0 |              0 |              0 |              0 |              0 |              0 |              0 |              0 |              0 |              0 |              0 |              0 |              0 |              0 |              0 |              0 |              0 |              0 |              0 |              0 |              0 |              0 |              0 |              0 |              0 |              0 |              0 |              0 |              0 |              0 |              0 |              0 |              0 |              0 |              0 |              0 |              0 |              0 |              0 |              0 |              0 |              0 |              0 |              0 |              0 |              0 |              0 |              0 |              0 |              0 |              0 |              0 |              0 |              0 |              0 |              0 |              0 |              0 |              0 |              0 |              0 |              0 |              0 |              0 |              0 |              0 |
|      CAS_CMD_RD      |  UMC6C0 |   320540324485 |              0 |              0 |              0 |              0 |              0 |              0 |              0 |              0 |              0 |              0 |              0 |              0 |              0 |              0 |              0 |              0 |              0 |              0 |              0 |              0 |              0 |              0 |              0 |              0 |              0 |              0 |              0 |              0 |              0 |              0 |              0 |              0 |              0 |              0 |              0 |              0 |              0 |              0 |              0 |              0 |              0 |              0 |              0 |              0 |              0 |              0 |              0 |              0 |              0 |             0 |             0 |              0 |              0 |              0 |              0 |              0 |             0 |             0 |             0 |             0 |             0 |             0 |              0 |              0 |             0 |             0 |             0 |             0 |             0 |              0 |              0 |             0 |             0 |             0 |             0 |             0 |             0 |             0 |             0 |             0 |             0 |             0 |             0 |             0 |             0 |             0 |             0 |             0 |             0 |             0 |             0 |             0 |             0 |             0 |             0 |   261758942824 |              0 |              0 |              0 |              0 |              0 |              0 |              0 |              0 |              0 |              0 |              0 |              0 |              0 |              0 |              0 |              0 |              0 |              0 |              0 |              0 |              0 |              0 |              0 |              0 |              0 |              0 |              0 |              0 |              0 |              0 |              0 |              0 |              0 |              0 |              0 |              0 |              0 |              0 |              0 |              0 |              0 |              0 |              0 |              0 |              0 |              0 |              0 |              0 |              0 |              0 |              0 |              0 |              0 |              0 |              0 |              0 |              0 |              0 |              0 |              0 |              0 |              0 |              0 |              0 |              0 |              0 |              0 |              0 |              0 |              0 |              0 |              0 |              0 |              0 |              0 |              0 |              0 |              0 |              0 |              0 |              0 |              0 |              0 |              0 |              0 |              0 |              0 |              0 |              0 |              0 |              0 |              0 |              0 |              0 |              0 |
|      CAS_CMD_WR      |  UMC6C1 |   127737213030 |              0 |              0 |              0 |              0 |              0 |              0 |              0 |              0 |              0 |              0 |              0 |              0 |              0 |              0 |              0 |              0 |              0 |              0 |              0 |              0 |              0 |              0 |              0 |              0 |              0 |              0 |              0 |              0 |              0 |              0 |              0 |              0 |              0 |              0 |              0 |              0 |              0 |              0 |              0 |              0 |              0 |              0 |              0 |              0 |              0 |              0 |              0 |              0 |              0 |             0 |             0 |              0 |              0 |              0 |              0 |              0 |             0 |             0 |             0 |             0 |             0 |             0 |              0 |              0 |             0 |             0 |             0 |             0 |             0 |              0 |              0 |             0 |             0 |             0 |             0 |             0 |             0 |             0 |             0 |             0 |             0 |             0 |             0 |             0 |             0 |             0 |             0 |             0 |             0 |             0 |             0 |             0 |             0 |             0 |             0 |   117148013723 |              0 |              0 |              0 |              0 |              0 |              0 |              0 |              0 |              0 |              0 |              0 |              0 |              0 |              0 |              0 |              0 |              0 |              0 |              0 |              0 |              0 |              0 |              0 |              0 |              0 |              0 |              0 |              0 |              0 |              0 |              0 |              0 |              0 |              0 |              0 |              0 |              0 |              0 |              0 |              0 |              0 |              0 |              0 |              0 |              0 |              0 |              0 |              0 |              0 |              0 |              0 |              0 |              0 |              0 |              0 |              0 |              0 |              0 |              0 |              0 |              0 |              0 |              0 |              0 |              0 |              0 |              0 |              0 |              0 |              0 |              0 |              0 |              0 |              0 |              0 |              0 |              0 |              0 |              0 |              0 |              0 |              0 |              0 |              0 |              0 |              0 |              0 |              0 |              0 |              0 |              0 |              0 |              0 |              0 |              0 |
|      CAS_CMD_RD      |  UMC7C0 |   320389027223 |              0 |              0 |              0 |              0 |              0 |              0 |              0 |              0 |              0 |              0 |              0 |              0 |              0 |              0 |              0 |              0 |              0 |              0 |              0 |              0 |              0 |              0 |              0 |              0 |              0 |              0 |              0 |              0 |              0 |              0 |              0 |              0 |              0 |              0 |              0 |              0 |              0 |              0 |              0 |              0 |              0 |              0 |              0 |              0 |              0 |              0 |              0 |              0 |              0 |             0 |             0 |              0 |              0 |              0 |              0 |              0 |             0 |             0 |             0 |             0 |             0 |             0 |              0 |              0 |             0 |             0 |             0 |             0 |             0 |              0 |              0 |             0 |             0 |             0 |             0 |             0 |             0 |             0 |             0 |             0 |             0 |             0 |             0 |             0 |             0 |             0 |             0 |             0 |             0 |             0 |             0 |             0 |             0 |             0 |             0 |   261008907100 |              0 |              0 |              0 |              0 |              0 |              0 |              0 |              0 |              0 |              0 |              0 |              0 |              0 |              0 |              0 |              0 |              0 |              0 |              0 |              0 |              0 |              0 |              0 |              0 |              0 |              0 |              0 |              0 |              0 |              0 |              0 |              0 |              0 |              0 |              0 |              0 |              0 |              0 |              0 |              0 |              0 |              0 |              0 |              0 |              0 |              0 |              0 |              0 |              0 |              0 |              0 |              0 |              0 |              0 |              0 |              0 |              0 |              0 |              0 |              0 |              0 |              0 |              0 |              0 |              0 |              0 |              0 |              0 |              0 |              0 |              0 |              0 |              0 |              0 |              0 |              0 |              0 |              0 |              0 |              0 |              0 |              0 |              0 |              0 |              0 |              0 |              0 |              0 |              0 |              0 |              0 |              0 |              0 |              0 |              0 |
|      CAS_CMD_WR      |  UMC7C1 |   127691805668 |              0 |              0 |              0 |              0 |              0 |              0 |              0 |              0 |              0 |              0 |              0 |              0 |              0 |              0 |              0 |              0 |              0 |              0 |              0 |              0 |              0 |              0 |              0 |              0 |              0 |              0 |              0 |              0 |              0 |              0 |              0 |              0 |              0 |              0 |              0 |              0 |              0 |              0 |              0 |              0 |              0 |              0 |              0 |              0 |              0 |              0 |              0 |              0 |              0 |             0 |             0 |              0 |              0 |              0 |              0 |              0 |             0 |             0 |             0 |             0 |             0 |             0 |              0 |              0 |             0 |             0 |             0 |             0 |             0 |              0 |              0 |             0 |             0 |             0 |             0 |             0 |             0 |             0 |             0 |             0 |             0 |             0 |             0 |             0 |             0 |             0 |             0 |             0 |             0 |             0 |             0 |             0 |             0 |             0 |             0 |   117150090752 |              0 |              0 |              0 |              0 |              0 |              0 |              0 |              0 |              0 |              0 |              0 |              0 |              0 |              0 |              0 |              0 |              0 |              0 |              0 |              0 |              0 |              0 |              0 |              0 |              0 |              0 |              0 |              0 |              0 |              0 |              0 |              0 |              0 |              0 |              0 |              0 |              0 |              0 |              0 |              0 |              0 |              0 |              0 |              0 |              0 |              0 |              0 |              0 |              0 |              0 |              0 |              0 |              0 |              0 |              0 |              0 |              0 |              0 |              0 |              0 |              0 |              0 |              0 |              0 |              0 |              0 |              0 |              0 |              0 |              0 |              0 |              0 |              0 |              0 |              0 |              0 |              0 |              0 |              0 |              0 |              0 |              0 |              0 |              0 |              0 |              0 |              0 |              0 |              0 |              0 |              0 |              0 |              0 |              0 |              0 |
|      CAS_CMD_RD      |  UMC8C0 |   324407920070 |              0 |              0 |              0 |              0 |              0 |              0 |              0 |              0 |              0 |              0 |              0 |              0 |              0 |              0 |              0 |              0 |              0 |              0 |              0 |              0 |              0 |              0 |              0 |              0 |              0 |              0 |              0 |              0 |              0 |              0 |              0 |              0 |              0 |              0 |              0 |              0 |              0 |              0 |              0 |              0 |              0 |              0 |              0 |              0 |              0 |              0 |              0 |              0 |              0 |             0 |             0 |              0 |              0 |              0 |              0 |              0 |             0 |             0 |             0 |             0 |             0 |             0 |              0 |              0 |             0 |             0 |             0 |             0 |             0 |              0 |              0 |             0 |             0 |             0 |             0 |             0 |             0 |             0 |             0 |             0 |             0 |             0 |             0 |             0 |             0 |             0 |             0 |             0 |             0 |             0 |             0 |             0 |             0 |             0 |             0 |   258346172083 |              0 |              0 |              0 |              0 |              0 |              0 |              0 |              0 |              0 |              0 |              0 |              0 |              0 |              0 |              0 |              0 |              0 |              0 |              0 |              0 |              0 |              0 |              0 |              0 |              0 |              0 |              0 |              0 |              0 |              0 |              0 |              0 |              0 |              0 |              0 |              0 |              0 |              0 |              0 |              0 |              0 |              0 |              0 |              0 |              0 |              0 |              0 |              0 |              0 |              0 |              0 |              0 |              0 |              0 |              0 |              0 |              0 |              0 |              0 |              0 |              0 |              0 |              0 |              0 |              0 |              0 |              0 |              0 |              0 |              0 |              0 |              0 |              0 |              0 |              0 |              0 |              0 |              0 |              0 |              0 |              0 |              0 |              0 |              0 |              0 |              0 |              0 |              0 |              0 |              0 |              0 |              0 |              0 |              0 |              0 |
|      CAS_CMD_WR      |  UMC8C1 |   127639103703 |              0 |              0 |              0 |              0 |              0 |              0 |              0 |              0 |              0 |              0 |              0 |              0 |              0 |              0 |              0 |              0 |              0 |              0 |              0 |              0 |              0 |              0 |              0 |              0 |              0 |              0 |              0 |              0 |              0 |              0 |              0 |              0 |              0 |              0 |              0 |              0 |              0 |              0 |              0 |              0 |              0 |              0 |              0 |              0 |              0 |              0 |              0 |              0 |              0 |             0 |             0 |              0 |              0 |              0 |              0 |              0 |             0 |             0 |             0 |             0 |             0 |             0 |              0 |              0 |             0 |             0 |             0 |             0 |             0 |              0 |              0 |             0 |             0 |             0 |             0 |             0 |             0 |             0 |             0 |             0 |             0 |             0 |             0 |             0 |             0 |             0 |             0 |             0 |             0 |             0 |             0 |             0 |             0 |             0 |             0 |   117159389129 |              0 |              0 |              0 |              0 |              0 |              0 |              0 |              0 |              0 |              0 |              0 |              0 |              0 |              0 |              0 |              0 |              0 |              0 |              0 |              0 |              0 |              0 |              0 |              0 |              0 |              0 |              0 |              0 |              0 |              0 |              0 |              0 |              0 |              0 |              0 |              0 |              0 |              0 |              0 |              0 |              0 |              0 |              0 |              0 |              0 |              0 |              0 |              0 |              0 |              0 |              0 |              0 |              0 |              0 |              0 |              0 |              0 |              0 |              0 |              0 |              0 |              0 |              0 |              0 |              0 |              0 |              0 |              0 |              0 |              0 |              0 |              0 |              0 |              0 |              0 |              0 |              0 |              0 |              0 |              0 |              0 |              0 |              0 |              0 |              0 |              0 |              0 |              0 |              0 |              0 |              0 |              0 |              0 |              0 |              0 |
|      CAS_CMD_RD      |  UMC9C0 |   322414014145 |              0 |              0 |              0 |              0 |              0 |              0 |              0 |              0 |              0 |              0 |              0 |              0 |              0 |              0 |              0 |              0 |              0 |              0 |              0 |              0 |              0 |              0 |              0 |              0 |              0 |              0 |              0 |              0 |              0 |              0 |              0 |              0 |              0 |              0 |              0 |              0 |              0 |              0 |              0 |              0 |              0 |              0 |              0 |              0 |              0 |              0 |              0 |              0 |              0 |             0 |             0 |              0 |              0 |              0 |              0 |              0 |             0 |             0 |             0 |             0 |             0 |             0 |              0 |              0 |             0 |             0 |             0 |             0 |             0 |              0 |              0 |             0 |             0 |             0 |             0 |             0 |             0 |             0 |             0 |             0 |             0 |             0 |             0 |             0 |             0 |             0 |             0 |             0 |             0 |             0 |             0 |             0 |             0 |             0 |             0 |   259164310552 |              0 |              0 |              0 |              0 |              0 |              0 |              0 |              0 |              0 |              0 |              0 |              0 |              0 |              0 |              0 |              0 |              0 |              0 |              0 |              0 |              0 |              0 |              0 |              0 |              0 |              0 |              0 |              0 |              0 |              0 |              0 |              0 |              0 |              0 |              0 |              0 |              0 |              0 |              0 |              0 |              0 |              0 |              0 |              0 |              0 |              0 |              0 |              0 |              0 |              0 |              0 |              0 |              0 |              0 |              0 |              0 |              0 |              0 |              0 |              0 |              0 |              0 |              0 |              0 |              0 |              0 |              0 |              0 |              0 |              0 |              0 |              0 |              0 |              0 |              0 |              0 |              0 |              0 |              0 |              0 |              0 |              0 |              0 |              0 |              0 |              0 |              0 |              0 |              0 |              0 |              0 |              0 |              0 |              0 |              0 |
|      CAS_CMD_WR      |  UMC9C1 |   127625595512 |              0 |              0 |              0 |              0 |              0 |              0 |              0 |              0 |              0 |              0 |              0 |              0 |              0 |              0 |              0 |              0 |              0 |              0 |              0 |              0 |              0 |              0 |              0 |              0 |              0 |              0 |              0 |              0 |              0 |              0 |              0 |              0 |              0 |              0 |              0 |              0 |              0 |              0 |              0 |              0 |              0 |              0 |              0 |              0 |              0 |              0 |              0 |              0 |              0 |             0 |             0 |              0 |              0 |              0 |              0 |              0 |             0 |             0 |             0 |             0 |             0 |             0 |              0 |              0 |             0 |             0 |             0 |             0 |             0 |              0 |              0 |             0 |             0 |             0 |             0 |             0 |             0 |             0 |             0 |             0 |             0 |             0 |             0 |             0 |             0 |             0 |             0 |             0 |             0 |             0 |             0 |             0 |             0 |             0 |             0 |   117142207742 |              0 |              0 |              0 |              0 |              0 |              0 |              0 |              0 |              0 |              0 |              0 |              0 |              0 |              0 |              0 |              0 |              0 |              0 |              0 |              0 |              0 |              0 |              0 |              0 |              0 |              0 |              0 |              0 |              0 |              0 |              0 |              0 |              0 |              0 |              0 |              0 |              0 |              0 |              0 |              0 |              0 |              0 |              0 |              0 |              0 |              0 |              0 |              0 |              0 |              0 |              0 |              0 |              0 |              0 |              0 |              0 |              0 |              0 |              0 |              0 |              0 |              0 |              0 |              0 |              0 |              0 |              0 |              0 |              0 |              0 |              0 |              0 |              0 |              0 |              0 |              0 |              0 |              0 |              0 |              0 |              0 |              0 |              0 |              0 |              0 |              0 |              0 |              0 |              0 |              0 |              0 |              0 |              0 |              0 |              0 |
|      CAS_CMD_RD      | UMC10C0 |   323744596430 |              0 |              0 |              0 |              0 |              0 |              0 |              0 |              0 |              0 |              0 |              0 |              0 |              0 |              0 |              0 |              0 |              0 |              0 |              0 |              0 |              0 |              0 |              0 |              0 |              0 |              0 |              0 |              0 |              0 |              0 |              0 |              0 |              0 |              0 |              0 |              0 |              0 |              0 |              0 |              0 |              0 |              0 |              0 |              0 |              0 |              0 |              0 |              0 |              0 |             0 |             0 |              0 |              0 |              0 |              0 |              0 |             0 |             0 |             0 |             0 |             0 |             0 |              0 |              0 |             0 |             0 |             0 |             0 |             0 |              0 |              0 |             0 |             0 |             0 |             0 |             0 |             0 |             0 |             0 |             0 |             0 |             0 |             0 |             0 |             0 |             0 |             0 |             0 |             0 |             0 |             0 |             0 |             0 |             0 |             0 |   258497917337 |              0 |              0 |              0 |              0 |              0 |              0 |              0 |              0 |              0 |              0 |              0 |              0 |              0 |              0 |              0 |              0 |              0 |              0 |              0 |              0 |              0 |              0 |              0 |              0 |              0 |              0 |              0 |              0 |              0 |              0 |              0 |              0 |              0 |              0 |              0 |              0 |              0 |              0 |              0 |              0 |              0 |              0 |              0 |              0 |              0 |              0 |              0 |              0 |              0 |              0 |              0 |              0 |              0 |              0 |              0 |              0 |              0 |              0 |              0 |              0 |              0 |              0 |              0 |              0 |              0 |              0 |              0 |              0 |              0 |              0 |              0 |              0 |              0 |              0 |              0 |              0 |              0 |              0 |              0 |              0 |              0 |              0 |              0 |              0 |              0 |              0 |              0 |              0 |              0 |              0 |              0 |              0 |              0 |              0 |              0 |
|      CAS_CMD_WR      | UMC10C1 |   127726645956 |              0 |              0 |              0 |              0 |              0 |              0 |              0 |              0 |              0 |              0 |              0 |              0 |              0 |              0 |              0 |              0 |              0 |              0 |              0 |              0 |              0 |              0 |              0 |              0 |              0 |              0 |              0 |              0 |              0 |              0 |              0 |              0 |              0 |              0 |              0 |              0 |              0 |              0 |              0 |              0 |              0 |              0 |              0 |              0 |              0 |              0 |              0 |              0 |              0 |             0 |             0 |              0 |              0 |              0 |              0 |              0 |             0 |             0 |             0 |             0 |             0 |             0 |              0 |              0 |             0 |             0 |             0 |             0 |             0 |              0 |              0 |             0 |             0 |             0 |             0 |             0 |             0 |             0 |             0 |             0 |             0 |             0 |             0 |             0 |             0 |             0 |             0 |             0 |             0 |             0 |             0 |             0 |             0 |             0 |             0 |   117133838156 |              0 |              0 |              0 |              0 |              0 |              0 |              0 |              0 |              0 |              0 |              0 |              0 |              0 |              0 |              0 |              0 |              0 |              0 |              0 |              0 |              0 |              0 |              0 |              0 |              0 |              0 |              0 |              0 |              0 |              0 |              0 |              0 |              0 |              0 |              0 |              0 |              0 |              0 |              0 |              0 |              0 |              0 |              0 |              0 |              0 |              0 |              0 |              0 |              0 |              0 |              0 |              0 |              0 |              0 |              0 |              0 |              0 |              0 |              0 |              0 |              0 |              0 |              0 |              0 |              0 |              0 |              0 |              0 |              0 |              0 |              0 |              0 |              0 |              0 |              0 |              0 |              0 |              0 |              0 |              0 |              0 |              0 |              0 |              0 |              0 |              0 |              0 |              0 |              0 |              0 |              0 |              0 |              0 |              0 |              0 |
|      CAS_CMD_RD      | UMC11C0 |   324814476283 |              0 |              0 |              0 |              0 |              0 |              0 |              0 |              0 |              0 |              0 |              0 |              0 |              0 |              0 |              0 |              0 |              0 |              0 |              0 |              0 |              0 |              0 |              0 |              0 |              0 |              0 |              0 |              0 |              0 |              0 |              0 |              0 |              0 |              0 |              0 |              0 |              0 |              0 |              0 |              0 |              0 |              0 |              0 |              0 |              0 |              0 |              0 |              0 |              0 |             0 |             0 |              0 |              0 |              0 |              0 |              0 |             0 |             0 |             0 |             0 |             0 |             0 |              0 |              0 |             0 |             0 |             0 |             0 |             0 |              0 |              0 |             0 |             0 |             0 |             0 |             0 |             0 |             0 |             0 |             0 |             0 |             0 |             0 |             0 |             0 |             0 |             0 |             0 |             0 |             0 |             0 |             0 |             0 |             0 |             0 |   257635698858 |              0 |              0 |              0 |              0 |              0 |              0 |              0 |              0 |              0 |              0 |              0 |              0 |              0 |              0 |              0 |              0 |              0 |              0 |              0 |              0 |              0 |              0 |              0 |              0 |              0 |              0 |              0 |              0 |              0 |              0 |              0 |              0 |              0 |              0 |              0 |              0 |              0 |              0 |              0 |              0 |              0 |              0 |              0 |              0 |              0 |              0 |              0 |              0 |              0 |              0 |              0 |              0 |              0 |              0 |              0 |              0 |              0 |              0 |              0 |              0 |              0 |              0 |              0 |              0 |              0 |              0 |              0 |              0 |              0 |              0 |              0 |              0 |              0 |              0 |              0 |              0 |              0 |              0 |              0 |              0 |              0 |              0 |              0 |              0 |              0 |              0 |              0 |              0 |              0 |              0 |              0 |              0 |              0 |              0 |              0 |
|      CAS_CMD_WR      | UMC11C1 |   127708261805 |              0 |              0 |              0 |              0 |              0 |              0 |              0 |              0 |              0 |              0 |              0 |              0 |              0 |              0 |              0 |              0 |              0 |              0 |              0 |              0 |              0 |              0 |              0 |              0 |              0 |              0 |              0 |              0 |              0 |              0 |              0 |              0 |              0 |              0 |              0 |              0 |              0 |              0 |              0 |              0 |              0 |              0 |              0 |              0 |              0 |              0 |              0 |              0 |              0 |             0 |             0 |              0 |              0 |              0 |              0 |              0 |             0 |             0 |             0 |             0 |             0 |             0 |              0 |              0 |             0 |             0 |             0 |             0 |             0 |              0 |              0 |             0 |             0 |             0 |             0 |             0 |             0 |             0 |             0 |             0 |             0 |             0 |             0 |             0 |             0 |             0 |             0 |             0 |             0 |             0 |             0 |             0 |             0 |             0 |             0 |   117166064519 |              0 |              0 |              0 |              0 |              0 |              0 |              0 |              0 |              0 |              0 |              0 |              0 |              0 |              0 |              0 |              0 |              0 |              0 |              0 |              0 |              0 |              0 |              0 |              0 |              0 |              0 |              0 |              0 |              0 |              0 |              0 |              0 |              0 |              0 |              0 |              0 |              0 |              0 |              0 |              0 |              0 |              0 |              0 |              0 |              0 |              0 |              0 |              0 |              0 |              0 |              0 |              0 |              0 |              0 |              0 |              0 |              0 |              0 |              0 |              0 |              0 |              0 |              0 |              0 |              0 |              0 |              0 |              0 |              0 |              0 |              0 |              0 |              0 |              0 |              0 |              0 |              0 |              0 |              0 |              0 |              0 |              0 |              0 |              0 |              0 |              0 |              0 |              0 |              0 |              0 |              0 |              0 |              0 |              0 |              0 |
+----------------------+---------+----------------+----------------+----------------+----------------+----------------+----------------+----------------+----------------+----------------+----------------+----------------+----------------+----------------+----------------+----------------+----------------+----------------+----------------+----------------+----------------+----------------+----------------+----------------+----------------+----------------+----------------+----------------+----------------+----------------+----------------+----------------+----------------+----------------+----------------+----------------+----------------+----------------+----------------+----------------+----------------+----------------+----------------+----------------+----------------+----------------+----------------+----------------+----------------+----------------+----------------+---------------+---------------+----------------+----------------+----------------+----------------+----------------+---------------+---------------+---------------+---------------+---------------+---------------+----------------+----------------+---------------+---------------+---------------+---------------+---------------+----------------+----------------+---------------+---------------+---------------+---------------+---------------+---------------+---------------+---------------+---------------+---------------+---------------+---------------+---------------+---------------+---------------+---------------+---------------+---------------+---------------+---------------+---------------+---------------+---------------+---------------+----------------+----------------+----------------+----------------+----------------+----------------+----------------+----------------+----------------+----------------+----------------+----------------+----------------+----------------+----------------+----------------+----------------+----------------+----------------+----------------+----------------+----------------+----------------+----------------+----------------+----------------+----------------+----------------+----------------+----------------+----------------+----------------+----------------+----------------+----------------+----------------+----------------+----------------+----------------+----------------+----------------+----------------+----------------+----------------+----------------+----------------+----------------+----------------+----------------+----------------+----------------+----------------+----------------+----------------+----------------+----------------+----------------+----------------+----------------+----------------+----------------+----------------+----------------+----------------+----------------+----------------+----------------+----------------+----------------+----------------+----------------+----------------+----------------+----------------+----------------+----------------+----------------+----------------+----------------+----------------+----------------+----------------+----------------+----------------+----------------+----------------+----------------+----------------+----------------+----------------+----------------+----------------+----------------+----------------+----------------+----------------+

+---------------------------+---------+------------------+---------------+----------------+--------------+
|           Event           | Counter |        Sum       |      Min      |       Max      |      Avg     |
+---------------------------+---------+------------------+---------------+----------------+--------------+
|   ACTUAL_CPU_CLOCK STAT   |  FIXC1  | 2514394577502195 | 9073619013769 | 18200970907325 |      nil     |
|     MAX_CPU_CLOCK STAT    |  FIXC2  | 1927772431966368 | 8204743821144 | 13103365587754 |      nil     |
| RETIRED_INSTRUCTIONS STAT |   PMC0  |  931593116787471 | 4376116859940 |  7979124977995 | 4.852047e+12 |
|  CPU_CLOCKS_UNHALTED STAT |   PMC1  | 2228141393782038 | 8120939996373 | 14402427844840 |      nil     |
|      CAS_CMD_RD STAT      |  UMC0C0 |     576767053727 |             0 |   319451209389 | 3.003995e+09 |
|      CAS_CMD_WR STAT      |  UMC0C1 |     244785179684 |             0 |   127665008399 | 1.274923e+09 |
|      CAS_CMD_RD STAT      |  UMC1C0 |     575556473017 |             0 |   317612120445 | 2.997690e+09 |
|      CAS_CMD_WR STAT      |  UMC1C1 |     244895253376 |             0 |   127794191613 | 1.275496e+09 |
|      CAS_CMD_RD STAT      |  UMC2C0 |     577014976274 |             0 |   320038885206 | 3.005286e+09 |
|      CAS_CMD_WR STAT      |  UMC2C1 |     244825663539 |             0 |   127697881927 | 1.275134e+09 |
|      CAS_CMD_RD STAT      |  UMC3C0 |     578645858753 |             0 |   321021397743 | 3.013781e+09 |
|      CAS_CMD_WR STAT      |  UMC3C1 |     244842214305 |             0 |   127747974960 | 1.275220e+09 |
|      CAS_CMD_RD STAT      |  UMC4C0 |     577344786342 |             0 |   319693387917 | 3.007004e+09 |
|      CAS_CMD_WR STAT      |  UMC4C1 |     244815670527 |             0 |   127717764194 | 1.275082e+09 |
|      CAS_CMD_RD STAT      |  UMC5C0 |     578940194304 |             0 |   321672507163 |   3015313512 |
|      CAS_CMD_WR STAT      |  UMC5C1 |     244744931479 |             0 |   127637488772 | 1.274713e+09 |
|      CAS_CMD_RD STAT      |  UMC6C0 |     582299267309 |             0 |   320540324485 | 3.032809e+09 |
|      CAS_CMD_WR STAT      |  UMC6C1 |     244885226753 |             0 |   127737213030 | 1.275444e+09 |
|      CAS_CMD_RD STAT      |  UMC7C0 |     581397934323 |             0 |   320389027223 | 3.028114e+09 |
|      CAS_CMD_WR STAT      |  UMC7C1 |     244841896420 |             0 |   127691805668 | 1.275218e+09 |
|      CAS_CMD_RD STAT      |  UMC8C0 |     582754092153 |             0 |   324407920070 | 3.035178e+09 |
|      CAS_CMD_WR STAT      |  UMC8C1 |     244798492832 |             0 |   127639103703 | 1.274992e+09 |
|      CAS_CMD_RD STAT      |  UMC9C0 |     581578324697 |             0 |   322414014145 | 3.029054e+09 |
|      CAS_CMD_WR STAT      |  UMC9C1 |     244767803254 |             0 |   127625595512 | 1.274832e+09 |
|      CAS_CMD_RD STAT      | UMC10C0 |     582242513767 |             0 |   323744596430 | 3.032513e+09 |
|      CAS_CMD_WR STAT      | UMC10C1 |     244860484112 |             0 |   127726645956 | 1.275315e+09 |
|      CAS_CMD_RD STAT      | UMC11C0 |     582450175141 |             0 |   324814476283 | 3.033595e+09 |
|      CAS_CMD_WR STAT      | UMC11C1 |     244874326324 |             0 |   127708261805 | 1.275387e+09 |
+---------------------------+---------+------------------+---------------+----------------+--------------+

+-----------------------------------+-------------+------------+------------+------------+------------+------------+------------+------------+------------+------------+-------------+-------------+-------------+-------------+-------------+-------------+-------------+-------------+-------------+-------------+-------------+-------------+-------------+-------------+-------------+-------------+-------------+-------------+-------------+-------------+-------------+-------------+-------------+-------------+-------------+-------------+-------------+-------------+-------------+-------------+-------------+-------------+-------------+-------------+-------------+-------------+-------------+-------------+-------------+-------------+-------------+-------------+-------------+-------------+-------------+-------------+-------------+-------------+-------------+-------------+-------------+-------------+-------------+-------------+-------------+-------------+-------------+-------------+-------------+-------------+-------------+-------------+-------------+-------------+-------------+-------------+-------------+-------------+-------------+-------------+-------------+-------------+-------------+-------------+-------------+-------------+-------------+-------------+-------------+-------------+-------------+-------------+-------------+-------------+-------------+-------------+-------------+-------------+-------------+-------------+--------------+--------------+--------------+--------------+--------------+--------------+--------------+--------------+--------------+--------------+--------------+--------------+--------------+--------------+--------------+--------------+--------------+--------------+--------------+--------------+--------------+--------------+--------------+--------------+--------------+--------------+--------------+--------------+--------------+--------------+--------------+--------------+--------------+--------------+--------------+--------------+--------------+--------------+--------------+--------------+--------------+--------------+--------------+--------------+--------------+--------------+--------------+--------------+--------------+--------------+--------------+--------------+--------------+--------------+--------------+--------------+--------------+--------------+--------------+--------------+--------------+--------------+--------------+--------------+--------------+--------------+--------------+--------------+--------------+--------------+--------------+--------------+--------------+--------------+--------------+--------------+--------------+--------------+--------------+--------------+--------------+--------------+--------------+--------------+--------------+--------------+--------------+--------------+--------------+--------------+--------------+--------------+
|               Metric              |  HWThread 0 | HWThread 1 | HWThread 2 | HWThread 3 | HWThread 4 | HWThread 5 | HWThread 6 | HWThread 7 | HWThread 8 | HWThread 9 | HWThread 10 | HWThread 11 | HWThread 12 | HWThread 13 | HWThread 14 | HWThread 15 | HWThread 16 | HWThread 17 | HWThread 18 | HWThread 19 | HWThread 20 | HWThread 21 | HWThread 22 | HWThread 23 | HWThread 24 | HWThread 25 | HWThread 26 | HWThread 27 | HWThread 28 | HWThread 29 | HWThread 30 | HWThread 31 | HWThread 32 | HWThread 33 | HWThread 34 | HWThread 35 | HWThread 36 | HWThread 37 | HWThread 38 | HWThread 39 | HWThread 40 | HWThread 41 | HWThread 42 | HWThread 43 | HWThread 44 | HWThread 45 | HWThread 46 | HWThread 47 | HWThread 48 | HWThread 49 | HWThread 50 | HWThread 51 | HWThread 52 | HWThread 53 | HWThread 54 | HWThread 55 | HWThread 56 | HWThread 57 | HWThread 58 | HWThread 59 | HWThread 60 | HWThread 61 | HWThread 62 | HWThread 63 | HWThread 64 | HWThread 65 | HWThread 66 | HWThread 67 | HWThread 68 | HWThread 69 | HWThread 70 | HWThread 71 | HWThread 72 | HWThread 73 | HWThread 74 | HWThread 75 | HWThread 76 | HWThread 77 | HWThread 78 | HWThread 79 | HWThread 80 | HWThread 81 | HWThread 82 | HWThread 83 | HWThread 84 | HWThread 85 | HWThread 86 | HWThread 87 | HWThread 88 | HWThread 89 | HWThread 90 | HWThread 91 | HWThread 92 | HWThread 93 | HWThread 94 | HWThread 95 | HWThread 96 | HWThread 97 | HWThread 98 | HWThread 99 | HWThread 100 | HWThread 101 | HWThread 102 | HWThread 103 | HWThread 104 | HWThread 105 | HWThread 106 | HWThread 107 | HWThread 108 | HWThread 109 | HWThread 110 | HWThread 111 | HWThread 112 | HWThread 113 | HWThread 114 | HWThread 115 | HWThread 116 | HWThread 117 | HWThread 118 | HWThread 119 | HWThread 120 | HWThread 121 | HWThread 122 | HWThread 123 | HWThread 124 | HWThread 125 | HWThread 126 | HWThread 127 | HWThread 128 | HWThread 129 | HWThread 130 | HWThread 131 | HWThread 132 | HWThread 133 | HWThread 134 | HWThread 135 | HWThread 136 | HWThread 137 | HWThread 138 | HWThread 139 | HWThread 140 | HWThread 141 | HWThread 142 | HWThread 143 | HWThread 144 | HWThread 145 | HWThread 146 | HWThread 147 | HWThread 148 | HWThread 149 | HWThread 150 | HWThread 151 | HWThread 152 | HWThread 153 | HWThread 154 | HWThread 155 | HWThread 156 | HWThread 157 | HWThread 158 | HWThread 159 | HWThread 160 | HWThread 161 | HWThread 162 | HWThread 163 | HWThread 164 | HWThread 165 | HWThread 166 | HWThread 167 | HWThread 168 | HWThread 169 | HWThread 170 | HWThread 171 | HWThread 172 | HWThread 173 | HWThread 174 | HWThread 175 | HWThread 176 | HWThread 177 | HWThread 178 | HWThread 179 | HWThread 180 | HWThread 181 | HWThread 182 | HWThread 183 | HWThread 184 | HWThread 185 | HWThread 186 | HWThread 187 | HWThread 188 | HWThread 189 | HWThread 190 | HWThread 191 |
+-----------------------------------+-------------+------------+------------+------------+------------+------------+------------+------------+------------+------------+-------------+-------------+-------------+-------------+-------------+-------------+-------------+-------------+-------------+-------------+-------------+-------------+-------------+-------------+-------------+-------------+-------------+-------------+-------------+-------------+-------------+-------------+-------------+-------------+-------------+-------------+-------------+-------------+-------------+-------------+-------------+-------------+-------------+-------------+-------------+-------------+-------------+-------------+-------------+-------------+-------------+-------------+-------------+-------------+-------------+-------------+-------------+-------------+-------------+-------------+-------------+-------------+-------------+-------------+-------------+-------------+-------------+-------------+-------------+-------------+-------------+-------------+-------------+-------------+-------------+-------------+-------------+-------------+-------------+-------------+-------------+-------------+-------------+-------------+-------------+-------------+-------------+-------------+-------------+-------------+-------------+-------------+-------------+-------------+-------------+-------------+-------------+-------------+-------------+-------------+--------------+--------------+--------------+--------------+--------------+--------------+--------------+--------------+--------------+--------------+--------------+--------------+--------------+--------------+--------------+--------------+--------------+--------------+--------------+--------------+--------------+--------------+--------------+--------------+--------------+--------------+--------------+--------------+--------------+--------------+--------------+--------------+--------------+--------------+--------------+--------------+--------------+--------------+--------------+--------------+--------------+--------------+--------------+--------------+--------------+--------------+--------------+--------------+--------------+--------------+--------------+--------------+--------------+--------------+--------------+--------------+--------------+--------------+--------------+--------------+--------------+--------------+--------------+--------------+--------------+--------------+--------------+--------------+--------------+--------------+--------------+--------------+--------------+--------------+--------------+--------------+--------------+--------------+--------------+--------------+--------------+--------------+--------------+--------------+--------------+--------------+--------------+--------------+--------------+--------------+--------------+--------------+
|        Runtime (RDTSC) [s]        |   5685.6666 |  5685.6666 |  5685.6666 |  5685.6666 |  5685.6666 |  5685.6666 |  5685.6666 |  5685.6666 |  5685.6666 |  5685.6666 |   5685.6666 |   5685.6666 |   5685.6666 |   5685.6666 |   5685.6666 |   5685.6666 |   5685.6666 |   5685.6666 |   5685.6666 |   5685.6666 |   5685.6666 |   5685.6666 |   5685.6666 |   5685.6666 |   5685.6666 |   5685.6666 |   5685.6666 |   5685.6666 |   5685.6666 |   5685.6666 |   5685.6666 |   5685.6666 |   5685.6666 |   5685.6666 |   5685.6666 |   5685.6666 |   5685.6666 |   5685.6666 |   5685.6666 |   5685.6666 |   5685.6666 |   5685.6666 |   5685.6666 |   5685.6666 |   5685.6666 |   5685.6666 |   5685.6666 |   5685.6666 |   5685.6666 |   5685.6666 |   5685.6666 |   5685.6666 |   5685.6666 |   5685.6666 |   5685.6666 |   5685.6666 |   5685.6666 |   5685.6666 |   5685.6666 |   5685.6666 |   5685.6666 |   5685.6666 |   5685.6666 |   5685.6666 |   5685.6666 |   5685.6666 |   5685.6666 |   5685.6666 |   5685.6666 |   5685.6666 |   5685.6666 |   5685.6666 |   5685.6666 |   5685.6666 |   5685.6666 |   5685.6666 |   5685.6666 |   5685.6666 |   5685.6666 |   5685.6666 |   5685.6666 |   5685.6666 |   5685.6666 |   5685.6666 |   5685.6666 |   5685.6666 |   5685.6666 |   5685.6666 |   5685.6666 |   5685.6666 |   5685.6666 |   5685.6666 |   5685.6666 |   5685.6666 |   5685.6666 |   5685.6666 |   5685.6666 |   5685.6666 |   5685.6666 |   5685.6666 |    5685.6666 |    5685.6666 |    5685.6666 |    5685.6666 |    5685.6666 |    5685.6666 |    5685.6666 |    5685.6666 |    5685.6666 |    5685.6666 |    5685.6666 |    5685.6666 |    5685.6666 |    5685.6666 |    5685.6666 |    5685.6666 |    5685.6666 |    5685.6666 |    5685.6666 |    5685.6666 |    5685.6666 |    5685.6666 |    5685.6666 |    5685.6666 |    5685.6666 |    5685.6666 |    5685.6666 |    5685.6666 |    5685.6666 |    5685.6666 |    5685.6666 |    5685.6666 |    5685.6666 |    5685.6666 |    5685.6666 |    5685.6666 |    5685.6666 |    5685.6666 |    5685.6666 |    5685.6666 |    5685.6666 |    5685.6666 |    5685.6666 |    5685.6666 |    5685.6666 |    5685.6666 |    5685.6666 |    5685.6666 |    5685.6666 |    5685.6666 |    5685.6666 |    5685.6666 |    5685.6666 |    5685.6666 |    5685.6666 |    5685.6666 |    5685.6666 |    5685.6666 |    5685.6666 |    5685.6666 |    5685.6666 |    5685.6666 |    5685.6666 |    5685.6666 |    5685.6666 |    5685.6666 |    5685.6666 |    5685.6666 |    5685.6666 |    5685.6666 |    5685.6666 |    5685.6666 |    5685.6666 |    5685.6666 |    5685.6666 |    5685.6666 |    5685.6666 |    5685.6666 |    5685.6666 |    5685.6666 |    5685.6666 |    5685.6666 |    5685.6666 |    5685.6666 |    5685.6666 |    5685.6666 |    5685.6666 |    5685.6666 |    5685.6666 |    5685.6666 |    5685.6666 |    5685.6666 |
|        Runtime unhalted [s]       |   7000.3873 |  5145.7102 |  5110.8902 |  5137.8082 |  5138.5565 |  5129.7855 |  5142.7257 |  5143.1374 |  4919.2554 |  4872.3506 |   4824.4043 |   4872.7947 |   4900.4554 |   4897.3216 |   4933.8845 |   4938.5820 |   4816.2364 |   4773.5753 |   4709.8244 |   4792.8560 |   4809.8902 |   4846.5178 |   4885.8938 |   4893.9795 |   5058.5829 |   5106.1320 |   5066.8255 |   5105.4643 |   5117.3843 |   5130.4756 |   5142.9790 |   5159.3231 |   5148.2103 |   5149.1316 |   5120.6630 |   5156.5420 |   5163.8202 |   5175.7634 |   5137.5496 |   5170.9541 |   4922.2735 |   4894.3388 |   4833.0202 |   4926.0425 |   4997.2357 |   4952.9824 |   4956.3571 |   5011.2756 |   3949.7951 |   3886.2565 |   3827.4756 |   3827.1487 |   3850.4659 |   3876.8632 |   3872.0315 |   3938.1930 |   3861.0643 |   3790.7196 |   3753.7567 |   3739.0220 |   3782.8023 |   3823.2430 |   3830.5845 |   3855.9163 |   3864.0932 |   3817.8447 |   3798.3772 |   3826.8094 |   3823.4254 |   3837.1927 |   3873.9793 |   3902.3286 |   3578.0513 |   3555.0792 |   3528.5165 |   3528.5045 |   3531.5682 |   3544.4845 |   3564.0626 |   3577.0951 |   3504.4951 |   3505.3607 |   3518.3669 |   3501.8423 |   3489.8604 |   3542.9195 |   3513.4023 |   3533.2778 |   3544.7014 |   3526.7778 |   3502.9127 |   3551.0486 |   3537.3005 |   3563.4301 |   3553.7520 |   3563.0397 |   5912.0875 |   5830.6703 |   5811.5738 |   5832.3474 |    5851.2377 |    5858.2059 |    5868.4392 |    5870.4308 |    5094.7858 |    5129.0668 |    5281.8427 |    5249.3675 |    5222.7400 |    5215.6747 |    5236.8453 |    5317.6018 |    5696.3066 |    5681.9878 |    5672.6026 |    5714.2873 |    5715.2550 |    5716.6744 |    5705.5037 |    5740.9220 |    6082.3530 |    6066.4990 |    6060.1282 |    6060.4961 |    6061.5618 |    6061.0745 |    6070.4872 |    6076.1366 |    6013.7670 |    6012.7731 |    5995.9867 |    6010.5364 |    6018.2062 |    6024.5447 |    6022.3410 |    6029.0871 |    6012.9028 |    5993.8970 |    5990.7103 |    5996.7498 |    6005.8923 |    6007.2818 |    6011.2679 |    6012.9918 |    5566.8058 |    5567.8168 |    5539.2676 |    5545.3589 |    5539.3042 |    5550.9079 |    5548.9063 |    5554.1455 |    5505.0898 |    5494.2205 |    5498.4799 |    5512.5345 |    5514.1858 |    5527.9364 |    5525.2437 |    5546.7820 |    5495.0635 |    5509.8420 |    5484.9728 |    5506.9338 |    5512.0917 |    5509.5408 |    5520.8095 |    5526.0541 |    5717.7111 |    5716.7303 |    5710.0031 |    5716.8911 |    5719.7822 |    5725.4368 |    5733.1918 |    5753.1565 |    5659.4982 |    5643.5809 |    5642.5755 |    5660.2126 |    5656.6888 |    5651.5424 |    5669.0213 |    5680.5093 |    5674.9775 |    5680.1710 |    5682.0256 |    5682.8728 |    5680.0136 |    5686.7580 |    5592.2419 |    5505.3486 |
|            Clock [MHz]            |   3611.4714 |  3430.9613 |  3439.8004 |  3438.1822 |  3440.6630 |  3439.9759 |  3443.0971 |  3441.9004 |  3413.3185 |  3396.7004 |   3385.1313 |   3396.2930 |   3402.8711 |   3399.0962 |   3411.6336 |   3413.0644 |   3370.3464 |   3358.2664 |   3342.3448 |   3361.1720 |   3367.4980 |   3376.9670 |   3388.1460 |   3391.1684 |   3414.6135 |   3431.2386 |   3422.5868 |   3435.3318 |   3436.8919 |   3437.3561 |   3440.9164 |   3444.0366 |   3445.5821 |   3446.4466 |   3441.5799 |   3448.5537 |   3448.9370 |   3454.5924 |   3445.8061 |   3454.0308 |   3379.1064 |   3370.0277 |   3355.0204 |   3381.9171 |   3400.2555 |   3387.2696 |   3388.5131 |   3402.4637 |   3018.3387 |   3014.6425 |   2987.8005 |   2987.0595 |   2998.7056 |   3008.5100 |   3007.8906 |   3032.4446 |   3020.3372 |   2993.0314 |   2976.8327 |   2966.2379 |   2982.5999 |   2996.9438 |   3000.2194 |   3009.8646 |   3017.8209 |   2995.0036 |   2984.6715 |   2996.0234 |   2997.2391 |   3003.2245 |   3018.6859 |   3031.7138 |   2908.2952 |   2882.3875 |   2866.6877 |   2868.3684 |   2860.8613 |   2868.5069 |   2875.9653 |   2876.0246 |   2887.3897 |   2865.4230 |   2872.5326 |   2858.9525 |   2851.3243 |   2877.3349 |   2863.4482 |   2871.4376 |   2883.7461 |   2870.0159 |   2857.3105 |   2875.9488 |   2868.3893 |   2879.6457 |   2869.2965 |   2877.0168 |   3643.4157 |   3613.8016 |   3611.6711 |   3613.7264 |    3614.7793 |    3614.6372 |    3614.7119 |    3615.7718 |    3519.4618 |    3487.6490 |    3509.0014 |    3510.6326 |    3507.3975 |    3501.9983 |    3506.0330 |    3521.6893 |    3605.5175 |    3605.1019 |    3605.5376 |    3605.8778 |    3607.4829 |    3609.2181 |    3608.0122 |    3611.5759 |    3618.4236 |    3619.8808 |    3619.2733 |    3620.2001 |    3621.5931 |    3621.8036 |    3623.7183 |    3625.6209 |    3615.8093 |    3616.0900 |    3614.6330 |    3616.0901 |    3616.5593 |    3616.8241 |    3618.3727 |    3617.1302 |    3613.1280 |    3610.4566 |    3612.0269 |    3613.2397 |    3614.1971 |    3613.4487 |    3615.2804 |    3611.3684 |    3494.4952 |    3494.2582 |    3491.8925 |    3491.5692 |    3489.6722 |    3493.4014 |    3491.2236 |    3492.7715 |    3495.5689 |    3488.7416 |    3490.7060 |    3489.7758 |    3488.3688 |    3491.8562 |    3490.6401 |    3490.5426 |    3493.9760 |    3495.1559 |    3491.0133 |    3492.6919 |    3487.5892 |    3493.5793 |    3493.9864 |    3493.0345 |    3535.0230 |    3537.4862 |    3536.1796 |    3538.5308 |    3540.1369 |    3540.7735 |    3543.4060 |    3544.6157 |    3527.6253 |    3525.3253 |    3524.7112 |    3527.2505 |    3530.5150 |    3529.3091 |    3534.0746 |    3536.7154 |    3528.3949 |    3527.0738 |    3525.3936 |    3530.6928 |    3529.2618 |    3532.8093 |    3532.5557 |    3534.2201 |
|                CPI                |      1.8050 |     2.3413 |     2.3362 |     2.3378 |     2.3449 |     2.3433 |     2.3492 |     2.3518 |     2.2375 |     2.2246 |      2.1989 |      2.2261 |      2.2354 |      2.2276 |      2.2499 |      2.2564 |      2.2117 |      2.1920 |      2.1738 |      2.2071 |      2.2162 |      2.2252 |      2.2478 |      2.2552 |      2.3342 |      2.3659 |      2.3541 |      2.3697 |      2.3746 |      2.3834 |      2.3844 |      2.3934 |      2.3816 |      2.3822 |      2.3729 |      2.3874 |      2.3890 |      2.3992 |      2.3791 |      2.3998 |      2.2821 |      2.2652 |      2.2494 |      2.2896 |      2.3093 |      2.3024 |      2.3001 |      2.3263 |      1.8722 |      1.8521 |      1.8265 |      1.8226 |      1.8372 |      1.8459 |      1.8408 |      1.8750 |      1.8274 |      1.8016 |      1.7880 |      1.7817 |      1.7994 |      1.8136 |      1.8174 |      1.8305 |      1.8368 |      1.8179 |      1.8116 |      1.8249 |      1.8242 |      1.8289 |      1.8441 |      1.8600 |      1.7305 |      1.7224 |      1.7154 |      1.7143 |      1.7156 |      1.7215 |      1.7274 |      1.7366 |      1.6845 |      1.6818 |      1.6884 |      1.6845 |      1.6782 |      1.6958 |      1.6913 |      1.6970 |      1.7060 |      1.7018 |      1.6941 |      1.7140 |      1.7113 |      1.7216 |      1.7121 |      1.7234 |      2.7896 |      2.7680 |      2.7603 |      2.7639 |       2.7767 |       2.7826 |       2.7844 |       2.7884 |       2.4042 |       2.4161 |       2.5008 |       2.4875 |       2.4706 |       2.4698 |       2.4796 |       2.5180 |       2.6830 |       2.6905 |       2.6913 |       2.7060 |       2.7053 |       2.7127 |       2.7052 |       2.7166 |       2.9399 |       2.9424 |       2.9392 |       2.9454 |       2.9446 |       2.9480 |       2.9462 |       2.9559 |       2.8861 |       2.8943 |       2.8840 |       2.8968 |       2.8906 |       2.9021 |       2.9037 |       2.8968 |       2.9018 |       2.8988 |       2.8963 |       2.8936 |       2.9005 |       2.9030 |       2.9081 |       2.9056 |       2.6968 |       2.6985 |       2.6938 |       2.6933 |       2.6911 |       2.6991 |       2.6984 |       2.6971 |       2.6516 |       2.6511 |       2.6505 |       2.6613 |       2.6579 |       2.6659 |       2.6697 |       2.6697 |       2.6462 |       2.6630 |       2.6564 |       2.6658 |       2.6594 |       2.6688 |       2.6728 |       2.6705 |       2.8125 |       2.8149 |       2.8103 |       2.8148 |       2.8143 |       2.8243 |       2.8277 |       2.8324 |       2.7560 |       2.7529 |       2.7497 |       2.7590 |       2.7598 |       2.7589 |       2.7635 |       2.7708 |       2.7703 |       2.7688 |       2.7748 |       2.7810 |       2.7740 |       2.7855 |       2.8732 |       2.9373 |
|  Memory read bandwidth [MBytes/s] |  43402.3326 |          0 |          0 |          0 |          0 |          0 |          0 |          0 |          0 |          0 |           0 |           0 |           0 |           0 |           0 |           0 |           0 |           0 |           0 |           0 |           0 |           0 |           0 |           0 |           0 |           0 |           0 |           0 |           0 |           0 |           0 |           0 |           0 |           0 |           0 |           0 |           0 |           0 |           0 |           0 |           0 |           0 |           0 |           0 |           0 |           0 |           0 |           0 |           0 |           0 |           0 |           0 |           0 |           0 |           0 |           0 |           0 |           0 |           0 |           0 |           0 |           0 |           0 |           0 |           0 |           0 |           0 |           0 |           0 |           0 |           0 |           0 |           0 |           0 |           0 |           0 |           0 |           0 |           0 |           0 |           0 |           0 |           0 |           0 |           0 |           0 |           0 |           0 |           0 |           0 |           0 |           0 |           0 |           0 |           0 |           0 |  34908.1803 |           0 |           0 |           0 |            0 |            0 |            0 |            0 |            0 |            0 |            0 |            0 |            0 |            0 |            0 |            0 |            0 |            0 |            0 |            0 |            0 |            0 |            0 |            0 |            0 |            0 |            0 |            0 |            0 |            0 |            0 |            0 |            0 |            0 |            0 |            0 |            0 |            0 |            0 |            0 |            0 |            0 |            0 |            0 |            0 |            0 |            0 |            0 |            0 |            0 |            0 |            0 |            0 |            0 |            0 |            0 |            0 |            0 |            0 |            0 |            0 |            0 |            0 |            0 |            0 |            0 |            0 |            0 |            0 |            0 |            0 |            0 |            0 |            0 |            0 |            0 |            0 |            0 |            0 |            0 |            0 |            0 |            0 |            0 |            0 |            0 |            0 |            0 |            0 |            0 |            0 |            0 |            0 |            0 |            0 |            0 |
|  Memory read data volume [GBytes] | 246771.1915 |          0 |          0 |          0 |          0 |          0 |          0 |          0 |          0 |          0 |           0 |           0 |           0 |           0 |           0 |           0 |           0 |           0 |           0 |           0 |           0 |           0 |           0 |           0 |           0 |           0 |           0 |           0 |           0 |           0 |           0 |           0 |           0 |           0 |           0 |           0 |           0 |           0 |           0 |           0 |           0 |           0 |           0 |           0 |           0 |           0 |           0 |           0 |           0 |           0 |           0 |           0 |           0 |           0 |           0 |           0 |           0 |           0 |           0 |           0 |           0 |           0 |           0 |           0 |           0 |           0 |           0 |           0 |           0 |           0 |           0 |           0 |           0 |           0 |           0 |           0 |           0 |           0 |           0 |           0 |           0 |           0 |           0 |           0 |           0 |           0 |           0 |           0 |           0 |           0 |           0 |           0 |           0 |           0 |           0 |           0 | 198476.2741 |           0 |           0 |           0 |            0 |            0 |            0 |            0 |            0 |            0 |            0 |            0 |            0 |            0 |            0 |            0 |            0 |            0 |            0 |            0 |            0 |            0 |            0 |            0 |            0 |            0 |            0 |            0 |            0 |            0 |            0 |            0 |            0 |            0 |            0 |            0 |            0 |            0 |            0 |            0 |            0 |            0 |            0 |            0 |            0 |            0 |            0 |            0 |            0 |            0 |            0 |            0 |            0 |            0 |            0 |            0 |            0 |            0 |            0 |            0 |            0 |            0 |            0 |            0 |            0 |            0 |            0 |            0 |            0 |            0 |            0 |            0 |            0 |            0 |            0 |            0 |            0 |            0 |            0 |            0 |            0 |            0 |            0 |            0 |            0 |            0 |            0 |            0 |            0 |            0 |            0 |            0 |            0 |            0 |            0 |            0 |
| Memory write bandwidth [MBytes/s] |  17249.1458 |          0 |          0 |          0 |          0 |          0 |          0 |          0 |          0 |          0 |           0 |           0 |           0 |           0 |           0 |           0 |           0 |           0 |           0 |           0 |           0 |           0 |           0 |           0 |           0 |           0 |           0 |           0 |           0 |           0 |           0 |           0 |           0 |           0 |           0 |           0 |           0 |           0 |           0 |           0 |           0 |           0 |           0 |           0 |           0 |           0 |           0 |           0 |           0 |           0 |           0 |           0 |           0 |           0 |           0 |           0 |           0 |           0 |           0 |           0 |           0 |           0 |           0 |           0 |           0 |           0 |           0 |           0 |           0 |           0 |           0 |           0 |           0 |           0 |           0 |           0 |           0 |           0 |           0 |           0 |           0 |           0 |           0 |           0 |           0 |           0 |           0 |           0 |           0 |           0 |           0 |           0 |           0 |           0 |           0 |           0 |  15821.3789 |           0 |           0 |           0 |            0 |            0 |            0 |            0 |            0 |            0 |            0 |            0 |            0 |            0 |            0 |            0 |            0 |            0 |            0 |            0 |            0 |            0 |            0 |            0 |            0 |            0 |            0 |            0 |            0 |            0 |            0 |            0 |            0 |            0 |            0 |            0 |            0 |            0 |            0 |            0 |            0 |            0 |            0 |            0 |            0 |            0 |            0 |            0 |            0 |            0 |            0 |            0 |            0 |            0 |            0 |            0 |            0 |            0 |            0 |            0 |            0 |            0 |            0 |            0 |            0 |            0 |            0 |            0 |            0 |            0 |            0 |            0 |            0 |            0 |            0 |            0 |            0 |            0 |            0 |            0 |            0 |            0 |            0 |            0 |            0 |            0 |            0 |            0 |            0 |            0 |            0 |            0 |            0 |            0 |            0 |            0 |
| Memory write data volume [GBytes] |  98072.8919 |          0 |          0 |          0 |          0 |          0 |          0 |          0 |          0 |          0 |           0 |           0 |           0 |           0 |           0 |           0 |           0 |           0 |           0 |           0 |           0 |           0 |           0 |           0 |           0 |           0 |           0 |           0 |           0 |           0 |           0 |           0 |           0 |           0 |           0 |           0 |           0 |           0 |           0 |           0 |           0 |           0 |           0 |           0 |           0 |           0 |           0 |           0 |           0 |           0 |           0 |           0 |           0 |           0 |           0 |           0 |           0 |           0 |           0 |           0 |           0 |           0 |           0 |           0 |           0 |           0 |           0 |           0 |           0 |           0 |           0 |           0 |           0 |           0 |           0 |           0 |           0 |           0 |           0 |           0 |           0 |           0 |           0 |           0 |           0 |           0 |           0 |           0 |           0 |           0 |           0 |           0 |           0 |           0 |           0 |           0 |  89955.0853 |           0 |           0 |           0 |            0 |            0 |            0 |            0 |            0 |            0 |            0 |            0 |            0 |            0 |            0 |            0 |            0 |            0 |            0 |            0 |            0 |            0 |            0 |            0 |            0 |            0 |            0 |            0 |            0 |            0 |            0 |            0 |            0 |            0 |            0 |            0 |            0 |            0 |            0 |            0 |            0 |            0 |            0 |            0 |            0 |            0 |            0 |            0 |            0 |            0 |            0 |            0 |            0 |            0 |            0 |            0 |            0 |            0 |            0 |            0 |            0 |            0 |            0 |            0 |            0 |            0 |            0 |            0 |            0 |            0 |            0 |            0 |            0 |            0 |            0 |            0 |            0 |            0 |            0 |            0 |            0 |            0 |            0 |            0 |            0 |            0 |            0 |            0 |            0 |            0 |            0 |            0 |            0 |            0 |            0 |            0 |
|    Memory bandwidth [MBytes/s]    |  60651.4784 |          0 |          0 |          0 |          0 |          0 |          0 |          0 |          0 |          0 |           0 |           0 |           0 |           0 |           0 |           0 |           0 |           0 |           0 |           0 |           0 |           0 |           0 |           0 |           0 |           0 |           0 |           0 |           0 |           0 |           0 |           0 |           0 |           0 |           0 |           0 |           0 |           0 |           0 |           0 |           0 |           0 |           0 |           0 |           0 |           0 |           0 |           0 |           0 |           0 |           0 |           0 |           0 |           0 |           0 |           0 |           0 |           0 |           0 |           0 |           0 |           0 |           0 |           0 |           0 |           0 |           0 |           0 |           0 |           0 |           0 |           0 |           0 |           0 |           0 |           0 |           0 |           0 |           0 |           0 |           0 |           0 |           0 |           0 |           0 |           0 |           0 |           0 |           0 |           0 |           0 |           0 |           0 |           0 |           0 |           0 |  50729.5592 |           0 |           0 |           0 |            0 |            0 |            0 |            0 |            0 |            0 |            0 |            0 |            0 |            0 |            0 |            0 |            0 |            0 |            0 |            0 |            0 |            0 |            0 |            0 |            0 |            0 |            0 |            0 |            0 |            0 |            0 |            0 |            0 |            0 |            0 |            0 |            0 |            0 |            0 |            0 |            0 |            0 |            0 |            0 |            0 |            0 |            0 |            0 |            0 |            0 |            0 |            0 |            0 |            0 |            0 |            0 |            0 |            0 |            0 |            0 |            0 |            0 |            0 |            0 |            0 |            0 |            0 |            0 |            0 |            0 |            0 |            0 |            0 |            0 |            0 |            0 |            0 |            0 |            0 |            0 |            0 |            0 |            0 |            0 |            0 |            0 |            0 |            0 |            0 |            0 |            0 |            0 |            0 |            0 |            0 |            0 |
|    Memory data volume [GBytes]    | 344844.0833 |          0 |          0 |          0 |          0 |          0 |          0 |          0 |          0 |          0 |           0 |           0 |           0 |           0 |           0 |           0 |           0 |           0 |           0 |           0 |           0 |           0 |           0 |           0 |           0 |           0 |           0 |           0 |           0 |           0 |           0 |           0 |           0 |           0 |           0 |           0 |           0 |           0 |           0 |           0 |           0 |           0 |           0 |           0 |           0 |           0 |           0 |           0 |           0 |           0 |           0 |           0 |           0 |           0 |           0 |           0 |           0 |           0 |           0 |           0 |           0 |           0 |           0 |           0 |           0 |           0 |           0 |           0 |           0 |           0 |           0 |           0 |           0 |           0 |           0 |           0 |           0 |           0 |           0 |           0 |           0 |           0 |           0 |           0 |           0 |           0 |           0 |           0 |           0 |           0 |           0 |           0 |           0 |           0 |           0 |           0 | 288431.3594 |           0 |           0 |           0 |            0 |            0 |            0 |            0 |            0 |            0 |            0 |            0 |            0 |            0 |            0 |            0 |            0 |            0 |            0 |            0 |            0 |            0 |            0 |            0 |            0 |            0 |            0 |            0 |            0 |            0 |            0 |            0 |            0 |            0 |            0 |            0 |            0 |            0 |            0 |            0 |            0 |            0 |            0 |            0 |            0 |            0 |            0 |            0 |            0 |            0 |            0 |            0 |            0 |            0 |            0 |            0 |            0 |            0 |            0 |            0 |            0 |            0 |            0 |            0 |            0 |            0 |            0 |            0 |            0 |            0 |            0 |            0 |            0 |            0 |            0 |            0 |            0 |            0 |            0 |            0 |            0 |            0 |            0 |            0 |            0 |            0 |            0 |            0 |            0 |            0 |            0 |            0 |            0 |            0 |            0 |            0 |
+-----------------------------------+-------------+------------+------------+------------+------------+------------+------------+------------+------------+------------+-------------+-------------+-------------+-------------+-------------+-------------+-------------+-------------+-------------+-------------+-------------+-------------+-------------+-------------+-------------+-------------+-------------+-------------+-------------+-------------+-------------+-------------+-------------+-------------+-------------+-------------+-------------+-------------+-------------+-------------+-------------+-------------+-------------+-------------+-------------+-------------+-------------+-------------+-------------+-------------+-------------+-------------+-------------+-------------+-------------+-------------+-------------+-------------+-------------+-------------+-------------+-------------+-------------+-------------+-------------+-------------+-------------+-------------+-------------+-------------+-------------+-------------+-------------+-------------+-------------+-------------+-------------+-------------+-------------+-------------+-------------+-------------+-------------+-------------+-------------+-------------+-------------+-------------+-------------+-------------+-------------+-------------+-------------+-------------+-------------+-------------+-------------+-------------+-------------+-------------+--------------+--------------+--------------+--------------+--------------+--------------+--------------+--------------+--------------+--------------+--------------+--------------+--------------+--------------+--------------+--------------+--------------+--------------+--------------+--------------+--------------+--------------+--------------+--------------+--------------+--------------+--------------+--------------+--------------+--------------+--------------+--------------+--------------+--------------+--------------+--------------+--------------+--------------+--------------+--------------+--------------+--------------+--------------+--------------+--------------+--------------+--------------+--------------+--------------+--------------+--------------+--------------+--------------+--------------+--------------+--------------+--------------+--------------+--------------+--------------+--------------+--------------+--------------+--------------+--------------+--------------+--------------+--------------+--------------+--------------+--------------+--------------+--------------+--------------+--------------+--------------+--------------+--------------+--------------+--------------+--------------+--------------+--------------+--------------+--------------+--------------+--------------+--------------+--------------+--------------+--------------+--------------+

+----------------------------------------+--------------+-----------+-------------+-----------+
|                 Metric                 |      Sum     |    Min    |     Max     |    Avg    |
+----------------------------------------+--------------+-----------+-------------+-----------+
|        Runtime (RDTSC) [s] STAT        | 1.091648e+06 | 5685.6666 |   5685.6666 | 5685.6666 |
|        Runtime unhalted [s] STAT       |  967076.7516 | 3489.8604 |   7000.3873 | 5036.8581 |
|            Clock [MHz] STAT            |  646223.7543 | 2851.3243 |   3643.4157 | 3365.7487 |
|                CPI STAT                |     459.7502 |    1.6782 |      2.9559 |    2.3945 |
|  Memory read bandwidth [MBytes/s] STAT |   78310.5129 |         0 |  43402.3326 |  407.8673 |
|  Memory read data volume [GBytes] STAT |  445247.4656 |         0 | 246771.1915 | 2318.9972 |
| Memory write bandwidth [MBytes/s] STAT |   33070.5247 |         0 |  17249.1458 |  172.2423 |
| Memory write data volume [GBytes] STAT |  188027.9772 |         0 |  98072.8919 |  979.3124 |
|    Memory bandwidth [MBytes/s] STAT    |  111381.0376 |         0 |  60651.4784 |  580.1096 |
|    Memory data volume [GBytes] STAT    |  633275.4427 |         0 | 344844.0833 | 3298.3096 |
+----------------------------------------+--------------+-----------+-------------+-----------+

